fold_id,split,gcp_path,sample_id,T_REC_dt,HARPNUM,NOAA_AR_clean,label_48h_final,year
test_2015,train,gs://suryabench-sharp-pipeline-bamidele/samples_npz/2012/20120329_0024_HARP1520_NOAA11449.npz,20120329_0024_HARP1520_NOAA11449,2012-03-29 00:24:00,1520,11449,0,2012
test_2015,train,gs://suryabench-sharp-pipeline-bamidele/samples_npz/2013/20130911_2300_HARP3154_NOAA11838.npz,20130911_2300_HARP3154_NOAA11838,2013-09-11 23:00:00,3154,11838,0,2013
test_2015,train,gs://suryabench-sharp-pipeline-bamidele/samples_npz/2012/20121115_1524_HARP2186_NOAA11611.npz,20121115_1524_HARP2186_NOAA11611,2012-11-15 15:24:00,2186,11611,0,2012
test_2015,train,gs://suryabench-sharp-pipeline-bamidele/samples_npz/2013/20130416_0900_HARP2663_NOAA11723.npz,20130416_0900_HARP2663_NOAA11723,2013-04-16 09:00:00,2663,11723,0,2013
test_2015,train,gs://suryabench-sharp-pipeline-bamidele/samples_npz/2013/20130315_1636_HARP2546_NOAA11692.npz,20130315_1636_HARP2546_NOAA11692,2013-03-15 16:36:00,2546,11692,0,2013
test_2015,train,gs://suryabench-sharp-pipeline-bamidele/samples_npz/2012/20121119_0248_HARP2193_NOAA11614.npz,20121119_0248_HARP2193_NOAA11614,2012-11-19 02:48:00,2193,11614,0,2012
test_2015,train,gs://suryabench-sharp-pipeline-bamidele/samples_npz/2012/20120502_2148_HARP1628_NOAA11472.npz,20120502_2148_HARP1628_NOAA11472,2012-05-02 21:48:00,1628,11472,0,2012
test_2015,train,gs://suryabench-sharp-pipeline-bamidele/samples_npz/2012/20120417_0724_HARP1569_NOAA11457.npz,20120417_0724_HARP1569_NOAA11457,2012-04-17 07:24:00,1569,11457,0,2012
test_2015,train,gs://suryabench-sharp-pipeline-bamidele/samples_npz/2011/20110202_2012_HARP355_NOAA11150.npz,20110202_2012_HARP355_NOAA11150,2011-02-02 20:12:00,355,11150,0,2011
test_2015,train,gs://suryabench-sharp-pipeline-bamidele/samples_npz/2013/20130312_1448_HARP2541_NOAA11691.npz,20130312_1448_HARP2541_NOAA11691,2013-03-12 14:48:00,2541,11691,0,2013
test_2015,train,gs://suryabench-sharp-pipeline-bamidele/samples_npz/2011/20110424_1300_HARP514_NOAA11195.npz,20110424_1300_HARP514_NOAA11195,2011-04-24 13:00:00,514,11195,0,2011
test_2015,train,gs://suryabench-sharp-pipeline-bamidele/samples_npz/2011/20110802_0348_HARP753_NOAA11263.npz,20110802_0348_HARP753_NOAA11263,2011-08-02 03:48:00,753,11263,1,2011
test_2015,train,gs://suryabench-sharp-pipeline-bamidele/samples_npz/2013/20130311_0100_HARP2541_NOAA11691.npz,20130311_0100_HARP2541_NOAA11691,2013-03-11 01:00:00,2541,11691,0,2013
test_2015,train,gs://suryabench-sharp-pipeline-bamidele/samples_npz/2011/20110104_0036_HARP323_NOAA11140.npz,20110104_0036_HARP323_NOAA11140,2011-01-04 00:36:00,323,11140,0,2011
test_2015,train,gs://suryabench-sharp-pipeline-bamidele/samples_npz/2011/20110624_1424_HARP674_NOAA11237.npz,20110624_1424_HARP674_NOAA11237,2011-06-24 14:24:00,674,11237,0,2011
test_2015,train,gs://suryabench-sharp-pipeline-bamidele/samples_npz/2011/20111113_1624_HARP1046_NOAA11343.npz,20111113_1624_HARP1046_NOAA11343,2011-11-13 16:24:00,1046,11343,0,2011
test_2015,train,gs://suryabench-sharp-pipeline-bamidele/samples_npz/2013/20131013_2000_HARP3258_NOAA11861.npz,20131013_2000_HARP3258_NOAA11861,2013-10-13 20:00:00,3258,11861,0,2013
test_2015,train,gs://suryabench-sharp-pipeline-bamidele/samples_npz/2011/20111001_1312_HARP902_NOAA11305.npz,20111001_1312_HARP902_NOAA11305,2011-10-01 13:12:00,902,11305,1,2011
test_2015,train,gs://suryabench-sharp-pipeline-bamidele/samples_npz/2012/20121112_1224_HARP2177_NOAA11608.npz,20121112_1224_HARP2177_NOAA11608,2012-11-12 12:24:00,2177,11608,0,2012
test_2015,train,gs://suryabench-sharp-pipeline-bamidele/samples_npz/2011/20111207_1248_HARP1124_NOAA11363.npz,20111207_1248_HARP1124_NOAA11363,2011-12-07 12:48:00,1124,11363,0,2011
test_2015,train,gs://suryabench-sharp-pipeline-bamidele/samples_npz/2011/20110827_2124_HARP805_NOAA11275.npz,20110827_2124_HARP805_NOAA11275,2011-08-27 21:24:00,805,11275,0,2011
test_2015,train,gs://suryabench-sharp-pipeline-bamidele/samples_npz/2011/20110210_2048_HARP366_NOAA11155.npz,20110210_2048_HARP366_NOAA11155,2011-02-10 20:48:00,366,11155,0,2011
test_2015,train,gs://suryabench-sharp-pipeline-bamidele/samples_npz/2012/20120411_0700_HARP1564_NOAA11456.npz,20120411_0700_HARP1564_NOAA11456,2012-04-11 07:00:00,1564,11456,0,2012
test_2015,train,gs://suryabench-sharp-pipeline-bamidele/samples_npz/2011/20110409_1448_HARP480_NOAA11185.npz,20110409_1448_HARP480_NOAA11185,2011-04-09 14:48:00,480,11185,0,2011
test_2015,train,gs://suryabench-sharp-pipeline-bamidele/samples_npz/2012/20120926_0536_HARP2040_NOAA11575.npz,20120926_0536_HARP2040_NOAA11575,2012-09-26 05:36:00,2040,11575,0,2012
test_2015,train,gs://suryabench-sharp-pipeline-bamidele/samples_npz/2013/20130203_0412_HARP2433_NOAA11665.npz,20130203_0412_HARP2433_NOAA11665,2013-02-03 04:12:00,2433,11665,0,2013
test_2015,train,gs://suryabench-sharp-pipeline-bamidele/samples_npz/2013/20130823_1624_HARP3116_NOAA11833.npz,20130823_1624_HARP3116_NOAA11833,2013-08-23 16:24:00,3116,11833,0,2013
test_2015,train,gs://suryabench-sharp-pipeline-bamidele/samples_npz/2011/20110311_0900_HARP401_NOAA11166.npz,20110311_0900_HARP401_NOAA11166,2011-03-11 09:00:00,401,11166,1,2011
test_2015,train,gs://suryabench-sharp-pipeline-bamidele/samples_npz/2013/20130710_1048_HARP2945_NOAA11794.npz,20130710_1048_HARP2945_NOAA11794,2013-07-10 10:48:00,2945,11794,0,2013
test_2015,train,gs://suryabench-sharp-pipeline-bamidele/samples_npz/2012/20121117_1848_HARP2193_NOAA11614.npz,20121117_1848_HARP2193_NOAA11614,2012-11-17 18:48:00,2193,11614,0,2012
test_2015,train,gs://suryabench-sharp-pipeline-bamidele/samples_npz/2012/20120518_2200_HARP1680_NOAA11487.npz,20120518_2200_HARP1680_NOAA11487,2012-05-18 22:00:00,1680,11487,0,2012
test_2015,train,gs://suryabench-sharp-pipeline-bamidele/samples_npz/2013/20130602_1348_HARP2790_NOAA11758.npz,20130602_1348_HARP2790_NOAA11758,2013-06-02 13:48:00,2790,11758,0,2013
test_2015,train,gs://suryabench-sharp-pipeline-bamidele/samples_npz/2013/20130801_0736_HARP3022_NOAA11808.npz,20130801_0736_HARP3022_NOAA11808,2013-08-01 07:36:00,3022,11808,0,2013
test_2015,train,gs://suryabench-sharp-pipeline-bamidele/samples_npz/2013/20130223_2248_HARP2493_NOAA11677.npz,20130223_2248_HARP2493_NOAA11677,2013-02-23 22:48:00,2493,11677,0,2013
test_2015,train,gs://suryabench-sharp-pipeline-bamidele/samples_npz/2010/20101212_2124_HARP284_NOAA11133.npz,20101212_2124_HARP284_NOAA11133,2010-12-12 21:24:00,284,11133,0,2010
test_2015,train,gs://suryabench-sharp-pipeline-bamidele/samples_npz/2012/20120422_2224_HARP1596_NOAA11465.npz,20120422_2224_HARP1596_NOAA11465,2012-04-22 22:24:00,1596,11465,0,2012
test_2015,train,gs://suryabench-sharp-pipeline-bamidele/samples_npz/2011/20110809_2324_HARP759_NOAA11266.npz,20110809_2324_HARP759_NOAA11266,2011-08-09 23:24:00,759,11266,0,2011
test_2015,train,gs://suryabench-sharp-pipeline-bamidele/samples_npz/2013/20130111_1236_HARP2366_NOAA11653.npz,20130111_1236_HARP2366_NOAA11653,2013-01-11 12:36:00,2366,11653,0,2013
test_2015,train,gs://suryabench-sharp-pipeline-bamidele/samples_npz/2013/20130818_2224_HARP3066_NOAA11820.npz,20130818_2224_HARP3066_NOAA11820,2013-08-18 22:24:00,3066,11820,0,2013
test_2015,train,gs://suryabench-sharp-pipeline-bamidele/samples_npz/2012/20120704_2036_HARP1806_NOAA11513.npz,20120704_2036_HARP1806_NOAA11513,2012-07-04 20:36:00,1806,11513,0,2012
test_2015,train,gs://suryabench-sharp-pipeline-bamidele/samples_npz/2012/20120512_0824_HARP1651_NOAA11480.npz,20120512_0824_HARP1651_NOAA11480,2012-05-12 08:24:00,1651,11480,0,2012
test_2015,train,gs://suryabench-sharp-pipeline-bamidele/samples_npz/2011/20111010_1436_HARP927_NOAA11312.npz,20111010_1436_HARP927_NOAA11312,2011-10-10 14:36:00,927,11312,0,2011
test_2015,train,gs://suryabench-sharp-pipeline-bamidele/samples_npz/2011/20110106_0524_HARP323_NOAA11140.npz,20110106_0524_HARP323_NOAA11140,2011-01-06 05:24:00,323,11140,0,2011
test_2015,train,gs://suryabench-sharp-pipeline-bamidele/samples_npz/2012/20120605_0100_HARP1722_NOAA11493.npz,20120605_0100_HARP1722_NOAA11493,2012-06-05 01:00:00,1722,11493,0,2012
test_2015,train,gs://suryabench-sharp-pipeline-bamidele/samples_npz/2010/20100927_0900_HARP190_NOAA11110.npz,20100927_0900_HARP190_NOAA11110,2010-09-27 09:00:00,190,11110,0,2010
test_2015,train,gs://suryabench-sharp-pipeline-bamidele/samples_npz/2012/20120404_0312_HARP1514_NOAA11448.npz,20120404_0312_HARP1514_NOAA11448,2012-04-04 03:12:00,1514,11448,0,2012
test_2015,train,gs://suryabench-sharp-pipeline-bamidele/samples_npz/2011/20110302_0800_HARP392_NOAA11163.npz,20110302_0800_HARP392_NOAA11163,2011-03-02 08:00:00,392,11163,0,2011
test_2015,train,gs://suryabench-sharp-pipeline-bamidele/samples_npz/2013/20130903_0636_HARP3149_NOAA11837.npz,20130903_0636_HARP3149_NOAA11837,2013-09-03 06:36:00,3149,11837,0,2013
test_2015,train,gs://suryabench-sharp-pipeline-bamidele/samples_npz/2012/20120806_0624_HARP1907_NOAA11538.npz,20120806_0624_HARP1907_NOAA11538,2012-08-06 06:24:00,1907,11538,0,2012
test_2015,train,gs://suryabench-sharp-pipeline-bamidele/samples_npz/2012/20120323_1936_HARP1478_NOAA11436.npz,20120323_1936_HARP1478_NOAA11436,2012-03-23 19:36:00,1478,11436,0,2012
test_2015,train,gs://suryabench-sharp-pipeline-bamidele/samples_npz/2011/20110622_0848_HARP676_NOAA11239.npz,20110622_0848_HARP676_NOAA11239,2011-06-22 08:48:00,676,11239,0,2011
test_2015,train,gs://suryabench-sharp-pipeline-bamidele/samples_npz/2012/20120526_2148_HARP1697_NOAA11489.npz,20120526_2148_HARP1697_NOAA11489,2012-05-26 21:48:00,1697,11489,0,2012
test_2015,train,gs://suryabench-sharp-pipeline-bamidele/samples_npz/2012/20121219_0524_HARP2306_NOAA11633.npz,20121219_0524_HARP2306_NOAA11633,2012-12-19 05:24:00,2306,11633,0,2012
test_2015,train,gs://suryabench-sharp-pipeline-bamidele/samples_npz/2012/20120520_2348_HARP1680_NOAA11487.npz,20120520_2348_HARP1680_NOAA11487,2012-05-20 23:48:00,1680,11487,0,2012
test_2015,train,gs://suryabench-sharp-pipeline-bamidele/samples_npz/2013/20130630_1812_HARP2898_NOAA11779.npz,20130630_1812_HARP2898_NOAA11779,2013-06-30 18:12:00,2898,11779,0,2013
test_2015,train,gs://suryabench-sharp-pipeline-bamidele/samples_npz/2012/20121212_1048_HARP2262_NOAA11628.npz,20121212_1048_HARP2262_NOAA11628,2012-12-12 10:48:00,2262,11628,0,2012
test_2015,train,gs://suryabench-sharp-pipeline-bamidele/samples_npz/2013/20130113_0724_HARP2371_NOAA11657.npz,20130113_0724_HARP2371_NOAA11657,2013-01-13 07:24:00,2371,11657,0,2013
test_2015,train,gs://suryabench-sharp-pipeline-bamidele/samples_npz/2012/20120811_0012_HARP1939_NOAA11545.npz,20120811_0012_HARP1939_NOAA11545,2012-08-11 00:12:00,1939,11545,0,2012
test_2015,train,gs://suryabench-sharp-pipeline-bamidele/samples_npz/2012/20121212_0612_HARP2270_NOAA11630.npz,20121212_0612_HARP2270_NOAA11630,2012-12-12 06:12:00,2270,11630,0,2012
test_2015,train,gs://suryabench-sharp-pipeline-bamidele/samples_npz/2011/20110512_1112_HARP587_NOAA11208.npz,20110512_1112_HARP587_NOAA11208,2011-05-12 11:12:00,587,11208,0,2011
test_2015,train,gs://suryabench-sharp-pipeline-bamidele/samples_npz/2013/20131217_1548_HARP3483_NOAA11920.npz,20131217_1548_HARP3483_NOAA11920,2013-12-17 15:48:00,3483,11920,0,2013
test_2015,train,gs://suryabench-sharp-pipeline-bamidele/samples_npz/2010/20100929_0448_HARP187_NOAA11109.npz,20100929_0448_HARP187_NOAA11109,2010-09-29 04:48:00,187,11109,0,2010
test_2015,train,gs://suryabench-sharp-pipeline-bamidele/samples_npz/2012/20120306_2312_HARP1449_NOAA11429.npz,20120306_2312_HARP1449_NOAA11429,2012-03-06 23:12:00,1449,11429,1,2012
test_2015,train,gs://suryabench-sharp-pipeline-bamidele/samples_npz/2010/20100522_1500_HARP26_NOAA11072.npz,20100522_1500_HARP26_NOAA11072,2010-05-22 15:00:00,26,11072,0,2010
test_2015,train,gs://suryabench-sharp-pipeline-bamidele/samples_npz/2011/20110512_1700_HARP580_NOAA11210.npz,20110512_1700_HARP580_NOAA11210,2011-05-12 17:00:00,580,11210,0,2011
test_2015,train,gs://suryabench-sharp-pipeline-bamidele/samples_npz/2013/20131101_0048_HARP3321_NOAA11884.npz,20131101_0048_HARP3321_NOAA11884,2013-11-01 00:48:00,3321,11884,1,2013
test_2015,train,gs://suryabench-sharp-pipeline-bamidele/samples_npz/2013/20130110_2036_HARP2366_NOAA11653.npz,20130110_2036_HARP2366_NOAA11653,2013-01-10 20:36:00,2366,11653,0,2013
test_2015,train,gs://suryabench-sharp-pipeline-bamidele/samples_npz/2013/20131127_1700_HARP3420_NOAA11905.npz,20131127_1700_HARP3420_NOAA11905,2013-11-27 17:00:00,3420,11905,0,2013
test_2015,train,gs://suryabench-sharp-pipeline-bamidele/samples_npz/2013/20130501_1948_HARP2693_NOAA11731.npz,20130501_1948_HARP2693_NOAA11731,2013-05-01 19:48:00,2693,11731,1,2013
test_2015,train,gs://suryabench-sharp-pipeline-bamidele/samples_npz/2011/20110426_1548_HARP536_NOAA11202.npz,20110426_1548_HARP536_NOAA11202,2011-04-26 15:48:00,536,11202,0,2011
test_2015,train,gs://suryabench-sharp-pipeline-bamidele/samples_npz/2012/20120314_0148_HARP1471_NOAA11435.npz,20120314_0148_HARP1471_NOAA11435,2012-03-14 01:48:00,1471,11435,0,2012
test_2015,train,gs://suryabench-sharp-pipeline-bamidele/samples_npz/2010/20101024_0536_HARP226_NOAA11117.npz,20101024_0536_HARP226_NOAA11117,2010-10-24 05:36:00,226,11117,0,2010
test_2015,train,gs://suryabench-sharp-pipeline-bamidele/samples_npz/2012/20121030_0524_HARP2143_NOAA11599.npz,20121030_0524_HARP2143_NOAA11599,2012-10-30 05:24:00,2143,11599,0,2012
test_2015,train,gs://suryabench-sharp-pipeline-bamidele/samples_npz/2012/20120630_1524_HARP1795_NOAA11512.npz,20120630_1524_HARP1795_NOAA11512,2012-06-30 15:24:00,1795,11512,0,2012
test_2015,train,gs://suryabench-sharp-pipeline-bamidele/samples_npz/2013/20130111_1512_HARP2360_NOAA11650.npz,20130111_1512_HARP2360_NOAA11650,2013-01-11 15:12:00,2360,11650,0,2013
test_2015,train,gs://suryabench-sharp-pipeline-bamidele/samples_npz/2011/20111129_1812_HARP1119_NOAA11361.npz,20111129_1812_HARP1119_NOAA11361,2011-11-29 18:12:00,1119,11361,0,2011
test_2015,train,gs://suryabench-sharp-pipeline-bamidele/samples_npz/2013/20130720_1200_HARP2982_NOAA11798.npz,20130720_1200_HARP2982_NOAA11798,2013-07-20 12:00:00,2982,11798,0,2013
test_2015,train,gs://suryabench-sharp-pipeline-bamidele/samples_npz/2013/20131112_1748_HARP3367_NOAA11898.npz,20131112_1748_HARP3367_NOAA11898,2013-11-12 17:48:00,3367,11898,0,2013
test_2015,train,gs://suryabench-sharp-pipeline-bamidele/samples_npz/2012/20121112_1036_HARP2186_NOAA11611.npz,20121112_1036_HARP2186_NOAA11611,2012-11-12 10:36:00,2186,11611,0,2012
test_2015,train,gs://suryabench-sharp-pipeline-bamidele/samples_npz/2013/20130331_1136_HARP2599_NOAA11710.npz,20130331_1136_HARP2599_NOAA11710,2013-03-31 11:36:00,2599,11710,0,2013
test_2015,train,gs://suryabench-sharp-pipeline-bamidele/samples_npz/2011/20110606_0536_HARP650_NOAA11232.npz,20110606_0536_HARP650_NOAA11232,2011-06-06 05:36:00,650,11232,0,2011
test_2015,train,gs://suryabench-sharp-pipeline-bamidele/samples_npz/2013/20130329_0148_HARP2595_NOAA11706.npz,20130329_0148_HARP2595_NOAA11706,2013-03-29 01:48:00,2595,11706,0,2013
test_2015,train,gs://suryabench-sharp-pipeline-bamidele/samples_npz/2013/20130516_1312_HARP2737_NOAA11746.npz,20130516_1312_HARP2737_NOAA11746,2013-05-16 13:12:00,2737,11746,0,2013
test_2015,train,gs://suryabench-sharp-pipeline-bamidele/samples_npz/2010/20100524_1636_HARP26_NOAA11072.npz,20100524_1636_HARP26_NOAA11072,2010-05-24 16:36:00,26,11072,0,2010
test_2015,train,gs://suryabench-sharp-pipeline-bamidele/samples_npz/2013/20130804_1712_HARP3022_NOAA11808.npz,20130804_1712_HARP3022_NOAA11808,2013-08-04 17:12:00,3022,11808,0,2013
test_2015,train,gs://suryabench-sharp-pipeline-bamidele/samples_npz/2013/20130407_1412_HARP2605_NOAA11711.npz,20130407_1412_HARP2605_NOAA11711,2013-04-07 14:12:00,2605,11711,0,2013
test_2015,train,gs://suryabench-sharp-pipeline-bamidele/samples_npz/2012/20120228_2012_HARP1426_NOAA11426.npz,20120228_2012_HARP1426_NOAA11426,2012-02-28 20:12:00,1426,11426,0,2012
test_2015,train,gs://suryabench-sharp-pipeline-bamidele/samples_npz/2013/20130130_1000_HARP2420_NOAA11663.npz,20130130_1000_HARP2420_NOAA11663,2013-01-30 10:00:00,2420,11663,0,2013
test_2015,train,gs://suryabench-sharp-pipeline-bamidele/samples_npz/2011/20110323_0224_HARP436_NOAA11179.npz,20110323_0224_HARP436_NOAA11179,2011-03-23 02:24:00,436,11179,0,2011
test_2015,train,gs://suryabench-sharp-pipeline-bamidele/samples_npz/2012/20120705_0136_HARP1807_NOAA11514.npz,20120705_0136_HARP1807_NOAA11514,2012-07-05 01:36:00,1807,11514,0,2012
test_2015,train,gs://suryabench-sharp-pipeline-bamidele/samples_npz/2013/20130506_2200_HARP2696_NOAA11732.npz,20130506_2200_HARP2696_NOAA11732,2013-05-06 22:00:00,2696,11732,0,2013
test_2015,train,gs://suryabench-sharp-pipeline-bamidele/samples_npz/2012/20120604_1448_HARP1727_NOAA11497.npz,20120604_1448_HARP1727_NOAA11497,2012-06-04 14:48:00,1727,11497,0,2012
test_2015,train,gs://suryabench-sharp-pipeline-bamidele/samples_npz/2013/20130327_0124_HARP2594_NOAA11709.npz,20130327_0124_HARP2594_NOAA11709,2013-03-27 01:24:00,2594,11709,0,2013
test_2015,train,gs://suryabench-sharp-pipeline-bamidele/samples_npz/2011/20111001_1448_HARP902_NOAA11305.npz,20111001_1448_HARP902_NOAA11305,2011-10-01 14:48:00,902,11305,1,2011
test_2015,train,gs://suryabench-sharp-pipeline-bamidele/samples_npz/2013/20130717_2112_HARP2964_NOAA11795.npz,20130717_2112_HARP2964_NOAA11795,2013-07-17 21:12:00,2964,11795,0,2013
test_2015,train,gs://suryabench-sharp-pipeline-bamidele/samples_npz/2012/20120628_0336_HARP1795_NOAA11512.npz,20120628_0336_HARP1795_NOAA11512,2012-06-28 03:36:00,1795,11512,0,2012
test_2015,train,gs://suryabench-sharp-pipeline-bamidele/samples_npz/2010/20100803_1900_HARP107_NOAA11094.npz,20100803_1900_HARP107_NOAA11094,2010-08-03 19:00:00,107,11094,0,2010
test_2015,train,gs://suryabench-sharp-pipeline-bamidele/samples_npz/2013/20130318_0612_HARP2546_NOAA11692.npz,20130318_0612_HARP2546_NOAA11692,2013-03-18 06:12:00,2546,11692,0,2013
test_2015,train,gs://suryabench-sharp-pipeline-bamidele/samples_npz/2011/20110203_1212_HARP361_NOAA11152.npz,20110203_1212_HARP361_NOAA11152,2011-02-03 12:12:00,361,11152,0,2011
test_2015,train,gs://suryabench-sharp-pipeline-bamidele/samples_npz/2011/20110324_1900_HARP436_NOAA11179.npz,20110324_1900_HARP436_NOAA11179,2011-03-24 19:00:00,436,11179,0,2011
test_2015,train,gs://suryabench-sharp-pipeline-bamidele/samples_npz/2010/20101228_0000_HARP318_NOAA11138.npz,20101228_0000_HARP318_NOAA11138,2010-12-28 00:00:00,318,11138,0,2010
test_2015,train,gs://suryabench-sharp-pipeline-bamidele/samples_npz/2012/20121122_0012_HARP2220_NOAA11618.npz,20121122_0012_HARP2220_NOAA11618,2012-11-22 00:12:00,2220,11618,0,2012
test_2015,train,gs://suryabench-sharp-pipeline-bamidele/samples_npz/2013/20131103_1900_HARP3330_NOAA11887.npz,20131103_1900_HARP3330_NOAA11887,2013-11-03 19:00:00,3330,11887,0,2013
test_2015,train,gs://suryabench-sharp-pipeline-bamidele/samples_npz/2011/20110216_0600_HARP377_NOAA11158.npz,20110216_0600_HARP377_NOAA11158,2011-02-16 06:00:00,377,11158,1,2011
test_2015,train,gs://suryabench-sharp-pipeline-bamidele/samples_npz/2010/20100927_0048_HARP190_NOAA11110.npz,20100927_0048_HARP190_NOAA11110,2010-09-27 00:48:00,190,11110,0,2010
test_2015,train,gs://suryabench-sharp-pipeline-bamidele/samples_npz/2013/20130122_0512_HARP2401_NOAA11659.npz,20130122_0512_HARP2401_NOAA11659,2013-01-22 05:12:00,2401,11659,0,2013
test_2015,train,gs://suryabench-sharp-pipeline-bamidele/samples_npz/2012/20120716_1200_HARP1863_NOAA11523.npz,20120716_1200_HARP1863_NOAA11523,2012-07-16 12:00:00,1863,11523,0,2012
test_2015,train,gs://suryabench-sharp-pipeline-bamidele/samples_npz/2013/20130825_2036_HARP3103_NOAA11828.npz,20130825_2036_HARP3103_NOAA11828,2013-08-25 20:36:00,3103,11828,0,2013
test_2015,train,gs://suryabench-sharp-pipeline-bamidele/samples_npz/2011/20110509_1200_HARP576_NOAA11207.npz,20110509_1200_HARP576_NOAA11207,2011-05-09 12:00:00,576,11207,0,2011
test_2015,train,gs://suryabench-sharp-pipeline-bamidele/samples_npz/2012/20120927_0324_HARP2040_NOAA11575.npz,20120927_0324_HARP2040_NOAA11575,2012-09-27 03:24:00,2040,11575,0,2012
test_2015,train,gs://suryabench-sharp-pipeline-bamidele/samples_npz/2010/20100717_0336_HARP86_NOAA11087.npz,20100717_0336_HARP86_NOAA11087,2010-07-17 03:36:00,86,11087,0,2010
test_2015,train,gs://suryabench-sharp-pipeline-bamidele/samples_npz/2011/20111201_0336_HARP1113_NOAA11358.npz,20111201_0336_HARP1113_NOAA11358,2011-12-01 03:36:00,1113,11358,0,2011
test_2015,train,gs://suryabench-sharp-pipeline-bamidele/samples_npz/2012/20120113_0600_HARP1300_NOAA11395.npz,20120113_0600_HARP1300_NOAA11395,2012-01-13 06:00:00,1300,11395,0,2012
test_2015,train,gs://suryabench-sharp-pipeline-bamidele/samples_npz/2013/20131021_1700_HARP3288_NOAA11873.npz,20131021_1700_HARP3288_NOAA11873,2013-10-21 17:00:00,3288,11873,0,2013
test_2015,train,gs://suryabench-sharp-pipeline-bamidele/samples_npz/2011/20110413_1448_HARP494_NOAA11187.npz,20110413_1448_HARP494_NOAA11187,2011-04-13 14:48:00,494,11187,0,2011
test_2015,train,gs://suryabench-sharp-pipeline-bamidele/samples_npz/2012/20120522_1548_HARP1669_NOAA11485.npz,20120522_1548_HARP1669_NOAA11485,2012-05-22 15:48:00,1669,11485,0,2012
test_2015,train,gs://suryabench-sharp-pipeline-bamidele/samples_npz/2011/20110328_1148_HARP455_NOAA11182.npz,20110328_1148_HARP455_NOAA11182,2011-03-28 11:48:00,455,11182,0,2011
test_2015,train,gs://suryabench-sharp-pipeline-bamidele/samples_npz/2011/20111016_1524_HARP950_NOAA11316.npz,20111016_1524_HARP950_NOAA11316,2011-10-16 15:24:00,950,11316,0,2011
test_2015,train,gs://suryabench-sharp-pipeline-bamidele/samples_npz/2012/20120930_0000_HARP2061_NOAA11580.npz,20120930_0000_HARP2061_NOAA11580,2012-09-30 00:00:00,2061,11580,0,2012
test_2015,train,gs://suryabench-sharp-pipeline-bamidele/samples_npz/2013/20130513_2336_HARP2733_NOAA11742.npz,20130513_2336_HARP2733_NOAA11742,2013-05-13 23:36:00,2733,11742,0,2013
test_2015,train,gs://suryabench-sharp-pipeline-bamidele/samples_npz/2010/20100630_2348_HARP71_NOAA11084.npz,20100630_2348_HARP71_NOAA11084,2010-06-30 23:48:00,71,11084,0,2010
test_2015,train,gs://suryabench-sharp-pipeline-bamidele/samples_npz/2012/20120811_1436_HARP1939_NOAA11545.npz,20120811_1436_HARP1939_NOAA11545,2012-08-11 14:36:00,1939,11545,0,2012
test_2015,train,gs://suryabench-sharp-pipeline-bamidele/samples_npz/2010/20100715_0612_HARP89_NOAA11088.npz,20100715_0612_HARP89_NOAA11088,2010-07-15 06:12:00,89,11088,0,2010
test_2015,train,gs://suryabench-sharp-pipeline-bamidele/samples_npz/2013/20131027_1036_HARP3295_NOAA11877.npz,20131027_1036_HARP3295_NOAA11877,2013-10-27 10:36:00,3295,11877,1,2013
test_2015,train,gs://suryabench-sharp-pipeline-bamidele/samples_npz/2013/20130822_0336_HARP3082_NOAA11823.npz,20130822_0336_HARP3082_NOAA11823,2013-08-22 03:36:00,3082,11823,0,2013
test_2015,train,gs://suryabench-sharp-pipeline-bamidele/samples_npz/2011/20110110_0224_HARP335_NOAA11143.npz,20110110_0224_HARP335_NOAA11143,2011-01-10 02:24:00,335,11143,0,2011
test_2015,train,gs://suryabench-sharp-pipeline-bamidele/samples_npz/2013/20131209_2236_HARP3474_NOAA11927.npz,20131209_2236_HARP3474_NOAA11927,2013-12-09 22:36:00,3474,11927,0,2013
test_2015,train,gs://suryabench-sharp-pipeline-bamidele/samples_npz/2011/20111012_0948_HARP956_NOAA11318.npz,20111012_0948_HARP956_NOAA11318,2011-10-12 09:48:00,956,11318,0,2011
test_2015,train,gs://suryabench-sharp-pipeline-bamidele/samples_npz/2011/20111221_1800_HARP1210_NOAA11381.npz,20111221_1800_HARP1210_NOAA11381,2011-12-21 18:00:00,1210,11381,0,2011
test_2015,train,gs://suryabench-sharp-pipeline-bamidele/samples_npz/2012/20120519_0424_HARP1669_NOAA11485.npz,20120519_0424_HARP1669_NOAA11485,2012-05-19 04:24:00,1669,11485,0,2012
test_2015,train,gs://suryabench-sharp-pipeline-bamidele/samples_npz/2012/20120517_1812_HARP1657_NOAA11481.npz,20120517_1812_HARP1657_NOAA11481,2012-05-17 18:12:00,1657,11481,0,2012
test_2015,train,gs://suryabench-sharp-pipeline-bamidele/samples_npz/2011/20110717_0112_HARP714_NOAA11251.npz,20110717_0112_HARP714_NOAA11251,2011-07-17 01:12:00,714,11251,0,2011
test_2015,train,gs://suryabench-sharp-pipeline-bamidele/samples_npz/2011/20110907_1900_HARP843_NOAA11287.npz,20110907_1900_HARP843_NOAA11287,2011-09-07 19:00:00,843,11287,0,2011
test_2015,train,gs://suryabench-sharp-pipeline-bamidele/samples_npz/2011/20110306_0612_HARP403_NOAA11167.npz,20110306_0612_HARP403_NOAA11167,2011-03-06 06:12:00,403,11167,0,2011
test_2015,train,gs://suryabench-sharp-pipeline-bamidele/samples_npz/2013/20131220_1212_HARP3515_NOAA11930.npz,20131220_1212_HARP3515_NOAA11930,2013-12-20 12:12:00,3515,11930,0,2013
test_2015,train,gs://suryabench-sharp-pipeline-bamidele/samples_npz/2013/20130815_2124_HARP3056_NOAA11818.npz,20130815_2124_HARP3056_NOAA11818,2013-08-15 21:24:00,3056,11818,1,2013
test_2015,train,gs://suryabench-sharp-pipeline-bamidele/samples_npz/2012/20120315_2036_HARP1471_NOAA11435.npz,20120315_2036_HARP1471_NOAA11435,2012-03-15 20:36:00,1471,11435,0,2012
test_2015,train,gs://suryabench-sharp-pipeline-bamidele/samples_npz/2012/20120808_0048_HARP1908_NOAA11537.npz,20120808_0048_HARP1908_NOAA11537,2012-08-08 00:48:00,1908,11537,0,2012
test_2015,train,gs://suryabench-sharp-pipeline-bamidele/samples_npz/2012/20120901_0000_HARP1993_NOAA11560.npz,20120901_0000_HARP1993_NOAA11560,2012-09-01 00:00:00,1993,11560,0,2012
test_2015,train,gs://suryabench-sharp-pipeline-bamidele/samples_npz/2013/20131019_1524_HARP3273_NOAA11868.npz,20131019_1524_HARP3273_NOAA11868,2013-10-19 15:24:00,3273,11868,0,2013
test_2015,train,gs://suryabench-sharp-pipeline-bamidele/samples_npz/2011/20110912_0124_HARP850_NOAA11290.npz,20110912_0124_HARP850_NOAA11290,2011-09-12 01:24:00,850,11290,0,2011
test_2015,train,gs://suryabench-sharp-pipeline-bamidele/samples_npz/2012/20121031_1548_HARP2158_NOAA11601.npz,20121031_1548_HARP2158_NOAA11601,2012-10-31 15:48:00,2158,11601,0,2012
test_2015,train,gs://suryabench-sharp-pipeline-bamidele/samples_npz/2011/20110906_1336_HARP846_NOAA11288.npz,20110906_1336_HARP846_NOAA11288,2011-09-06 13:36:00,846,11288,0,2011
test_2015,train,gs://suryabench-sharp-pipeline-bamidele/samples_npz/2011/20110822_1736_HARP794_NOAA11271.npz,20110822_1736_HARP794_NOAA11271,2011-08-22 17:36:00,794,11271,0,2011
test_2015,train,gs://suryabench-sharp-pipeline-bamidele/samples_npz/2011/20111110_1924_HARP1038_NOAA11340.npz,20111110_1924_HARP1038_NOAA11340,2011-11-10 19:24:00,1038,11340,0,2011
test_2015,train,gs://suryabench-sharp-pipeline-bamidele/samples_npz/2013/20130108_1100_HARP2348_NOAA11651.npz,20130108_1100_HARP2348_NOAA11651,2013-01-08 11:00:00,2348,11651,0,2013
test_2015,train,gs://suryabench-sharp-pipeline-bamidele/samples_npz/2010/20100702_0300_HARP71_NOAA11084.npz,20100702_0300_HARP71_NOAA11084,2010-07-02 03:00:00,71,11084,0,2010
test_2015,train,gs://suryabench-sharp-pipeline-bamidele/samples_npz/2013/20130601_1736_HARP2779_NOAA11757.npz,20130601_1736_HARP2779_NOAA11757,2013-06-01 17:36:00,2779,11757,0,2013
test_2015,train,gs://suryabench-sharp-pipeline-bamidele/samples_npz/2011/20110928_2248_HARP900_NOAA11304.npz,20110928_2248_HARP900_NOAA11304,2011-09-28 22:48:00,900,11304,0,2011
test_2015,train,gs://suryabench-sharp-pipeline-bamidele/samples_npz/2012/20120416_0548_HARP1569_NOAA11457.npz,20120416_0548_HARP1569_NOAA11457,2012-04-16 05:48:00,1569,11457,0,2012
test_2015,train,gs://suryabench-sharp-pipeline-bamidele/samples_npz/2013/20131022_1600_HARP3291_NOAA11875.npz,20131022_1600_HARP3291_NOAA11875,2013-10-22 16:00:00,3291,11875,1,2013
test_2015,train,gs://suryabench-sharp-pipeline-bamidele/samples_npz/2013/20131107_0736_HARP3344_NOAA11891.npz,20131107_0736_HARP3344_NOAA11891,2013-11-07 07:36:00,3344,11891,1,2013
test_2015,train,gs://suryabench-sharp-pipeline-bamidele/samples_npz/2011/20110318_0348_HARP421_NOAA11172.npz,20110318_0348_HARP421_NOAA11172,2011-03-18 03:48:00,421,11172,0,2011
test_2015,train,gs://suryabench-sharp-pipeline-bamidele/samples_npz/2011/20111222_0824_HARP1210_NOAA11381.npz,20111222_0824_HARP1210_NOAA11381,2011-12-22 08:24:00,1210,11381,0,2011
test_2015,train,gs://suryabench-sharp-pipeline-bamidele/samples_npz/2013/20130817_1012_HARP3056_NOAA11818.npz,20130817_1012_HARP3056_NOAA11818,2013-08-17 10:12:00,3056,11818,1,2013
test_2015,train,gs://suryabench-sharp-pipeline-bamidele/samples_npz/2010/20101107_1736_HARP248_NOAA11122.npz,20101107_1736_HARP248_NOAA11122,2010-11-07 17:36:00,248,11122,0,2010
test_2015,train,gs://suryabench-sharp-pipeline-bamidele/samples_npz/2013/20131027_0548_HARP3295_NOAA11877.npz,20131027_0548_HARP3295_NOAA11877,2013-10-27 05:48:00,3295,11877,1,2013
test_2015,train,gs://suryabench-sharp-pipeline-bamidele/samples_npz/2010/20101124_0348_HARP259_NOAA11127.npz,20101124_0348_HARP259_NOAA11127,2010-11-24 03:48:00,259,11127,0,2010
test_2015,train,gs://suryabench-sharp-pipeline-bamidele/samples_npz/2012/20120803_0648_HARP1893_NOAA11534.npz,20120803_0648_HARP1893_NOAA11534,2012-08-03 06:48:00,1893,11534,0,2012
test_2015,train,gs://suryabench-sharp-pipeline-bamidele/samples_npz/2010/20100916_1424_HARP175_NOAA11106.npz,20100916_1424_HARP175_NOAA11106,2010-09-16 14:24:00,175,11106,0,2010
test_2015,train,gs://suryabench-sharp-pipeline-bamidele/samples_npz/2011/20110916_1248_HARP867_NOAA11299.npz,20110916_1248_HARP867_NOAA11299,2011-09-16 12:48:00,867,11299,0,2011
test_2015,train,gs://suryabench-sharp-pipeline-bamidele/samples_npz/2012/20120221_1848_HARP1405_NOAA11422.npz,20120221_1848_HARP1405_NOAA11422,2012-02-21 18:48:00,1405,11422,0,2012
test_2015,train,gs://suryabench-sharp-pipeline-bamidele/samples_npz/2011/20110327_2348_HARP455_NOAA11182.npz,20110327_2348_HARP455_NOAA11182,2011-03-27 23:48:00,455,11182,0,2011
test_2015,train,gs://suryabench-sharp-pipeline-bamidele/samples_npz/2013/20130321_2200_HARP2571_NOAA11700.npz,20130321_2200_HARP2571_NOAA11700,2013-03-21 22:00:00,2571,11700,0,2013
test_2015,train,gs://suryabench-sharp-pipeline-bamidele/samples_npz/2012/20121023_1336_HARP2130_NOAA11596.npz,20121023_1336_HARP2130_NOAA11596,2012-10-23 13:36:00,2130,11596,0,2012
test_2015,train,gs://suryabench-sharp-pipeline-bamidele/samples_npz/2011/20110114_0048_HARP338_NOAA11145.npz,20110114_0048_HARP338_NOAA11145,2011-01-14 00:48:00,338,11145,0,2011
test_2015,train,gs://suryabench-sharp-pipeline-bamidele/samples_npz/2010/20100811_0748_HARP115_NOAA11093.npz,20100811_0748_HARP115_NOAA11093,2010-08-11 07:48:00,115,11093,0,2010
test_2015,train,gs://suryabench-sharp-pipeline-bamidele/samples_npz/2012/20120904_1436_HARP2007_NOAA11565.npz,20120904_1436_HARP2007_NOAA11565,2012-09-04 14:36:00,2007,11565,0,2012
test_2015,train,gs://suryabench-sharp-pipeline-bamidele/samples_npz/2013/20130926_2224_HARP3220_NOAA11858.npz,20130926_2224_HARP3220_NOAA11858,2013-09-26 22:24:00,3220,11858,0,2013
test_2015,train,gs://suryabench-sharp-pipeline-bamidele/samples_npz/2011/20110917_1324_HARP875_NOAA11300.npz,20110917_1324_HARP875_NOAA11300,2011-09-17 13:24:00,875,11300,0,2011
test_2015,train,gs://suryabench-sharp-pipeline-bamidele/samples_npz/2011/20110828_2148_HARP817_NOAA11285.npz,20110828_2148_HARP817_NOAA11285,2011-08-28 21:48:00,817,11285,0,2011
test_2015,train,gs://suryabench-sharp-pipeline-bamidele/samples_npz/2012/20120318_2024_HARP1465_NOAA11433.npz,20120318_2024_HARP1465_NOAA11433,2012-03-18 20:24:00,1465,11433,0,2012
test_2015,train,gs://suryabench-sharp-pipeline-bamidele/samples_npz/2013/20130622_0212_HARP2861_NOAA11773.npz,20130622_0212_HARP2861_NOAA11773,2013-06-22 02:12:00,2861,11773,0,2013
test_2015,train,gs://suryabench-sharp-pipeline-bamidele/samples_npz/2013/20130203_2148_HARP2436_NOAA11668.npz,20130203_2148_HARP2436_NOAA11668,2013-02-03 21:48:00,2436,11668,0,2013
test_2015,train,gs://suryabench-sharp-pipeline-bamidele/samples_npz/2013/20130421_0736_HARP2673_NOAA11726.npz,20130421_0736_HARP2673_NOAA11726,2013-04-21 07:36:00,2673,11726,1,2013
test_2015,train,gs://suryabench-sharp-pipeline-bamidele/samples_npz/2011/20110203_0900_HARP355_NOAA11150.npz,20110203_0900_HARP355_NOAA11150,2011-02-03 09:00:00,355,11150,0,2011
test_2015,train,gs://suryabench-sharp-pipeline-bamidele/samples_npz/2013/20130122_0648_HARP2401_NOAA11659.npz,20130122_0648_HARP2401_NOAA11659,2013-01-22 06:48:00,2401,11659,0,2013
test_2015,train,gs://suryabench-sharp-pipeline-bamidele/samples_npz/2011/20110830_2124_HARP814_NOAA11277.npz,20110830_2124_HARP814_NOAA11277,2011-08-30 21:24:00,814,11277,0,2011
test_2015,train,gs://suryabench-sharp-pipeline-bamidele/samples_npz/2013/20130710_0536_HARP2942_NOAA11789.npz,20130710_0536_HARP2942_NOAA11789,2013-07-10 05:36:00,2942,11789,0,2013
test_2015,train,gs://suryabench-sharp-pipeline-bamidele/samples_npz/2011/20110620_0100_HARP677_NOAA11238.npz,20110620_0100_HARP677_NOAA11238,2011-06-20 01:00:00,677,11238,0,2011
test_2015,train,gs://suryabench-sharp-pipeline-bamidele/samples_npz/2012/20120712_0312_HARP1834_NOAA11519.npz,20120712_0312_HARP1834_NOAA11519,2012-07-12 03:12:00,1834,11519,0,2012
test_2015,train,gs://suryabench-sharp-pipeline-bamidele/samples_npz/2012/20121102_1248_HARP2169_NOAA11603.npz,20121102_1248_HARP2169_NOAA11603,2012-11-02 12:48:00,2169,11603,0,2012
test_2015,train,gs://suryabench-sharp-pipeline-bamidele/samples_npz/2011/20110830_0100_HARP817_NOAA11285.npz,20110830_0100_HARP817_NOAA11285,2011-08-30 01:00:00,817,11285,0,2011
test_2015,train,gs://suryabench-sharp-pipeline-bamidele/samples_npz/2011/20111106_1612_HARP1026_NOAA11338.npz,20111106_1612_HARP1026_NOAA11338,2011-11-06 16:12:00,1026,11338,0,2011
test_2015,train,gs://suryabench-sharp-pipeline-bamidele/samples_npz/2012/20120130_0712_HARP1350_NOAA11410.npz,20120130_0712_HARP1350_NOAA11410,2012-01-30 07:12:00,1350,11410,0,2012
test_2015,train,gs://suryabench-sharp-pipeline-bamidele/samples_npz/2012/20121005_1912_HARP2098_NOAA11585.npz,20121005_1912_HARP2098_NOAA11585,2012-10-05 19:12:00,2098,11585,0,2012
test_2015,train,gs://suryabench-sharp-pipeline-bamidele/samples_npz/2013/20131012_0100_HARP3260_NOAA11860.npz,20131012_0100_HARP3260_NOAA11860,2013-10-12 01:00:00,3260,11860,0,2013
test_2015,train,gs://suryabench-sharp-pipeline-bamidele/samples_npz/2011/20110916_1324_HARP853_NOAA11292.npz,20110916_1324_HARP853_NOAA11292,2011-09-16 13:24:00,853,11292,0,2011
test_2015,train,gs://suryabench-sharp-pipeline-bamidele/samples_npz/2012/20121018_1924_HARP2123_NOAA11594.npz,20121018_1924_HARP2123_NOAA11594,2012-10-18 19:24:00,2123,11594,0,2012
test_2015,train,gs://suryabench-sharp-pipeline-bamidele/samples_npz/2013/20130807_2336_HARP3049_NOAA11813.npz,20130807_2336_HARP3049_NOAA11813,2013-08-07 23:36:00,3049,11813,0,2013
test_2015,train,gs://suryabench-sharp-pipeline-bamidele/samples_npz/2011/20110607_1824_HARP650_NOAA11232.npz,20110607_1824_HARP650_NOAA11232,2011-06-07 18:24:00,650,11232,0,2011
test_2015,train,gs://suryabench-sharp-pipeline-bamidele/samples_npz/2013/20131115_1724_HARP3368_NOAA11896.npz,20131115_1724_HARP3368_NOAA11896,2013-11-15 17:24:00,3368,11896,0,2013
test_2015,train,gs://suryabench-sharp-pipeline-bamidele/samples_npz/2010/20101128_2136_HARP274_NOAA11130.npz,20101128_2136_HARP274_NOAA11130,2010-11-28 21:36:00,274,11130,0,2010
test_2015,train,gs://suryabench-sharp-pipeline-bamidele/samples_npz/2011/20110704_0524_HARP685_NOAA11243.npz,20110704_0524_HARP685_NOAA11243,2011-07-04 05:24:00,685,11243,0,2011
test_2015,train,gs://suryabench-sharp-pipeline-bamidele/samples_npz/2011/20110607_1512_HARP650_NOAA11232.npz,20110607_1512_HARP650_NOAA11232,2011-06-07 15:12:00,650,11232,0,2011
test_2015,train,gs://suryabench-sharp-pipeline-bamidele/samples_npz/2013/20130511_0148_HARP2718_NOAA11740.npz,20130511_0148_HARP2718_NOAA11740,2013-05-11 01:48:00,2718,11740,0,2013
test_2015,train,gs://suryabench-sharp-pipeline-bamidele/samples_npz/2013/20131013_0412_HARP3260_NOAA11860.npz,20131013_0412_HARP3260_NOAA11860,2013-10-13 04:12:00,3260,11860,0,2013
test_2015,train,gs://suryabench-sharp-pipeline-bamidele/samples_npz/2013/20131113_0736_HARP3371_NOAA11901.npz,20131113_0736_HARP3371_NOAA11901,2013-11-13 07:36:00,3371,11901,0,2013
test_2015,train,gs://suryabench-sharp-pipeline-bamidele/samples_npz/2012/20120904_1000_HARP1996_NOAA11563.npz,20120904_1000_HARP1996_NOAA11563,2012-09-04 10:00:00,1996,11563,0,2012
test_2015,train,gs://suryabench-sharp-pipeline-bamidele/samples_npz/2013/20131027_2348_HARP3309_NOAA11881.npz,20131027_2348_HARP3309_NOAA11881,2013-10-27 23:48:00,3309,11881,0,2013
test_2015,train,gs://suryabench-sharp-pipeline-bamidele/samples_npz/2013/20130603_1524_HARP2790_NOAA11758.npz,20130603_1524_HARP2790_NOAA11758,2013-06-03 15:24:00,2790,11758,0,2013
test_2015,train,gs://suryabench-sharp-pipeline-bamidele/samples_npz/2013/20130402_0124_HARP2598_NOAA11707.npz,20130402_0124_HARP2598_NOAA11707,2013-04-02 01:24:00,2598,11707,0,2013
test_2015,train,gs://suryabench-sharp-pipeline-bamidele/samples_npz/2013/20130722_2036_HARP2982_NOAA11798.npz,20130722_2036_HARP2982_NOAA11798,2013-07-22 20:36:00,2982,11798,0,2013
test_2015,train,gs://suryabench-sharp-pipeline-bamidele/samples_npz/2011/20110331_0300_HARP444_NOAA11180.npz,20110331_0300_HARP444_NOAA11180,2011-03-31 03:00:00,444,11180,0,2011
test_2015,train,gs://suryabench-sharp-pipeline-bamidele/samples_npz/2013/20130524_0524_HARP2760_NOAA11753.npz,20130524_0524_HARP2760_NOAA11753,2013-05-24 05:24:00,2760,11753,0,2013
test_2015,train,gs://suryabench-sharp-pipeline-bamidele/samples_npz/2011/20111120_1300_HARP1079_NOAA11350.npz,20111120_1300_HARP1079_NOAA11350,2011-11-20 13:00:00,1079,11350,0,2011
test_2015,train,gs://suryabench-sharp-pipeline-bamidele/samples_npz/2013/20131026_2012_HARP3295_NOAA11877.npz,20131026_2012_HARP3295_NOAA11877,2013-10-26 20:12:00,3295,11877,1,2013
test_2015,train,gs://suryabench-sharp-pipeline-bamidele/samples_npz/2010/20101024_0224_HARP223_NOAA11118.npz,20101024_0224_HARP223_NOAA11118,2010-10-24 02:24:00,223,11118,0,2010
test_2015,train,gs://suryabench-sharp-pipeline-bamidele/samples_npz/2011/20111120_0000_HARP1080_NOAA11357.npz,20111120_0000_HARP1080_NOAA11357,2011-11-20 00:00:00,1080,11357,0,2011
test_2015,train,gs://suryabench-sharp-pipeline-bamidele/samples_npz/2013/20130103_0412_HARP2351_NOAA11647.npz,20130103_0412_HARP2351_NOAA11647,2013-01-03 04:12:00,2351,11647,0,2013
test_2015,train,gs://suryabench-sharp-pipeline-bamidele/samples_npz/2011/20111011_2300_HARP932_NOAA11313.npz,20111011_2300_HARP932_NOAA11313,2011-10-11 23:00:00,932,11313,0,2011
test_2015,train,gs://suryabench-sharp-pipeline-bamidele/samples_npz/2011/20111223_2024_HARP1209_NOAA11380.npz,20111223_2024_HARP1209_NOAA11380,2011-12-23 20:24:00,1209,11380,0,2011
test_2015,train,gs://suryabench-sharp-pipeline-bamidele/samples_npz/2012/20121115_0900_HARP2186_NOAA11611.npz,20121115_0900_HARP2186_NOAA11611,2012-11-15 09:00:00,2186,11611,0,2012
test_2015,train,gs://suryabench-sharp-pipeline-bamidele/samples_npz/2012/20121121_0924_HARP2220_NOAA11618.npz,20121121_0924_HARP2220_NOAA11618,2012-11-21 09:24:00,2220,11618,1,2012
test_2015,train,gs://suryabench-sharp-pipeline-bamidele/samples_npz/2012/20120902_2324_HARP1979_NOAA11558.npz,20120902_2324_HARP1979_NOAA11558,2012-09-02 23:24:00,1979,11558,0,2012
test_2015,train,gs://suryabench-sharp-pipeline-bamidele/samples_npz/2011/20110718_0948_HARP728_NOAA11256.npz,20110718_0948_HARP728_NOAA11256,2011-07-18 09:48:00,728,11256,0,2011
test_2015,train,gs://suryabench-sharp-pipeline-bamidele/samples_npz/2013/20130812_0324_HARP3048_NOAA11814.npz,20130812_0324_HARP3048_NOAA11814,2013-08-12 03:24:00,3048,11814,0,2013
test_2015,train,gs://suryabench-sharp-pipeline-bamidele/samples_npz/2013/20130824_1100_HARP3103_NOAA11828.npz,20130824_1100_HARP3103_NOAA11828,2013-08-24 11:00:00,3103,11828,0,2013
test_2015,train,gs://suryabench-sharp-pipeline-bamidele/samples_npz/2011/20110803_0224_HARP751_NOAA11264.npz,20110803_0224_HARP751_NOAA11264,2011-08-03 02:24:00,751,11264,0,2011
test_2015,train,gs://suryabench-sharp-pipeline-bamidele/samples_npz/2013/20130217_1236_HARP2491_NOAA11675.npz,20130217_1236_HARP2491_NOAA11675,2013-02-17 12:36:00,2491,11675,1,2013
test_2015,train,gs://suryabench-sharp-pipeline-bamidele/samples_npz/2011/20110820_1736_HARP794_NOAA11271.npz,20110820_1736_HARP794_NOAA11271,2011-08-20 17:36:00,794,11271,0,2011
test_2015,train,gs://suryabench-sharp-pipeline-bamidele/samples_npz/2012/20121030_0124_HARP2158_NOAA11601.npz,20121030_0124_HARP2158_NOAA11601,2012-10-30 01:24:00,2158,11601,0,2012
test_2015,train,gs://suryabench-sharp-pipeline-bamidele/samples_npz/2011/20110107_0836_HARP323_NOAA11140.npz,20110107_0836_HARP323_NOAA11140,2011-01-07 08:36:00,323,11140,0,2011
test_2015,train,gs://suryabench-sharp-pipeline-bamidele/samples_npz/2013/20130410_1712_HARP2636_NOAA11718.npz,20130410_1712_HARP2636_NOAA11718,2013-04-10 17:12:00,2636,11718,0,2013
test_2015,train,gs://suryabench-sharp-pipeline-bamidele/samples_npz/2013/20130210_1824_HARP2460_NOAA11670.npz,20130210_1824_HARP2460_NOAA11670,2013-02-10 18:24:00,2460,11670,0,2013
test_2015,train,gs://suryabench-sharp-pipeline-bamidele/samples_npz/2011/20111213_1212_HARP1168_NOAA11374.npz,20111213_1212_HARP1168_NOAA11374,2011-12-13 12:12:00,1168,11374,0,2011
test_2015,train,gs://suryabench-sharp-pipeline-bamidele/samples_npz/2013/20131107_0824_HARP3341_NOAA11890.npz,20131107_0824_HARP3341_NOAA11890,2013-11-07 08:24:00,3341,11890,1,2013
test_2015,train,gs://suryabench-sharp-pipeline-bamidele/samples_npz/2012/20120315_0200_HARP1465_NOAA11433.npz,20120315_0200_HARP1465_NOAA11433,2012-03-15 02:00:00,1465,11433,0,2012
test_2015,train,gs://suryabench-sharp-pipeline-bamidele/samples_npz/2012/20120924_0148_HARP2044_NOAA11576.npz,20120924_0148_HARP2044_NOAA11576,2012-09-24 01:48:00,2044,11576,0,2012
test_2015,train,gs://suryabench-sharp-pipeline-bamidele/samples_npz/2012/20120824_0912_HARP1962_NOAA11554.npz,20120824_0912_HARP1962_NOAA11554,2012-08-24 09:12:00,1962,11554,0,2012
test_2015,train,gs://suryabench-sharp-pipeline-bamidele/samples_npz/2011/20111031_0136_HARP1005_NOAA11332.npz,20111031_0136_HARP1005_NOAA11332,2011-10-31 01:36:00,1005,11332,0,2011
test_2015,train,gs://suryabench-sharp-pipeline-bamidele/samples_npz/2013/20130410_1000_HARP2625_NOAA11716.npz,20130410_1000_HARP2625_NOAA11716,2013-04-10 10:00:00,2625,11716,0,2013
test_2015,train,gs://suryabench-sharp-pipeline-bamidele/samples_npz/2013/20130728_1300_HARP3011_NOAA11812.npz,20130728_1300_HARP3011_NOAA11812,2013-07-28 13:00:00,3011,11812,0,2013
test_2015,train,gs://suryabench-sharp-pipeline-bamidele/samples_npz/2010/20101119_1212_HARP256_NOAA11126.npz,20101119_1212_HARP256_NOAA11126,2010-11-19 12:12:00,256,11126,0,2010
test_2015,train,gs://suryabench-sharp-pipeline-bamidele/samples_npz/2013/20130222_0500_HARP2489_NOAA11673.npz,20130222_0500_HARP2489_NOAA11673,2013-02-22 05:00:00,2489,11673,0,2013
test_2015,train,gs://suryabench-sharp-pipeline-bamidele/samples_npz/2013/20131230_0424_HARP3535_NOAA11936.npz,20131230_0424_HARP3535_NOAA11936,2013-12-30 04:24:00,3535,11936,1,2013
test_2015,train,gs://suryabench-sharp-pipeline-bamidele/samples_npz/2013/20130728_0500_HARP3011_NOAA11812.npz,20130728_0500_HARP3011_NOAA11812,2013-07-28 05:00:00,3011,11812,0,2013
test_2015,train,gs://suryabench-sharp-pipeline-bamidele/samples_npz/2012/20120125_1024_HARP1338_NOAA11408.npz,20120125_1024_HARP1338_NOAA11408,2012-01-25 10:24:00,1338,11408,0,2012
test_2015,train,gs://suryabench-sharp-pipeline-bamidele/samples_npz/2010/20100802_1600_HARP104_NOAA11092.npz,20100802_1600_HARP104_NOAA11092,2010-08-02 16:00:00,104,11092,0,2010
test_2015,train,gs://suryabench-sharp-pipeline-bamidele/samples_npz/2013/20131029_0124_HARP3323_NOAA11888.npz,20131029_0124_HARP3323_NOAA11888,2013-10-29 01:24:00,3323,11888,0,2013
test_2015,train,gs://suryabench-sharp-pipeline-bamidele/samples_npz/2010/20100716_0812_HARP89_NOAA11088.npz,20100716_0812_HARP89_NOAA11088,2010-07-16 08:12:00,89,11088,0,2010
test_2015,train,gs://suryabench-sharp-pipeline-bamidele/samples_npz/2013/20131006_0548_HARP3250_NOAA11859.npz,20131006_0548_HARP3250_NOAA11859,2013-10-06 05:48:00,3250,11859,0,2013
test_2015,train,gs://suryabench-sharp-pipeline-bamidele/samples_npz/2013/20130112_0912_HARP2362_NOAA11652.npz,20130112_0912_HARP2362_NOAA11652,2013-01-12 09:12:00,2362,11652,1,2013
test_2015,train,gs://suryabench-sharp-pipeline-bamidele/samples_npz/2013/20130503_1224_HARP2696_NOAA11732.npz,20130503_1224_HARP2696_NOAA11732,2013-05-03 12:24:00,2696,11732,0,2013
test_2015,train,gs://suryabench-sharp-pipeline-bamidele/samples_npz/2013/20131116_2248_HARP3376_NOAA11899.npz,20131116_2248_HARP3376_NOAA11899,2013-11-16 22:48:00,3376,11899,0,2013
test_2015,train,gs://suryabench-sharp-pipeline-bamidele/samples_npz/2013/20131009_1636_HARP3259_NOAA11863.npz,20131009_1636_HARP3259_NOAA11863,2013-10-09 16:36:00,3259,11863,0,2013
test_2015,train,gs://suryabench-sharp-pipeline-bamidele/samples_npz/2013/20131217_1824_HARP3497_NOAA11925.npz,20131217_1824_HARP3497_NOAA11925,2013-12-17 18:24:00,3497,11925,0,2013
test_2015,train,gs://suryabench-sharp-pipeline-bamidele/samples_npz/2013/20131230_0112_HARP3535_NOAA11936.npz,20131230_0112_HARP3535_NOAA11936,2013-12-30 01:12:00,3535,11936,1,2013
test_2015,train,gs://suryabench-sharp-pipeline-bamidele/samples_npz/2011/20110215_0924_HARP371_NOAA11159.npz,20110215_0924_HARP371_NOAA11159,2011-02-15 09:24:00,371,11159,0,2011
test_2015,train,gs://suryabench-sharp-pipeline-bamidele/samples_npz/2012/20120604_1624_HARP1727_NOAA11497.npz,20120604_1624_HARP1727_NOAA11497,2012-06-04 16:24:00,1727,11497,0,2012
test_2015,train,gs://suryabench-sharp-pipeline-bamidele/samples_npz/2011/20111001_2112_HARP902_NOAA11305.npz,20111001_2112_HARP902_NOAA11305,2011-10-01 21:12:00,902,11305,1,2011
test_2015,train,gs://suryabench-sharp-pipeline-bamidele/samples_npz/2010/20100619_1948_HARP57_NOAA11082.npz,20100619_1948_HARP57_NOAA11082,2010-06-19 19:48:00,57,11082,0,2010
test_2015,train,gs://suryabench-sharp-pipeline-bamidele/samples_npz/2013/20131203_2200_HARP3448_NOAA11916.npz,20131203_2200_HARP3448_NOAA11916,2013-12-03 22:00:00,3448,11916,0,2013
test_2015,train,gs://suryabench-sharp-pipeline-bamidele/samples_npz/2013/20130807_1300_HARP3028_NOAA11809.npz,20130807_1300_HARP3028_NOAA11809,2013-08-07 13:00:00,3028,11809,0,2013
test_2015,train,gs://suryabench-sharp-pipeline-bamidele/samples_npz/2012/20120213_0736_HARP1390_NOAA11418.npz,20120213_0736_HARP1390_NOAA11418,2012-02-13 07:36:00,1390,11418,0,2012
test_2015,train,gs://suryabench-sharp-pipeline-bamidele/samples_npz/2011/20111214_1612_HARP1186_NOAA11378.npz,20111214_1612_HARP1186_NOAA11378,2011-12-14 16:12:00,1186,11378,0,2011
test_2015,train,gs://suryabench-sharp-pipeline-bamidele/samples_npz/2011/20110716_1312_HARP712_NOAA11250.npz,20110716_1312_HARP712_NOAA11250,2011-07-16 13:12:00,712,11250,0,2011
test_2015,train,gs://suryabench-sharp-pipeline-bamidele/samples_npz/2012/20120504_2024_HARP1621_NOAA11470.npz,20120504_2024_HARP1621_NOAA11470,2012-05-04 20:24:00,1621,11470,0,2012
test_2015,train,gs://suryabench-sharp-pipeline-bamidele/samples_npz/2013/20130209_1524_HARP2450_NOAA11669.npz,20130209_1524_HARP2450_NOAA11669,2013-02-09 15:24:00,2450,11669,0,2013
test_2015,train,gs://suryabench-sharp-pipeline-bamidele/samples_npz/2011/20110309_1624_HARP401_NOAA11166.npz,20110309_1624_HARP401_NOAA11166,2011-03-09 16:24:00,401,11166,1,2011
test_2015,train,gs://suryabench-sharp-pipeline-bamidele/samples_npz/2013/20131105_2224_HARP3344_NOAA11891.npz,20131105_2224_HARP3344_NOAA11891,2013-11-05 22:24:00,3344,11891,0,2013
test_2015,train,gs://suryabench-sharp-pipeline-bamidele/samples_npz/2011/20110213_0300_HARP371_NOAA11159.npz,20110213_0300_HARP371_NOAA11159,2011-02-13 03:00:00,371,11159,0,2011
test_2015,train,gs://suryabench-sharp-pipeline-bamidele/samples_npz/2012/20120229_0248_HARP1422_NOAA11423.npz,20120229_0248_HARP1422_NOAA11423,2012-02-29 02:48:00,1422,11423,0,2012
test_2015,train,gs://suryabench-sharp-pipeline-bamidele/samples_npz/2010/20100729_1700_HARP98_NOAA11090.npz,20100729_1700_HARP98_NOAA11090,2010-07-29 17:00:00,98,11090,0,2010
test_2015,train,gs://suryabench-sharp-pipeline-bamidele/samples_npz/2013/20131006_0100_HARP3250_NOAA11859.npz,20131006_0100_HARP3250_NOAA11859,2013-10-06 01:00:00,3250,11859,0,2013
test_2015,train,gs://suryabench-sharp-pipeline-bamidele/samples_npz/2011/20110603_0000_HARP637_NOAA11226.npz,20110603_0000_HARP637_NOAA11226,2011-06-03 00:00:00,637,11226,0,2011
test_2015,train,gs://suryabench-sharp-pipeline-bamidele/samples_npz/2012/20121108_0348_HARP2173_NOAA11604.npz,20121108_0348_HARP2173_NOAA11604,2012-11-08 03:48:00,2173,11604,0,2012
test_2015,train,gs://suryabench-sharp-pipeline-bamidele/samples_npz/2013/20130220_1236_HARP2491_NOAA11675.npz,20130220_1236_HARP2491_NOAA11675,2013-02-20 12:36:00,2491,11675,0,2013
test_2015,train,gs://suryabench-sharp-pipeline-bamidele/samples_npz/2013/20131113_2100_HARP3367_NOAA11898.npz,20131113_2100_HARP3367_NOAA11898,2013-11-13 21:00:00,3367,11898,0,2013
test_2015,train,gs://suryabench-sharp-pipeline-bamidele/samples_npz/2013/20130920_2136_HARP3205_NOAA11849.npz,20130920_2136_HARP3205_NOAA11849,2013-09-20 21:36:00,3205,11849,0,2013
test_2015,train,gs://suryabench-sharp-pipeline-bamidele/samples_npz/2013/20130830_1112_HARP3122_NOAA11835.npz,20130830_1112_HARP3122_NOAA11835,2013-08-30 11:12:00,3122,11835,0,2013
test_2015,train,gs://suryabench-sharp-pipeline-bamidele/samples_npz/2012/20120917_2324_HARP2039_NOAA11574.npz,20120917_2324_HARP2039_NOAA11574,2012-09-17 23:24:00,2039,11574,0,2012
test_2015,train,gs://suryabench-sharp-pipeline-bamidele/samples_npz/2012/20120516_1248_HARP1653_NOAA11479.npz,20120516_1248_HARP1653_NOAA11479,2012-05-16 12:48:00,1653,11479,0,2012
test_2015,train,gs://suryabench-sharp-pipeline-bamidele/samples_npz/2011/20110809_0348_HARP759_NOAA11266.npz,20110809_0348_HARP759_NOAA11266,2011-08-09 03:48:00,759,11266,0,2011
test_2015,train,gs://suryabench-sharp-pipeline-bamidele/samples_npz/2012/20120606_1836_HARP1724_NOAA11494.npz,20120606_1836_HARP1724_NOAA11494,2012-06-06 18:36:00,1724,11494,1,2012
test_2015,train,gs://suryabench-sharp-pipeline-bamidele/samples_npz/2012/20121119_2036_HARP2220_NOAA11618.npz,20121119_2036_HARP2220_NOAA11618,2012-11-19 20:36:00,2220,11618,1,2012
test_2015,train,gs://suryabench-sharp-pipeline-bamidele/samples_npz/2012/20120521_1548_HARP1680_NOAA11487.npz,20120521_1548_HARP1680_NOAA11487,2012-05-21 15:48:00,1680,11487,0,2012
test_2015,train,gs://suryabench-sharp-pipeline-bamidele/samples_npz/2011/20110401_2000_HARP443_NOAA11181.npz,20110401_2000_HARP443_NOAA11181,2011-04-01 20:00:00,443,11181,0,2011
test_2015,train,gs://suryabench-sharp-pipeline-bamidele/samples_npz/2013/20131102_1200_HARP3321_NOAA11884.npz,20131102_1200_HARP3321_NOAA11884,2013-11-02 12:00:00,3321,11884,1,2013
test_2015,train,gs://suryabench-sharp-pipeline-bamidele/samples_npz/2013/20130128_1524_HARP2411_NOAA11661.npz,20130128_1524_HARP2411_NOAA11661,2013-01-28 15:24:00,2411,11661,0,2013
test_2015,train,gs://suryabench-sharp-pipeline-bamidele/samples_npz/2013/20131015_2012_HARP3263_NOAA11861.npz,20131015_2012_HARP3263_NOAA11861,2013-10-15 20:12:00,3263,11861,1,2013
test_2015,train,gs://suryabench-sharp-pipeline-bamidele/samples_npz/2013/20130620_0700_HARP2875_NOAA11776.npz,20130620_0700_HARP2875_NOAA11776,2013-06-20 07:00:00,2875,11776,0,2013
test_2015,train,gs://suryabench-sharp-pipeline-bamidele/samples_npz/2013/20130927_1324_HARP3199_NOAA11850.npz,20130927_1324_HARP3199_NOAA11850,2013-09-27 13:24:00,3199,11850,0,2013
test_2015,train,gs://suryabench-sharp-pipeline-bamidele/samples_npz/2013/20131125_1124_HARP3400_NOAA11903.npz,20131125_1124_HARP3400_NOAA11903,2013-11-25 11:24:00,3400,11903,0,2013
test_2015,train,gs://suryabench-sharp-pipeline-bamidele/samples_npz/2013/20130805_2136_HARP3031_NOAA11810.npz,20130805_2136_HARP3031_NOAA11810,2013-08-05 21:36:00,3031,11810,0,2013
test_2015,train,gs://suryabench-sharp-pipeline-bamidele/samples_npz/2012/20120912_2348_HARP2021_NOAA11567.npz,20120912_2348_HARP2021_NOAA11567,2012-09-12 23:48:00,2021,11567,0,2012
test_2015,train,gs://suryabench-sharp-pipeline-bamidele/samples_npz/2012/20120814_1736_HARP1931_NOAA11543.npz,20120814_1736_HARP1931_NOAA11543,2012-08-14 17:36:00,1931,11543,0,2012
test_2015,train,gs://suryabench-sharp-pipeline-bamidele/samples_npz/2013/20130622_1148_HARP2861_NOAA11773.npz,20130622_1148_HARP2861_NOAA11773,2013-06-22 11:48:00,2861,11773,0,2013
test_2015,train,gs://suryabench-sharp-pipeline-bamidele/samples_npz/2010/20101106_0012_HARP241_NOAA11120.npz,20101106_0012_HARP241_NOAA11120,2010-11-06 00:12:00,241,11120,0,2010
test_2015,train,gs://suryabench-sharp-pipeline-bamidele/samples_npz/2013/20130303_0936_HARP2519_NOAA11686.npz,20130303_0936_HARP2519_NOAA11686,2013-03-03 09:36:00,2519,11686,1,2013
test_2015,train,gs://suryabench-sharp-pipeline-bamidele/samples_npz/2013/20131219_2312_HARP3522_NOAA11932.npz,20131219_2312_HARP3522_NOAA11932,2013-12-19 23:12:00,3522,11932,0,2013
test_2015,train,gs://suryabench-sharp-pipeline-bamidele/samples_npz/2012/20120316_2324_HARP1464_NOAA11434.npz,20120316_2324_HARP1464_NOAA11434,2012-03-16 23:24:00,1464,11434,1,2012
test_2015,train,gs://suryabench-sharp-pipeline-bamidele/samples_npz/2011/20110316_2000_HARP431_NOAA11174.npz,20110316_2000_HARP431_NOAA11174,2011-03-16 20:00:00,431,11174,0,2011
test_2015,train,gs://suryabench-sharp-pipeline-bamidele/samples_npz/2013/20130314_0248_HARP2546_NOAA11692.npz,20130314_0248_HARP2546_NOAA11692,2013-03-14 02:48:00,2546,11692,1,2013
test_2015,train,gs://suryabench-sharp-pipeline-bamidele/samples_npz/2013/20131101_0712_HARP3321_NOAA11884.npz,20131101_0712_HARP3321_NOAA11884,2013-11-01 07:12:00,3321,11884,1,2013
test_2015,train,gs://suryabench-sharp-pipeline-bamidele/samples_npz/2013/20130208_0712_HARP2460_NOAA11670.npz,20130208_0712_HARP2460_NOAA11670,2013-02-08 07:12:00,2460,11670,0,2013
test_2015,train,gs://suryabench-sharp-pipeline-bamidele/samples_npz/2011/20110912_0412_HARP847_NOAA11289.npz,20110912_0412_HARP847_NOAA11289,2011-09-12 04:12:00,847,11289,0,2011
test_2015,train,gs://suryabench-sharp-pipeline-bamidele/samples_npz/2010/20100810_0600_HARP114_NOAA11095.npz,20100810_0600_HARP114_NOAA11095,2010-08-10 06:00:00,114,11095,0,2010
test_2015,train,gs://suryabench-sharp-pipeline-bamidele/samples_npz/2013/20130627_0336_HARP2878_NOAA11777.npz,20130627_0336_HARP2878_NOAA11777,2013-06-27 03:36:00,2878,11777,0,2013
test_2015,train,gs://suryabench-sharp-pipeline-bamidele/samples_npz/2013/20130420_1248_HARP2661_NOAA11724.npz,20130420_1248_HARP2661_NOAA11724,2013-04-20 12:48:00,2661,11724,0,2013
test_2015,train,gs://suryabench-sharp-pipeline-bamidele/samples_npz/2013/20131021_1012_HARP3293_NOAA11874.npz,20131021_1012_HARP3293_NOAA11874,2013-10-21 10:12:00,3293,11874,0,2013
test_2015,train,gs://suryabench-sharp-pipeline-bamidele/samples_npz/2011/20110527_1512_HARP622_NOAA11219.npz,20110527_1512_HARP622_NOAA11219,2011-05-27 15:12:00,622,11219,0,2011
test_2015,train,gs://suryabench-sharp-pipeline-bamidele/samples_npz/2013/20131228_2336_HARP3535_NOAA11936.npz,20131228_2336_HARP3535_NOAA11936,2013-12-28 23:36:00,3535,11936,1,2013
test_2015,train,gs://suryabench-sharp-pipeline-bamidele/samples_npz/2011/20110613_1724_HARP661_NOAA11234.npz,20110613_1724_HARP661_NOAA11234,2011-06-13 17:24:00,661,11234,0,2011
test_2015,train,gs://suryabench-sharp-pipeline-bamidele/samples_npz/2013/20130327_1212_HARP2585_NOAA11705.npz,20130327_1212_HARP2585_NOAA11705,2013-03-27 12:12:00,2585,11705,0,2013
test_2015,train,gs://suryabench-sharp-pipeline-bamidele/samples_npz/2010/20101006_0548_HARP198_NOAA11111.npz,20101006_0548_HARP198_NOAA11111,2010-10-06 05:48:00,198,11111,0,2010
test_2015,train,gs://suryabench-sharp-pipeline-bamidele/samples_npz/2011/20110718_1912_HARP725_NOAA11254.npz,20110718_1912_HARP725_NOAA11254,2011-07-18 19:12:00,725,11254,0,2011
test_2015,train,gs://suryabench-sharp-pipeline-bamidele/samples_npz/2011/20111212_2012_HARP1168_NOAA11374.npz,20111212_2012_HARP1168_NOAA11374,2011-12-12 20:12:00,1168,11374,0,2011
test_2015,train,gs://suryabench-sharp-pipeline-bamidele/samples_npz/2013/20131124_1124_HARP3400_NOAA11903.npz,20131124_1124_HARP3400_NOAA11903,2013-11-24 11:24:00,3400,11903,0,2013
test_2015,train,gs://suryabench-sharp-pipeline-bamidele/samples_npz/2013/20130220_2212_HARP2491_NOAA11675.npz,20130220_2212_HARP2491_NOAA11675,2013-02-20 22:12:00,2491,11675,0,2013
test_2015,train,gs://suryabench-sharp-pipeline-bamidele/samples_npz/2011/20110731_1036_HARP750_NOAA11261.npz,20110731_1036_HARP750_NOAA11261,2011-07-31 10:36:00,750,11261,1,2011
test_2015,train,gs://suryabench-sharp-pipeline-bamidele/samples_npz/2012/20120403_0312_HARP1514_NOAA11448.npz,20120403_0312_HARP1514_NOAA11448,2012-04-03 03:12:00,1514,11448,0,2012
test_2015,train,gs://suryabench-sharp-pipeline-bamidele/samples_npz/2013/20130707_2348_HARP2920_NOAA11785.npz,20130707_2348_HARP2920_NOAA11785,2013-07-07 23:48:00,2920,11785,0,2013
test_2015,train,gs://suryabench-sharp-pipeline-bamidele/samples_npz/2012/20120116_0512_HARP1319_NOAA11400.npz,20120116_0512_HARP1319_NOAA11400,2012-01-16 05:12:00,1319,11400,0,2012
test_2015,train,gs://suryabench-sharp-pipeline-bamidele/samples_npz/2011/20110908_0048_HARP846_NOAA11288.npz,20110908_0048_HARP846_NOAA11288,2011-09-08 00:48:00,846,11288,0,2011
test_2015,train,gs://suryabench-sharp-pipeline-bamidele/samples_npz/2013/20130710_1712_HARP2948_NOAA11789.npz,20130710_1712_HARP2948_NOAA11789,2013-07-10 17:12:00,2948,11789,0,2013
test_2015,train,gs://suryabench-sharp-pipeline-bamidele/samples_npz/2013/20131025_2212_HARP3309_NOAA11881.npz,20131025_2212_HARP3309_NOAA11881,2013-10-25 22:12:00,3309,11881,0,2013
test_2015,train,gs://suryabench-sharp-pipeline-bamidele/samples_npz/2011/20110521_1736_HARP605_NOAA11216.npz,20110521_1736_HARP605_NOAA11216,2011-05-21 17:36:00,605,11216,0,2011
test_2015,train,gs://suryabench-sharp-pipeline-bamidele/samples_npz/2011/20110919_0112_HARP856_NOAA11295.npz,20110919_0112_HARP856_NOAA11295,2011-09-19 01:12:00,856,11295,0,2011
test_2015,train,gs://suryabench-sharp-pipeline-bamidele/samples_npz/2013/20130725_1712_HARP2981_NOAA11799.npz,20130725_1712_HARP2981_NOAA11799,2013-07-25 17:12:00,2981,11799,0,2013
test_2015,train,gs://suryabench-sharp-pipeline-bamidele/samples_npz/2010/20100616_2100_HARP58_NOAA11083.npz,20100616_2100_HARP58_NOAA11083,2010-06-16 21:00:00,58,11083,0,2010
test_2015,train,gs://suryabench-sharp-pipeline-bamidele/samples_npz/2011/20110826_1712_HARP812_NOAA11280.npz,20110826_1712_HARP812_NOAA11280,2011-08-26 17:12:00,812,11280,0,2011
test_2015,train,gs://suryabench-sharp-pipeline-bamidele/samples_npz/2013/20131203_1400_HARP3448_NOAA11916.npz,20131203_1400_HARP3448_NOAA11916,2013-12-03 14:00:00,3448,11916,0,2013
test_2015,train,gs://suryabench-sharp-pipeline-bamidele/samples_npz/2011/20110506_1548_HARP556_NOAA11203.npz,20110506_1548_HARP556_NOAA11203,2011-05-06 15:48:00,556,11203,0,2011
test_2015,train,gs://suryabench-sharp-pipeline-bamidele/samples_npz/2012/20120825_2200_HARP1962_NOAA11554.npz,20120825_2200_HARP1962_NOAA11554,2012-08-25 22:00:00,1962,11554,0,2012
test_2015,train,gs://suryabench-sharp-pipeline-bamidele/samples_npz/2012/20121231_1512_HARP2331_NOAA11638.npz,20121231_1512_HARP2331_NOAA11638,2012-12-31 15:12:00,2331,11638,0,2012
test_2015,train,gs://suryabench-sharp-pipeline-bamidele/samples_npz/2013/20130211_1524_HARP2450_NOAA11669.npz,20130211_1524_HARP2450_NOAA11669,2013-02-11 15:24:00,2450,11669,0,2013
test_2015,train,gs://suryabench-sharp-pipeline-bamidele/samples_npz/2013/20130417_0724_HARP2663_NOAA11723.npz,20130417_0724_HARP2663_NOAA11723,2013-04-17 07:24:00,2663,11723,0,2013
test_2015,train,gs://suryabench-sharp-pipeline-bamidele/samples_npz/2012/20120825_1636_HARP1951_NOAA11552.npz,20120825_1636_HARP1951_NOAA11552,2012-08-25 16:36:00,1951,11552,0,2012
test_2015,train,gs://suryabench-sharp-pipeline-bamidele/samples_npz/2013/20130111_0912_HARP2362_NOAA11652.npz,20130111_0912_HARP2362_NOAA11652,2013-01-11 09:12:00,2362,11652,1,2013
test_2015,train,gs://suryabench-sharp-pipeline-bamidele/samples_npz/2011/20110715_0200_HARP705_NOAA11248.npz,20110715_0200_HARP705_NOAA11248,2011-07-15 02:00:00,705,11248,0,2011
test_2015,train,gs://suryabench-sharp-pipeline-bamidele/samples_npz/2013/20131118_0024_HARP3376_NOAA11899.npz,20131118_0024_HARP3376_NOAA11899,2013-11-18 00:24:00,3376,11899,0,2013
test_2015,train,gs://suryabench-sharp-pipeline-bamidele/samples_npz/2012/20120422_2048_HARP1596_NOAA11465.npz,20120422_2048_HARP1596_NOAA11465,2012-04-22 20:48:00,1596,11465,0,2012
test_2015,train,gs://suryabench-sharp-pipeline-bamidele/samples_npz/2011/20110930_1812_HARP892_NOAA11302.npz,20110930_1812_HARP892_NOAA11302,2011-09-30 18:12:00,892,11302,1,2011
test_2015,train,gs://suryabench-sharp-pipeline-bamidele/samples_npz/2012/20121102_0212_HARP2166_NOAA11602.npz,20121102_0212_HARP2166_NOAA11602,2012-11-02 02:12:00,2166,11602,0,2012
test_2015,train,gs://suryabench-sharp-pipeline-bamidele/samples_npz/2010/20101212_0700_HARP284_NOAA11133.npz,20101212_0700_HARP284_NOAA11133,2010-12-12 07:00:00,284,11133,0,2010
test_2015,train,gs://suryabench-sharp-pipeline-bamidele/samples_npz/2011/20111104_1600_HARP1019_NOAA11336.npz,20111104_1600_HARP1019_NOAA11336,2011-11-04 16:00:00,1019,11336,0,2011
test_2015,train,gs://suryabench-sharp-pipeline-bamidele/samples_npz/2011/20111206_0600_HARP1149_NOAA11367.npz,20111206_0600_HARP1149_NOAA11367,2011-12-06 06:00:00,1149,11367,0,2011
test_2015,train,gs://suryabench-sharp-pipeline-bamidele/samples_npz/2011/20111215_0636_HARP1186_NOAA11378.npz,20111215_0636_HARP1186_NOAA11378,2011-12-15 06:36:00,1186,11378,0,2011
test_2015,train,gs://suryabench-sharp-pipeline-bamidele/samples_npz/2011/20110105_0836_HARP323_NOAA11140.npz,20110105_0836_HARP323_NOAA11140,2011-01-05 08:36:00,323,11140,0,2011
test_2015,train,gs://suryabench-sharp-pipeline-bamidele/samples_npz/2012/20120419_1912_HARP1578_NOAA11460.npz,20120419_1912_HARP1578_NOAA11460,2012-04-19 19:12:00,1578,11460,0,2012
test_2015,train,gs://suryabench-sharp-pipeline-bamidele/samples_npz/2011/20111120_0012_HARP1079_NOAA11350.npz,20111120_0012_HARP1079_NOAA11350,2011-11-20 00:12:00,1079,11350,0,2011
test_2015,train,gs://suryabench-sharp-pipeline-bamidele/samples_npz/2013/20131224_1312_HARP3520_NOAA11931.npz,20131224_1312_HARP3520_NOAA11931,2013-12-24 13:12:00,3520,11931,0,2013
test_2015,train,gs://suryabench-sharp-pipeline-bamidele/samples_npz/2011/20110702_1148_HARP685_NOAA11243.npz,20110702_1148_HARP685_NOAA11243,2011-07-02 11:48:00,685,11243,0,2011
test_2015,train,gs://suryabench-sharp-pipeline-bamidele/samples_npz/2011/20111009_0836_HARP932_NOAA11313.npz,20111009_0836_HARP932_NOAA11313,2011-10-09 08:36:00,932,11313,0,2011
test_2015,train,gs://suryabench-sharp-pipeline-bamidele/samples_npz/2011/20110619_1036_HARP677_NOAA11238.npz,20110619_1036_HARP677_NOAA11238,2011-06-19 10:36:00,677,11238,0,2011
test_2015,train,gs://suryabench-sharp-pipeline-bamidele/samples_npz/2013/20130129_0736_HARP2414_NOAA11662.npz,20130129_0736_HARP2414_NOAA11662,2013-01-29 07:36:00,2414,11662,0,2013
test_2015,train,gs://suryabench-sharp-pipeline-bamidele/samples_npz/2011/20110911_2012_HARP847_NOAA11289.npz,20110911_2012_HARP847_NOAA11289,2011-09-11 20:12:00,847,11289,0,2011
test_2015,train,gs://suryabench-sharp-pipeline-bamidele/samples_npz/2013/20130729_0336_HARP2999_NOAA11801.npz,20130729_0336_HARP2999_NOAA11801,2013-07-29 03:36:00,2999,11801,0,2013
test_2015,train,gs://suryabench-sharp-pipeline-bamidele/samples_npz/2012/20120214_0600_HARP1390_NOAA11418.npz,20120214_0600_HARP1390_NOAA11418,2012-02-14 06:00:00,1390,11418,0,2012
test_2015,train,gs://suryabench-sharp-pipeline-bamidele/samples_npz/2011/20110526_0648_HARP625_NOAA11223.npz,20110526_0648_HARP625_NOAA11223,2011-05-26 06:48:00,625,11223,0,2011
test_2015,train,gs://suryabench-sharp-pipeline-bamidele/samples_npz/2013/20130106_2248_HARP2344_NOAA11644.npz,20130106_2248_HARP2344_NOAA11644,2013-01-06 22:48:00,2344,11644,0,2013
test_2015,train,gs://suryabench-sharp-pipeline-bamidele/samples_npz/2012/20121001_2100_HARP2059_NOAA11579.npz,20121001_2100_HARP2059_NOAA11579,2012-10-01 21:00:00,2059,11579,0,2012
test_2015,train,gs://suryabench-sharp-pipeline-bamidele/samples_npz/2013/20131230_2200_HARP3535_NOAA11936.npz,20131230_2200_HARP3535_NOAA11936,2013-12-30 22:00:00,3535,11936,1,2013
test_2015,train,gs://suryabench-sharp-pipeline-bamidele/samples_npz/2012/20120511_0136_HARP1638_NOAA11476.npz,20120511_0136_HARP1638_NOAA11476,2012-05-11 01:36:00,1638,11476,0,2012
test_2015,train,gs://suryabench-sharp-pipeline-bamidele/samples_npz/2011/20110907_0224_HARP833_NOAA11283.npz,20110907_0224_HARP833_NOAA11283,2011-09-07 02:24:00,833,11283,1,2011
test_2015,train,gs://suryabench-sharp-pipeline-bamidele/samples_npz/2013/20130205_0236_HARP2433_NOAA11665.npz,20130205_0236_HARP2433_NOAA11665,2013-02-05 02:36:00,2433,11665,0,2013
test_2015,train,gs://suryabench-sharp-pipeline-bamidele/samples_npz/2012/20120520_0424_HARP1669_NOAA11485.npz,20120520_0424_HARP1669_NOAA11485,2012-05-20 04:24:00,1669,11485,0,2012
test_2015,train,gs://suryabench-sharp-pipeline-bamidele/samples_npz/2012/20121214_0012_HARP2291_NOAA11631.npz,20121214_0012_HARP2291_NOAA11631,2012-12-14 00:12:00,2291,11631,0,2012
test_2015,train,gs://suryabench-sharp-pipeline-bamidele/samples_npz/2013/20130805_1312_HARP3028_NOAA11809.npz,20130805_1312_HARP3028_NOAA11809,2013-08-05 13:12:00,3028,11809,0,2013
test_2015,train,gs://suryabench-sharp-pipeline-bamidele/samples_npz/2011/20110108_1848_HARP340_NOAA11144.npz,20110108_1848_HARP340_NOAA11144,2011-01-08 18:48:00,340,11144,0,2011
test_2015,train,gs://suryabench-sharp-pipeline-bamidele/samples_npz/2011/20110301_2224_HARP392_NOAA11163.npz,20110301_2224_HARP392_NOAA11163,2011-03-01 22:24:00,392,11163,0,2011
test_2015,train,gs://suryabench-sharp-pipeline-bamidele/samples_npz/2012/20120906_2336_HARP1999_NOAA11563.npz,20120906_2336_HARP1999_NOAA11563,2012-09-06 23:36:00,1999,11563,0,2012
test_2015,train,gs://suryabench-sharp-pipeline-bamidele/samples_npz/2012/20120218_1700_HARP1399_NOAA11420.npz,20120218_1700_HARP1399_NOAA11420,2012-02-18 17:00:00,1399,11420,0,2012
test_2015,train,gs://suryabench-sharp-pipeline-bamidele/samples_npz/2012/20120201_0224_HARP1350_NOAA11410.npz,20120201_0224_HARP1350_NOAA11410,2012-02-01 02:24:00,1350,11410,0,2012
test_2015,train,gs://suryabench-sharp-pipeline-bamidele/samples_npz/2011/20111017_2136_HARP940_NOAA11314.npz,20111017_2136_HARP940_NOAA11314,2011-10-17 21:36:00,940,11314,0,2011
test_2015,train,gs://suryabench-sharp-pipeline-bamidele/samples_npz/2012/20120415_1036_HARP1569_NOAA11457.npz,20120415_1036_HARP1569_NOAA11457,2012-04-15 10:36:00,1569,11457,0,2012
test_2015,train,gs://suryabench-sharp-pipeline-bamidele/samples_npz/2010/20101119_0900_HARP256_NOAA11126.npz,20101119_0900_HARP256_NOAA11126,2010-11-19 09:00:00,256,11126,0,2010
test_2015,train,gs://suryabench-sharp-pipeline-bamidele/samples_npz/2010/20100804_1912_HARP104_NOAA11092.npz,20100804_1912_HARP104_NOAA11092,2010-08-04 19:12:00,104,11092,0,2010
test_2015,train,gs://suryabench-sharp-pipeline-bamidele/samples_npz/2011/20111007_1448_HARP926_NOAA11311.npz,20111007_1448_HARP926_NOAA11311,2011-10-07 14:48:00,926,11311,0,2011
test_2015,train,gs://suryabench-sharp-pipeline-bamidele/samples_npz/2013/20130703_0924_HARP2910_NOAA11782.npz,20130703_0924_HARP2910_NOAA11782,2013-07-03 09:24:00,2910,11782,0,2013
test_2015,train,gs://suryabench-sharp-pipeline-bamidele/samples_npz/2011/20110602_1624_HARP632_NOAA11225.npz,20110602_1624_HARP632_NOAA11225,2011-06-02 16:24:00,632,11225,0,2011
test_2015,train,gs://suryabench-sharp-pipeline-bamidele/samples_npz/2013/20130108_1836_HARP2341_NOAA11642.npz,20130108_1836_HARP2341_NOAA11642,2013-01-08 18:36:00,2341,11642,0,2013
test_2015,train,gs://suryabench-sharp-pipeline-bamidele/samples_npz/2012/20120204_2036_HARP1381_NOAA11414.npz,20120204_2036_HARP1381_NOAA11414,2012-02-04 20:36:00,1381,11414,0,2012
test_2015,train,gs://suryabench-sharp-pipeline-bamidele/samples_npz/2012/20120730_1624_HARP1893_NOAA11534.npz,20120730_1624_HARP1893_NOAA11534,2012-07-30 16:24:00,1893,11534,0,2012
test_2015,train,gs://suryabench-sharp-pipeline-bamidele/samples_npz/2011/20110213_0124_HARP371_NOAA11159.npz,20110213_0124_HARP371_NOAA11159,2011-02-13 01:24:00,371,11159,0,2011
test_2015,train,gs://suryabench-sharp-pipeline-bamidele/samples_npz/2011/20110605_1912_HARP637_NOAA11226.npz,20110605_1912_HARP637_NOAA11226,2011-06-05 19:12:00,637,11226,1,2011
test_2015,train,gs://suryabench-sharp-pipeline-bamidele/samples_npz/2010/20101210_1000_HARP284_NOAA11133.npz,20101210_1000_HARP284_NOAA11133,2010-12-10 10:00:00,284,11133,0,2010
test_2015,train,gs://suryabench-sharp-pipeline-bamidele/samples_npz/2012/20121231_0724_HARP2322_NOAA11636.npz,20121231_0724_HARP2322_NOAA11636,2012-12-31 07:24:00,2322,11636,0,2012
test_2015,train,gs://suryabench-sharp-pipeline-bamidele/samples_npz/2013/20131206_0312_HARP3448_NOAA11916.npz,20131206_0312_HARP3448_NOAA11916,2013-12-06 03:12:00,3448,11916,0,2013
test_2015,train,gs://suryabench-sharp-pipeline-bamidele/samples_npz/2011/20110507_1900_HARP556_NOAA11203.npz,20110507_1900_HARP556_NOAA11203,2011-05-07 19:00:00,556,11203,0,2011
test_2015,train,gs://suryabench-sharp-pipeline-bamidele/samples_npz/2010/20100724_0424_HARP92_NOAA11089.npz,20100724_0424_HARP92_NOAA11089,2010-07-24 04:24:00,92,11089,0,2010
test_2015,train,gs://suryabench-sharp-pipeline-bamidele/samples_npz/2012/20120528_2312_HARP1701_NOAA11490.npz,20120528_2312_HARP1701_NOAA11490,2012-05-28 23:12:00,1701,11490,0,2012
test_2015,train,gs://suryabench-sharp-pipeline-bamidele/samples_npz/2013/20131103_0400_HARP3321_NOAA11884.npz,20131103_0400_HARP3321_NOAA11884,2013-11-03 04:00:00,3321,11884,1,2013
test_2015,train,gs://suryabench-sharp-pipeline-bamidele/samples_npz/2012/20121020_2100_HARP2121_NOAA11591.npz,20121020_2100_HARP2121_NOAA11591,2012-10-20 21:00:00,2121,11591,0,2012
test_2015,train,gs://suryabench-sharp-pipeline-bamidele/samples_npz/2013/20131006_0848_HARP3247_NOAA11857.npz,20131006_0848_HARP3247_NOAA11857,2013-10-06 08:48:00,3247,11857,0,2013
test_2015,train,gs://suryabench-sharp-pipeline-bamidele/samples_npz/2012/20121206_1924_HARP2260_NOAA11627.npz,20121206_1924_HARP2260_NOAA11627,2012-12-06 19:24:00,2260,11627,0,2012
test_2015,train,gs://suryabench-sharp-pipeline-bamidele/samples_npz/2012/20120518_0812_HARP1658_NOAA11483.npz,20120518_0812_HARP1658_NOAA11483,2012-05-18 08:12:00,1658,11483,0,2012
test_2015,train,gs://suryabench-sharp-pipeline-bamidele/samples_npz/2011/20110513_1424_HARP587_NOAA11208.npz,20110513_1424_HARP587_NOAA11208,2011-05-13 14:24:00,587,11208,0,2011
test_2015,train,gs://suryabench-sharp-pipeline-bamidele/samples_npz/2013/20130408_2312_HARP2619_NOAA11714.npz,20130408_2312_HARP2619_NOAA11714,2013-04-08 23:12:00,2619,11714,0,2013
test_2015,train,gs://suryabench-sharp-pipeline-bamidele/samples_npz/2011/20111008_0824_HARP926_NOAA11311.npz,20111008_0824_HARP926_NOAA11311,2011-10-08 08:24:00,926,11311,0,2011
test_2015,train,gs://suryabench-sharp-pipeline-bamidele/samples_npz/2013/20130208_1036_HARP2450_NOAA11669.npz,20130208_1036_HARP2450_NOAA11669,2013-02-08 10:36:00,2450,11669,0,2013
test_2015,train,gs://suryabench-sharp-pipeline-bamidele/samples_npz/2013/20130716_1100_HARP2954_NOAA11792.npz,20130716_1100_HARP2954_NOAA11792,2013-07-16 11:00:00,2954,11792,0,2013
test_2015,train,gs://suryabench-sharp-pipeline-bamidele/samples_npz/2013/20130112_0548_HARP2371_NOAA11657.npz,20130112_0548_HARP2371_NOAA11657,2013-01-12 05:48:00,2371,11657,0,2013
test_2015,train,gs://suryabench-sharp-pipeline-bamidele/samples_npz/2013/20130801_2100_HARP3012_NOAA11806.npz,20130801_2100_HARP3012_NOAA11806,2013-08-01 21:00:00,3012,11806,0,2013
test_2015,train,gs://suryabench-sharp-pipeline-bamidele/samples_npz/2013/20130221_1936_HARP2493_NOAA11677.npz,20130221_1936_HARP2493_NOAA11677,2013-02-21 19:36:00,2493,11677,0,2013
test_2015,train,gs://suryabench-sharp-pipeline-bamidele/samples_npz/2013/20130210_1336_HARP2460_NOAA11670.npz,20130210_1336_HARP2460_NOAA11670,2013-02-10 13:36:00,2460,11670,0,2013
test_2015,train,gs://suryabench-sharp-pipeline-bamidele/samples_npz/2011/20110401_2136_HARP443_NOAA11181.npz,20110401_2136_HARP443_NOAA11181,2011-04-01 21:36:00,443,11181,0,2011
test_2015,train,gs://suryabench-sharp-pipeline-bamidele/samples_npz/2011/20111102_0536_HARP1021_NOAA11334.npz,20111102_0536_HARP1021_NOAA11334,2011-11-02 05:36:00,1021,11334,0,2011
test_2015,train,gs://suryabench-sharp-pipeline-bamidele/samples_npz/2011/20110415_0136_HARP495_NOAA11190.npz,20110415_0136_HARP495_NOAA11190,2011-04-15 01:36:00,495,11190,1,2011
test_2015,train,gs://suryabench-sharp-pipeline-bamidele/samples_npz/2011/20110104_1712_HARP321_NOAA11139.npz,20110104_1712_HARP321_NOAA11139,2011-01-04 17:12:00,321,11139,0,2011
test_2015,train,gs://suryabench-sharp-pipeline-bamidele/samples_npz/2012/20120514_2324_HARP1644_NOAA11477.npz,20120514_2324_HARP1644_NOAA11477,2012-05-14 23:24:00,1644,11477,0,2012
test_2015,train,gs://suryabench-sharp-pipeline-bamidele/samples_npz/2012/20120701_1400_HARP1806_NOAA11513.npz,20120701_1400_HARP1806_NOAA11513,2012-07-01 14:00:00,1806,11513,1,2012
test_2015,train,gs://suryabench-sharp-pipeline-bamidele/samples_npz/2012/20120501_0436_HARP1611_NOAA11469.npz,20120501_0436_HARP1611_NOAA11469,2012-05-01 04:36:00,1611,11469,0,2012
test_2015,train,gs://suryabench-sharp-pipeline-bamidele/samples_npz/2011/20111014_0548_HARP956_NOAA11318.npz,20111014_0548_HARP956_NOAA11318,2011-10-14 05:48:00,956,11318,0,2011
test_2015,train,gs://suryabench-sharp-pipeline-bamidele/samples_npz/2013/20130107_0648_HARP2344_NOAA11644.npz,20130107_0648_HARP2344_NOAA11644,2013-01-07 06:48:00,2344,11644,0,2013
test_2015,train,gs://suryabench-sharp-pipeline-bamidele/samples_npz/2012/20121102_1812_HARP2166_NOAA11602.npz,20121102_1812_HARP2166_NOAA11602,2012-11-02 18:12:00,2166,11602,0,2012
test_2015,train,gs://suryabench-sharp-pipeline-bamidele/samples_npz/2013/20131116_0436_HARP3366_NOAA11895.npz,20131116_0436_HARP3366_NOAA11895,2013-11-16 04:36:00,3366,11895,0,2013
test_2015,train,gs://suryabench-sharp-pipeline-bamidele/samples_npz/2012/20120811_1612_HARP1939_NOAA11545.npz,20120811_1612_HARP1939_NOAA11545,2012-08-11 16:12:00,1939,11545,0,2012
test_2015,train,gs://suryabench-sharp-pipeline-bamidele/samples_npz/2013/20130824_0748_HARP3098_NOAA11827.npz,20130824_0748_HARP3098_NOAA11827,2013-08-24 07:48:00,3098,11827,0,2013
test_2015,train,gs://suryabench-sharp-pipeline-bamidele/samples_npz/2013/20131011_1700_HARP3267_NOAA11867.npz,20131011_1700_HARP3267_NOAA11867,2013-10-11 17:00:00,3267,11867,0,2013
test_2015,train,gs://suryabench-sharp-pipeline-bamidele/samples_npz/2013/20131005_1024_HARP3240_NOAA11854.npz,20131005_1024_HARP3240_NOAA11854,2013-10-05 10:24:00,3240,11854,0,2013
test_2015,train,gs://suryabench-sharp-pipeline-bamidele/samples_npz/2013/20130815_1624_HARP3048_NOAA11814.npz,20130815_1624_HARP3048_NOAA11814,2013-08-15 16:24:00,3048,11814,0,2013
test_2015,train,gs://suryabench-sharp-pipeline-bamidele/samples_npz/2012/20121024_0424_HARP2144_NOAA11600.npz,20121024_0424_HARP2144_NOAA11600,2012-10-24 04:24:00,2144,11600,0,2012
test_2015,train,gs://suryabench-sharp-pipeline-bamidele/samples_npz/2012/20120730_1136_HARP1879_NOAA11529.npz,20120730_1136_HARP1879_NOAA11529,2012-07-30 11:36:00,1879,11529,0,2012
test_2015,train,gs://suryabench-sharp-pipeline-bamidele/samples_npz/2013/20131022_1212_HARP3286_NOAA11872.npz,20131022_1212_HARP3286_NOAA11872,2013-10-22 12:12:00,3286,11872,0,2013
test_2015,train,gs://suryabench-sharp-pipeline-bamidele/samples_npz/2013/20130112_0924_HARP2366_NOAA11653.npz,20130112_0924_HARP2366_NOAA11653,2013-01-12 09:24:00,2366,11653,0,2013
test_2015,train,gs://suryabench-sharp-pipeline-bamidele/samples_npz/2012/20120729_1448_HARP1879_NOAA11529.npz,20120729_1448_HARP1879_NOAA11529,2012-07-29 14:48:00,1879,11529,0,2012
test_2015,train,gs://suryabench-sharp-pipeline-bamidele/samples_npz/2011/20110121_1224_HARP345_NOAA11147.npz,20110121_1224_HARP345_NOAA11147,2011-01-21 12:24:00,345,11147,0,2011
test_2015,train,gs://suryabench-sharp-pipeline-bamidele/samples_npz/2011/20111118_0048_HARP1075_NOAA11347.npz,20111118_0048_HARP1075_NOAA11347,2011-11-18 00:48:00,1075,11347,0,2011
test_2015,train,gs://suryabench-sharp-pipeline-bamidele/samples_npz/2013/20130112_0236_HARP2358_NOAA11649.npz,20130112_0236_HARP2358_NOAA11649,2013-01-12 02:36:00,2358,11649,0,2013
test_2015,train,gs://suryabench-sharp-pipeline-bamidele/samples_npz/2011/20111215_1624_HARP1171_NOAA11375.npz,20111215_1624_HARP1171_NOAA11375,2011-12-15 16:24:00,1171,11375,0,2011
test_2015,train,gs://suryabench-sharp-pipeline-bamidele/samples_npz/2012/20120929_0436_HARP2059_NOAA11579.npz,20120929_0436_HARP2059_NOAA11579,2012-09-29 04:36:00,2059,11579,0,2012
test_2015,train,gs://suryabench-sharp-pipeline-bamidele/samples_npz/2013/20131117_0436_HARP3366_NOAA11895.npz,20131117_0436_HARP3366_NOAA11895,2013-11-17 04:36:00,3366,11895,0,2013
test_2015,train,gs://suryabench-sharp-pipeline-bamidele/samples_npz/2011/20111006_1112_HARP924_NOAA11310.npz,20111006_1112_HARP924_NOAA11310,2011-10-06 11:12:00,924,11310,0,2011
test_2015,train,gs://suryabench-sharp-pipeline-bamidele/samples_npz/2013/20131201_1324_HARP3443_NOAA11914.npz,20131201_1324_HARP3443_NOAA11914,2013-12-01 13:24:00,3443,11914,0,2013
test_2015,train,gs://suryabench-sharp-pipeline-bamidele/samples_npz/2011/20111114_0736_HARP1064_NOAA11349.npz,20111114_0736_HARP1064_NOAA11349,2011-11-14 07:36:00,1064,11349,0,2011
test_2015,train,gs://suryabench-sharp-pipeline-bamidele/samples_npz/2013/20130102_0548_HARP2337_NOAA11640.npz,20130102_0548_HARP2337_NOAA11640,2013-01-02 05:48:00,2337,11640,0,2013
test_2015,train,gs://suryabench-sharp-pipeline-bamidele/samples_npz/2013/20131114_0500_HARP3367_NOAA11898.npz,20131114_0500_HARP3367_NOAA11898,2013-11-14 05:00:00,3367,11898,0,2013
test_2015,train,gs://suryabench-sharp-pipeline-bamidele/samples_npz/2013/20130516_1736_HARP2750_NOAA11750.npz,20130516_1736_HARP2750_NOAA11750,2013-05-16 17:36:00,2750,11750,0,2013
test_2015,train,gs://suryabench-sharp-pipeline-bamidele/samples_npz/2013/20130314_1912_HARP2546_NOAA11692.npz,20130314_1912_HARP2546_NOAA11692,2013-03-14 19:12:00,2546,11692,1,2013
test_2015,train,gs://suryabench-sharp-pipeline-bamidele/samples_npz/2012/20121205_2236_HARP2260_NOAA11627.npz,20121205_2236_HARP2260_NOAA11627,2012-12-05 22:36:00,2260,11627,0,2012
test_2015,train,gs://suryabench-sharp-pipeline-bamidele/samples_npz/2012/20120826_1148_HARP1951_NOAA11552.npz,20120826_1148_HARP1951_NOAA11552,2012-08-26 11:48:00,1951,11552,0,2012
test_2015,train,gs://suryabench-sharp-pipeline-bamidele/samples_npz/2013/20130926_2300_HARP3217_NOAA11851.npz,20130926_2300_HARP3217_NOAA11851,2013-09-26 23:00:00,3217,11851,0,2013
test_2015,train,gs://suryabench-sharp-pipeline-bamidele/samples_npz/2013/20131203_2100_HARP3446_NOAA11911.npz,20131203_2100_HARP3446_NOAA11911,2013-12-03 21:00:00,3446,11911,0,2013
test_2015,train,gs://suryabench-sharp-pipeline-bamidele/samples_npz/2012/20120426_0136_HARP1603_NOAA11466.npz,20120426_0136_HARP1603_NOAA11466,2012-04-26 01:36:00,1603,11466,1,2012
test_2015,train,gs://suryabench-sharp-pipeline-bamidele/samples_npz/2012/20120509_1412_HARP1632_NOAA11474.npz,20120509_1412_HARP1632_NOAA11474,2012-05-09 14:12:00,1632,11474,0,2012
test_2015,train,gs://suryabench-sharp-pipeline-bamidele/samples_npz/2011/20110105_1948_HARP323_NOAA11140.npz,20110105_1948_HARP323_NOAA11140,2011-01-05 19:48:00,323,11140,0,2011
test_2015,train,gs://suryabench-sharp-pipeline-bamidele/samples_npz/2013/20130822_1624_HARP3116_NOAA11833.npz,20130822_1624_HARP3116_NOAA11833,2013-08-22 16:24:00,3116,11833,0,2013
test_2015,train,gs://suryabench-sharp-pipeline-bamidele/samples_npz/2013/20130329_0024_HARP2585_NOAA11705.npz,20130329_0024_HARP2585_NOAA11705,2013-03-29 00:24:00,2585,11705,0,2013
test_2015,train,gs://suryabench-sharp-pipeline-bamidele/samples_npz/2010/20100618_1612_HARP58_NOAA11083.npz,20100618_1612_HARP58_NOAA11083,2010-06-18 16:12:00,58,11083,0,2010
test_2015,train,gs://suryabench-sharp-pipeline-bamidele/samples_npz/2010/20101210_0236_HARP279_NOAA11131.npz,20101210_0236_HARP279_NOAA11131,2010-12-10 02:36:00,279,11131,0,2010
test_2015,train,gs://suryabench-sharp-pipeline-bamidele/samples_npz/2013/20130303_1112_HARP2519_NOAA11686.npz,20130303_1112_HARP2519_NOAA11686,2013-03-03 11:12:00,2519,11686,1,2013
test_2015,train,gs://suryabench-sharp-pipeline-bamidele/samples_npz/2013/20130901_0624_HARP3119_NOAA11834.npz,20130901_0624_HARP3119_NOAA11834,2013-09-01 06:24:00,3119,11834,0,2013
test_2015,train,gs://suryabench-sharp-pipeline-bamidele/samples_npz/2012/20120418_2048_HARP1573_NOAA11462.npz,20120418_2048_HARP1573_NOAA11462,2012-04-18 20:48:00,1573,11462,0,2012
test_2015,train,gs://suryabench-sharp-pipeline-bamidele/samples_npz/2013/20130818_1236_HARP3097_NOAA11824.npz,20130818_1236_HARP3097_NOAA11824,2013-08-18 12:36:00,3097,11824,0,2013
test_2015,train,gs://suryabench-sharp-pipeline-bamidele/samples_npz/2013/20131023_2200_HARP3295_NOAA11877.npz,20131023_2200_HARP3295_NOAA11877,2013-10-23 22:00:00,3295,11877,1,2013
test_2015,train,gs://suryabench-sharp-pipeline-bamidele/samples_npz/2013/20130404_0924_HARP2610_NOAA11712.npz,20130404_0924_HARP2610_NOAA11712,2013-04-04 09:24:00,2610,11712,0,2013
test_2015,train,gs://suryabench-sharp-pipeline-bamidele/samples_npz/2010/20100808_2124_HARP116_NOAA11096.npz,20100808_2124_HARP116_NOAA11096,2010-08-08 21:24:00,116,11096,0,2010
test_2015,train,gs://suryabench-sharp-pipeline-bamidele/samples_npz/2013/20130111_0612_HARP2366_NOAA11653.npz,20130111_0612_HARP2366_NOAA11653,2013-01-11 06:12:00,2366,11653,0,2013
test_2015,train,gs://suryabench-sharp-pipeline-bamidele/samples_npz/2011/20110412_1000_HARP494_NOAA11187.npz,20110412_1000_HARP494_NOAA11187,2011-04-12 10:00:00,494,11187,0,2011
test_2015,train,gs://suryabench-sharp-pipeline-bamidele/samples_npz/2012/20120301_2200_HARP1422_NOAA11423.npz,20120301_2200_HARP1422_NOAA11423,2012-03-01 22:00:00,1422,11423,0,2012
test_2015,train,gs://suryabench-sharp-pipeline-bamidele/samples_npz/2013/20130914_2212_HARP3176_NOAA11841.npz,20130914_2212_HARP3176_NOAA11841,2013-09-14 22:12:00,3176,11841,0,2013
test_2015,train,gs://suryabench-sharp-pipeline-bamidele/samples_npz/2011/20110806_2300_HARP764_NOAA11267.npz,20110806_2300_HARP764_NOAA11267,2011-08-06 23:00:00,764,11267,0,2011
test_2015,train,gs://suryabench-sharp-pipeline-bamidele/samples_npz/2012/20120607_0036_HARP1735_NOAA11502.npz,20120607_0036_HARP1735_NOAA11502,2012-06-07 00:36:00,1735,11502,0,2012
test_2015,train,gs://suryabench-sharp-pipeline-bamidele/samples_npz/2010/20100901_1800_HARP147_NOAA11104.npz,20100901_1800_HARP147_NOAA11104,2010-09-01 18:00:00,147,11104,0,2010
test_2015,train,gs://suryabench-sharp-pipeline-bamidele/samples_npz/2012/20120706_1912_HARP1844_NOAA11522.npz,20120706_1912_HARP1844_NOAA11522,2012-07-06 19:12:00,1844,11522,0,2012
test_2015,train,gs://suryabench-sharp-pipeline-bamidele/samples_npz/2013/20130718_0312_HARP2966_NOAA11797.npz,20130718_0312_HARP2966_NOAA11797,2013-07-18 03:12:00,2966,11797,0,2013
test_2015,train,gs://suryabench-sharp-pipeline-bamidele/samples_npz/2012/20120229_0900_HARP1426_NOAA11426.npz,20120229_0900_HARP1426_NOAA11426,2012-02-29 09:00:00,1426,11426,0,2012
test_2015,train,gs://suryabench-sharp-pipeline-bamidele/samples_npz/2012/20120123_2324_HARP1340_NOAA11409.npz,20120123_2324_HARP1340_NOAA11409,2012-01-23 23:24:00,1340,11409,0,2012
test_2015,train,gs://suryabench-sharp-pipeline-bamidele/samples_npz/2013/20130917_0924_HARP3195_NOAA11843.npz,20130917_0924_HARP3195_NOAA11843,2013-09-17 09:24:00,3195,11843,0,2013
test_2015,train,gs://suryabench-sharp-pipeline-bamidele/samples_npz/2013/20130921_0048_HARP3205_NOAA11849.npz,20130921_0048_HARP3205_NOAA11849,2013-09-21 00:48:00,3205,11849,0,2013
test_2015,train,gs://suryabench-sharp-pipeline-bamidele/samples_npz/2011/20110926_1200_HARP900_NOAA11304.npz,20110926_1200_HARP900_NOAA11304,2011-09-26 12:00:00,900,11304,0,2011
test_2015,train,gs://suryabench-sharp-pipeline-bamidele/samples_npz/2012/20120627_2112_HARP1795_NOAA11512.npz,20120627_2112_HARP1795_NOAA11512,2012-06-27 21:12:00,1795,11512,0,2012
test_2015,train,gs://suryabench-sharp-pipeline-bamidele/samples_npz/2010/20101024_0112_HARP224_NOAA11119.npz,20101024_0112_HARP224_NOAA11119,2010-10-24 01:12:00,224,11119,0,2010
test_2015,train,gs://suryabench-sharp-pipeline-bamidele/samples_npz/2011/20110211_2336_HARP377_NOAA11158.npz,20110211_2336_HARP377_NOAA11158,2011-02-11 23:36:00,377,11158,1,2011
test_2015,train,gs://suryabench-sharp-pipeline-bamidele/samples_npz/2012/20120414_0448_HARP1549_NOAA11455.npz,20120414_0448_HARP1549_NOAA11455,2012-04-14 04:48:00,1549,11455,0,2012
test_2015,train,gs://suryabench-sharp-pipeline-bamidele/samples_npz/2013/20131109_0224_HARP3341_NOAA11890.npz,20131109_0224_HARP3341_NOAA11890,2013-11-09 02:24:00,3341,11890,1,2013
test_2015,train,gs://suryabench-sharp-pipeline-bamidele/samples_npz/2013/20130308_1224_HARP2520_NOAA11687.npz,20130308_1224_HARP2520_NOAA11687,2013-03-08 12:24:00,2520,11687,0,2013
test_2015,train,gs://suryabench-sharp-pipeline-bamidele/samples_npz/2010/20101027_2124_HARP226_NOAA11117.npz,20101027_2124_HARP226_NOAA11117,2010-10-27 21:24:00,226,11117,0,2010
test_2015,train,gs://suryabench-sharp-pipeline-bamidele/samples_npz/2011/20110809_0700_HARP759_NOAA11266.npz,20110809_0700_HARP759_NOAA11266,2011-08-09 07:00:00,759,11266,0,2011
test_2015,train,gs://suryabench-sharp-pipeline-bamidele/samples_npz/2013/20130105_1036_HARP2342_NOAA11643.npz,20130105_1036_HARP2342_NOAA11643,2013-01-05 10:36:00,2342,11643,0,2013
test_2015,train,gs://suryabench-sharp-pipeline-bamidele/samples_npz/2011/20110613_0124_HARP661_NOAA11234.npz,20110613_0124_HARP661_NOAA11234,2011-06-13 01:24:00,661,11234,0,2011
test_2015,train,gs://suryabench-sharp-pipeline-bamidele/samples_npz/2012/20120909_1812_HARP2021_NOAA11567.npz,20120909_1812_HARP2021_NOAA11567,2012-09-09 18:12:00,2021,11567,0,2012
test_2015,train,gs://suryabench-sharp-pipeline-bamidele/samples_npz/2013/20130103_0612_HARP2338_NOAA11641.npz,20130103_0612_HARP2338_NOAA11641,2013-01-03 06:12:00,2338,11641,0,2013
test_2015,train,gs://suryabench-sharp-pipeline-bamidele/samples_npz/2013/20130525_1948_HARP2760_NOAA11753.npz,20130525_1948_HARP2760_NOAA11753,2013-05-25 19:48:00,2760,11753,0,2013
test_2015,train,gs://suryabench-sharp-pipeline-bamidele/samples_npz/2013/20130928_1148_HARP3217_NOAA11851.npz,20130928_1148_HARP3217_NOAA11851,2013-09-28 11:48:00,3217,11851,0,2013
test_2015,train,gs://suryabench-sharp-pipeline-bamidele/samples_npz/2011/20110213_1224_HARP367_NOAA11156.npz,20110213_1224_HARP367_NOAA11156,2011-02-13 12:24:00,367,11156,0,2011
test_2015,train,gs://suryabench-sharp-pipeline-bamidele/samples_npz/2012/20121120_1948_HARP2203_NOAA11616.npz,20121120_1948_HARP2203_NOAA11616,2012-11-20 19:48:00,2203,11616,0,2012
test_2015,train,gs://suryabench-sharp-pipeline-bamidele/samples_npz/2013/20130702_2148_HARP2922_NOAA11784.npz,20130702_2148_HARP2922_NOAA11784,2013-07-02 21:48:00,2922,11784,0,2013
test_2015,train,gs://suryabench-sharp-pipeline-bamidele/samples_npz/2011/20110831_0036_HARP814_NOAA11277.npz,20110831_0036_HARP814_NOAA11277,2011-08-31 00:36:00,814,11277,0,2011
test_2015,train,gs://suryabench-sharp-pipeline-bamidele/samples_npz/2011/20110623_1600_HARP674_NOAA11237.npz,20110623_1600_HARP674_NOAA11237,2011-06-23 16:00:00,674,11237,0,2011
test_2015,train,gs://suryabench-sharp-pipeline-bamidele/samples_npz/2012/20120502_1848_HARP1621_NOAA11470.npz,20120502_1848_HARP1621_NOAA11470,2012-05-02 18:48:00,1621,11470,0,2012
test_2015,train,gs://suryabench-sharp-pipeline-bamidele/samples_npz/2012/20120808_2048_HARP1907_NOAA11538.npz,20120808_2048_HARP1907_NOAA11538,2012-08-08 20:48:00,1907,11538,0,2012
test_2015,train,gs://suryabench-sharp-pipeline-bamidele/samples_npz/2011/20110929_2236_HARP902_NOAA11305.npz,20110929_2236_HARP902_NOAA11305,2011-09-29 22:36:00,902,11305,1,2011
test_2015,train,gs://suryabench-sharp-pipeline-bamidele/samples_npz/2011/20110712_2036_HARP712_NOAA11250.npz,20110712_2036_HARP712_NOAA11250,2011-07-12 20:36:00,712,11250,0,2011
test_2015,train,gs://suryabench-sharp-pipeline-bamidele/samples_npz/2013/20131215_1424_HARP3481_NOAA11923.npz,20131215_1424_HARP3481_NOAA11923,2013-12-15 14:24:00,3481,11923,0,2013
test_2015,train,gs://suryabench-sharp-pipeline-bamidele/samples_npz/2013/20131010_1524_HARP3260_NOAA11860.npz,20131010_1524_HARP3260_NOAA11860,2013-10-10 15:24:00,3260,11860,0,2013
test_2015,train,gs://suryabench-sharp-pipeline-bamidele/samples_npz/2013/20130730_2000_HARP3019_NOAA11807.npz,20130730_2000_HARP3019_NOAA11807,2013-07-30 20:00:00,3019,11807,0,2013
test_2015,train,gs://suryabench-sharp-pipeline-bamidele/samples_npz/2012/20121110_1400_HARP2181_NOAA11609.npz,20121110_1400_HARP2181_NOAA11609,2012-11-10 14:00:00,2181,11609,0,2012
test_2015,train,gs://suryabench-sharp-pipeline-bamidele/samples_npz/2011/20110521_1912_HARP605_NOAA11216.npz,20110521_1912_HARP605_NOAA11216,2011-05-21 19:12:00,605,11216,0,2011
test_2015,train,gs://suryabench-sharp-pipeline-bamidele/samples_npz/2013/20130104_1748_HARP2338_NOAA11641.npz,20130104_1748_HARP2338_NOAA11641,2013-01-04 17:48:00,2338,11641,0,2013
test_2015,train,gs://suryabench-sharp-pipeline-bamidele/samples_npz/2013/20131203_1912_HARP3461_NOAA11915.npz,20131203_1912_HARP3461_NOAA11915,2013-12-03 19:12:00,3461,11915,0,2013
test_2015,train,gs://suryabench-sharp-pipeline-bamidele/samples_npz/2011/20110925_2000_HARP900_NOAA11304.npz,20110925_2000_HARP900_NOAA11304,2011-09-25 20:00:00,900,11304,0,2011
test_2015,train,gs://suryabench-sharp-pipeline-bamidele/samples_npz/2013/20131021_0412_HARP3273_NOAA11868.npz,20131021_0412_HARP3273_NOAA11868,2013-10-21 04:12:00,3273,11868,0,2013
test_2015,train,gs://suryabench-sharp-pipeline-bamidele/samples_npz/2012/20121118_1536_HARP2193_NOAA11614.npz,20121118_1536_HARP2193_NOAA11614,2012-11-18 15:36:00,2193,11614,0,2012
test_2015,train,gs://suryabench-sharp-pipeline-bamidele/samples_npz/2011/20110801_1124_HARP746_NOAA11260.npz,20110801_1124_HARP746_NOAA11260,2011-08-01 11:24:00,746,11260,0,2011
test_2015,train,gs://suryabench-sharp-pipeline-bamidele/samples_npz/2013/20130101_1824_HARP2331_NOAA11638.npz,20130101_1824_HARP2331_NOAA11638,2013-01-01 18:24:00,2331,11638,0,2013
test_2015,train,gs://suryabench-sharp-pipeline-bamidele/samples_npz/2013/20130901_0312_HARP3122_NOAA11835.npz,20130901_0312_HARP3122_NOAA11835,2013-09-01 03:12:00,3122,11835,0,2013
test_2015,train,gs://suryabench-sharp-pipeline-bamidele/samples_npz/2013/20131023_2336_HARP3295_NOAA11877.npz,20131023_2336_HARP3295_NOAA11877,2013-10-23 23:36:00,3295,11877,1,2013
test_2015,train,gs://suryabench-sharp-pipeline-bamidele/samples_npz/2013/20130419_2200_HARP2673_NOAA11726.npz,20130419_2200_HARP2673_NOAA11726,2013-04-19 22:00:00,2673,11726,0,2013
test_2015,train,gs://suryabench-sharp-pipeline-bamidele/samples_npz/2012/20120326_0024_HARP1497_NOAA11446.npz,20120326_0024_HARP1497_NOAA11446,2012-03-26 00:24:00,1497,11446,0,2012
test_2015,train,gs://suryabench-sharp-pipeline-bamidele/samples_npz/2011/20111102_1648_HARP1021_NOAA11334.npz,20111102_1648_HARP1021_NOAA11334,2011-11-02 16:48:00,1021,11334,0,2011
test_2015,train,gs://suryabench-sharp-pipeline-bamidele/samples_npz/2012/20120519_2236_HARP1658_NOAA11483.npz,20120519_2236_HARP1658_NOAA11483,2012-05-19 22:36:00,1658,11483,0,2012
test_2015,train,gs://suryabench-sharp-pipeline-bamidele/samples_npz/2013/20131021_2012_HARP3288_NOAA11873.npz,20131021_2012_HARP3288_NOAA11873,2013-10-21 20:12:00,3288,11873,0,2013
test_2015,train,gs://suryabench-sharp-pipeline-bamidele/samples_npz/2013/20131016_2324_HARP3273_NOAA11868.npz,20131016_2324_HARP3273_NOAA11868,2013-10-16 23:24:00,3273,11868,0,2013
test_2015,train,gs://suryabench-sharp-pipeline-bamidele/samples_npz/2013/20130501_1324_HARP2693_NOAA11731.npz,20130501_1324_HARP2693_NOAA11731,2013-05-01 13:24:00,2693,11731,1,2013
test_2015,train,gs://suryabench-sharp-pipeline-bamidele/samples_npz/2012/20120105_0948_HARP1275_NOAA11393.npz,20120105_0948_HARP1275_NOAA11393,2012-01-05 09:48:00,1275,11393,0,2012
test_2015,train,gs://suryabench-sharp-pipeline-bamidele/samples_npz/2011/20110509_2000_HARP576_NOAA11207.npz,20110509_2000_HARP576_NOAA11207,2011-05-09 20:00:00,576,11207,0,2011
test_2015,train,gs://suryabench-sharp-pipeline-bamidele/samples_npz/2011/20110930_2236_HARP902_NOAA11305.npz,20110930_2236_HARP902_NOAA11305,2011-09-30 22:36:00,902,11305,1,2011
test_2015,train,gs://suryabench-sharp-pipeline-bamidele/samples_npz/2013/20131114_0812_HARP3367_NOAA11898.npz,20131114_0812_HARP3367_NOAA11898,2013-11-14 08:12:00,3367,11898,0,2013
test_2015,train,gs://suryabench-sharp-pipeline-bamidele/samples_npz/2012/20120621_0248_HARP1783_NOAA11510.npz,20120621_0248_HARP1783_NOAA11510,2012-06-21 02:48:00,1783,11510,0,2012
test_2015,train,gs://suryabench-sharp-pipeline-bamidele/samples_npz/2013/20131228_1100_HARP3532_NOAA11935.npz,20131228_1100_HARP3532_NOAA11935,2013-12-28 11:00:00,3532,11935,0,2013
test_2015,train,gs://suryabench-sharp-pipeline-bamidele/samples_npz/2011/20110511_1836_HARP580_NOAA11210.npz,20110511_1836_HARP580_NOAA11210,2011-05-11 18:36:00,580,11210,0,2011
test_2015,train,gs://suryabench-sharp-pipeline-bamidele/samples_npz/2010/20100818_1800_HARP128_NOAA11097.npz,20100818_1800_HARP128_NOAA11097,2010-08-18 18:00:00,128,11097,0,2010
test_2015,train,gs://suryabench-sharp-pipeline-bamidele/samples_npz/2012/20120509_2036_HARP1632_NOAA11474.npz,20120509_2036_HARP1632_NOAA11474,2012-05-09 20:36:00,1632,11474,0,2012
test_2015,train,gs://suryabench-sharp-pipeline-bamidele/samples_npz/2011/20110711_0400_HARP700_NOAA11245.npz,20110711_0400_HARP700_NOAA11245,2011-07-11 04:00:00,700,11245,0,2011
test_2015,train,gs://suryabench-sharp-pipeline-bamidele/samples_npz/2011/20110601_1448_HARP643_NOAA11229.npz,20110601_1448_HARP643_NOAA11229,2011-06-01 14:48:00,643,11229,0,2011
test_2015,train,gs://suryabench-sharp-pipeline-bamidele/samples_npz/2013/20131023_0548_HARP3288_NOAA11873.npz,20131023_0548_HARP3288_NOAA11873,2013-10-23 05:48:00,3288,11873,0,2013
test_2015,train,gs://suryabench-sharp-pipeline-bamidele/samples_npz/2011/20111112_0148_HARP1038_NOAA11340.npz,20111112_0148_HARP1038_NOAA11340,2011-11-12 01:48:00,1038,11340,0,2011
test_2015,train,gs://suryabench-sharp-pipeline-bamidele/samples_npz/2011/20111208_1624_HARP1165_NOAA11367.npz,20111208_1624_HARP1165_NOAA11367,2011-12-08 16:24:00,1165,11367,0,2011
test_2015,train,gs://suryabench-sharp-pipeline-bamidele/samples_npz/2013/20131031_0748_HARP3326_NOAA11886.npz,20131031_0748_HARP3326_NOAA11886,2013-10-31 07:48:00,3326,11886,0,2013
test_2015,train,gs://suryabench-sharp-pipeline-bamidele/samples_npz/2012/20120420_1124_HARP1574_NOAA11459.npz,20120420_1124_HARP1574_NOAA11459,2012-04-20 11:24:00,1574,11459,0,2012
test_2015,train,gs://suryabench-sharp-pipeline-bamidele/samples_npz/2011/20110714_0012_HARP705_NOAA11248.npz,20110714_0012_HARP705_NOAA11248,2011-07-14 00:12:00,705,11248,0,2011
test_2015,train,gs://suryabench-sharp-pipeline-bamidele/samples_npz/2012/20120820_0148_HARP1943_NOAA11547.npz,20120820_0148_HARP1943_NOAA11547,2012-08-20 01:48:00,1943,11547,0,2012
test_2015,train,gs://suryabench-sharp-pipeline-bamidele/samples_npz/2013/20131013_0412_HARP3267_NOAA11867.npz,20131013_0412_HARP3267_NOAA11867,2013-10-13 04:12:00,3267,11867,0,2013
test_2015,train,gs://suryabench-sharp-pipeline-bamidele/samples_npz/2013/20130512_0012_HARP2718_NOAA11740.npz,20130512_0012_HARP2718_NOAA11740,2013-05-12 00:12:00,2718,11740,0,2013
test_2015,train,gs://suryabench-sharp-pipeline-bamidele/samples_npz/2011/20110826_2300_HARP805_NOAA11275.npz,20110826_2300_HARP805_NOAA11275,2011-08-26 23:00:00,805,11275,0,2011
test_2015,train,gs://suryabench-sharp-pipeline-bamidele/samples_npz/2011/20110403_2124_HARP451_NOAA11183.npz,20110403_2124_HARP451_NOAA11183,2011-04-03 21:24:00,451,11183,0,2011
test_2015,train,gs://suryabench-sharp-pipeline-bamidele/samples_npz/2012/20120702_0748_HARP1807_NOAA11514.npz,20120702_0748_HARP1807_NOAA11514,2012-07-02 07:48:00,1807,11514,0,2012
test_2015,train,gs://suryabench-sharp-pipeline-bamidele/samples_npz/2012/20121105_2300_HARP2166_NOAA11602.npz,20121105_2300_HARP2166_NOAA11602,2012-11-05 23:00:00,2166,11602,0,2012
test_2015,train,gs://suryabench-sharp-pipeline-bamidele/samples_npz/2011/20110703_1148_HARP685_NOAA11243.npz,20110703_1148_HARP685_NOAA11243,2011-07-03 11:48:00,685,11243,0,2011
test_2015,train,gs://suryabench-sharp-pipeline-bamidele/samples_npz/2013/20130223_1800_HARP2493_NOAA11677.npz,20130223_1800_HARP2493_NOAA11677,2013-02-23 18:00:00,2493,11677,0,2013
test_2015,train,gs://suryabench-sharp-pipeline-bamidele/samples_npz/2013/20131128_1000_HARP3415_NOAA11906.npz,20131128_1000_HARP3415_NOAA11906,2013-11-28 10:00:00,3415,11906,0,2013
test_2015,train,gs://suryabench-sharp-pipeline-bamidele/samples_npz/2013/20131107_1024_HARP3362_NOAA11894.npz,20131107_1024_HARP3362_NOAA11894,2013-11-07 10:24:00,3362,11894,0,2013
test_2015,train,gs://suryabench-sharp-pipeline-bamidele/samples_npz/2012/20120826_0836_HARP1951_NOAA11552.npz,20120826_0836_HARP1951_NOAA11552,2012-08-26 08:36:00,1951,11552,0,2012
test_2015,train,gs://suryabench-sharp-pipeline-bamidele/samples_npz/2012/20120922_2012_HARP2037_NOAA11573.npz,20120922_2012_HARP2037_NOAA11573,2012-09-22 20:12:00,2037,11573,0,2012
test_2015,train,gs://suryabench-sharp-pipeline-bamidele/samples_npz/2013/20130309_1724_HARP2520_NOAA11687.npz,20130309_1724_HARP2520_NOAA11687,2013-03-09 17:24:00,2520,11687,0,2013
test_2015,train,gs://suryabench-sharp-pipeline-bamidele/samples_npz/2013/20130601_0224_HARP2812_NOAA11766.npz,20130601_0224_HARP2812_NOAA11766,2013-06-01 02:24:00,2812,11766,0,2013
test_2015,train,gs://suryabench-sharp-pipeline-bamidele/samples_npz/2010/20100531_1824_HARP38_NOAA11073.npz,20100531_1824_HARP38_NOAA11073,2010-05-31 18:24:00,38,11073,0,2010
test_2015,train,gs://suryabench-sharp-pipeline-bamidele/samples_npz/2013/20130112_1400_HARP2362_NOAA11652.npz,20130112_1400_HARP2362_NOAA11652,2013-01-12 14:00:00,2362,11652,1,2013
test_2015,train,gs://suryabench-sharp-pipeline-bamidele/samples_npz/2012/20121103_1012_HARP2166_NOAA11602.npz,20121103_1012_HARP2166_NOAA11602,2012-11-03 10:12:00,2166,11602,0,2012
test_2015,train,gs://suryabench-sharp-pipeline-bamidele/samples_npz/2011/20110604_1136_HARP643_NOAA11229.npz,20110604_1136_HARP643_NOAA11229,2011-06-04 11:36:00,643,11229,0,2011
test_2015,train,gs://suryabench-sharp-pipeline-bamidele/samples_npz/2012/20120818_1612_HARP1943_NOAA11547.npz,20120818_1612_HARP1943_NOAA11547,2012-08-18 16:12:00,1943,11547,0,2012
test_2015,train,gs://suryabench-sharp-pipeline-bamidele/samples_npz/2011/20111119_0136_HARP1080_NOAA11357.npz,20111119_0136_HARP1080_NOAA11357,2011-11-19 01:36:00,1080,11357,0,2011
test_2015,train,gs://suryabench-sharp-pipeline-bamidele/samples_npz/2011/20110727_0800_HARP744_NOAA11262.npz,20110727_0800_HARP744_NOAA11262,2011-07-27 08:00:00,744,11262,0,2011
test_2015,train,gs://suryabench-sharp-pipeline-bamidele/samples_npz/2013/20131101_1336_HARP3321_NOAA11884.npz,20131101_1336_HARP3321_NOAA11884,2013-11-01 13:36:00,3321,11884,1,2013
test_2015,train,gs://suryabench-sharp-pipeline-bamidele/samples_npz/2013/20130409_1336_HARP2636_NOAA11718.npz,20130409_1336_HARP2636_NOAA11718,2013-04-09 13:36:00,2636,11718,0,2013
test_2015,train,gs://suryabench-sharp-pipeline-bamidele/samples_npz/2013/20130516_0312_HARP2750_NOAA11750.npz,20130516_0312_HARP2750_NOAA11750,2013-05-16 03:12:00,2750,11750,0,2013
test_2015,train,gs://suryabench-sharp-pipeline-bamidele/samples_npz/2011/20110718_1224_HARP714_NOAA11251.npz,20110718_1224_HARP714_NOAA11251,2011-07-18 12:24:00,714,11251,0,2011
test_2015,train,gs://suryabench-sharp-pipeline-bamidele/samples_npz/2011/20110105_0348_HARP323_NOAA11140.npz,20110105_0348_HARP323_NOAA11140,2011-01-05 03:48:00,323,11140,0,2011
test_2015,train,gs://suryabench-sharp-pipeline-bamidele/samples_npz/2012/20120324_0748_HARP1488_NOAA11438.npz,20120324_0748_HARP1488_NOAA11438,2012-03-24 07:48:00,1488,11438,0,2012
test_2015,train,gs://suryabench-sharp-pipeline-bamidele/samples_npz/2013/20130718_1000_HARP2964_NOAA11795.npz,20130718_1000_HARP2964_NOAA11795,2013-07-18 10:00:00,2964,11795,0,2013
test_2015,train,gs://suryabench-sharp-pipeline-bamidele/samples_npz/2012/20121021_0812_HARP2117_NOAA11593.npz,20121021_0812_HARP2117_NOAA11593,2012-10-21 08:12:00,2117,11593,0,2012
test_2015,train,gs://suryabench-sharp-pipeline-bamidele/samples_npz/2011/20110814_1212_HARP781_NOAA11270.npz,20110814_1212_HARP781_NOAA11270,2011-08-14 12:12:00,781,11270,0,2011
test_2015,train,gs://suryabench-sharp-pipeline-bamidele/samples_npz/2013/20130922_2048_HARP3188_NOAA11853.npz,20130922_2048_HARP3188_NOAA11853,2013-09-22 20:48:00,3188,11853,0,2013
test_2015,train,gs://suryabench-sharp-pipeline-bamidele/samples_npz/2010/20100807_1736_HARP116_NOAA11096.npz,20100807_1736_HARP116_NOAA11096,2010-08-07 17:36:00,116,11096,0,2010
test_2015,train,gs://suryabench-sharp-pipeline-bamidele/samples_npz/2013/20130514_2136_HARP2735_NOAA11744.npz,20130514_2136_HARP2735_NOAA11744,2013-05-14 21:36:00,2735,11744,0,2013
test_2015,train,gs://suryabench-sharp-pipeline-bamidele/samples_npz/2012/20120421_0412_HARP1582_NOAA11461.npz,20120421_0412_HARP1582_NOAA11461,2012-04-21 04:12:00,1582,11461,0,2012
test_2015,train,gs://suryabench-sharp-pipeline-bamidele/samples_npz/2013/20130718_0224_HARP2954_NOAA11792.npz,20130718_0224_HARP2954_NOAA11792,2013-07-18 02:24:00,2954,11792,0,2013
test_2015,train,gs://suryabench-sharp-pipeline-bamidele/samples_npz/2011/20110711_1824_HARP700_NOAA11245.npz,20110711_1824_HARP700_NOAA11245,2011-07-11 18:24:00,700,11245,0,2011
test_2015,train,gs://suryabench-sharp-pipeline-bamidele/samples_npz/2012/20120413_0000_HARP1549_NOAA11455.npz,20120413_0000_HARP1549_NOAA11455,2012-04-13 00:00:00,1549,11455,0,2012
test_2015,train,gs://suryabench-sharp-pipeline-bamidele/samples_npz/2011/20110619_1912_HARP667_NOAA11236.npz,20110619_1912_HARP667_NOAA11236,2011-06-19 19:12:00,667,11236,0,2011
test_2015,train,gs://suryabench-sharp-pipeline-bamidele/samples_npz/2011/20111122_0500_HARP1079_NOAA11350.npz,20111122_0500_HARP1079_NOAA11350,2011-11-22 05:00:00,1079,11350,0,2011
test_2015,train,gs://suryabench-sharp-pipeline-bamidele/samples_npz/2011/20111023_1448_HARP976_NOAA11324.npz,20111023_1448_HARP976_NOAA11324,2011-10-23 14:48:00,976,11324,0,2011
test_2015,train,gs://suryabench-sharp-pipeline-bamidele/samples_npz/2013/20130918_1536_HARP3176_NOAA11841.npz,20130918_1536_HARP3176_NOAA11841,2013-09-18 15:36:00,3176,11841,0,2013
test_2015,train,gs://suryabench-sharp-pipeline-bamidele/samples_npz/2012/20120427_0612_HARP1603_NOAA11466.npz,20120427_0612_HARP1603_NOAA11466,2012-04-27 06:12:00,1603,11466,1,2012
test_2015,train,gs://suryabench-sharp-pipeline-bamidele/samples_npz/2013/20130701_1324_HARP2898_NOAA11779.npz,20130701_1324_HARP2898_NOAA11779,2013-07-01 13:24:00,2898,11779,0,2013
test_2015,train,gs://suryabench-sharp-pipeline-bamidele/samples_npz/2011/20110210_1100_HARP364_NOAA11157.npz,20110210_1100_HARP364_NOAA11157,2011-02-10 11:00:00,364,11157,0,2011
test_2015,train,gs://suryabench-sharp-pipeline-bamidele/samples_npz/2011/20110103_1848_HARP321_NOAA11139.npz,20110103_1848_HARP321_NOAA11139,2011-01-03 18:48:00,321,11139,0,2011
test_2015,train,gs://suryabench-sharp-pipeline-bamidele/samples_npz/2010/20101025_0736_HARP224_NOAA11119.npz,20101025_0736_HARP224_NOAA11119,2010-10-25 07:36:00,224,11119,0,2010
test_2015,train,gs://suryabench-sharp-pipeline-bamidele/samples_npz/2012/20120420_2300_HARP1574_NOAA11459.npz,20120420_2300_HARP1574_NOAA11459,2012-04-20 23:00:00,1574,11459,0,2012
test_2015,train,gs://suryabench-sharp-pipeline-bamidele/samples_npz/2013/20130207_1700_HARP2450_NOAA11669.npz,20130207_1700_HARP2450_NOAA11669,2013-02-07 17:00:00,2450,11669,0,2013
test_2015,train,gs://suryabench-sharp-pipeline-bamidele/samples_npz/2011/20110828_2012_HARP803_NOAA11274.npz,20110828_2012_HARP803_NOAA11274,2011-08-28 20:12:00,803,11274,0,2011
test_2015,train,gs://suryabench-sharp-pipeline-bamidele/samples_npz/2012/20121018_0812_HARP2121_NOAA11591.npz,20121018_0812_HARP2121_NOAA11591,2012-10-18 08:12:00,2121,11591,0,2012
test_2015,train,gs://suryabench-sharp-pipeline-bamidele/samples_npz/2012/20120515_1112_HARP1653_NOAA11479.npz,20120515_1112_HARP1653_NOAA11479,2012-05-15 11:12:00,1653,11479,0,2012
test_2015,train,gs://suryabench-sharp-pipeline-bamidele/samples_npz/2011/20111105_1912_HARP1019_NOAA11336.npz,20111105_1912_HARP1019_NOAA11336,2011-11-05 19:12:00,1019,11336,0,2011
test_2015,train,gs://suryabench-sharp-pipeline-bamidele/samples_npz/2011/20110731_0812_HARP746_NOAA11260.npz,20110731_0812_HARP746_NOAA11260,2011-07-31 08:12:00,746,11260,0,2011
test_2015,train,gs://suryabench-sharp-pipeline-bamidele/samples_npz/2012/20120314_1612_HARP1461_NOAA11432.npz,20120314_1612_HARP1461_NOAA11432,2012-03-14 16:12:00,1461,11432,1,2012
test_2015,train,gs://suryabench-sharp-pipeline-bamidele/samples_npz/2011/20111029_0312_HARP997_NOAA11330.npz,20111029_0312_HARP997_NOAA11330,2011-10-29 03:12:00,997,11330,0,2011
test_2015,train,gs://suryabench-sharp-pipeline-bamidele/samples_npz/2012/20121018_0448_HARP2131_NOAA11597.npz,20121018_0448_HARP2131_NOAA11597,2012-10-18 04:48:00,2131,11597,0,2012
test_2015,train,gs://suryabench-sharp-pipeline-bamidele/samples_npz/2011/20110917_1112_HARP867_NOAA11299.npz,20110917_1112_HARP867_NOAA11299,2011-09-17 11:12:00,867,11299,0,2011
test_2015,train,gs://suryabench-sharp-pipeline-bamidele/samples_npz/2013/20130406_0712_HARP2619_NOAA11714.npz,20130406_0712_HARP2619_NOAA11714,2013-04-06 07:12:00,2619,11714,0,2013
test_2015,train,gs://suryabench-sharp-pipeline-bamidele/samples_npz/2012/20120519_0736_HARP1680_NOAA11487.npz,20120519_0736_HARP1680_NOAA11487,2012-05-19 07:36:00,1680,11487,0,2012
test_2015,train,gs://suryabench-sharp-pipeline-bamidele/samples_npz/2011/20110927_1900_HARP892_NOAA11302.npz,20110927_1900_HARP892_NOAA11302,2011-09-27 19:00:00,892,11302,1,2011
test_2015,train,gs://suryabench-sharp-pipeline-bamidele/samples_npz/2013/20130419_2024_HARP2673_NOAA11726.npz,20130419_2024_HARP2673_NOAA11726,2013-04-19 20:24:00,2673,11726,0,2013
test_2015,train,gs://suryabench-sharp-pipeline-bamidele/samples_npz/2013/20130823_0200_HARP3116_NOAA11833.npz,20130823_0200_HARP3116_NOAA11833,2013-08-23 02:00:00,3116,11833,0,2013
test_2015,train,gs://suryabench-sharp-pipeline-bamidele/samples_npz/2012/20121006_0000_HARP2098_NOAA11585.npz,20121006_0000_HARP2098_NOAA11585,2012-10-06 00:00:00,2098,11585,0,2012
test_2015,train,gs://suryabench-sharp-pipeline-bamidele/samples_npz/2010/20101022_0912_HARP224_NOAA11119.npz,20101022_0912_HARP224_NOAA11119,2010-10-22 09:12:00,224,11119,0,2010
test_2015,train,gs://suryabench-sharp-pipeline-bamidele/samples_npz/2011/20110215_0424_HARP377_NOAA11158.npz,20110215_0424_HARP377_NOAA11158,2011-02-15 04:24:00,377,11158,1,2011
test_2015,train,gs://suryabench-sharp-pipeline-bamidele/samples_npz/2013/20130112_2200_HARP2372_NOAA11654.npz,20130112_2200_HARP2372_NOAA11654,2013-01-12 22:00:00,2372,11654,0,2013
test_2015,train,gs://suryabench-sharp-pipeline-bamidele/samples_npz/2012/20121114_2148_HARP2186_NOAA11611.npz,20121114_2148_HARP2186_NOAA11611,2012-11-14 21:48:00,2186,11611,0,2012
test_2015,train,gs://suryabench-sharp-pipeline-bamidele/samples_npz/2013/20131113_1124_HARP3367_NOAA11898.npz,20131113_1124_HARP3367_NOAA11898,2013-11-13 11:24:00,3367,11898,0,2013
test_2015,train,gs://suryabench-sharp-pipeline-bamidele/samples_npz/2012/20120501_0100_HARP1628_NOAA11472.npz,20120501_0100_HARP1628_NOAA11472,2012-05-01 01:00:00,1628,11472,0,2012
test_2015,train,gs://suryabench-sharp-pipeline-bamidele/samples_npz/2013/20130815_1812_HARP3056_NOAA11818.npz,20130815_1812_HARP3056_NOAA11818,2013-08-15 18:12:00,3056,11818,0,2013
test_2015,train,gs://suryabench-sharp-pipeline-bamidele/samples_npz/2012/20120317_0824_HARP1461_NOAA11432.npz,20120317_0824_HARP1461_NOAA11432,2012-03-17 08:24:00,1461,11432,0,2012
test_2015,train,gs://suryabench-sharp-pipeline-bamidele/samples_npz/2011/20111010_0636_HARP927_NOAA11312.npz,20111010_0636_HARP927_NOAA11312,2011-10-10 06:36:00,927,11312,0,2011
test_2015,train,gs://suryabench-sharp-pipeline-bamidele/samples_npz/2012/20121027_1812_HARP2143_NOAA11599.npz,20121027_1812_HARP2143_NOAA11599,2012-10-27 18:12:00,2143,11599,0,2012
test_2015,train,gs://suryabench-sharp-pipeline-bamidele/samples_npz/2013/20131230_1712_HARP3542_NOAA11937.npz,20131230_1712_HARP3542_NOAA11937,2013-12-30 17:12:00,3542,11937,0,2013
test_2015,train,gs://suryabench-sharp-pipeline-bamidele/samples_npz/2011/20111224_1236_HARP1232_NOAA11385.npz,20111224_1236_HARP1232_NOAA11385,2011-12-24 12:36:00,1232,11385,0,2011
test_2015,train,gs://suryabench-sharp-pipeline-bamidele/samples_npz/2013/20130930_1600_HARP3220_NOAA11858.npz,20130930_1600_HARP3220_NOAA11858,2013-09-30 16:00:00,3220,11858,0,2013
test_2015,train,gs://suryabench-sharp-pipeline-bamidele/samples_npz/2013/20130403_0324_HARP2597_NOAA11713.npz,20130403_0324_HARP2597_NOAA11713,2013-04-03 03:24:00,2597,11713,0,2013
test_2015,train,gs://suryabench-sharp-pipeline-bamidele/samples_npz/2011/20110114_0848_HARP338_NOAA11145.npz,20110114_0848_HARP338_NOAA11145,2011-01-14 08:48:00,338,11145,0,2011
test_2015,train,gs://suryabench-sharp-pipeline-bamidele/samples_npz/2012/20120810_1900_HARP1930_NOAA11542.npz,20120810_1900_HARP1930_NOAA11542,2012-08-10 19:00:00,1930,11542,0,2012
test_2015,train,gs://suryabench-sharp-pipeline-bamidele/samples_npz/2013/20130418_0448_HARP2661_NOAA11724.npz,20130418_0448_HARP2661_NOAA11724,2013-04-18 04:48:00,2661,11724,0,2013
test_2015,train,gs://suryabench-sharp-pipeline-bamidele/samples_npz/2013/20131104_1124_HARP3336_NOAA11889.npz,20131104_1124_HARP3336_NOAA11889,2013-11-04 11:24:00,3336,11889,0,2013
test_2015,train,gs://suryabench-sharp-pipeline-bamidele/samples_npz/2012/20120921_1912_HARP2037_NOAA11573.npz,20120921_1912_HARP2037_NOAA11573,2012-09-21 19:12:00,2037,11573,0,2012
test_2015,train,gs://suryabench-sharp-pipeline-bamidele/samples_npz/2013/20130102_2248_HARP2353_NOAA11645.npz,20130102_2248_HARP2353_NOAA11645,2013-01-02 22:48:00,2353,11645,0,2013
test_2015,train,gs://suryabench-sharp-pipeline-bamidele/samples_npz/2011/20110831_1324_HARP814_NOAA11277.npz,20110831_1324_HARP814_NOAA11277,2011-08-31 13:24:00,814,11277,0,2011
test_2015,train,gs://suryabench-sharp-pipeline-bamidele/samples_npz/2011/20110523_0136_HARP605_NOAA11216.npz,20110523_0136_HARP605_NOAA11216,2011-05-23 01:36:00,605,11216,0,2011
test_2015,train,gs://suryabench-sharp-pipeline-bamidele/samples_npz/2013/20130103_2148_HARP2353_NOAA11645.npz,20130103_2148_HARP2353_NOAA11645,2013-01-03 21:48:00,2353,11645,0,2013
test_2015,train,gs://suryabench-sharp-pipeline-bamidele/samples_npz/2012/20120904_0948_HARP1979_NOAA11558.npz,20120904_0948_HARP1979_NOAA11558,2012-09-04 09:48:00,1979,11558,0,2012
test_2015,train,gs://suryabench-sharp-pipeline-bamidele/samples_npz/2013/20130303_1424_HARP2519_NOAA11686.npz,20130303_1424_HARP2519_NOAA11686,2013-03-03 14:24:00,2519,11686,1,2013
test_2015,train,gs://suryabench-sharp-pipeline-bamidele/samples_npz/2011/20110907_0536_HARP846_NOAA11288.npz,20110907_0536_HARP846_NOAA11288,2011-09-07 05:36:00,846,11288,0,2011
test_2015,train,gs://suryabench-sharp-pipeline-bamidele/samples_npz/2011/20110108_0712_HARP335_NOAA11143.npz,20110108_0712_HARP335_NOAA11143,2011-01-08 07:12:00,335,11143,0,2011
test_2015,train,gs://suryabench-sharp-pipeline-bamidele/samples_npz/2010/20100828_1800_HARP146_NOAA11102.npz,20100828_1800_HARP146_NOAA11102,2010-08-28 18:00:00,146,11102,0,2010
test_2015,train,gs://suryabench-sharp-pipeline-bamidele/samples_npz/2013/20131116_1624_HARP3376_NOAA11899.npz,20131116_1624_HARP3376_NOAA11899,2013-11-16 16:24:00,3376,11899,0,2013
test_2015,train,gs://suryabench-sharp-pipeline-bamidele/samples_npz/2011/20111107_1248_HARP1019_NOAA11336.npz,20111107_1248_HARP1019_NOAA11336,2011-11-07 12:48:00,1019,11336,0,2011
test_2015,train,gs://suryabench-sharp-pipeline-bamidele/samples_npz/2012/20120203_1200_HARP1367_NOAA11415.npz,20120203_1200_HARP1367_NOAA11415,2012-02-03 12:00:00,1367,11415,0,2012
test_2015,train,gs://suryabench-sharp-pipeline-bamidele/samples_npz/2013/20130108_1624_HARP2344_NOAA11644.npz,20130108_1624_HARP2344_NOAA11644,2013-01-08 16:24:00,2344,11644,0,2013
test_2015,train,gs://suryabench-sharp-pipeline-bamidele/samples_npz/2013/20130228_1148_HARP2501_NOAA11682.npz,20130228_1148_HARP2501_NOAA11682,2013-02-28 11:48:00,2501,11682,0,2013
test_2015,train,gs://suryabench-sharp-pipeline-bamidele/samples_npz/2013/20130408_0048_HARP2636_NOAA11718.npz,20130408_0048_HARP2636_NOAA11718,2013-04-08 00:48:00,2636,11718,0,2013
test_2015,train,gs://suryabench-sharp-pipeline-bamidele/samples_npz/2012/20120926_2212_HARP2047_NOAA11578.npz,20120926_2212_HARP2047_NOAA11578,2012-09-26 22:12:00,2047,11578,0,2012
test_2015,train,gs://suryabench-sharp-pipeline-bamidele/samples_npz/2011/20110523_2036_HARP610_NOAA11218.npz,20110523_2036_HARP610_NOAA11218,2011-05-23 20:36:00,610,11218,0,2011
test_2015,train,gs://suryabench-sharp-pipeline-bamidele/samples_npz/2011/20110420_0712_HARP504_NOAA11191.npz,20110420_0712_HARP504_NOAA11191,2011-04-20 07:12:00,504,11191,0,2011
test_2015,train,gs://suryabench-sharp-pipeline-bamidele/samples_npz/2012/20120201_0000_HARP1348_NOAA11411.npz,20120201_0000_HARP1348_NOAA11411,2012-02-01 00:00:00,1348,11411,0,2012
test_2015,train,gs://suryabench-sharp-pipeline-bamidele/samples_npz/2013/20130413_2312_HARP2635_NOAA11719.npz,20130413_2312_HARP2635_NOAA11719,2013-04-13 23:12:00,2635,11719,0,2013
test_2015,train,gs://suryabench-sharp-pipeline-bamidele/samples_npz/2011/20111030_0312_HARP997_NOAA11330.npz,20111030_0312_HARP997_NOAA11330,2011-10-30 03:12:00,997,11330,0,2011
test_2015,train,gs://suryabench-sharp-pipeline-bamidele/samples_npz/2012/20120415_1048_HARP1558_NOAA11463.npz,20120415_1048_HARP1558_NOAA11463,2012-04-15 10:48:00,1558,11463,0,2012
test_2015,train,gs://suryabench-sharp-pipeline-bamidele/samples_npz/2013/20130405_0712_HARP2626_NOAA11715.npz,20130405_0712_HARP2626_NOAA11715,2013-04-05 07:12:00,2626,11715,0,2013
test_2015,train,gs://suryabench-sharp-pipeline-bamidele/samples_npz/2012/20120924_2248_HARP2044_NOAA11576.npz,20120924_2248_HARP2044_NOAA11576,2012-09-24 22:48:00,2044,11576,0,2012
test_2015,train,gs://suryabench-sharp-pipeline-bamidele/samples_npz/2012/20120526_0512_HARP1688_NOAA11488.npz,20120526_0512_HARP1688_NOAA11488,2012-05-26 05:12:00,1688,11488,0,2012
test_2015,train,gs://suryabench-sharp-pipeline-bamidele/samples_npz/2013/20130721_1200_HARP2968_NOAA11793.npz,20130721_1200_HARP2968_NOAA11793,2013-07-21 12:00:00,2968,11793,0,2013
test_2015,train,gs://suryabench-sharp-pipeline-bamidele/samples_npz/2011/20110626_1600_HARP681_NOAA11241.npz,20110626_1600_HARP681_NOAA11241,2011-06-26 16:00:00,681,11241,0,2011
test_2015,train,gs://suryabench-sharp-pipeline-bamidele/samples_npz/2013/20130913_0912_HARP3154_NOAA11838.npz,20130913_0912_HARP3154_NOAA11838,2013-09-13 09:12:00,3154,11838,0,2013
test_2015,train,gs://suryabench-sharp-pipeline-bamidele/samples_npz/2010/20101227_0412_HARP317_NOAA11137.npz,20101227_0412_HARP317_NOAA11137,2010-12-27 04:12:00,317,11137,0,2010
test_2015,train,gs://suryabench-sharp-pipeline-bamidele/samples_npz/2012/20120525_1700_HARP1690_NOAA11489.npz,20120525_1700_HARP1690_NOAA11489,2012-05-25 17:00:00,1690,11489,0,2012
test_2015,train,gs://suryabench-sharp-pipeline-bamidele/samples_npz/2012/20120912_0024_HARP2021_NOAA11567.npz,20120912_0024_HARP2021_NOAA11567,2012-09-12 00:24:00,2021,11567,0,2012
test_2015,train,gs://suryabench-sharp-pipeline-bamidele/samples_npz/2012/20120517_0636_HARP1658_NOAA11483.npz,20120517_0636_HARP1658_NOAA11483,2012-05-17 06:36:00,1658,11483,0,2012
test_2015,train,gs://suryabench-sharp-pipeline-bamidele/samples_npz/2011/20110305_0824_HARP393_NOAA11164.npz,20110305_0824_HARP393_NOAA11164,2011-03-05 08:24:00,393,11164,1,2011
test_2015,train,gs://suryabench-sharp-pipeline-bamidele/samples_npz/2011/20110626_0000_HARP681_NOAA11241.npz,20110626_0000_HARP681_NOAA11241,2011-06-26 00:00:00,681,11241,0,2011
test_2015,train,gs://suryabench-sharp-pipeline-bamidele/samples_npz/2011/20110331_0536_HARP443_NOAA11181.npz,20110331_0536_HARP443_NOAA11181,2011-03-31 05:36:00,443,11181,0,2011
test_2015,train,gs://suryabench-sharp-pipeline-bamidele/samples_npz/2011/20110828_0724_HARP803_NOAA11274.npz,20110828_0724_HARP803_NOAA11274,2011-08-28 07:24:00,803,11274,0,2011
test_2015,train,gs://suryabench-sharp-pipeline-bamidele/samples_npz/2013/20130307_2024_HARP2525_NOAA11693.npz,20130307_2024_HARP2525_NOAA11693,2013-03-07 20:24:00,2525,11693,0,2013
test_2015,train,gs://suryabench-sharp-pipeline-bamidele/samples_npz/2012/20121024_0600_HARP2144_NOAA11600.npz,20121024_0600_HARP2144_NOAA11600,2012-10-24 06:00:00,2144,11600,0,2012
test_2015,train,gs://suryabench-sharp-pipeline-bamidele/samples_npz/2011/20110602_0824_HARP632_NOAA11225.npz,20110602_0824_HARP632_NOAA11225,2011-06-02 08:24:00,632,11225,0,2011
test_2015,train,gs://suryabench-sharp-pipeline-bamidele/samples_npz/2012/20120420_1100_HARP1572_NOAA11458.npz,20120420_1100_HARP1572_NOAA11458,2012-04-20 11:00:00,1572,11458,0,2012
test_2015,train,gs://suryabench-sharp-pipeline-bamidele/samples_npz/2012/20120818_1712_HARP1948_NOAA11549.npz,20120818_1712_HARP1948_NOAA11549,2012-08-18 17:12:00,1948,11549,0,2012
test_2015,train,gs://suryabench-sharp-pipeline-bamidele/samples_npz/2011/20110615_0924_HARP661_NOAA11234.npz,20110615_0924_HARP661_NOAA11234,2011-06-15 09:24:00,661,11234,0,2011
test_2015,train,gs://suryabench-sharp-pipeline-bamidele/samples_npz/2011/20110819_2112_HARP799_NOAA11273.npz,20110819_2112_HARP799_NOAA11273,2011-08-19 21:12:00,799,11273,0,2011
test_2015,train,gs://suryabench-sharp-pipeline-bamidele/samples_npz/2011/20110718_1124_HARP728_NOAA11256.npz,20110718_1124_HARP728_NOAA11256,2011-07-18 11:24:00,728,11256,0,2011
test_2015,train,gs://suryabench-sharp-pipeline-bamidele/samples_npz/2013/20131227_0024_HARP3520_NOAA11931.npz,20131227_0024_HARP3520_NOAA11931,2013-12-27 00:24:00,3520,11931,0,2013
test_2015,train,gs://suryabench-sharp-pipeline-bamidele/samples_npz/2011/20110403_1348_HARP466_NOAA11184.npz,20110403_1348_HARP466_NOAA11184,2011-04-03 13:48:00,466,11184,0,2011
test_2015,train,gs://suryabench-sharp-pipeline-bamidele/samples_npz/2013/20130702_0624_HARP2923_NOAA11786.npz,20130702_0624_HARP2923_NOAA11786,2013-07-02 06:24:00,2923,11786,0,2013
test_2015,train,gs://suryabench-sharp-pipeline-bamidele/samples_npz/2012/20120728_1424_HARP1877_NOAA11527.npz,20120728_1424_HARP1877_NOAA11527,2012-07-28 14:24:00,1877,11527,0,2012
test_2015,train,gs://suryabench-sharp-pipeline-bamidele/samples_npz/2012/20120506_1900_HARP1634_NOAA11475.npz,20120506_1900_HARP1634_NOAA11475,2012-05-06 19:00:00,1634,11475,0,2012
test_2015,train,gs://suryabench-sharp-pipeline-bamidele/samples_npz/2011/20111226_0924_HARP1221_NOAA11383.npz,20111226_0924_HARP1221_NOAA11383,2011-12-26 09:24:00,1221,11383,0,2011
test_2015,train,gs://suryabench-sharp-pipeline-bamidele/samples_npz/2012/20121110_1036_HARP2176_NOAA11606.npz,20121110_1036_HARP2176_NOAA11606,2012-11-10 10:36:00,2176,11606,0,2012
test_2015,train,gs://suryabench-sharp-pipeline-bamidele/samples_npz/2013/20130515_0612_HARP2737_NOAA11746.npz,20130515_0612_HARP2737_NOAA11746,2013-05-15 06:12:00,2737,11746,0,2013
test_2015,train,gs://suryabench-sharp-pipeline-bamidele/samples_npz/2011/20111124_2248_HARP1093_NOAA11353.npz,20111124_2248_HARP1093_NOAA11353,2011-11-24 22:48:00,1093,11353,0,2011
test_2015,train,gs://suryabench-sharp-pipeline-bamidele/samples_npz/2013/20130327_1824_HARP2595_NOAA11706.npz,20130327_1824_HARP2595_NOAA11706,2013-03-27 18:24:00,2595,11706,0,2013
test_2015,train,gs://suryabench-sharp-pipeline-bamidele/samples_npz/2013/20131003_2224_HARP3244_NOAA11855.npz,20131003_2224_HARP3244_NOAA11855,2013-10-03 22:24:00,3244,11855,0,2013
test_2015,train,gs://suryabench-sharp-pipeline-bamidele/samples_npz/2013/20130303_0148_HARP2519_NOAA11686.npz,20130303_0148_HARP2519_NOAA11686,2013-03-03 01:48:00,2519,11686,0,2013
test_2015,train,gs://suryabench-sharp-pipeline-bamidele/samples_npz/2013/20130210_0236_HARP2450_NOAA11669.npz,20130210_0236_HARP2450_NOAA11669,2013-02-10 02:36:00,2450,11669,0,2013
test_2015,train,gs://suryabench-sharp-pipeline-bamidele/samples_npz/2012/20120316_1212_HARP1464_NOAA11434.npz,20120316_1212_HARP1464_NOAA11434,2012-03-16 12:12:00,1464,11434,1,2012
test_2015,train,gs://suryabench-sharp-pipeline-bamidele/samples_npz/2011/20110731_0900_HARP750_NOAA11261.npz,20110731_0900_HARP750_NOAA11261,2011-07-31 09:00:00,750,11261,1,2011
test_2015,train,gs://suryabench-sharp-pipeline-bamidele/samples_npz/2011/20110606_0000_HARP637_NOAA11226.npz,20110606_0000_HARP637_NOAA11226,2011-06-06 00:00:00,637,11226,1,2011
test_2015,train,gs://suryabench-sharp-pipeline-bamidele/samples_npz/2011/20110327_1400_HARP438_NOAA11177.npz,20110327_1400_HARP438_NOAA11177,2011-03-27 14:00:00,438,11177,0,2011
test_2015,train,gs://suryabench-sharp-pipeline-bamidele/samples_npz/2012/20121208_1412_HARP2270_NOAA11630.npz,20121208_1412_HARP2270_NOAA11630,2012-12-08 14:12:00,2270,11630,0,2012
test_2015,train,gs://suryabench-sharp-pipeline-bamidele/samples_npz/2012/20120814_1912_HARP1931_NOAA11543.npz,20120814_1912_HARP1931_NOAA11543,2012-08-14 19:12:00,1931,11543,0,2012
test_2015,train,gs://suryabench-sharp-pipeline-bamidele/samples_npz/2012/20120203_1336_HARP1350_NOAA11410.npz,20120203_1336_HARP1350_NOAA11410,2012-02-03 13:36:00,1350,11410,0,2012
test_2015,train,gs://suryabench-sharp-pipeline-bamidele/samples_npz/2013/20130211_2012_HARP2450_NOAA11669.npz,20130211_2012_HARP2450_NOAA11669,2013-02-11 20:12:00,2450,11669,0,2013
test_2015,train,gs://suryabench-sharp-pipeline-bamidele/samples_npz/2012/20120712_0000_HARP1834_NOAA11519.npz,20120712_0000_HARP1834_NOAA11519,2012-07-12 00:00:00,1834,11519,0,2012
test_2015,train,gs://suryabench-sharp-pipeline-bamidele/samples_npz/2011/20110726_0424_HARP740_NOAA11259.npz,20110726_0424_HARP740_NOAA11259,2011-07-26 04:24:00,740,11259,0,2011
test_2015,train,gs://suryabench-sharp-pipeline-bamidele/samples_npz/2010/20100628_1648_HARP67_NOAA11085.npz,20100628_1648_HARP67_NOAA11085,2010-06-28 16:48:00,67,11085,0,2010
test_2015,train,gs://suryabench-sharp-pipeline-bamidele/samples_npz/2012/20121126_1024_HARP2227_NOAA11620.npz,20121126_1024_HARP2227_NOAA11620,2012-11-26 10:24:00,2227,11620,1,2012
test_2015,train,gs://suryabench-sharp-pipeline-bamidele/samples_npz/2013/20131015_0412_HARP3263_NOAA11861.npz,20131015_0412_HARP3263_NOAA11861,2013-10-15 04:12:00,3263,11861,0,2013
test_2015,train,gs://suryabench-sharp-pipeline-bamidele/samples_npz/2011/20110904_1512_HARP833_NOAA11283.npz,20110904_1512_HARP833_NOAA11283,2011-09-04 15:12:00,833,11283,1,2011
test_2015,train,gs://suryabench-sharp-pipeline-bamidele/samples_npz/2011/20111229_2300_HARP1249_NOAA11390.npz,20111229_2300_HARP1249_NOAA11390,2011-12-29 23:00:00,1249,11390,0,2011
test_2015,train,gs://suryabench-sharp-pipeline-bamidele/samples_npz/2013/20130527_0348_HARP2760_NOAA11753.npz,20130527_0348_HARP2760_NOAA11753,2013-05-27 03:48:00,2760,11753,0,2013
test_2015,train,gs://suryabench-sharp-pipeline-bamidele/samples_npz/2011/20110301_0312_HARP394_NOAA11165.npz,20110301_0312_HARP394_NOAA11165,2011-03-01 03:12:00,394,11165,0,2011
test_2015,train,gs://suryabench-sharp-pipeline-bamidele/samples_npz/2012/20120824_1700_HARP1946_NOAA11548.npz,20120824_1700_HARP1946_NOAA11548,2012-08-24 17:00:00,1946,11548,0,2012
test_2015,train,gs://suryabench-sharp-pipeline-bamidele/samples_npz/2013/20131031_1336_HARP3321_NOAA11884.npz,20131031_1336_HARP3321_NOAA11884,2013-10-31 13:36:00,3321,11884,1,2013
test_2015,train,gs://suryabench-sharp-pipeline-bamidele/samples_npz/2011/20111206_2012_HARP1126_NOAA11364.npz,20111206_2012_HARP1126_NOAA11364,2011-12-06 20:12:00,1126,11364,0,2011
test_2015,train,gs://suryabench-sharp-pipeline-bamidele/samples_npz/2012/20120929_2236_HARP2059_NOAA11579.npz,20120929_2236_HARP2059_NOAA11579,2012-09-29 22:36:00,2059,11579,0,2012
test_2015,train,gs://suryabench-sharp-pipeline-bamidele/samples_npz/2011/20110714_1448_HARP712_NOAA11250.npz,20110714_1448_HARP712_NOAA11250,2011-07-14 14:48:00,712,11250,0,2011
test_2015,train,gs://suryabench-sharp-pipeline-bamidele/samples_npz/2013/20130218_1236_HARP2491_NOAA11675.npz,20130218_1236_HARP2491_NOAA11675,2013-02-18 12:36:00,2491,11675,0,2013
test_2015,train,gs://suryabench-sharp-pipeline-bamidele/samples_npz/2012/20121110_0236_HARP2176_NOAA11606.npz,20121110_0236_HARP2176_NOAA11606,2012-11-10 02:36:00,2176,11606,0,2012
test_2015,train,gs://suryabench-sharp-pipeline-bamidele/samples_npz/2011/20110703_0524_HARP685_NOAA11243.npz,20110703_0524_HARP685_NOAA11243,2011-07-03 05:24:00,685,11243,0,2011
test_2015,train,gs://suryabench-sharp-pipeline-bamidele/samples_npz/2011/20110711_0448_HARP702_NOAA11249.npz,20110711_0448_HARP702_NOAA11249,2011-07-11 04:48:00,702,11249,0,2011
test_2015,train,gs://suryabench-sharp-pipeline-bamidele/samples_npz/2011/20110630_1136_HARP684_NOAA11244.npz,20110630_1136_HARP684_NOAA11244,2011-06-30 11:36:00,684,11244,0,2011
test_2015,train,gs://suryabench-sharp-pipeline-bamidele/samples_npz/2013/20130310_1348_HARP2541_NOAA11691.npz,20130310_1348_HARP2541_NOAA11691,2013-03-10 13:48:00,2541,11691,0,2013
test_2015,train,gs://suryabench-sharp-pipeline-bamidele/samples_npz/2013/20130924_0048_HARP3199_NOAA11850.npz,20130924_0048_HARP3199_NOAA11850,2013-09-24 00:48:00,3199,11850,0,2013
test_2015,train,gs://suryabench-sharp-pipeline-bamidele/samples_npz/2011/20110508_0300_HARP556_NOAA11203.npz,20110508_0300_HARP556_NOAA11203,2011-05-08 03:00:00,556,11203,0,2011
test_2015,train,gs://suryabench-sharp-pipeline-bamidele/samples_npz/2011/20110404_2012_HARP466_NOAA11184.npz,20110404_2012_HARP466_NOAA11184,2011-04-04 20:12:00,466,11184,0,2011
test_2015,train,gs://suryabench-sharp-pipeline-bamidele/samples_npz/2011/20110429_1212_HARP538_NOAA11200.npz,20110429_1212_HARP538_NOAA11200,2011-04-29 12:12:00,538,11200,0,2011
test_2015,train,gs://suryabench-sharp-pipeline-bamidele/samples_npz/2013/20131222_0236_HARP3515_NOAA11930.npz,20131222_0236_HARP3515_NOAA11930,2013-12-22 02:36:00,3515,11930,0,2013
test_2015,train,gs://suryabench-sharp-pipeline-bamidele/samples_npz/2010/20100829_0648_HARP146_NOAA11102.npz,20100829_0648_HARP146_NOAA11102,2010-08-29 06:48:00,146,11102,0,2010
test_2015,train,gs://suryabench-sharp-pipeline-bamidele/samples_npz/2012/20120824_0048_HARP1942_NOAA11546.npz,20120824_0048_HARP1942_NOAA11546,2012-08-24 00:48:00,1942,11546,0,2012
test_2015,train,gs://suryabench-sharp-pipeline-bamidele/samples_npz/2010/20101018_1124_HARP218_NOAA11113.npz,20101018_1124_HARP218_NOAA11113,2010-10-18 11:24:00,218,11113,0,2010
test_2015,train,gs://suryabench-sharp-pipeline-bamidele/samples_npz/2010/20100920_1748_HARP185_NOAA11108.npz,20100920_1748_HARP185_NOAA11108,2010-09-20 17:48:00,185,11108,0,2010
test_2015,train,gs://suryabench-sharp-pipeline-bamidele/samples_npz/2011/20110605_0424_HARP639_NOAA11228.npz,20110605_0424_HARP639_NOAA11228,2011-06-05 04:24:00,639,11228,0,2011
test_2015,train,gs://suryabench-sharp-pipeline-bamidele/samples_npz/2012/20120617_0748_HARP1756_NOAA11506.npz,20120617_0748_HARP1756_NOAA11506,2012-06-17 07:48:00,1756,11506,0,2012
test_2015,train,gs://suryabench-sharp-pipeline-bamidele/samples_npz/2010/20100716_1312_HARP86_NOAA11087.npz,20100716_1312_HARP86_NOAA11087,2010-07-16 13:12:00,86,11087,0,2010
test_2015,train,gs://suryabench-sharp-pipeline-bamidele/samples_npz/2013/20131210_1012_HARP3482_NOAA11919.npz,20131210_1012_HARP3482_NOAA11919,2013-12-10 10:12:00,3482,11919,0,2013
test_2015,train,gs://suryabench-sharp-pipeline-bamidele/samples_npz/2012/20120805_1736_HARP1907_NOAA11538.npz,20120805_1736_HARP1907_NOAA11538,2012-08-05 17:36:00,1907,11538,0,2012
test_2015,train,gs://suryabench-sharp-pipeline-bamidele/samples_npz/2012/20120603_0412_HARP1737_NOAA11500.npz,20120603_0412_HARP1737_NOAA11500,2012-06-03 04:12:00,1737,11500,0,2012
test_2015,train,gs://suryabench-sharp-pipeline-bamidele/samples_npz/2013/20130515_1748_HARP2739_NOAA11745.npz,20130515_1748_HARP2739_NOAA11745,2013-05-15 17:48:00,2739,11745,0,2013
test_2015,train,gs://suryabench-sharp-pipeline-bamidele/samples_npz/2012/20120926_1524_HARP2040_NOAA11575.npz,20120926_1524_HARP2040_NOAA11575,2012-09-26 15:24:00,2040,11575,0,2012
test_2015,train,gs://suryabench-sharp-pipeline-bamidele/samples_npz/2012/20121031_0924_HARP2158_NOAA11601.npz,20121031_0924_HARP2158_NOAA11601,2012-10-31 09:24:00,2158,11601,0,2012
test_2015,train,gs://suryabench-sharp-pipeline-bamidele/samples_npz/2011/20110908_2148_HARP846_NOAA11288.npz,20110908_2148_HARP846_NOAA11288,2011-09-08 21:48:00,846,11288,0,2011
test_2015,train,gs://suryabench-sharp-pipeline-bamidele/samples_npz/2010/20100803_0312_HARP104_NOAA11092.npz,20100803_0312_HARP104_NOAA11092,2010-08-03 03:12:00,104,11092,0,2010
test_2015,train,gs://suryabench-sharp-pipeline-bamidele/samples_npz/2013/20130925_0924_HARP3199_NOAA11850.npz,20130925_0924_HARP3199_NOAA11850,2013-09-25 09:24:00,3199,11850,0,2013
test_2015,train,gs://suryabench-sharp-pipeline-bamidele/samples_npz/2011/20110508_1912_HARP589_NOAA11209.npz,20110508_1912_HARP589_NOAA11209,2011-05-08 19:12:00,589,11209,0,2011
test_2015,train,gs://suryabench-sharp-pipeline-bamidele/samples_npz/2011/20111121_1600_HARP1080_NOAA11357.npz,20111121_1600_HARP1080_NOAA11357,2011-11-21 16:00:00,1080,11357,0,2011
test_2015,train,gs://suryabench-sharp-pipeline-bamidele/samples_npz/2011/20111203_1648_HARP1120_NOAA11362.npz,20111203_1648_HARP1120_NOAA11362,2011-12-03 16:48:00,1120,11362,0,2011
test_2015,train,gs://suryabench-sharp-pipeline-bamidele/samples_npz/2013/20130525_1700_HARP2758_NOAA11754.npz,20130525_1700_HARP2758_NOAA11754,2013-05-25 17:00:00,2758,11754,0,2013
test_2015,train,gs://suryabench-sharp-pipeline-bamidele/samples_npz/2012/20120528_1136_HARP1688_NOAA11488.npz,20120528_1136_HARP1688_NOAA11488,2012-05-28 11:36:00,1688,11488,0,2012
test_2015,train,gs://suryabench-sharp-pipeline-bamidele/samples_npz/2012/20120921_0524_HARP2037_NOAA11573.npz,20120921_0524_HARP2037_NOAA11573,2012-09-21 05:24:00,2037,11573,0,2012
test_2015,train,gs://suryabench-sharp-pipeline-bamidele/samples_npz/2012/20120831_2048_HARP1993_NOAA11560.npz,20120831_2048_HARP1993_NOAA11560,2012-08-31 20:48:00,1993,11560,0,2012
test_2015,train,gs://suryabench-sharp-pipeline-bamidele/samples_npz/2013/20130801_1748_HARP3012_NOAA11806.npz,20130801_1748_HARP3012_NOAA11806,2013-08-01 17:48:00,3012,11806,0,2013
test_2015,train,gs://suryabench-sharp-pipeline-bamidele/samples_npz/2012/20120501_1724_HARP1628_NOAA11472.npz,20120501_1724_HARP1628_NOAA11472,2012-05-01 17:24:00,1628,11472,0,2012
test_2015,train,gs://suryabench-sharp-pipeline-bamidele/samples_npz/2012/20120212_2024_HARP1389_NOAA11416.npz,20120212_2024_HARP1389_NOAA11416,2012-02-12 20:24:00,1389,11416,0,2012
test_2015,train,gs://suryabench-sharp-pipeline-bamidele/samples_npz/2011/20110106_1948_HARP323_NOAA11140.npz,20110106_1948_HARP323_NOAA11140,2011-01-06 19:48:00,323,11140,0,2011
test_2015,train,gs://suryabench-sharp-pipeline-bamidele/samples_npz/2011/20110514_1100_HARP602_NOAA11214.npz,20110514_1100_HARP602_NOAA11214,2011-05-14 11:00:00,602,11214,0,2011
test_2015,train,gs://suryabench-sharp-pipeline-bamidele/samples_npz/2012/20120314_1436_HARP1461_NOAA11432.npz,20120314_1436_HARP1461_NOAA11432,2012-03-14 14:36:00,1461,11432,1,2012
test_2015,train,gs://suryabench-sharp-pipeline-bamidele/samples_npz/2012/20120905_2000_HARP2017_NOAA11568.npz,20120905_2000_HARP2017_NOAA11568,2012-09-05 20:00:00,2017,11568,0,2012
test_2015,train,gs://suryabench-sharp-pipeline-bamidele/samples_npz/2013/20130808_1124_HARP3028_NOAA11809.npz,20130808_1124_HARP3028_NOAA11809,2013-08-08 11:24:00,3028,11809,0,2013
test_2015,train,gs://suryabench-sharp-pipeline-bamidele/samples_npz/2011/20110429_1412_HARP532_NOAA11201.npz,20110429_1412_HARP532_NOAA11201,2011-04-29 14:12:00,532,11201,0,2011
test_2015,train,gs://suryabench-sharp-pipeline-bamidele/samples_npz/2013/20130315_1712_HARP2557_NOAA11695.npz,20130315_1712_HARP2557_NOAA11695,2013-03-15 17:12:00,2557,11695,0,2013
test_2015,train,gs://suryabench-sharp-pipeline-bamidele/samples_npz/2010/20100605_0912_HARP46_NOAA11078.npz,20100605_0912_HARP46_NOAA11078,2010-06-05 09:12:00,46,11078,0,2010
test_2015,train,gs://suryabench-sharp-pipeline-bamidele/samples_npz/2011/20111121_0700_HARP1092_NOAA11354.npz,20111121_0700_HARP1092_NOAA11354,2011-11-21 07:00:00,1092,11354,0,2011
test_2015,train,gs://suryabench-sharp-pipeline-bamidele/samples_npz/2011/20110312_2024_HARP407_NOAA11169.npz,20110312_2024_HARP407_NOAA11169,2011-03-12 20:24:00,407,11169,1,2011
test_2015,train,gs://suryabench-sharp-pipeline-bamidele/samples_npz/2011/20111102_1024_HARP1021_NOAA11334.npz,20111102_1024_HARP1021_NOAA11334,2011-11-02 10:24:00,1021,11334,0,2011
test_2015,train,gs://suryabench-sharp-pipeline-bamidele/samples_npz/2013/20130421_1436_HARP2683_NOAA11729.npz,20130421_1436_HARP2683_NOAA11729,2013-04-21 14:36:00,2683,11729,0,2013
test_2015,train,gs://suryabench-sharp-pipeline-bamidele/samples_npz/2012/20120901_2212_HARP1990_NOAA11562.npz,20120901_2212_HARP1990_NOAA11562,2012-09-01 22:12:00,1990,11562,0,2012
test_2015,train,gs://suryabench-sharp-pipeline-bamidele/samples_npz/2011/20110506_1512_HARP576_NOAA11207.npz,20110506_1512_HARP576_NOAA11207,2011-05-06 15:12:00,576,11207,0,2011
test_2015,train,gs://suryabench-sharp-pipeline-bamidele/samples_npz/2012/20120115_0824_HARP1319_NOAA11400.npz,20120115_0824_HARP1319_NOAA11400,2012-01-15 08:24:00,1319,11400,0,2012
test_2015,train,gs://suryabench-sharp-pipeline-bamidele/samples_npz/2012/20121019_0324_HARP2121_NOAA11591.npz,20121019_0324_HARP2121_NOAA11591,2012-10-19 03:24:00,2121,11591,0,2012
test_2015,train,gs://suryabench-sharp-pipeline-bamidele/samples_npz/2011/20110929_0748_HARP902_NOAA11305.npz,20110929_0748_HARP902_NOAA11305,2011-09-29 07:48:00,902,11305,1,2011
test_2015,train,gs://suryabench-sharp-pipeline-bamidele/samples_npz/2012/20121026_2136_HARP2144_NOAA11600.npz,20121026_2136_HARP2144_NOAA11600,2012-10-26 21:36:00,2144,11600,0,2012
test_2015,train,gs://suryabench-sharp-pipeline-bamidele/samples_npz/2012/20120713_2136_HARP1863_NOAA11523.npz,20120713_2136_HARP1863_NOAA11523,2012-07-13 21:36:00,1863,11523,0,2012
test_2015,train,gs://suryabench-sharp-pipeline-bamidele/samples_npz/2013/20130910_1500_HARP3171_NOAA11839.npz,20130910_1500_HARP3171_NOAA11839,2013-09-10 15:00:00,3171,11839,0,2013
test_2015,train,gs://suryabench-sharp-pipeline-bamidele/samples_npz/2012/20120401_0000_HARP1514_NOAA11448.npz,20120401_0000_HARP1514_NOAA11448,2012-04-01 00:00:00,1514,11448,0,2012
test_2015,train,gs://suryabench-sharp-pipeline-bamidele/samples_npz/2011/20110924_1236_HARP878_NOAA11301.npz,20110924_1236_HARP878_NOAA11301,2011-09-24 12:36:00,878,11301,0,2011
test_2015,train,gs://suryabench-sharp-pipeline-bamidele/samples_npz/2013/20130721_1448_HARP2964_NOAA11795.npz,20130721_1448_HARP2964_NOAA11795,2013-07-21 14:48:00,2964,11795,0,2013
test_2015,train,gs://suryabench-sharp-pipeline-bamidele/samples_npz/2010/20100602_1824_HARP38_NOAA11073.npz,20100602_1824_HARP38_NOAA11073,2010-06-02 18:24:00,38,11073,0,2010
test_2015,train,gs://suryabench-sharp-pipeline-bamidele/samples_npz/2013/20130416_1348_HARP2663_NOAA11723.npz,20130416_1348_HARP2663_NOAA11723,2013-04-16 13:48:00,2663,11723,0,2013
test_2015,train,gs://suryabench-sharp-pipeline-bamidele/samples_npz/2013/20131010_0612_HARP3247_NOAA11857.npz,20131010_0612_HARP3247_NOAA11857,2013-10-10 06:12:00,3247,11857,0,2013
test_2015,train,gs://suryabench-sharp-pipeline-bamidele/samples_npz/2012/20121017_0836_HARP2121_NOAA11591.npz,20121017_0836_HARP2121_NOAA11591,2012-10-17 08:36:00,2121,11591,0,2012
test_2015,train,gs://suryabench-sharp-pipeline-bamidele/samples_npz/2011/20111221_2200_HARP1209_NOAA11380.npz,20111221_2200_HARP1209_NOAA11380,2011-12-21 22:00:00,1209,11380,0,2011
test_2015,train,gs://suryabench-sharp-pipeline-bamidele/samples_npz/2013/20130716_0524_HARP2976_NOAA11796.npz,20130716_0524_HARP2976_NOAA11796,2013-07-16 05:24:00,2976,11796,0,2013
test_2015,train,gs://suryabench-sharp-pipeline-bamidele/samples_npz/2013/20130121_1312_HARP2401_NOAA11659.npz,20130121_1312_HARP2401_NOAA11659,2013-01-21 13:12:00,2401,11659,0,2013
test_2015,train,gs://suryabench-sharp-pipeline-bamidele/samples_npz/2011/20111208_2112_HARP1165_NOAA11367.npz,20111208_2112_HARP1165_NOAA11367,2011-12-08 21:12:00,1165,11367,0,2011
test_2015,train,gs://suryabench-sharp-pipeline-bamidele/samples_npz/2010/20100831_0936_HARP145_NOAA11101.npz,20100831_0936_HARP145_NOAA11101,2010-08-31 09:36:00,145,11101,0,2010
test_2015,train,gs://suryabench-sharp-pipeline-bamidele/samples_npz/2012/20120403_1424_HARP1514_NOAA11448.npz,20120403_1424_HARP1514_NOAA11448,2012-04-03 14:24:00,1514,11448,0,2012
test_2015,train,gs://suryabench-sharp-pipeline-bamidele/samples_npz/2013/20131211_0936_HARP3481_NOAA11923.npz,20131211_0936_HARP3481_NOAA11923,2013-12-11 09:36:00,3481,11923,0,2013
test_2015,train,gs://suryabench-sharp-pipeline-bamidele/samples_npz/2011/20110523_0748_HARP610_NOAA11218.npz,20110523_0748_HARP610_NOAA11218,2011-05-23 07:48:00,610,11218,0,2011
test_2015,train,gs://suryabench-sharp-pipeline-bamidele/samples_npz/2012/20120820_1012_HARP1952_NOAA11551.npz,20120820_1012_HARP1952_NOAA11551,2012-08-20 10:12:00,1952,11551,0,2012
test_2015,train,gs://suryabench-sharp-pipeline-bamidele/samples_npz/2010/20101013_1200_HARP211_NOAA11112.npz,20101013_1200_HARP211_NOAA11112,2010-10-13 12:00:00,211,11112,0,2010
test_2015,train,gs://suryabench-sharp-pipeline-bamidele/samples_npz/2013/20131022_0412_HARP3286_NOAA11872.npz,20131022_0412_HARP3286_NOAA11872,2013-10-22 04:12:00,3286,11872,0,2013
test_2015,train,gs://suryabench-sharp-pipeline-bamidele/samples_npz/2012/20120131_0624_HARP1348_NOAA11411.npz,20120131_0624_HARP1348_NOAA11411,2012-01-31 06:24:00,1348,11411,0,2012
test_2015,train,gs://suryabench-sharp-pipeline-bamidele/samples_npz/2010/20101110_0624_HARP245_NOAA11121.npz,20101110_0624_HARP245_NOAA11121,2010-11-10 06:24:00,245,11121,0,2010
test_2015,train,gs://suryabench-sharp-pipeline-bamidele/samples_npz/2012/20121121_1412_HARP2220_NOAA11618.npz,20121121_1412_HARP2220_NOAA11618,2012-11-21 14:12:00,2220,11618,1,2012
test_2015,train,gs://suryabench-sharp-pipeline-bamidele/samples_npz/2011/20111113_1448_HARP1046_NOAA11343.npz,20111113_1448_HARP1046_NOAA11343,2011-11-13 14:48:00,1046,11343,0,2011
test_2015,train,gs://suryabench-sharp-pipeline-bamidele/samples_npz/2011/20110822_1224_HARP798_NOAA11272.npz,20110822_1224_HARP798_NOAA11272,2011-08-22 12:24:00,798,11272,0,2011
test_2015,train,gs://suryabench-sharp-pipeline-bamidele/samples_npz/2012/20120905_0800_HARP1996_NOAA11563.npz,20120905_0800_HARP1996_NOAA11563,2012-09-05 08:00:00,1996,11563,0,2012
test_2015,train,gs://suryabench-sharp-pipeline-bamidele/samples_npz/2011/20110619_1424_HARP667_NOAA11236.npz,20110619_1424_HARP667_NOAA11236,2011-06-19 14:24:00,667,11236,0,2011
test_2015,train,gs://suryabench-sharp-pipeline-bamidele/samples_npz/2011/20110510_0224_HARP590_NOAA11211.npz,20110510_0224_HARP590_NOAA11211,2011-05-10 02:24:00,590,11211,0,2011
test_2015,train,gs://suryabench-sharp-pipeline-bamidele/samples_npz/2013/20130104_0748_HARP2331_NOAA11638.npz,20130104_0748_HARP2331_NOAA11638,2013-01-04 07:48:00,2331,11638,0,2013
test_2015,train,gs://suryabench-sharp-pipeline-bamidele/samples_npz/2012/20120826_2124_HARP1951_NOAA11552.npz,20120826_2124_HARP1951_NOAA11552,2012-08-26 21:24:00,1951,11552,0,2012
test_2015,train,gs://suryabench-sharp-pipeline-bamidele/samples_npz/2012/20120214_2200_HARP1390_NOAA11418.npz,20120214_2200_HARP1390_NOAA11418,2012-02-14 22:00:00,1390,11418,0,2012
test_2015,train,gs://suryabench-sharp-pipeline-bamidele/samples_npz/2013/20130924_0512_HARP3194_NOAA11845.npz,20130924_0512_HARP3194_NOAA11845,2013-09-24 05:12:00,3194,11845,0,2013
test_2015,train,gs://suryabench-sharp-pipeline-bamidele/samples_npz/2011/20111217_0512_HARP1183_NOAA11376.npz,20111217_0512_HARP1183_NOAA11376,2011-12-17 05:12:00,1183,11376,0,2011
test_2015,train,gs://suryabench-sharp-pipeline-bamidele/samples_npz/2013/20130604_1648_HARP2809_NOAA11760.npz,20130604_1648_HARP2809_NOAA11760,2013-06-04 16:48:00,2809,11760,0,2013
test_2015,train,gs://suryabench-sharp-pipeline-bamidele/samples_npz/2013/20130621_0000_HARP2852_NOAA11769.npz,20130621_0000_HARP2852_NOAA11769,2013-06-21 00:00:00,2852,11769,0,2013
test_2015,train,gs://suryabench-sharp-pipeline-bamidele/samples_npz/2012/20120911_1836_HARP2029_NOAA11570.npz,20120911_1836_HARP2029_NOAA11570,2012-09-11 18:36:00,2029,11570,0,2012
test_2015,train,gs://suryabench-sharp-pipeline-bamidele/samples_npz/2010/20100902_1636_HARP156_NOAA11105.npz,20100902_1636_HARP156_NOAA11105,2010-09-02 16:36:00,156,11105,0,2010
test_2015,train,gs://suryabench-sharp-pipeline-bamidele/samples_npz/2011/20111224_0736_HARP1209_NOAA11380.npz,20111224_0736_HARP1209_NOAA11380,2011-12-24 07:36:00,1209,11380,0,2011
test_2015,train,gs://suryabench-sharp-pipeline-bamidele/samples_npz/2010/20101018_0324_HARP221_NOAA11116.npz,20101018_0324_HARP221_NOAA11116,2010-10-18 03:24:00,221,11116,0,2010
test_2015,train,gs://suryabench-sharp-pipeline-bamidele/samples_npz/2011/20110102_1712_HARP321_NOAA11139.npz,20110102_1712_HARP321_NOAA11139,2011-01-02 17:12:00,321,11139,0,2011
test_2015,train,gs://suryabench-sharp-pipeline-bamidele/samples_npz/2013/20130206_0548_HARP2433_NOAA11665.npz,20130206_0548_HARP2433_NOAA11665,2013-02-06 05:48:00,2433,11665,0,2013
test_2015,train,gs://suryabench-sharp-pipeline-bamidele/samples_npz/2013/20130110_1848_HARP2362_NOAA11652.npz,20130110_1848_HARP2362_NOAA11652,2013-01-10 18:48:00,2362,11652,0,2013
test_2015,train,gs://suryabench-sharp-pipeline-bamidele/samples_npz/2011/20110405_2324_HARP466_NOAA11184.npz,20110405_2324_HARP466_NOAA11184,2011-04-05 23:24:00,466,11184,0,2011
test_2015,train,gs://suryabench-sharp-pipeline-bamidele/samples_npz/2011/20110203_1736_HARP362_NOAA11153.npz,20110203_1736_HARP362_NOAA11153,2011-02-03 17:36:00,362,11153,0,2011
test_2015,train,gs://suryabench-sharp-pipeline-bamidele/samples_npz/2013/20131021_0936_HARP3291_NOAA11875.npz,20131021_0936_HARP3291_NOAA11875,2013-10-21 09:36:00,3291,11875,1,2013
test_2015,train,gs://suryabench-sharp-pipeline-bamidele/samples_npz/2013/20130514_1148_HARP2749_NOAA11749.npz,20130514_1148_HARP2749_NOAA11749,2013-05-14 11:48:00,2749,11749,0,2013
test_2015,train,gs://suryabench-sharp-pipeline-bamidele/samples_npz/2013/20130106_1624_HARP2344_NOAA11644.npz,20130106_1624_HARP2344_NOAA11644,2013-01-06 16:24:00,2344,11644,0,2013
test_2015,train,gs://suryabench-sharp-pipeline-bamidele/samples_npz/2013/20130411_2212_HARP2651_NOAA11721.npz,20130411_2212_HARP2651_NOAA11721,2013-04-11 22:12:00,2651,11721,0,2013
test_2015,train,gs://suryabench-sharp-pipeline-bamidele/samples_npz/2011/20111231_0348_HARP1249_NOAA11390.npz,20111231_0348_HARP1249_NOAA11390,2011-12-31 03:48:00,1249,11390,0,2011
test_2015,train,gs://suryabench-sharp-pipeline-bamidele/samples_npz/2012/20120820_1436_HARP1943_NOAA11547.npz,20120820_1436_HARP1943_NOAA11547,2012-08-20 14:36:00,1943,11547,0,2012
test_2015,train,gs://suryabench-sharp-pipeline-bamidele/samples_npz/2012/20121205_1312_HARP2259_NOAA11626.npz,20121205_1312_HARP2259_NOAA11626,2012-12-05 13:12:00,2259,11626,0,2012
test_2015,train,gs://suryabench-sharp-pipeline-bamidele/samples_npz/2012/20121001_1524_HARP2069_NOAA11582.npz,20121001_1524_HARP2069_NOAA11582,2012-10-01 15:24:00,2069,11582,0,2012
test_2015,train,gs://suryabench-sharp-pipeline-bamidele/samples_npz/2013/20130625_2248_HARP2878_NOAA11777.npz,20130625_2248_HARP2878_NOAA11777,2013-06-25 22:48:00,2878,11777,0,2013
test_2015,train,gs://suryabench-sharp-pipeline-bamidele/samples_npz/2011/20110524_0612_HARP610_NOAA11218.npz,20110524_0612_HARP610_NOAA11218,2011-05-24 06:12:00,610,11218,0,2011
test_2015,train,gs://suryabench-sharp-pipeline-bamidele/samples_npz/2012/20120516_1548_HARP1658_NOAA11483.npz,20120516_1548_HARP1658_NOAA11483,2012-05-16 15:48:00,1658,11483,0,2012
test_2015,train,gs://suryabench-sharp-pipeline-bamidele/samples_npz/2011/20111113_0736_HARP1064_NOAA11349.npz,20111113_0736_HARP1064_NOAA11349,2011-11-13 07:36:00,1064,11349,0,2011
test_2015,train,gs://suryabench-sharp-pipeline-bamidele/samples_npz/2012/20120907_0248_HARP2017_NOAA11568.npz,20120907_0248_HARP2017_NOAA11568,2012-09-07 02:48:00,2017,11568,0,2012
test_2015,train,gs://suryabench-sharp-pipeline-bamidele/samples_npz/2013/20130722_2348_HARP2982_NOAA11798.npz,20130722_2348_HARP2982_NOAA11798,2013-07-22 23:48:00,2982,11798,0,2013
test_2015,train,gs://suryabench-sharp-pipeline-bamidele/samples_npz/2013/20130711_2200_HARP2945_NOAA11794.npz,20130711_2200_HARP2945_NOAA11794,2013-07-11 22:00:00,2945,11794,0,2013
test_2015,train,gs://suryabench-sharp-pipeline-bamidele/samples_npz/2012/20121023_0236_HARP2117_NOAA11593.npz,20121023_0236_HARP2117_NOAA11593,2012-10-23 02:36:00,2117,11593,0,2012
test_2015,train,gs://suryabench-sharp-pipeline-bamidele/samples_npz/2013/20131107_1912_HARP3344_NOAA11891.npz,20131107_1912_HARP3344_NOAA11891,2013-11-07 19:12:00,3344,11891,1,2013
test_2015,train,gs://suryabench-sharp-pipeline-bamidele/samples_npz/2012/20120325_1148_HARP1495_NOAA11447.npz,20120325_1148_HARP1495_NOAA11447,2012-03-25 11:48:00,1495,11447,0,2012
test_2015,train,gs://suryabench-sharp-pipeline-bamidele/samples_npz/2012/20120416_2312_HARP1557_NOAA11454.npz,20120416_2312_HARP1557_NOAA11454,2012-04-16 23:12:00,1557,11454,0,2012
test_2015,train,gs://suryabench-sharp-pipeline-bamidele/samples_npz/2013/20130227_2136_HARP2504_NOAA11680.npz,20130227_2136_HARP2504_NOAA11680,2013-02-27 21:36:00,2504,11680,0,2013
test_2015,train,gs://suryabench-sharp-pipeline-bamidele/samples_npz/2012/20121211_0124_HARP2270_NOAA11630.npz,20121211_0124_HARP2270_NOAA11630,2012-12-11 01:24:00,2270,11630,0,2012
test_2015,train,gs://suryabench-sharp-pipeline-bamidele/samples_npz/2011/20110804_1048_HARP751_NOAA11264.npz,20110804_1048_HARP751_NOAA11264,2011-08-04 10:48:00,751,11264,0,2011
test_2015,train,gs://suryabench-sharp-pipeline-bamidele/samples_npz/2011/20110715_1448_HARP712_NOAA11250.npz,20110715_1448_HARP712_NOAA11250,2011-07-15 14:48:00,712,11250,0,2011
test_2015,train,gs://suryabench-sharp-pipeline-bamidele/samples_npz/2013/20130818_2212_HARP3097_NOAA11824.npz,20130818_2212_HARP3097_NOAA11824,2013-08-18 22:12:00,3097,11824,0,2013
test_2015,train,gs://suryabench-sharp-pipeline-bamidele/samples_npz/2011/20110802_2224_HARP755_NOAA11264.npz,20110802_2224_HARP755_NOAA11264,2011-08-02 22:24:00,755,11264,0,2011
test_2015,train,gs://suryabench-sharp-pipeline-bamidele/samples_npz/2013/20130512_1712_HARP2733_NOAA11742.npz,20130512_1712_HARP2733_NOAA11742,2013-05-12 17:12:00,2733,11742,0,2013
test_2015,train,gs://suryabench-sharp-pipeline-bamidele/samples_npz/2013/20130328_1336_HARP2595_NOAA11706.npz,20130328_1336_HARP2595_NOAA11706,2013-03-28 13:36:00,2595,11706,0,2013
test_2015,train,gs://suryabench-sharp-pipeline-bamidele/samples_npz/2013/20130407_0924_HARP2605_NOAA11711.npz,20130407_0924_HARP2605_NOAA11711,2013-04-07 09:24:00,2605,11711,0,2013
test_2015,train,gs://suryabench-sharp-pipeline-bamidele/samples_npz/2013/20130925_0200_HARP3194_NOAA11845.npz,20130925_0200_HARP3194_NOAA11845,2013-09-25 02:00:00,3194,11845,0,2013
test_2015,train,gs://suryabench-sharp-pipeline-bamidele/samples_npz/2012/20120703_1724_HARP1807_NOAA11514.npz,20120703_1724_HARP1807_NOAA11514,2012-07-03 17:24:00,1807,11514,0,2012
test_2015,train,gs://suryabench-sharp-pipeline-bamidele/samples_npz/2013/20130508_1236_HARP2718_NOAA11740.npz,20130508_1236_HARP2718_NOAA11740,2013-05-08 12:36:00,2718,11740,0,2013
test_2015,train,gs://suryabench-sharp-pipeline-bamidele/samples_npz/2013/20130501_1636_HARP2693_NOAA11731.npz,20130501_1636_HARP2693_NOAA11731,2013-05-01 16:36:00,2693,11731,1,2013
test_2015,train,gs://suryabench-sharp-pipeline-bamidele/samples_npz/2011/20111116_0600_HARP1064_NOAA11349.npz,20111116_0600_HARP1064_NOAA11349,2011-11-16 06:00:00,1064,11349,0,2011
test_2015,train,gs://suryabench-sharp-pipeline-bamidele/samples_npz/2011/20110509_1212_HARP580_NOAA11210.npz,20110509_1212_HARP580_NOAA11210,2011-05-09 12:12:00,580,11210,0,2011
test_2015,train,gs://suryabench-sharp-pipeline-bamidele/samples_npz/2012/20120117_1600_HARP1312_NOAA11397.npz,20120117_1600_HARP1312_NOAA11397,2012-01-17 16:00:00,1312,11397,0,2012
test_2015,train,gs://suryabench-sharp-pipeline-bamidele/samples_npz/2011/20110515_1648_HARP595_NOAA11212.npz,20110515_1648_HARP595_NOAA11212,2011-05-15 16:48:00,595,11212,0,2011
test_2015,train,gs://suryabench-sharp-pipeline-bamidele/samples_npz/2013/20130108_1700_HARP2341_NOAA11642.npz,20130108_1700_HARP2341_NOAA11642,2013-01-08 17:00:00,2341,11642,0,2013
test_2015,train,gs://suryabench-sharp-pipeline-bamidele/samples_npz/2012/20120802_2248_HARP1893_NOAA11534.npz,20120802_2248_HARP1893_NOAA11534,2012-08-02 22:48:00,1893,11534,0,2012
test_2015,train,gs://suryabench-sharp-pipeline-bamidele/samples_npz/2013/20130819_1424_HARP3066_NOAA11820.npz,20130819_1424_HARP3066_NOAA11820,2013-08-19 14:24:00,3066,11820,0,2013
test_2015,train,gs://suryabench-sharp-pipeline-bamidele/samples_npz/2010/20100609_0336_HARP49_NOAA11079.npz,20100609_0336_HARP49_NOAA11079,2010-06-09 03:36:00,49,11079,0,2010
test_2015,train,gs://suryabench-sharp-pipeline-bamidele/samples_npz/2010/20101113_1424_HARP252_NOAA11124.npz,20101113_1424_HARP252_NOAA11124,2010-11-13 14:24:00,252,11124,0,2010
test_2015,train,gs://suryabench-sharp-pipeline-bamidele/samples_npz/2011/20110401_1336_HARP443_NOAA11181.npz,20110401_1336_HARP443_NOAA11181,2011-04-01 13:36:00,443,11181,0,2011
test_2015,train,gs://suryabench-sharp-pipeline-bamidele/samples_npz/2011/20110428_1100_HARP536_NOAA11202.npz,20110428_1100_HARP536_NOAA11202,2011-04-28 11:00:00,536,11202,0,2011
test_2015,train,gs://suryabench-sharp-pipeline-bamidele/samples_npz/2012/20121231_2012_HARP2337_NOAA11640.npz,20121231_2012_HARP2337_NOAA11640,2012-12-31 20:12:00,2337,11640,0,2012
test_2015,train,gs://suryabench-sharp-pipeline-bamidele/samples_npz/2013/20130602_2100_HARP2822_NOAA11764.npz,20130602_2100_HARP2822_NOAA11764,2013-06-02 21:00:00,2822,11764,0,2013
test_2015,train,gs://suryabench-sharp-pipeline-bamidele/samples_npz/2013/20130405_0224_HARP2597_NOAA11713.npz,20130405_0224_HARP2597_NOAA11713,2013-04-05 02:24:00,2597,11713,0,2013
test_2015,train,gs://suryabench-sharp-pipeline-bamidele/samples_npz/2012/20120218_0236_HARP1399_NOAA11420.npz,20120218_0236_HARP1399_NOAA11420,2012-02-18 02:36:00,1399,11420,0,2012
test_2015,train,gs://suryabench-sharp-pipeline-bamidele/samples_npz/2013/20131204_0424_HARP3448_NOAA11916.npz,20131204_0424_HARP3448_NOAA11916,2013-12-04 04:24:00,3448,11916,0,2013
test_2015,train,gs://suryabench-sharp-pipeline-bamidele/samples_npz/2011/20110412_0200_HARP480_NOAA11185.npz,20110412_0200_HARP480_NOAA11185,2011-04-12 02:00:00,480,11185,0,2011
test_2015,train,gs://suryabench-sharp-pipeline-bamidele/samples_npz/2013/20131204_0536_HARP3437_NOAA11909.npz,20131204_0536_HARP3437_NOAA11909,2013-12-04 05:36:00,3437,11909,0,2013
test_2015,train,gs://suryabench-sharp-pipeline-bamidele/samples_npz/2012/20120104_1612_HARP1275_NOAA11393.npz,20120104_1612_HARP1275_NOAA11393,2012-01-04 16:12:00,1275,11393,0,2012
test_2015,train,gs://suryabench-sharp-pipeline-bamidele/samples_npz/2013/20131118_2348_HARP3368_NOAA11896.npz,20131118_2348_HARP3368_NOAA11896,2013-11-18 23:48:00,3368,11896,0,2013
test_2015,train,gs://suryabench-sharp-pipeline-bamidele/samples_npz/2013/20130817_1500_HARP3056_NOAA11818.npz,20130817_1500_HARP3056_NOAA11818,2013-08-17 15:00:00,3056,11818,1,2013
test_2015,train,gs://suryabench-sharp-pipeline-bamidele/samples_npz/2011/20111213_0236_HARP1168_NOAA11374.npz,20111213_0236_HARP1168_NOAA11374,2011-12-13 02:36:00,1168,11374,0,2011
test_2015,train,gs://suryabench-sharp-pipeline-bamidele/samples_npz/2013/20130329_1300_HARP2595_NOAA11706.npz,20130329_1300_HARP2595_NOAA11706,2013-03-29 13:00:00,2595,11706,0,2013
test_2015,train,gs://suryabench-sharp-pipeline-bamidele/samples_npz/2013/20130816_0736_HARP3068_NOAA11825.npz,20130816_0736_HARP3068_NOAA11825,2013-08-16 07:36:00,3068,11825,0,2013
test_2015,train,gs://suryabench-sharp-pipeline-bamidele/samples_npz/2013/20130709_1724_HARP2920_NOAA11785.npz,20130709_1724_HARP2920_NOAA11785,2013-07-09 17:24:00,2920,11785,0,2013
test_2015,train,gs://suryabench-sharp-pipeline-bamidele/samples_npz/2013/20130114_1348_HARP2371_NOAA11657.npz,20130114_1348_HARP2371_NOAA11657,2013-01-14 13:48:00,2371,11657,0,2013
test_2015,train,gs://suryabench-sharp-pipeline-bamidele/samples_npz/2011/20111103_0624_HARP1019_NOAA11336.npz,20111103_0624_HARP1019_NOAA11336,2011-11-03 06:24:00,1019,11336,0,2011
test_2015,train,gs://suryabench-sharp-pipeline-bamidele/samples_npz/2012/20121026_0200_HARP2130_NOAA11596.npz,20121026_0200_HARP2130_NOAA11596,2012-10-26 02:00:00,2130,11596,0,2012
test_2015,train,gs://suryabench-sharp-pipeline-bamidele/samples_npz/2013/20130110_2112_HARP2352_NOAA11648.npz,20130110_2112_HARP2352_NOAA11648,2013-01-10 21:12:00,2352,11648,0,2013
test_2015,train,gs://suryabench-sharp-pipeline-bamidele/samples_npz/2012/20120608_0248_HARP1724_NOAA11494.npz,20120608_0248_HARP1724_NOAA11494,2012-06-08 02:48:00,1724,11494,0,2012
test_2015,train,gs://suryabench-sharp-pipeline-bamidele/samples_npz/2011/20110212_0748_HARP371_NOAA11159.npz,20110212_0748_HARP371_NOAA11159,2011-02-12 07:48:00,371,11159,0,2011
test_2015,train,gs://suryabench-sharp-pipeline-bamidele/samples_npz/2012/20120605_1836_HARP1724_NOAA11494.npz,20120605_1836_HARP1724_NOAA11494,2012-06-05 18:36:00,1724,11494,1,2012
test_2015,train,gs://suryabench-sharp-pipeline-bamidele/samples_npz/2013/20130404_2012_HARP2599_NOAA11710.npz,20130404_2012_HARP2599_NOAA11710,2013-04-04 20:12:00,2599,11710,0,2013
test_2015,train,gs://suryabench-sharp-pipeline-bamidele/samples_npz/2013/20130502_0212_HARP2693_NOAA11731.npz,20130502_0212_HARP2693_NOAA11731,2013-05-02 02:12:00,2693,11731,1,2013
test_2015,train,gs://suryabench-sharp-pipeline-bamidele/samples_npz/2011/20111012_1436_HARP956_NOAA11318.npz,20111012_1436_HARP956_NOAA11318,2011-10-12 14:36:00,956,11318,0,2011
test_2015,train,gs://suryabench-sharp-pipeline-bamidele/samples_npz/2013/20131120_0200_HARP3376_NOAA11899.npz,20131120_0200_HARP3376_NOAA11899,2013-11-20 02:00:00,3376,11899,0,2013
test_2015,train,gs://suryabench-sharp-pipeline-bamidele/samples_npz/2012/20120218_0412_HARP1396_NOAA11419.npz,20120218_0412_HARP1396_NOAA11419,2012-02-18 04:12:00,1396,11419,0,2012
test_2015,train,gs://suryabench-sharp-pipeline-bamidele/samples_npz/2013/20130708_0300_HARP2920_NOAA11785.npz,20130708_0300_HARP2920_NOAA11785,2013-07-08 03:00:00,2920,11785,0,2013
test_2015,train,gs://suryabench-sharp-pipeline-bamidele/samples_npz/2011/20110811_1524_HARP772_NOAA11269.npz,20110811_1524_HARP772_NOAA11269,2011-08-11 15:24:00,772,11269,0,2011
test_2015,train,gs://suryabench-sharp-pipeline-bamidele/samples_npz/2012/20121008_1924_HARP2098_NOAA11585.npz,20121008_1924_HARP2098_NOAA11585,2012-10-08 19:24:00,2098,11585,0,2012
test_2015,train,gs://suryabench-sharp-pipeline-bamidele/samples_npz/2011/20111004_0324_HARP909_NOAA11307.npz,20111004_0324_HARP909_NOAA11307,2011-10-04 03:24:00,909,11307,0,2011
test_2015,train,gs://suryabench-sharp-pipeline-bamidele/samples_npz/2013/20130730_1336_HARP3012_NOAA11806.npz,20130730_1336_HARP3012_NOAA11806,2013-07-30 13:36:00,3012,11806,0,2013
test_2015,train,gs://suryabench-sharp-pipeline-bamidele/samples_npz/2012/20121117_0248_HARP2193_NOAA11614.npz,20121117_0248_HARP2193_NOAA11614,2012-11-17 02:48:00,2193,11614,0,2012
test_2015,train,gs://suryabench-sharp-pipeline-bamidele/samples_npz/2011/20110711_2048_HARP702_NOAA11249.npz,20110711_2048_HARP702_NOAA11249,2011-07-11 20:48:00,702,11249,0,2011
test_2015,train,gs://suryabench-sharp-pipeline-bamidele/samples_npz/2012/20120419_0136_HARP1578_NOAA11460.npz,20120419_0136_HARP1578_NOAA11460,2012-04-19 01:36:00,1578,11460,0,2012
test_2015,train,gs://suryabench-sharp-pipeline-bamidele/samples_npz/2013/20130918_1012_HARP3195_NOAA11843.npz,20130918_1012_HARP3195_NOAA11843,2013-09-18 10:12:00,3195,11843,0,2013
test_2015,train,gs://suryabench-sharp-pipeline-bamidele/samples_npz/2012/20120730_2112_HARP1893_NOAA11534.npz,20120730_2112_HARP1893_NOAA11534,2012-07-30 21:12:00,1893,11534,0,2012
test_2015,train,gs://suryabench-sharp-pipeline-bamidele/samples_npz/2011/20110911_2348_HARP850_NOAA11290.npz,20110911_2348_HARP850_NOAA11290,2011-09-11 23:48:00,850,11290,0,2011
test_2015,train,gs://suryabench-sharp-pipeline-bamidele/samples_npz/2011/20111126_0336_HARP1093_NOAA11353.npz,20111126_0336_HARP1093_NOAA11353,2011-11-26 03:36:00,1093,11353,0,2011
test_2015,train,gs://suryabench-sharp-pipeline-bamidele/samples_npz/2011/20110214_1536_HARP377_NOAA11158.npz,20110214_1536_HARP377_NOAA11158,2011-02-14 15:36:00,377,11158,1,2011
test_2015,train,gs://suryabench-sharp-pipeline-bamidele/samples_npz/2011/20110908_2112_HARP851_NOAA11291.npz,20110908_2112_HARP851_NOAA11291,2011-09-08 21:12:00,851,11291,0,2011
test_2015,train,gs://suryabench-sharp-pipeline-bamidele/samples_npz/2011/20110725_1848_HARP740_NOAA11259.npz,20110725_1848_HARP740_NOAA11259,2011-07-25 18:48:00,740,11259,0,2011
test_2015,train,gs://suryabench-sharp-pipeline-bamidele/samples_npz/2012/20120228_0100_HARP1424_NOAA11425.npz,20120228_0100_HARP1424_NOAA11425,2012-02-28 01:00:00,1424,11425,0,2012
test_2015,train,gs://suryabench-sharp-pipeline-bamidele/samples_npz/2012/20120420_1324_HARP1582_NOAA11461.npz,20120420_1324_HARP1582_NOAA11461,2012-04-20 13:24:00,1582,11461,0,2012
test_2015,train,gs://suryabench-sharp-pipeline-bamidele/samples_npz/2012/20120926_1348_HARP2040_NOAA11575.npz,20120926_1348_HARP2040_NOAA11575,2012-09-26 13:48:00,2040,11575,0,2012
test_2015,train,gs://suryabench-sharp-pipeline-bamidele/samples_npz/2013/20131102_2136_HARP3321_NOAA11884.npz,20131102_2136_HARP3321_NOAA11884,2013-11-02 21:36:00,3321,11884,1,2013
test_2015,train,gs://suryabench-sharp-pipeline-bamidele/samples_npz/2012/20120710_0112_HARP1834_NOAA11519.npz,20120710_0112_HARP1834_NOAA11519,2012-07-10 01:12:00,1834,11519,0,2012
test_2015,train,gs://suryabench-sharp-pipeline-bamidele/samples_npz/2013/20131109_2000_HARP3341_NOAA11890.npz,20131109_2000_HARP3341_NOAA11890,2013-11-09 20:00:00,3341,11890,1,2013
test_2015,train,gs://suryabench-sharp-pipeline-bamidele/samples_npz/2013/20130921_0600_HARP3192_NOAA11847.npz,20130921_0600_HARP3192_NOAA11847,2013-09-21 06:00:00,3192,11847,0,2013
test_2015,train,gs://suryabench-sharp-pipeline-bamidele/samples_npz/2013/20130127_1036_HARP2411_NOAA11661.npz,20130127_1036_HARP2411_NOAA11661,2013-01-27 10:36:00,2411,11661,0,2013
test_2015,train,gs://suryabench-sharp-pipeline-bamidele/samples_npz/2013/20130110_2012_HARP2358_NOAA11649.npz,20130110_2012_HARP2358_NOAA11649,2013-01-10 20:12:00,2358,11649,0,2013
test_2015,train,gs://suryabench-sharp-pipeline-bamidele/samples_npz/2013/20130901_0800_HARP3119_NOAA11834.npz,20130901_0800_HARP3119_NOAA11834,2013-09-01 08:00:00,3119,11834,0,2013
test_2015,train,gs://suryabench-sharp-pipeline-bamidele/samples_npz/2012/20120214_1712_HARP1390_NOAA11418.npz,20120214_1712_HARP1390_NOAA11418,2012-02-14 17:12:00,1390,11418,0,2012
test_2015,train,gs://suryabench-sharp-pipeline-bamidele/samples_npz/2011/20111030_2000_HARP1021_NOAA11334.npz,20111030_2000_HARP1021_NOAA11334,2011-10-30 20:00:00,1021,11334,0,2011
test_2015,train,gs://suryabench-sharp-pipeline-bamidele/samples_npz/2013/20131008_0300_HARP3248_NOAA11856.npz,20131008_0300_HARP3248_NOAA11856,2013-10-08 03:00:00,3248,11856,0,2013
test_2015,train,gs://suryabench-sharp-pipeline-bamidele/samples_npz/2012/20121108_1924_HARP2171_NOAA11605.npz,20121108_1924_HARP2171_NOAA11605,2012-11-08 19:24:00,2171,11605,0,2012
test_2015,train,gs://suryabench-sharp-pipeline-bamidele/samples_npz/2011/20110309_1800_HARP401_NOAA11166.npz,20110309_1800_HARP401_NOAA11166,2011-03-09 18:00:00,401,11166,1,2011
test_2015,train,gs://suryabench-sharp-pipeline-bamidele/samples_npz/2011/20110403_0212_HARP451_NOAA11183.npz,20110403_0212_HARP451_NOAA11183,2011-04-03 02:12:00,451,11183,0,2011
test_2015,train,gs://suryabench-sharp-pipeline-bamidele/samples_npz/2013/20130910_1336_HARP3154_NOAA11838.npz,20130910_1336_HARP3154_NOAA11838,2013-09-10 13:36:00,3154,11838,0,2013
test_2015,train,gs://suryabench-sharp-pipeline-bamidele/samples_npz/2011/20110911_0336_HARP847_NOAA11289.npz,20110911_0336_HARP847_NOAA11289,2011-09-11 03:36:00,847,11289,0,2011
test_2015,train,gs://suryabench-sharp-pipeline-bamidele/samples_npz/2013/20130217_1100_HARP2491_NOAA11675.npz,20130217_1100_HARP2491_NOAA11675,2013-02-17 11:00:00,2491,11675,1,2013
test_2015,train,gs://suryabench-sharp-pipeline-bamidele/samples_npz/2011/20110713_1100_HARP705_NOAA11248.npz,20110713_1100_HARP705_NOAA11248,2011-07-13 11:00:00,705,11248,0,2011
test_2015,train,gs://suryabench-sharp-pipeline-bamidele/samples_npz/2011/20110413_1000_HARP495_NOAA11190.npz,20110413_1000_HARP495_NOAA11190,2011-04-13 10:00:00,495,11190,0,2011
test_2015,train,gs://suryabench-sharp-pipeline-bamidele/samples_npz/2011/20111228_0300_HARP1221_NOAA11383.npz,20111228_0300_HARP1221_NOAA11383,2011-12-28 03:00:00,1221,11383,0,2011
test_2015,train,gs://suryabench-sharp-pipeline-bamidele/samples_npz/2011/20111101_0900_HARP1016_NOAA11335.npz,20111101_0900_HARP1016_NOAA11335,2011-11-01 09:00:00,1016,11335,0,2011
test_2015,train,gs://suryabench-sharp-pipeline-bamidele/samples_npz/2012/20120519_0912_HARP1680_NOAA11487.npz,20120519_0912_HARP1680_NOAA11487,2012-05-19 09:12:00,1680,11487,0,2012
test_2015,train,gs://suryabench-sharp-pipeline-bamidele/samples_npz/2012/20120417_1136_HARP1573_NOAA11462.npz,20120417_1136_HARP1573_NOAA11462,2012-04-17 11:36:00,1573,11462,0,2012
test_2015,train,gs://suryabench-sharp-pipeline-bamidele/samples_npz/2012/20120605_0100_HARP1724_NOAA11494.npz,20120605_0100_HARP1724_NOAA11494,2012-06-05 01:00:00,1724,11494,1,2012
test_2015,train,gs://suryabench-sharp-pipeline-bamidele/samples_npz/2011/20110919_1936_HARP867_NOAA11299.npz,20110919_1936_HARP867_NOAA11299,2011-09-19 19:36:00,867,11299,0,2011
test_2015,train,gs://suryabench-sharp-pipeline-bamidele/samples_npz/2012/20120921_0036_HARP2037_NOAA11573.npz,20120921_0036_HARP2037_NOAA11573,2012-09-21 00:36:00,2037,11573,0,2012
test_2015,train,gs://suryabench-sharp-pipeline-bamidele/samples_npz/2013/20130115_0724_HARP2371_NOAA11657.npz,20130115_0724_HARP2371_NOAA11657,2013-01-15 07:24:00,2371,11657,0,2013
test_2015,train,gs://suryabench-sharp-pipeline-bamidele/samples_npz/2011/20110313_0848_HARP407_NOAA11169.npz,20110313_0848_HARP407_NOAA11169,2011-03-13 08:48:00,407,11169,1,2011
test_2015,train,gs://suryabench-sharp-pipeline-bamidele/samples_npz/2010/20101204_0400_HARP285_NOAA11132.npz,20101204_0400_HARP285_NOAA11132,2010-12-04 04:00:00,285,11132,0,2010
test_2015,train,gs://suryabench-sharp-pipeline-bamidele/samples_npz/2012/20120831_2036_HARP1970_NOAA11555.npz,20120831_2036_HARP1970_NOAA11555,2012-08-31 20:36:00,1970,11555,0,2012
test_2015,train,gs://suryabench-sharp-pipeline-bamidele/samples_npz/2012/20120906_1748_HARP2007_NOAA11565.npz,20120906_1748_HARP2007_NOAA11565,2012-09-06 17:48:00,2007,11565,0,2012
test_2015,train,gs://suryabench-sharp-pipeline-bamidele/samples_npz/2012/20120216_1000_HARP1396_NOAA11419.npz,20120216_1000_HARP1396_NOAA11419,2012-02-16 10:00:00,1396,11419,0,2012
test_2015,train,gs://suryabench-sharp-pipeline-bamidele/samples_npz/2012/20120229_1348_HARP1426_NOAA11426.npz,20120229_1348_HARP1426_NOAA11426,2012-02-29 13:48:00,1426,11426,0,2012
test_2015,train,gs://suryabench-sharp-pipeline-bamidele/samples_npz/2011/20111225_1812_HARP1209_NOAA11380.npz,20111225_1812_HARP1209_NOAA11380,2011-12-25 18:12:00,1209,11380,0,2011
test_2015,train,gs://suryabench-sharp-pipeline-bamidele/samples_npz/2012/20121127_0412_HARP2239_NOAA11622.npz,20121127_0412_HARP2239_NOAA11622,2012-11-27 04:12:00,2239,11622,0,2012
test_2015,train,gs://suryabench-sharp-pipeline-bamidele/samples_npz/2012/20120117_2100_HARP1313_NOAA11403.npz,20120117_2100_HARP1313_NOAA11403,2012-01-17 21:00:00,1313,11403,0,2012
test_2015,train,gs://suryabench-sharp-pipeline-bamidele/samples_npz/2012/20120501_2248_HARP1613_NOAA11467.npz,20120501_2248_HARP1613_NOAA11467,2012-05-01 22:48:00,1613,11467,0,2012
test_2015,train,gs://suryabench-sharp-pipeline-bamidele/samples_npz/2012/20121118_1012_HARP2203_NOAA11616.npz,20121118_1012_HARP2203_NOAA11616,2012-11-18 10:12:00,2203,11616,0,2012
test_2015,train,gs://suryabench-sharp-pipeline-bamidele/samples_npz/2013/20130822_0748_HARP3098_NOAA11827.npz,20130822_0748_HARP3098_NOAA11827,2013-08-22 07:48:00,3098,11827,0,2013
test_2015,train,gs://suryabench-sharp-pipeline-bamidele/samples_npz/2011/20111022_2200_HARP982_NOAA11327.npz,20111022_2200_HARP982_NOAA11327,2011-10-22 22:00:00,982,11327,0,2011
test_2015,train,gs://suryabench-sharp-pipeline-bamidele/samples_npz/2012/20120519_0248_HARP1680_NOAA11487.npz,20120519_0248_HARP1680_NOAA11487,2012-05-19 02:48:00,1680,11487,0,2012
test_2015,train,gs://suryabench-sharp-pipeline-bamidele/samples_npz/2012/20120130_2136_HARP1350_NOAA11410.npz,20120130_2136_HARP1350_NOAA11410,2012-01-30 21:36:00,1350,11410,0,2012
test_2015,train,gs://suryabench-sharp-pipeline-bamidele/samples_npz/2012/20120414_1512_HARP1557_NOAA11454.npz,20120414_1512_HARP1557_NOAA11454,2012-04-14 15:12:00,1557,11454,0,2012
test_2015,train,gs://suryabench-sharp-pipeline-bamidele/samples_npz/2011/20111204_0536_HARP1133_NOAA11365.npz,20111204_0536_HARP1133_NOAA11365,2011-12-04 05:36:00,1133,11365,0,2011
test_2015,train,gs://suryabench-sharp-pipeline-bamidele/samples_npz/2012/20120418_2036_HARP1572_NOAA11458.npz,20120418_2036_HARP1572_NOAA11458,2012-04-18 20:36:00,1572,11458,0,2012
test_2015,train,gs://suryabench-sharp-pipeline-bamidele/samples_npz/2012/20121206_2312_HARP2259_NOAA11626.npz,20121206_2312_HARP2259_NOAA11626,2012-12-06 23:12:00,2259,11626,0,2012
test_2015,train,gs://suryabench-sharp-pipeline-bamidele/samples_npz/2011/20111001_1136_HARP902_NOAA11305.npz,20111001_1136_HARP902_NOAA11305,2011-10-01 11:36:00,902,11305,1,2011
test_2015,train,gs://suryabench-sharp-pipeline-bamidele/samples_npz/2011/20110403_1324_HARP451_NOAA11183.npz,20110403_1324_HARP451_NOAA11183,2011-04-03 13:24:00,451,11183,0,2011
test_2015,train,gs://suryabench-sharp-pipeline-bamidele/samples_npz/2011/20110817_0512_HARP799_NOAA11273.npz,20110817_0512_HARP799_NOAA11273,2011-08-17 05:12:00,799,11273,0,2011
test_2015,train,gs://suryabench-sharp-pipeline-bamidele/samples_npz/2012/20120703_1048_HARP1806_NOAA11513.npz,20120703_1048_HARP1806_NOAA11513,2012-07-03 10:48:00,1806,11513,1,2012
test_2015,train,gs://suryabench-sharp-pipeline-bamidele/samples_npz/2011/20110827_0412_HARP803_NOAA11274.npz,20110827_0412_HARP803_NOAA11274,2011-08-27 04:12:00,803,11274,0,2011
test_2015,train,gs://suryabench-sharp-pipeline-bamidele/samples_npz/2012/20121002_0800_HARP2061_NOAA11580.npz,20121002_0800_HARP2061_NOAA11580,2012-10-02 08:00:00,2061,11580,0,2012
test_2015,train,gs://suryabench-sharp-pipeline-bamidele/samples_npz/2010/20100822_0648_HARP135_NOAA11100.npz,20100822_0648_HARP135_NOAA11100,2010-08-22 06:48:00,135,11100,0,2010
test_2015,train,gs://suryabench-sharp-pipeline-bamidele/samples_npz/2013/20130102_1848_HARP2338_NOAA11641.npz,20130102_1848_HARP2338_NOAA11641,2013-01-02 18:48:00,2338,11641,0,2013
test_2015,train,gs://suryabench-sharp-pipeline-bamidele/samples_npz/2013/20130215_1400_HARP2471_NOAA11672.npz,20130215_1400_HARP2471_NOAA11672,2013-02-15 14:00:00,2471,11672,0,2013
test_2015,train,gs://suryabench-sharp-pipeline-bamidele/samples_npz/2012/20120325_1648_HARP1492_NOAA11442.npz,20120325_1648_HARP1492_NOAA11442,2012-03-25 16:48:00,1492,11442,0,2012
test_2015,train,gs://suryabench-sharp-pipeline-bamidele/samples_npz/2011/20110802_1324_HARP753_NOAA11263.npz,20110802_1324_HARP753_NOAA11263,2011-08-02 13:24:00,753,11263,1,2011
test_2015,train,gs://suryabench-sharp-pipeline-bamidele/samples_npz/2013/20131115_0724_HARP3364_NOAA11893.npz,20131115_0724_HARP3364_NOAA11893,2013-11-15 07:24:00,3364,11893,0,2013
test_2015,train,gs://suryabench-sharp-pipeline-bamidele/samples_npz/2013/20130820_0436_HARP3108_NOAA11826.npz,20130820_0436_HARP3108_NOAA11826,2013-08-20 04:36:00,3108,11826,0,2013
test_2015,train,gs://suryabench-sharp-pipeline-bamidele/samples_npz/2012/20120527_1336_HARP1701_NOAA11490.npz,20120527_1336_HARP1701_NOAA11490,2012-05-27 13:36:00,1701,11490,0,2012
test_2015,train,gs://suryabench-sharp-pipeline-bamidele/samples_npz/2013/20130308_1712_HARP2522_NOAA11689.npz,20130308_1712_HARP2522_NOAA11689,2013-03-08 17:12:00,2522,11689,0,2013
test_2015,train,gs://suryabench-sharp-pipeline-bamidele/samples_npz/2012/20120730_0024_HARP1879_NOAA11529.npz,20120730_0024_HARP1879_NOAA11529,2012-07-30 00:24:00,1879,11529,0,2012
test_2015,train,gs://suryabench-sharp-pipeline-bamidele/samples_npz/2013/20130409_0448_HARP2625_NOAA11716.npz,20130409_0448_HARP2625_NOAA11716,2013-04-09 04:48:00,2625,11716,0,2013
test_2015,train,gs://suryabench-sharp-pipeline-bamidele/samples_npz/2013/20130327_1512_HARP2595_NOAA11706.npz,20130327_1512_HARP2595_NOAA11706,2013-03-27 15:12:00,2595,11706,0,2013
test_2015,train,gs://suryabench-sharp-pipeline-bamidele/samples_npz/2013/20130114_1224_HARP2372_NOAA11654.npz,20130114_1224_HARP2372_NOAA11654,2013-01-14 12:24:00,2372,11654,0,2013
test_2015,train,gs://suryabench-sharp-pipeline-bamidele/samples_npz/2013/20131117_0300_HARP3368_NOAA11896.npz,20131117_0300_HARP3368_NOAA11896,2013-11-17 03:00:00,3368,11896,0,2013
test_2015,train,gs://suryabench-sharp-pipeline-bamidele/samples_npz/2011/20110612_1212_HARP662_NOAA11235.npz,20110612_1212_HARP662_NOAA11235,2011-06-12 12:12:00,662,11235,0,2011
test_2015,train,gs://suryabench-sharp-pipeline-bamidele/samples_npz/2012/20120418_2224_HARP1573_NOAA11462.npz,20120418_2224_HARP1573_NOAA11462,2012-04-18 22:24:00,1573,11462,0,2012
test_2015,train,gs://suryabench-sharp-pipeline-bamidele/samples_npz/2013/20130604_0048_HARP2809_NOAA11760.npz,20130604_0048_HARP2809_NOAA11760,2013-06-04 00:48:00,2809,11760,0,2013
test_2015,train,gs://suryabench-sharp-pipeline-bamidele/samples_npz/2012/20120218_1348_HARP1399_NOAA11420.npz,20120218_1348_HARP1399_NOAA11420,2012-02-18 13:48:00,1399,11420,0,2012
test_2015,train,gs://suryabench-sharp-pipeline-bamidele/samples_npz/2011/20111130_1000_HARP1113_NOAA11358.npz,20111130_1000_HARP1113_NOAA11358,2011-11-30 10:00:00,1113,11358,0,2011
test_2015,train,gs://suryabench-sharp-pipeline-bamidele/samples_npz/2012/20120115_0248_HARP1309_NOAA11396.npz,20120115_0248_HARP1309_NOAA11396,2012-01-15 02:48:00,1309,11396,0,2012
test_2015,train,gs://suryabench-sharp-pipeline-bamidele/samples_npz/2013/20131117_1448_HARP3376_NOAA11899.npz,20131117_1448_HARP3376_NOAA11899,2013-11-17 14:48:00,3376,11899,0,2013
test_2015,train,gs://suryabench-sharp-pipeline-bamidele/samples_npz/2013/20130518_2348_HARP2748_NOAA11748.npz,20130518_2348_HARP2748_NOAA11748,2013-05-18 23:48:00,2748,11748,0,2013
test_2015,train,gs://suryabench-sharp-pipeline-bamidele/samples_npz/2012/20120928_0248_HARP2047_NOAA11578.npz,20120928_0248_HARP2047_NOAA11578,2012-09-28 02:48:00,2047,11578,0,2012
test_2015,train,gs://suryabench-sharp-pipeline-bamidele/samples_npz/2013/20130113_0600_HARP2362_NOAA11652.npz,20130113_0600_HARP2362_NOAA11652,2013-01-13 06:00:00,2362,11652,1,2013
test_2015,train,gs://suryabench-sharp-pipeline-bamidele/samples_npz/2011/20110601_2248_HARP632_NOAA11225.npz,20110601_2248_HARP632_NOAA11225,2011-06-01 22:48:00,632,11225,0,2011
test_2015,train,gs://suryabench-sharp-pipeline-bamidele/samples_npz/2013/20130422_1612_HARP2683_NOAA11729.npz,20130422_1612_HARP2683_NOAA11729,2013-04-22 16:12:00,2683,11729,0,2013
test_2015,train,gs://suryabench-sharp-pipeline-bamidele/samples_npz/2012/20120529_0336_HARP1688_NOAA11488.npz,20120529_0336_HARP1688_NOAA11488,2012-05-29 03:36:00,1688,11488,0,2012
test_2015,train,gs://suryabench-sharp-pipeline-bamidele/samples_npz/2011/20110209_0900_HARP366_NOAA11155.npz,20110209_0900_HARP366_NOAA11155,2011-02-09 09:00:00,366,11155,0,2011
test_2015,train,gs://suryabench-sharp-pipeline-bamidele/samples_npz/2011/20111109_1124_HARP1026_NOAA11338.npz,20111109_1124_HARP1026_NOAA11338,2011-11-09 11:24:00,1026,11338,0,2011
test_2015,train,gs://suryabench-sharp-pipeline-bamidele/samples_npz/2011/20111203_0448_HARP1124_NOAA11363.npz,20111203_0448_HARP1124_NOAA11363,2011-12-03 04:48:00,1124,11363,0,2011
test_2015,train,gs://suryabench-sharp-pipeline-bamidele/samples_npz/2011/20110508_0936_HARP589_NOAA11209.npz,20110508_0936_HARP589_NOAA11209,2011-05-08 09:36:00,589,11209,0,2011
test_2015,train,gs://suryabench-sharp-pipeline-bamidele/samples_npz/2013/20130420_0424_HARP2673_NOAA11726.npz,20130420_0424_HARP2673_NOAA11726,2013-04-20 04:24:00,2673,11726,0,2013
test_2015,train,gs://suryabench-sharp-pipeline-bamidele/samples_npz/2012/20120724_1224_HARP1873_NOAA11526.npz,20120724_1224_HARP1873_NOAA11526,2012-07-24 12:24:00,1873,11526,0,2012
test_2015,train,gs://suryabench-sharp-pipeline-bamidele/samples_npz/2013/20130620_0000_HARP2852_NOAA11769.npz,20130620_0000_HARP2852_NOAA11769,2013-06-20 00:00:00,2852,11769,0,2013
test_2015,train,gs://suryabench-sharp-pipeline-bamidele/samples_npz/2013/20130102_2000_HARP2351_NOAA11647.npz,20130102_2000_HARP2351_NOAA11647,2013-01-02 20:00:00,2351,11647,0,2013
test_2015,train,gs://suryabench-sharp-pipeline-bamidele/samples_npz/2011/20110624_1248_HARP681_NOAA11241.npz,20110624_1248_HARP681_NOAA11241,2011-06-24 12:48:00,681,11241,0,2011
test_2015,train,gs://suryabench-sharp-pipeline-bamidele/samples_npz/2012/20120504_1524_HARP1628_NOAA11472.npz,20120504_1524_HARP1628_NOAA11472,2012-05-04 15:24:00,1628,11472,0,2012
test_2015,train,gs://suryabench-sharp-pipeline-bamidele/samples_npz/2013/20130815_1500_HARP3056_NOAA11818.npz,20130815_1500_HARP3056_NOAA11818,2013-08-15 15:00:00,3056,11818,0,2013
test_2015,train,gs://suryabench-sharp-pipeline-bamidele/samples_npz/2013/20130330_0124_HARP2598_NOAA11707.npz,20130330_0124_HARP2598_NOAA11707,2013-03-30 01:24:00,2598,11707,0,2013
test_2015,train,gs://suryabench-sharp-pipeline-bamidele/samples_npz/2012/20120517_1324_HARP1657_NOAA11481.npz,20120517_1324_HARP1657_NOAA11481,2012-05-17 13:24:00,1657,11481,0,2012
test_2015,train,gs://suryabench-sharp-pipeline-bamidele/samples_npz/2012/20120421_1048_HARP1574_NOAA11459.npz,20120421_1048_HARP1574_NOAA11459,2012-04-21 10:48:00,1574,11459,0,2012
test_2015,train,gs://suryabench-sharp-pipeline-bamidele/samples_npz/2011/20111222_1236_HARP1232_NOAA11385.npz,20111222_1236_HARP1232_NOAA11385,2011-12-22 12:36:00,1232,11385,0,2011
test_2015,train,gs://suryabench-sharp-pipeline-bamidele/samples_npz/2011/20111205_0400_HARP1120_NOAA11362.npz,20111205_0400_HARP1120_NOAA11362,2011-12-05 04:00:00,1120,11362,0,2011
test_2015,train,gs://suryabench-sharp-pipeline-bamidele/samples_npz/2013/20130620_0836_HARP2875_NOAA11776.npz,20130620_0836_HARP2875_NOAA11776,2013-06-20 08:36:00,2875,11776,0,2013
test_2015,train,gs://suryabench-sharp-pipeline-bamidele/samples_npz/2011/20110927_2212_HARP892_NOAA11302.npz,20110927_2212_HARP892_NOAA11302,2011-09-27 22:12:00,892,11302,1,2011
test_2015,train,gs://suryabench-sharp-pipeline-bamidele/samples_npz/2013/20130815_0736_HARP3068_NOAA11825.npz,20130815_0736_HARP3068_NOAA11825,2013-08-15 07:36:00,3068,11825,0,2013
test_2015,train,gs://suryabench-sharp-pipeline-bamidele/samples_npz/2013/20130915_0124_HARP3176_NOAA11841.npz,20130915_0124_HARP3176_NOAA11841,2013-09-15 01:24:00,3176,11841,0,2013
test_2015,train,gs://suryabench-sharp-pipeline-bamidele/samples_npz/2013/20130807_0812_HARP3028_NOAA11809.npz,20130807_0812_HARP3028_NOAA11809,2013-08-07 08:12:00,3028,11809,0,2013
test_2015,train,gs://suryabench-sharp-pipeline-bamidele/samples_npz/2011/20111119_1112_HARP1080_NOAA11357.npz,20111119_1112_HARP1080_NOAA11357,2011-11-19 11:12:00,1080,11357,0,2011
test_2015,train,gs://suryabench-sharp-pipeline-bamidele/samples_npz/2013/20131115_0924_HARP3368_NOAA11896.npz,20131115_0924_HARP3368_NOAA11896,2013-11-15 09:24:00,3368,11896,0,2013
test_2015,train,gs://suryabench-sharp-pipeline-bamidele/samples_npz/2011/20110912_0412_HARP851_NOAA11291.npz,20110912_0412_HARP851_NOAA11291,2011-09-12 04:12:00,851,11291,0,2011
test_2015,train,gs://suryabench-sharp-pipeline-bamidele/samples_npz/2012/20120118_1212_HARP1318_NOAA11399.npz,20120118_1212_HARP1318_NOAA11399,2012-01-18 12:12:00,1318,11399,0,2012
test_2015,train,gs://suryabench-sharp-pipeline-bamidele/samples_npz/2013/20131005_1724_HARP3252_NOAA11862.npz,20131005_1724_HARP3252_NOAA11862,2013-10-05 17:24:00,3252,11862,0,2013
test_2015,train,gs://suryabench-sharp-pipeline-bamidele/samples_npz/2011/20110529_1648_HARP625_NOAA11223.npz,20110529_1648_HARP625_NOAA11223,2011-05-29 16:48:00,625,11223,0,2011
test_2015,train,gs://suryabench-sharp-pipeline-bamidele/samples_npz/2011/20110409_1424_HARP488_NOAA11188.npz,20110409_1424_HARP488_NOAA11188,2011-04-09 14:24:00,488,11188,0,2011
test_2015,train,gs://suryabench-sharp-pipeline-bamidele/samples_npz/2011/20110501_1100_HARP532_NOAA11201.npz,20110501_1100_HARP532_NOAA11201,2011-05-01 11:00:00,532,11201,0,2011
test_2015,train,gs://suryabench-sharp-pipeline-bamidele/samples_npz/2011/20110104_0900_HARP327_NOAA11142.npz,20110104_0900_HARP327_NOAA11142,2011-01-04 09:00:00,327,11142,0,2011
test_2015,train,gs://suryabench-sharp-pipeline-bamidele/samples_npz/2013/20130922_2136_HARP3205_NOAA11849.npz,20130922_2136_HARP3205_NOAA11849,2013-09-22 21:36:00,3205,11849,0,2013
test_2015,train,gs://suryabench-sharp-pipeline-bamidele/samples_npz/2013/20130821_0000_HARP3066_NOAA11820.npz,20130821_0000_HARP3066_NOAA11820,2013-08-21 00:00:00,3066,11820,0,2013
test_2015,train,gs://suryabench-sharp-pipeline-bamidele/samples_npz/2013/20131106_2012_HARP3330_NOAA11887.npz,20131106_2012_HARP3330_NOAA11887,2013-11-06 20:12:00,3330,11887,0,2013
test_2015,train,gs://suryabench-sharp-pipeline-bamidele/samples_npz/2013/20131118_0612_HARP3366_NOAA11895.npz,20131118_0612_HARP3366_NOAA11895,2013-11-18 06:12:00,3366,11895,0,2013
test_2015,train,gs://suryabench-sharp-pipeline-bamidele/samples_npz/2012/20120320_1448_HARP1484_NOAA11440.npz,20120320_1448_HARP1484_NOAA11440,2012-03-20 14:48:00,1484,11440,0,2012
test_2015,train,gs://suryabench-sharp-pipeline-bamidele/samples_npz/2011/20110517_1724_HARP602_NOAA11214.npz,20110517_1724_HARP602_NOAA11214,2011-05-17 17:24:00,602,11214,0,2011
test_2015,train,gs://suryabench-sharp-pipeline-bamidele/samples_npz/2010/20100808_0912_HARP114_NOAA11095.npz,20100808_0912_HARP114_NOAA11095,2010-08-08 09:12:00,114,11095,0,2010
test_2015,train,gs://suryabench-sharp-pipeline-bamidele/samples_npz/2012/20120228_2200_HARP1422_NOAA11423.npz,20120228_2200_HARP1422_NOAA11423,2012-02-28 22:00:00,1422,11423,0,2012
test_2015,train,gs://suryabench-sharp-pipeline-bamidele/samples_npz/2010/20101112_0712_HARP245_NOAA11121.npz,20101112_0712_HARP245_NOAA11121,2010-11-12 07:12:00,245,11121,0,2010
test_2015,train,gs://suryabench-sharp-pipeline-bamidele/samples_npz/2013/20131117_0612_HARP3366_NOAA11895.npz,20131117_0612_HARP3366_NOAA11895,2013-11-17 06:12:00,3366,11895,0,2013
test_2015,train,gs://suryabench-sharp-pipeline-bamidele/samples_npz/2013/20131212_1612_HARP3474_NOAA11927.npz,20131212_1612_HARP3474_NOAA11927,2013-12-12 16:12:00,3474,11927,0,2013
test_2015,train,gs://suryabench-sharp-pipeline-bamidele/samples_npz/2013/20131003_1700_HARP3250_NOAA11859.npz,20131003_1700_HARP3250_NOAA11859,2013-10-03 17:00:00,3250,11859,0,2013
test_2015,train,gs://suryabench-sharp-pipeline-bamidele/samples_npz/2013/20130325_1348_HARP2585_NOAA11705.npz,20130325_1348_HARP2585_NOAA11705,2013-03-25 13:48:00,2585,11705,0,2013
test_2015,train,gs://suryabench-sharp-pipeline-bamidele/samples_npz/2010/20101130_1648_HARP274_NOAA11130.npz,20101130_1648_HARP274_NOAA11130,2010-11-30 16:48:00,274,11130,0,2010
test_2015,train,gs://suryabench-sharp-pipeline-bamidele/samples_npz/2013/20131201_0612_HARP3420_NOAA11905.npz,20131201_0612_HARP3420_NOAA11905,2013-12-01 06:12:00,3420,11905,0,2013
test_2015,train,gs://suryabench-sharp-pipeline-bamidele/samples_npz/2012/20120127_1200_HARP1339_NOAA11412.npz,20120127_1200_HARP1339_NOAA11412,2012-01-27 12:00:00,1339,11412,0,2012
test_2015,train,gs://suryabench-sharp-pipeline-bamidele/samples_npz/2012/20120802_0648_HARP1879_NOAA11529.npz,20120802_0648_HARP1879_NOAA11529,2012-08-02 06:48:00,1879,11529,0,2012
test_2015,train,gs://suryabench-sharp-pipeline-bamidele/samples_npz/2011/20110311_0336_HARP401_NOAA11166.npz,20110311_0336_HARP401_NOAA11166,2011-03-11 03:36:00,401,11166,1,2011
test_2015,train,gs://suryabench-sharp-pipeline-bamidele/samples_npz/2013/20130531_0800_HARP2779_NOAA11757.npz,20130531_0800_HARP2779_NOAA11757,2013-05-31 08:00:00,2779,11757,0,2013
test_2015,train,gs://suryabench-sharp-pipeline-bamidele/samples_npz/2012/20120928_0112_HARP2047_NOAA11578.npz,20120928_0112_HARP2047_NOAA11578,2012-09-28 01:12:00,2047,11578,0,2012
test_2015,train,gs://suryabench-sharp-pipeline-bamidele/samples_npz/2011/20111203_0936_HARP1124_NOAA11363.npz,20111203_0936_HARP1124_NOAA11363,2011-12-03 09:36:00,1124,11363,0,2011
test_2015,train,gs://suryabench-sharp-pipeline-bamidele/samples_npz/2013/20130525_0836_HARP2760_NOAA11753.npz,20130525_0836_HARP2760_NOAA11753,2013-05-25 08:36:00,2760,11753,0,2013
test_2015,train,gs://suryabench-sharp-pipeline-bamidele/samples_npz/2013/20130730_0824_HARP2999_NOAA11801.npz,20130730_0824_HARP2999_NOAA11801,2013-07-30 08:24:00,2999,11801,0,2013
test_2015,train,gs://suryabench-sharp-pipeline-bamidele/samples_npz/2013/20131028_0748_HARP3309_NOAA11881.npz,20131028_0748_HARP3309_NOAA11881,2013-10-28 07:48:00,3309,11881,0,2013
test_2015,train,gs://suryabench-sharp-pipeline-bamidele/samples_npz/2013/20130716_1324_HARP2976_NOAA11796.npz,20130716_1324_HARP2976_NOAA11796,2013-07-16 13:24:00,2976,11796,0,2013
test_2015,train,gs://suryabench-sharp-pipeline-bamidele/samples_npz/2010/20101019_0100_HARP220_NOAA11115.npz,20101019_0100_HARP220_NOAA11115,2010-10-19 01:00:00,220,11115,0,2010
test_2015,train,gs://suryabench-sharp-pipeline-bamidele/samples_npz/2011/20110915_1000_HARP853_NOAA11292.npz,20110915_1000_HARP853_NOAA11292,2011-09-15 10:00:00,853,11292,0,2011
test_2015,train,gs://suryabench-sharp-pipeline-bamidele/samples_npz/2013/20131024_0648_HARP3291_NOAA11875.npz,20131024_0648_HARP3291_NOAA11875,2013-10-24 06:48:00,3291,11875,1,2013
test_2015,train,gs://suryabench-sharp-pipeline-bamidele/samples_npz/2013/20130113_2200_HARP2362_NOAA11652.npz,20130113_2200_HARP2362_NOAA11652,2013-01-13 22:00:00,2362,11652,0,2013
test_2015,train,gs://suryabench-sharp-pipeline-bamidele/samples_npz/2010/20100616_1100_HARP58_NOAA11083.npz,20100616_1100_HARP58_NOAA11083,2010-06-16 11:00:00,58,11083,0,2010
test_2015,train,gs://suryabench-sharp-pipeline-bamidele/samples_npz/2011/20110307_0436_HARP403_NOAA11167.npz,20110307_0436_HARP403_NOAA11167,2011-03-07 04:36:00,403,11167,0,2011
test_2015,train,gs://suryabench-sharp-pipeline-bamidele/samples_npz/2011/20110331_1148_HARP443_NOAA11181.npz,20110331_1148_HARP443_NOAA11181,2011-03-31 11:48:00,443,11181,0,2011
test_2015,train,gs://suryabench-sharp-pipeline-bamidele/samples_npz/2011/20111218_2112_HARP1210_NOAA11381.npz,20111218_2112_HARP1210_NOAA11381,2011-12-18 21:12:00,1210,11381,0,2011
test_2015,train,gs://suryabench-sharp-pipeline-bamidele/samples_npz/2013/20130523_1836_HARP2758_NOAA11754.npz,20130523_1836_HARP2758_NOAA11754,2013-05-23 18:36:00,2758,11754,0,2013
test_2015,train,gs://suryabench-sharp-pipeline-bamidele/samples_npz/2012/20121108_1036_HARP2176_NOAA11606.npz,20121108_1036_HARP2176_NOAA11606,2012-11-08 10:36:00,2176,11606,0,2012
test_2015,train,gs://suryabench-sharp-pipeline-bamidele/samples_npz/2013/20130806_2124_HARP3031_NOAA11810.npz,20130806_2124_HARP3031_NOAA11810,2013-08-06 21:24:00,3031,11810,0,2013
test_2015,train,gs://suryabench-sharp-pipeline-bamidele/samples_npz/2012/20120823_0212_HARP1952_NOAA11551.npz,20120823_0212_HARP1952_NOAA11551,2012-08-23 02:12:00,1952,11551,0,2012
test_2015,train,gs://suryabench-sharp-pipeline-bamidele/samples_npz/2013/20130719_0048_HARP2968_NOAA11793.npz,20130719_0048_HARP2968_NOAA11793,2013-07-19 00:48:00,2968,11793,0,2013
test_2015,train,gs://suryabench-sharp-pipeline-bamidele/samples_npz/2012/20120811_2100_HARP1939_NOAA11545.npz,20120811_2100_HARP1939_NOAA11545,2012-08-11 21:00:00,1939,11545,0,2012
test_2015,train,gs://suryabench-sharp-pipeline-bamidele/samples_npz/2010/20101209_1424_HARP284_NOAA11133.npz,20101209_1424_HARP284_NOAA11133,2010-12-09 14:24:00,284,11133,0,2010
test_2015,train,gs://suryabench-sharp-pipeline-bamidele/samples_npz/2012/20120822_0212_HARP1952_NOAA11551.npz,20120822_0212_HARP1952_NOAA11551,2012-08-22 02:12:00,1952,11551,0,2012
test_2015,train,gs://suryabench-sharp-pipeline-bamidele/samples_npz/2013/20130629_0548_HARP2912_NOAA11781.npz,20130629_0548_HARP2912_NOAA11781,2013-06-29 05:48:00,2912,11781,0,2013
test_2015,train,gs://suryabench-sharp-pipeline-bamidele/samples_npz/2011/20110911_1036_HARP851_NOAA11291.npz,20110911_1036_HARP851_NOAA11291,2011-09-11 10:36:00,851,11291,0,2011
test_2015,train,gs://suryabench-sharp-pipeline-bamidele/samples_npz/2010/20101017_0012_HARP211_NOAA11112.npz,20101017_0012_HARP211_NOAA11112,2010-10-17 00:12:00,211,11112,0,2010
test_2015,train,gs://suryabench-sharp-pipeline-bamidele/samples_npz/2013/20130514_0700_HARP2749_NOAA11749.npz,20130514_0700_HARP2749_NOAA11749,2013-05-14 07:00:00,2749,11749,0,2013
test_2015,train,gs://suryabench-sharp-pipeline-bamidele/samples_npz/2012/20120930_1612_HARP2059_NOAA11579.npz,20120930_1612_HARP2059_NOAA11579,2012-09-30 16:12:00,2059,11579,0,2012
test_2015,train,gs://suryabench-sharp-pipeline-bamidele/samples_npz/2013/20130310_1836_HARP2541_NOAA11691.npz,20130310_1836_HARP2541_NOAA11691,2013-03-10 18:36:00,2541,11691,0,2013
test_2015,train,gs://suryabench-sharp-pipeline-bamidele/samples_npz/2012/20120527_0236_HARP1690_NOAA11489.npz,20120527_0236_HARP1690_NOAA11489,2012-05-27 02:36:00,1690,11489,0,2012
test_2015,train,gs://suryabench-sharp-pipeline-bamidele/samples_npz/2013/20131219_2024_HARP3497_NOAA11925.npz,20131219_2024_HARP3497_NOAA11925,2013-12-19 20:24:00,3497,11925,0,2013
test_2015,train,gs://suryabench-sharp-pipeline-bamidele/samples_npz/2012/20120114_0748_HARP1300_NOAA11395.npz,20120114_0748_HARP1300_NOAA11395,2012-01-14 07:48:00,1300,11395,0,2012
test_2015,train,gs://suryabench-sharp-pipeline-bamidele/samples_npz/2011/20110117_1800_HARP347_NOAA11148.npz,20110117_1800_HARP347_NOAA11148,2011-01-17 18:00:00,347,11148,0,2011
test_2015,train,gs://suryabench-sharp-pipeline-bamidele/samples_npz/2013/20130618_2348_HARP2852_NOAA11769.npz,20130618_2348_HARP2852_NOAA11769,2013-06-18 23:48:00,2852,11769,0,2013
test_2015,train,gs://suryabench-sharp-pipeline-bamidele/samples_npz/2013/20130313_1800_HARP2546_NOAA11692.npz,20130313_1800_HARP2546_NOAA11692,2013-03-13 18:00:00,2546,11692,1,2013
test_2015,train,gs://suryabench-sharp-pipeline-bamidele/samples_npz/2012/20121224_1324_HARP2314_NOAA11635.npz,20121224_1324_HARP2314_NOAA11635,2012-12-24 13:24:00,2314,11635,0,2012
test_2015,train,gs://suryabench-sharp-pipeline-bamidele/samples_npz/2012/20120228_2324_HARP1425_NOAA11424.npz,20120228_2324_HARP1425_NOAA11424,2012-02-28 23:24:00,1425,11424,0,2012
test_2015,train,gs://suryabench-sharp-pipeline-bamidele/samples_npz/2010/20100601_1700_HARP43_NOAA11076.npz,20100601_1700_HARP43_NOAA11076,2010-06-01 17:00:00,43,11076,0,2010
test_2015,train,gs://suryabench-sharp-pipeline-bamidele/samples_npz/2013/20130504_1536_HARP2696_NOAA11732.npz,20130504_1536_HARP2696_NOAA11732,2013-05-04 15:36:00,2696,11732,0,2013
test_2015,train,gs://suryabench-sharp-pipeline-bamidele/samples_npz/2010/20100714_0824_HARP86_NOAA11087.npz,20100714_0824_HARP86_NOAA11087,2010-07-14 08:24:00,86,11087,0,2010
test_2015,train,gs://suryabench-sharp-pipeline-bamidele/samples_npz/2013/20130921_0536_HARP3205_NOAA11849.npz,20130921_0536_HARP3205_NOAA11849,2013-09-21 05:36:00,3205,11849,0,2013
test_2015,train,gs://suryabench-sharp-pipeline-bamidele/samples_npz/2012/20120704_0124_HARP1806_NOAA11513.npz,20120704_0124_HARP1806_NOAA11513,2012-07-04 01:24:00,1806,11513,1,2012
test_2015,train,gs://suryabench-sharp-pipeline-bamidele/samples_npz/2011/20111002_0200_HARP902_NOAA11305.npz,20111002_0200_HARP902_NOAA11305,2011-10-02 02:00:00,902,11305,0,2011
test_2015,train,gs://suryabench-sharp-pipeline-bamidele/samples_npz/2012/20120101_0036_HARP1249_NOAA11390.npz,20120101_0036_HARP1249_NOAA11390,2012-01-01 00:36:00,1249,11390,0,2012
test_2015,train,gs://suryabench-sharp-pipeline-bamidele/samples_npz/2012/20120427_0124_HARP1603_NOAA11466.npz,20120427_0124_HARP1603_NOAA11466,2012-04-27 01:24:00,1603,11466,1,2012
test_2015,train,gs://suryabench-sharp-pipeline-bamidele/samples_npz/2013/20130916_0800_HARP3176_NOAA11841.npz,20130916_0800_HARP3176_NOAA11841,2013-09-16 08:00:00,3176,11841,0,2013
test_2015,train,gs://suryabench-sharp-pipeline-bamidele/samples_npz/2011/20110305_1900_HARP403_NOAA11167.npz,20110305_1900_HARP403_NOAA11167,2011-03-05 19:00:00,403,11167,0,2011
test_2015,train,gs://suryabench-sharp-pipeline-bamidele/samples_npz/2012/20120725_1712_HARP1873_NOAA11526.npz,20120725_1712_HARP1873_NOAA11526,2012-07-25 17:12:00,1873,11526,0,2012
test_2015,train,gs://suryabench-sharp-pipeline-bamidele/samples_npz/2010/20100808_1100_HARP115_NOAA11093.npz,20100808_1100_HARP115_NOAA11093,2010-08-08 11:00:00,115,11093,0,2010
test_2015,train,gs://suryabench-sharp-pipeline-bamidele/samples_npz/2012/20120811_1112_HARP1931_NOAA11543.npz,20120811_1112_HARP1931_NOAA11543,2012-08-11 11:12:00,1931,11543,0,2012
test_2015,train,gs://suryabench-sharp-pipeline-bamidele/samples_npz/2013/20131125_2236_HARP3400_NOAA11903.npz,20131125_2236_HARP3400_NOAA11903,2013-11-25 22:36:00,3400,11903,0,2013
test_2015,train,gs://suryabench-sharp-pipeline-bamidele/samples_npz/2012/20120313_1300_HARP1471_NOAA11435.npz,20120313_1300_HARP1471_NOAA11435,2012-03-13 13:00:00,1471,11435,0,2012
test_2015,train,gs://suryabench-sharp-pipeline-bamidele/samples_npz/2012/20120616_2036_HARP1756_NOAA11506.npz,20120616_2036_HARP1756_NOAA11506,2012-06-16 20:36:00,1756,11506,0,2012
test_2015,train,gs://suryabench-sharp-pipeline-bamidele/samples_npz/2012/20120130_2000_HARP1350_NOAA11410.npz,20120130_2000_HARP1350_NOAA11410,2012-01-30 20:00:00,1350,11410,0,2012
test_2015,train,gs://suryabench-sharp-pipeline-bamidele/samples_npz/2011/20110718_0036_HARP713_NOAA11258.npz,20110718_0036_HARP713_NOAA11258,2011-07-18 00:36:00,713,11258,0,2011
test_2015,train,gs://suryabench-sharp-pipeline-bamidele/samples_npz/2013/20130829_1248_HARP3122_NOAA11835.npz,20130829_1248_HARP3122_NOAA11835,2013-08-29 12:48:00,3122,11835,0,2013
test_2015,train,gs://suryabench-sharp-pipeline-bamidele/samples_npz/2013/20131101_0048_HARP3311_NOAA11882.npz,20131101_0048_HARP3311_NOAA11882,2013-11-01 00:48:00,3311,11882,0,2013
test_2015,train,gs://suryabench-sharp-pipeline-bamidele/samples_npz/2013/20130115_0736_HARP2372_NOAA11654.npz,20130115_0736_HARP2372_NOAA11654,2013-01-15 07:36:00,2372,11654,0,2013
test_2015,train,gs://suryabench-sharp-pipeline-bamidele/samples_npz/2011/20111006_1624_HARP924_NOAA11310.npz,20111006_1624_HARP924_NOAA11310,2011-10-06 16:24:00,924,11310,0,2011
test_2015,train,gs://suryabench-sharp-pipeline-bamidele/samples_npz/2011/20110517_1548_HARP602_NOAA11214.npz,20110517_1548_HARP602_NOAA11214,2011-05-17 15:48:00,602,11214,0,2011
test_2015,train,gs://suryabench-sharp-pipeline-bamidele/samples_npz/2013/20130601_2000_HARP2808_NOAA11761.npz,20130601_2000_HARP2808_NOAA11761,2013-06-01 20:00:00,2808,11761,0,2013
test_2015,train,gs://suryabench-sharp-pipeline-bamidele/samples_npz/2012/20120513_1500_HARP1638_NOAA11476.npz,20120513_1500_HARP1638_NOAA11476,2012-05-13 15:00:00,1638,11476,0,2012
test_2015,train,gs://suryabench-sharp-pipeline-bamidele/samples_npz/2013/20131020_0900_HARP3288_NOAA11873.npz,20131020_0900_HARP3288_NOAA11873,2013-10-20 09:00:00,3288,11873,0,2013
test_2015,train,gs://suryabench-sharp-pipeline-bamidele/samples_npz/2012/20120317_2212_HARP1464_NOAA11434.npz,20120317_2212_HARP1464_NOAA11434,2012-03-17 22:12:00,1464,11434,0,2012
test_2015,train,gs://suryabench-sharp-pipeline-bamidele/samples_npz/2012/20120829_0224_HARP1959_NOAA11553.npz,20120829_0224_HARP1959_NOAA11553,2012-08-29 02:24:00,1959,11553,0,2012
test_2015,train,gs://suryabench-sharp-pipeline-bamidele/samples_npz/2013/20130103_1224_HARP2337_NOAA11640.npz,20130103_1224_HARP2337_NOAA11640,2013-01-03 12:24:00,2337,11640,0,2013
test_2015,train,gs://suryabench-sharp-pipeline-bamidele/samples_npz/2013/20131227_1136_HARP3520_NOAA11931.npz,20131227_1136_HARP3520_NOAA11931,2013-12-27 11:36:00,3520,11931,0,2013
test_2015,train,gs://suryabench-sharp-pipeline-bamidele/samples_npz/2011/20110214_1400_HARP377_NOAA11158.npz,20110214_1400_HARP377_NOAA11158,2011-02-14 14:00:00,377,11158,1,2011
test_2015,train,gs://suryabench-sharp-pipeline-bamidele/samples_npz/2011/20111128_2300_HARP1119_NOAA11361.npz,20111128_2300_HARP1119_NOAA11361,2011-11-28 23:00:00,1119,11361,0,2011
test_2015,train,gs://suryabench-sharp-pipeline-bamidele/samples_npz/2013/20131107_1448_HARP3341_NOAA11890.npz,20131107_1448_HARP3341_NOAA11890,2013-11-07 14:48:00,3341,11890,1,2013
test_2015,train,gs://suryabench-sharp-pipeline-bamidele/samples_npz/2011/20111121_0936_HARP1080_NOAA11357.npz,20111121_0936_HARP1080_NOAA11357,2011-11-21 09:36:00,1080,11357,0,2011
test_2015,train,gs://suryabench-sharp-pipeline-bamidele/samples_npz/2013/20131210_0700_HARP3482_NOAA11919.npz,20131210_0700_HARP3482_NOAA11919,2013-12-10 07:00:00,3482,11919,0,2013
test_2015,train,gs://suryabench-sharp-pipeline-bamidele/samples_npz/2010/20101129_2324_HARP270_NOAA11128.npz,20101129_2324_HARP270_NOAA11128,2010-11-29 23:24:00,270,11128,0,2010
test_2015,train,gs://suryabench-sharp-pipeline-bamidele/samples_npz/2012/20120329_1036_HARP1500_NOAA11445.npz,20120329_1036_HARP1500_NOAA11445,2012-03-29 10:36:00,1500,11445,0,2012
test_2015,train,gs://suryabench-sharp-pipeline-bamidele/samples_npz/2013/20130618_2112_HARP2875_NOAA11776.npz,20130618_2112_HARP2875_NOAA11776,2013-06-18 21:12:00,2875,11776,0,2013
test_2015,train,gs://suryabench-sharp-pipeline-bamidele/samples_npz/2013/20130805_1112_HARP3032_NOAA11811.npz,20130805_1112_HARP3032_NOAA11811,2013-08-05 11:12:00,3032,11811,0,2013
test_2015,train,gs://suryabench-sharp-pipeline-bamidele/samples_npz/2013/20131129_0624_HARP3432_NOAA11908.npz,20131129_0624_HARP3432_NOAA11908,2013-11-29 06:24:00,3432,11908,0,2013
test_2015,train,gs://suryabench-sharp-pipeline-bamidele/samples_npz/2012/20120614_0600_HARP1744_NOAA11507.npz,20120614_0600_HARP1744_NOAA11507,2012-06-14 06:00:00,1744,11507,0,2012
test_2015,train,gs://suryabench-sharp-pipeline-bamidele/samples_npz/2013/20131020_2148_HARP3286_NOAA11872.npz,20131020_2148_HARP3286_NOAA11872,2013-10-20 21:48:00,3286,11872,0,2013
test_2015,train,gs://suryabench-sharp-pipeline-bamidele/samples_npz/2012/20120807_1336_HARP1908_NOAA11537.npz,20120807_1336_HARP1908_NOAA11537,2012-08-07 13:36:00,1908,11537,0,2012
test_2015,train,gs://suryabench-sharp-pipeline-bamidele/samples_npz/2013/20131112_0848_HARP3353_NOAA11892.npz,20131112_0848_HARP3353_NOAA11892,2013-11-12 08:48:00,3353,11892,0,2013
test_2015,train,gs://suryabench-sharp-pipeline-bamidele/samples_npz/2013/20131029_1148_HARP3311_NOAA11882.npz,20131029_1148_HARP3311_NOAA11882,2013-10-29 11:48:00,3311,11882,0,2013
test_2015,train,gs://suryabench-sharp-pipeline-bamidele/samples_npz/2012/20120811_0148_HARP1939_NOAA11545.npz,20120811_0148_HARP1939_NOAA11545,2012-08-11 01:48:00,1939,11545,0,2012
test_2015,train,gs://suryabench-sharp-pipeline-bamidele/samples_npz/2010/20101113_1912_HARP252_NOAA11124.npz,20101113_1912_HARP252_NOAA11124,2010-11-13 19:12:00,252,11124,0,2010
test_2015,train,gs://suryabench-sharp-pipeline-bamidele/samples_npz/2011/20110606_0136_HARP637_NOAA11226.npz,20110606_0136_HARP637_NOAA11226,2011-06-06 01:36:00,637,11226,1,2011
test_2015,train,gs://suryabench-sharp-pipeline-bamidele/samples_npz/2011/20110408_2112_HARP480_NOAA11185.npz,20110408_2112_HARP480_NOAA11185,2011-04-08 21:12:00,480,11185,0,2011
test_2015,train,gs://suryabench-sharp-pipeline-bamidele/samples_npz/2011/20110725_0624_HARP744_NOAA11262.npz,20110725_0624_HARP744_NOAA11262,2011-07-25 06:24:00,744,11262,0,2011
test_2015,train,gs://suryabench-sharp-pipeline-bamidele/samples_npz/2012/20120924_0112_HARP2037_NOAA11573.npz,20120924_0112_HARP2037_NOAA11573,2012-09-24 01:12:00,2037,11573,0,2012
test_2015,train,gs://suryabench-sharp-pipeline-bamidele/samples_npz/2011/20111207_0312_HARP1165_NOAA11367.npz,20111207_0312_HARP1165_NOAA11367,2011-12-07 03:12:00,1165,11367,0,2011
test_2015,train,gs://suryabench-sharp-pipeline-bamidele/samples_npz/2013/20131010_0024_HARP3248_NOAA11856.npz,20131010_0024_HARP3248_NOAA11856,2013-10-10 00:24:00,3248,11856,0,2013
test_2015,train,gs://suryabench-sharp-pipeline-bamidele/samples_npz/2012/20120814_0436_HARP1930_NOAA11542.npz,20120814_0436_HARP1930_NOAA11542,2012-08-14 04:36:00,1930,11542,0,2012
test_2015,train,gs://suryabench-sharp-pipeline-bamidele/samples_npz/2011/20110308_0436_HARP403_NOAA11167.npz,20110308_0436_HARP403_NOAA11167,2011-03-08 04:36:00,403,11167,0,2011
test_2015,train,gs://suryabench-sharp-pipeline-bamidele/samples_npz/2012/20120916_2112_HARP2026_NOAA11569.npz,20120916_2112_HARP2026_NOAA11569,2012-09-16 21:12:00,2026,11569,0,2012
test_2015,train,gs://suryabench-sharp-pipeline-bamidele/samples_npz/2013/20130314_1048_HARP2560_NOAA11696.npz,20130314_1048_HARP2560_NOAA11696,2013-03-14 10:48:00,2560,11696,0,2013
test_2015,train,gs://suryabench-sharp-pipeline-bamidele/samples_npz/2011/20110801_2012_HARP750_NOAA11261.npz,20110801_2012_HARP750_NOAA11261,2011-08-01 20:12:00,750,11261,1,2011
test_2015,train,gs://suryabench-sharp-pipeline-bamidele/samples_npz/2013/20130604_1512_HARP2812_NOAA11766.npz,20130604_1512_HARP2812_NOAA11766,2013-06-04 15:12:00,2812,11766,0,2013
test_2015,train,gs://suryabench-sharp-pipeline-bamidele/samples_npz/2011/20110606_0912_HARP639_NOAA11228.npz,20110606_0912_HARP639_NOAA11228,2011-06-06 09:12:00,639,11228,0,2011
test_2015,train,gs://suryabench-sharp-pipeline-bamidele/samples_npz/2012/20120708_0912_HARP1832_NOAA11518.npz,20120708_0912_HARP1832_NOAA11518,2012-07-08 09:12:00,1832,11518,0,2012
test_2015,train,gs://suryabench-sharp-pipeline-bamidele/samples_npz/2013/20130512_1048_HARP2733_NOAA11742.npz,20130512_1048_HARP2733_NOAA11742,2013-05-12 10:48:00,2733,11742,0,2013
test_2015,train,gs://suryabench-sharp-pipeline-bamidele/samples_npz/2012/20121231_1024_HARP2331_NOAA11638.npz,20121231_1024_HARP2331_NOAA11638,2012-12-31 10:24:00,2331,11638,0,2012
test_2015,train,gs://suryabench-sharp-pipeline-bamidele/samples_npz/2010/20101107_0236_HARP241_NOAA11120.npz,20101107_0236_HARP241_NOAA11120,2010-11-07 02:36:00,241,11120,0,2010
test_2015,train,gs://suryabench-sharp-pipeline-bamidele/samples_npz/2010/20101108_1424_HARP248_NOAA11122.npz,20101108_1424_HARP248_NOAA11122,2010-11-08 14:24:00,248,11122,0,2010
test_2015,train,gs://suryabench-sharp-pipeline-bamidele/samples_npz/2013/20130824_2348_HARP3103_NOAA11828.npz,20130824_2348_HARP3103_NOAA11828,2013-08-24 23:48:00,3103,11828,0,2013
test_2015,train,gs://suryabench-sharp-pipeline-bamidele/samples_npz/2011/20110806_0036_HARP764_NOAA11267.npz,20110806_0036_HARP764_NOAA11267,2011-08-06 00:36:00,764,11267,0,2011
test_2015,train,gs://suryabench-sharp-pipeline-bamidele/samples_npz/2012/20120108_2112_HARP1278_NOAA11391.npz,20120108_2112_HARP1278_NOAA11391,2012-01-08 21:12:00,1278,11391,0,2012
test_2015,train,gs://suryabench-sharp-pipeline-bamidele/samples_npz/2011/20110417_2124_HARP504_NOAA11191.npz,20110417_2124_HARP504_NOAA11191,2011-04-17 21:24:00,504,11191,0,2011
test_2015,train,gs://suryabench-sharp-pipeline-bamidele/samples_npz/2010/20101228_1736_HARP318_NOAA11138.npz,20101228_1736_HARP318_NOAA11138,2010-12-28 17:36:00,318,11138,0,2010
test_2015,train,gs://suryabench-sharp-pipeline-bamidele/samples_npz/2012/20120228_2336_HARP1422_NOAA11423.npz,20120228_2336_HARP1422_NOAA11423,2012-02-28 23:36:00,1422,11423,0,2012
test_2015,train,gs://suryabench-sharp-pipeline-bamidele/samples_npz/2013/20130308_1324_HARP2511_NOAA11683.npz,20130308_1324_HARP2511_NOAA11683,2013-03-08 13:24:00,2511,11683,0,2013
test_2015,train,gs://suryabench-sharp-pipeline-bamidele/samples_npz/2010/20101207_0648_HARP279_NOAA11131.npz,20101207_0648_HARP279_NOAA11131,2010-12-07 06:48:00,279,11131,0,2010
test_2015,train,gs://suryabench-sharp-pipeline-bamidele/samples_npz/2012/20120213_2024_HARP1389_NOAA11416.npz,20120213_2024_HARP1389_NOAA11416,2012-02-13 20:24:00,1389,11416,0,2012
test_2015,train,gs://suryabench-sharp-pipeline-bamidele/samples_npz/2012/20120528_0236_HARP1690_NOAA11489.npz,20120528_0236_HARP1690_NOAA11489,2012-05-28 02:36:00,1690,11489,0,2012
test_2015,train,gs://suryabench-sharp-pipeline-bamidele/samples_npz/2011/20110726_1400_HARP740_NOAA11259.npz,20110726_1400_HARP740_NOAA11259,2011-07-26 14:00:00,740,11259,0,2011
test_2015,train,gs://suryabench-sharp-pipeline-bamidele/samples_npz/2011/20110301_2300_HARP393_NOAA11164.npz,20110301_2300_HARP393_NOAA11164,2011-03-01 23:00:00,393,11164,0,2011
test_2015,train,gs://suryabench-sharp-pipeline-bamidele/samples_npz/2012/20120504_1224_HARP1621_NOAA11470.npz,20120504_1224_HARP1621_NOAA11470,2012-05-04 12:24:00,1621,11470,0,2012
test_2015,train,gs://suryabench-sharp-pipeline-bamidele/samples_npz/2012/20120527_0536_HARP1701_NOAA11490.npz,20120527_0536_HARP1701_NOAA11490,2012-05-27 05:36:00,1701,11490,0,2012
test_2015,train,gs://suryabench-sharp-pipeline-bamidele/samples_npz/2011/20111130_0024_HARP1113_NOAA11358.npz,20111130_0024_HARP1113_NOAA11358,2011-11-30 00:24:00,1113,11358,0,2011
test_2015,train,gs://suryabench-sharp-pipeline-bamidele/samples_npz/2013/20130103_0436_HARP2338_NOAA11641.npz,20130103_0436_HARP2338_NOAA11641,2013-01-03 04:36:00,2338,11641,0,2013
test_2015,train,gs://suryabench-sharp-pipeline-bamidele/samples_npz/2013/20130420_1400_HARP2673_NOAA11726.npz,20130420_1400_HARP2673_NOAA11726,2013-04-20 14:00:00,2673,11726,1,2013
test_2015,train,gs://suryabench-sharp-pipeline-bamidele/samples_npz/2013/20130609_1448_HARP2832_NOAA11768.npz,20130609_1448_HARP2832_NOAA11768,2013-06-09 14:48:00,2832,11768,0,2013
test_2015,train,gs://suryabench-sharp-pipeline-bamidele/samples_npz/2011/20110228_1248_HARP392_NOAA11163.npz,20110228_1248_HARP392_NOAA11163,2011-02-28 12:48:00,392,11163,0,2011
test_2015,train,gs://suryabench-sharp-pipeline-bamidele/samples_npz/2011/20111112_2124_HARP1041_NOAA11341.npz,20111112_2124_HARP1041_NOAA11341,2011-11-12 21:24:00,1041,11341,0,2011
test_2015,train,gs://suryabench-sharp-pipeline-bamidele/samples_npz/2011/20110809_1248_HARP765_NOAA11268.npz,20110809_1248_HARP765_NOAA11268,2011-08-09 12:48:00,765,11268,0,2011
test_2015,train,gs://suryabench-sharp-pipeline-bamidele/samples_npz/2012/20120615_1048_HARP1744_NOAA11507.npz,20120615_1048_HARP1744_NOAA11507,2012-06-15 10:48:00,1744,11507,0,2012
test_2015,train,gs://suryabench-sharp-pipeline-bamidele/samples_npz/2012/20120606_0924_HARP1735_NOAA11502.npz,20120606_0924_HARP1735_NOAA11502,2012-06-06 09:24:00,1735,11502,0,2012
test_2015,train,gs://suryabench-sharp-pipeline-bamidele/samples_npz/2013/20130618_2212_HARP2852_NOAA11769.npz,20130618_2212_HARP2852_NOAA11769,2013-06-18 22:12:00,2852,11769,0,2013
test_2015,train,gs://suryabench-sharp-pipeline-bamidele/samples_npz/2013/20130105_1212_HARP2353_NOAA11645.npz,20130105_1212_HARP2353_NOAA11645,2013-01-05 12:12:00,2353,11645,0,2013
test_2015,train,gs://suryabench-sharp-pipeline-bamidele/samples_npz/2012/20120421_0648_HARP1578_NOAA11460.npz,20120421_0648_HARP1578_NOAA11460,2012-04-21 06:48:00,1578,11460,0,2012
test_2015,train,gs://suryabench-sharp-pipeline-bamidele/samples_npz/2013/20131230_1148_HARP3557_NOAA11938.npz,20131230_1148_HARP3557_NOAA11938,2013-12-30 11:48:00,3557,11938,0,2013
test_2015,train,gs://suryabench-sharp-pipeline-bamidele/samples_npz/2013/20131221_2012_HARP3515_NOAA11930.npz,20131221_2012_HARP3515_NOAA11930,2013-12-21 20:12:00,3515,11930,0,2013
test_2015,train,gs://suryabench-sharp-pipeline-bamidele/samples_npz/2013/20130216_1724_HARP2469_NOAA11671.npz,20130216_1724_HARP2469_NOAA11671,2013-02-16 17:24:00,2469,11671,0,2013
test_2015,train,gs://suryabench-sharp-pipeline-bamidele/samples_npz/2011/20110930_2100_HARP902_NOAA11305.npz,20110930_2100_HARP902_NOAA11305,2011-09-30 21:00:00,902,11305,1,2011
test_2015,train,gs://suryabench-sharp-pipeline-bamidele/samples_npz/2011/20110303_1112_HARP394_NOAA11165.npz,20110303_1112_HARP394_NOAA11165,2011-03-03 11:12:00,394,11165,0,2011
test_2015,train,gs://suryabench-sharp-pipeline-bamidele/samples_npz/2013/20131201_1236_HARP3420_NOAA11905.npz,20131201_1236_HARP3420_NOAA11905,2013-12-01 12:36:00,3420,11905,0,2013
test_2015,train,gs://suryabench-sharp-pipeline-bamidele/samples_npz/2013/20131031_0936_HARP3323_NOAA11888.npz,20131031_0936_HARP3323_NOAA11888,2013-10-31 09:36:00,3323,11888,0,2013
test_2015,train,gs://suryabench-sharp-pipeline-bamidele/samples_npz/2013/20130419_2124_HARP2663_NOAA11723.npz,20130419_2124_HARP2663_NOAA11723,2013-04-19 21:24:00,2663,11723,0,2013
test_2015,train,gs://suryabench-sharp-pipeline-bamidele/samples_npz/2010/20100603_1212_HARP43_NOAA11076.npz,20100603_1212_HARP43_NOAA11076,2010-06-03 12:12:00,43,11076,0,2010
test_2015,train,gs://suryabench-sharp-pipeline-bamidele/samples_npz/2013/20131203_0812_HARP3446_NOAA11911.npz,20131203_0812_HARP3446_NOAA11911,2013-12-03 08:12:00,3446,11911,0,2013
test_2015,train,gs://suryabench-sharp-pipeline-bamidele/samples_npz/2013/20131003_0100_HARP3250_NOAA11859.npz,20131003_0100_HARP3250_NOAA11859,2013-10-03 01:00:00,3250,11859,0,2013
test_2015,train,gs://suryabench-sharp-pipeline-bamidele/samples_npz/2012/20120414_1048_HARP1558_NOAA11463.npz,20120414_1048_HARP1558_NOAA11463,2012-04-14 10:48:00,1558,11463,0,2012
test_2015,train,gs://suryabench-sharp-pipeline-bamidele/samples_npz/2010/20101024_1024_HARP226_NOAA11117.npz,20101024_1024_HARP226_NOAA11117,2010-10-24 10:24:00,226,11117,0,2010
test_2015,train,gs://suryabench-sharp-pipeline-bamidele/samples_npz/2011/20111017_2324_HARP950_NOAA11316.npz,20111017_2324_HARP950_NOAA11316,2011-10-17 23:24:00,950,11316,0,2011
test_2015,train,gs://suryabench-sharp-pipeline-bamidele/samples_npz/2011/20111217_2236_HARP1186_NOAA11378.npz,20111217_2236_HARP1186_NOAA11378,2011-12-17 22:36:00,1186,11378,0,2011
test_2015,train,gs://suryabench-sharp-pipeline-bamidele/samples_npz/2012/20121127_1212_HARP2239_NOAA11622.npz,20121127_1212_HARP2239_NOAA11622,2012-11-27 12:12:00,2239,11622,0,2012
test_2015,train,gs://suryabench-sharp-pipeline-bamidele/samples_npz/2011/20111116_0112_HARP1064_NOAA11349.npz,20111116_0112_HARP1064_NOAA11349,2011-11-16 01:12:00,1064,11349,0,2011
test_2015,train,gs://suryabench-sharp-pipeline-bamidele/samples_npz/2011/20111215_2112_HARP1183_NOAA11376.npz,20111215_2112_HARP1183_NOAA11376,2011-12-15 21:12:00,1183,11376,0,2011
test_2015,train,gs://suryabench-sharp-pipeline-bamidele/samples_npz/2012/20120503_2336_HARP1621_NOAA11470.npz,20120503_2336_HARP1621_NOAA11470,2012-05-03 23:36:00,1621,11470,0,2012
test_2015,train,gs://suryabench-sharp-pipeline-bamidele/samples_npz/2012/20121024_0400_HARP2130_NOAA11596.npz,20121024_0400_HARP2130_NOAA11596,2012-10-24 04:00:00,2130,11596,0,2012
test_2015,train,gs://suryabench-sharp-pipeline-bamidele/samples_npz/2011/20110820_1112_HARP794_NOAA11271.npz,20110820_1112_HARP794_NOAA11271,2011-08-20 11:12:00,794,11271,0,2011
test_2015,train,gs://suryabench-sharp-pipeline-bamidele/samples_npz/2010/20101006_0236_HARP198_NOAA11111.npz,20101006_0236_HARP198_NOAA11111,2010-10-06 02:36:00,198,11111,0,2010
test_2015,train,gs://suryabench-sharp-pipeline-bamidele/samples_npz/2013/20131102_2312_HARP3321_NOAA11884.npz,20131102_2312_HARP3321_NOAA11884,2013-11-02 23:12:00,3321,11884,1,2013
test_2015,train,gs://suryabench-sharp-pipeline-bamidele/samples_npz/2011/20110106_1812_HARP323_NOAA11140.npz,20110106_1812_HARP323_NOAA11140,2011-01-06 18:12:00,323,11140,0,2011
test_2015,train,gs://suryabench-sharp-pipeline-bamidele/samples_npz/2013/20131127_0512_HARP3415_NOAA11906.npz,20131127_0512_HARP3415_NOAA11906,2013-11-27 05:12:00,3415,11906,0,2013
test_2015,train,gs://suryabench-sharp-pipeline-bamidele/samples_npz/2012/20120114_2212_HARP1300_NOAA11395.npz,20120114_2212_HARP1300_NOAA11395,2012-01-14 22:12:00,1300,11395,0,2012
test_2015,train,gs://suryabench-sharp-pipeline-bamidele/samples_npz/2013/20130716_0136_HARP2952_NOAA11791.npz,20130716_0136_HARP2952_NOAA11791,2013-07-16 01:36:00,2952,11791,0,2013
test_2015,train,gs://suryabench-sharp-pipeline-bamidele/samples_npz/2013/20130226_2236_HARP2501_NOAA11682.npz,20130226_2236_HARP2501_NOAA11682,2013-02-26 22:36:00,2501,11682,0,2013
test_2015,train,gs://suryabench-sharp-pipeline-bamidele/samples_npz/2011/20110630_0648_HARP684_NOAA11244.npz,20110630_0648_HARP684_NOAA11244,2011-06-30 06:48:00,684,11244,0,2011
test_2015,train,gs://suryabench-sharp-pipeline-bamidele/samples_npz/2012/20120607_1848_HARP1722_NOAA11493.npz,20120607_1848_HARP1722_NOAA11493,2012-06-07 18:48:00,1722,11493,0,2012
test_2015,train,gs://suryabench-sharp-pipeline-bamidele/samples_npz/2011/20110815_0724_HARP781_NOAA11270.npz,20110815_0724_HARP781_NOAA11270,2011-08-15 07:24:00,781,11270,0,2011
test_2015,train,gs://suryabench-sharp-pipeline-bamidele/samples_npz/2012/20120909_1700_HARP2017_NOAA11568.npz,20120909_1700_HARP2017_NOAA11568,2012-09-09 17:00:00,2017,11568,0,2012
test_2015,train,gs://suryabench-sharp-pipeline-bamidele/samples_npz/2013/20130817_1412_HARP3097_NOAA11824.npz,20130817_1412_HARP3097_NOAA11824,2013-08-17 14:12:00,3097,11824,0,2013
test_2015,train,gs://suryabench-sharp-pipeline-bamidele/samples_npz/2012/20120928_0824_HARP2040_NOAA11575.npz,20120928_0824_HARP2040_NOAA11575,2012-09-28 08:24:00,2040,11575,0,2012
test_2015,train,gs://suryabench-sharp-pipeline-bamidele/samples_npz/2011/20110803_0448_HARP755_NOAA11264.npz,20110803_0448_HARP755_NOAA11264,2011-08-03 04:48:00,755,11264,0,2011
test_2015,train,gs://suryabench-sharp-pipeline-bamidele/samples_npz/2013/20131231_2024_HARP3535_NOAA11936.npz,20131231_2024_HARP3535_NOAA11936,2013-12-31 20:24:00,3535,11936,1,2013
test_2015,train,gs://suryabench-sharp-pipeline-bamidele/samples_npz/2012/20120517_0124_HARP1644_NOAA11477.npz,20120517_0124_HARP1644_NOAA11477,2012-05-17 01:24:00,1644,11477,0,2012
test_2015,train,gs://suryabench-sharp-pipeline-bamidele/samples_npz/2012/20120115_1236_HARP1300_NOAA11395.npz,20120115_1236_HARP1300_NOAA11395,2012-01-15 12:36:00,1300,11395,0,2012
test_2015,train,gs://suryabench-sharp-pipeline-bamidele/samples_npz/2013/20131031_1200_HARP3321_NOAA11884.npz,20131031_1200_HARP3321_NOAA11884,2013-10-31 12:00:00,3321,11884,1,2013
test_2015,train,gs://suryabench-sharp-pipeline-bamidele/samples_npz/2013/20131004_0000_HARP3244_NOAA11855.npz,20131004_0000_HARP3244_NOAA11855,2013-10-04 00:00:00,3244,11855,0,2013
test_2015,train,gs://suryabench-sharp-pipeline-bamidele/samples_npz/2011/20110514_1724_HARP602_NOAA11214.npz,20110514_1724_HARP602_NOAA11214,2011-05-14 17:24:00,602,11214,0,2011
test_2015,train,gs://suryabench-sharp-pipeline-bamidele/samples_npz/2013/20131203_2312_HARP3437_NOAA11909.npz,20131203_2312_HARP3437_NOAA11909,2013-12-03 23:12:00,3437,11909,0,2013
test_2015,train,gs://suryabench-sharp-pipeline-bamidele/samples_npz/2013/20131101_0536_HARP3321_NOAA11884.npz,20131101_0536_HARP3321_NOAA11884,2013-11-01 05:36:00,3321,11884,1,2013
test_2015,train,gs://suryabench-sharp-pipeline-bamidele/samples_npz/2011/20110710_1112_HARP702_NOAA11249.npz,20110710_1112_HARP702_NOAA11249,2011-07-10 11:12:00,702,11249,0,2011
test_2015,train,gs://suryabench-sharp-pipeline-bamidele/samples_npz/2010/20101023_0048_HARP223_NOAA11118.npz,20101023_0048_HARP223_NOAA11118,2010-10-23 00:48:00,223,11118,0,2010
test_2015,train,gs://suryabench-sharp-pipeline-bamidele/samples_npz/2011/20110126_2336_HARP354_NOAA11151.npz,20110126_2336_HARP354_NOAA11151,2011-01-26 23:36:00,354,11151,0,2011
test_2015,train,gs://suryabench-sharp-pipeline-bamidele/samples_npz/2013/20130118_1112_HARP2387_NOAA11658.npz,20130118_1112_HARP2387_NOAA11658,2013-01-18 11:12:00,2387,11658,0,2013
test_2015,train,gs://suryabench-sharp-pipeline-bamidele/samples_npz/2013/20130920_0424_HARP3188_NOAA11853.npz,20130920_0424_HARP3188_NOAA11853,2013-09-20 04:24:00,3188,11853,0,2013
test_2015,train,gs://suryabench-sharp-pipeline-bamidele/samples_npz/2010/20101124_0700_HARP259_NOAA11127.npz,20101124_0700_HARP259_NOAA11127,2010-11-24 07:00:00,259,11127,0,2010
test_2015,train,gs://suryabench-sharp-pipeline-bamidele/samples_npz/2011/20110217_0436_HARP384_NOAA11160.npz,20110217_0436_HARP384_NOAA11160,2011-02-17 04:36:00,384,11160,0,2011
test_2015,train,gs://suryabench-sharp-pipeline-bamidele/samples_npz/2013/20130501_2124_HARP2693_NOAA11731.npz,20130501_2124_HARP2693_NOAA11731,2013-05-01 21:24:00,2693,11731,1,2013
test_2015,train,gs://suryabench-sharp-pipeline-bamidele/samples_npz/2013/20130702_0800_HARP2923_NOAA11786.npz,20130702_0800_HARP2923_NOAA11786,2013-07-02 08:00:00,2923,11786,0,2013
test_2015,train,gs://suryabench-sharp-pipeline-bamidele/samples_npz/2013/20131001_1724_HARP3240_NOAA11854.npz,20131001_1724_HARP3240_NOAA11854,2013-10-01 17:24:00,3240,11854,0,2013
test_2015,train,gs://suryabench-sharp-pipeline-bamidele/samples_npz/2013/20130104_1212_HARP2342_NOAA11643.npz,20130104_1212_HARP2342_NOAA11643,2013-01-04 12:12:00,2342,11643,0,2013
test_2015,train,gs://suryabench-sharp-pipeline-bamidele/samples_npz/2012/20121211_2100_HARP2291_NOAA11631.npz,20121211_2100_HARP2291_NOAA11631,2012-12-11 21:00:00,2291,11631,0,2012
test_2015,train,gs://suryabench-sharp-pipeline-bamidele/samples_npz/2012/20121001_2236_HARP2059_NOAA11579.npz,20121001_2236_HARP2059_NOAA11579,2012-10-01 22:36:00,2059,11579,0,2012
test_2015,train,gs://suryabench-sharp-pipeline-bamidele/samples_npz/2011/20111223_1236_HARP1232_NOAA11385.npz,20111223_1236_HARP1232_NOAA11385,2011-12-23 12:36:00,1232,11385,0,2011
test_2015,train,gs://suryabench-sharp-pipeline-bamidele/samples_npz/2011/20111208_0436_HARP1126_NOAA11364.npz,20111208_0436_HARP1126_NOAA11364,2011-12-08 04:36:00,1126,11364,0,2011
test_2015,train,gs://suryabench-sharp-pipeline-bamidele/samples_npz/2013/20130112_1548_HARP2366_NOAA11653.npz,20130112_1548_HARP2366_NOAA11653,2013-01-12 15:48:00,2366,11653,0,2013
test_2015,train,gs://suryabench-sharp-pipeline-bamidele/samples_npz/2012/20120116_0824_HARP1319_NOAA11400.npz,20120116_0824_HARP1319_NOAA11400,2012-01-16 08:24:00,1319,11400,0,2012
test_2015,train,gs://suryabench-sharp-pipeline-bamidele/samples_npz/2012/20121117_0912_HARP2193_NOAA11614.npz,20121117_0912_HARP2193_NOAA11614,2012-11-17 09:12:00,2193,11614,0,2012
test_2015,train,gs://suryabench-sharp-pipeline-bamidele/samples_npz/2012/20120301_0100_HARP1426_NOAA11426.npz,20120301_0100_HARP1426_NOAA11426,2012-03-01 01:00:00,1426,11426,0,2012
test_2015,train,gs://suryabench-sharp-pipeline-bamidele/samples_npz/2012/20121017_0824_HARP2112_NOAA11590.npz,20121017_0824_HARP2112_NOAA11590,2012-10-17 08:24:00,2112,11590,0,2012
test_2015,train,gs://suryabench-sharp-pipeline-bamidele/samples_npz/2012/20120519_0212_HARP1657_NOAA11481.npz,20120519_0212_HARP1657_NOAA11481,2012-05-19 02:12:00,1657,11481,0,2012
test_2015,train,gs://suryabench-sharp-pipeline-bamidele/samples_npz/2011/20111006_0836_HARP909_NOAA11307.npz,20111006_0836_HARP909_NOAA11307,2011-10-06 08:36:00,909,11307,0,2011
test_2015,train,gs://suryabench-sharp-pipeline-bamidele/samples_npz/2011/20110820_0136_HARP794_NOAA11271.npz,20110820_0136_HARP794_NOAA11271,2011-08-20 01:36:00,794,11271,0,2011
test_2015,train,gs://suryabench-sharp-pipeline-bamidele/samples_npz/2013/20130412_0400_HARP2635_NOAA11719.npz,20130412_0400_HARP2635_NOAA11719,2013-04-12 04:00:00,2635,11719,0,2013
test_2015,train,gs://suryabench-sharp-pipeline-bamidele/samples_npz/2012/20120712_2048_HARP1834_NOAA11519.npz,20120712_2048_HARP1834_NOAA11519,2012-07-12 20:48:00,1834,11519,0,2012
test_2015,train,gs://suryabench-sharp-pipeline-bamidele/samples_npz/2012/20121226_0700_HARP2314_NOAA11635.npz,20121226_0700_HARP2314_NOAA11635,2012-12-26 07:00:00,2314,11635,0,2012
test_2015,train,gs://suryabench-sharp-pipeline-bamidele/samples_npz/2012/20120425_1424_HARP1596_NOAA11465.npz,20120425_1424_HARP1596_NOAA11465,2012-04-25 14:24:00,1596,11465,0,2012
test_2015,train,gs://suryabench-sharp-pipeline-bamidele/samples_npz/2011/20110718_0112_HARP714_NOAA11251.npz,20110718_0112_HARP714_NOAA11251,2011-07-18 01:12:00,714,11251,0,2011
test_2015,train,gs://suryabench-sharp-pipeline-bamidele/samples_npz/2012/20120104_0500_HARP1275_NOAA11393.npz,20120104_0500_HARP1275_NOAA11393,2012-01-04 05:00:00,1275,11393,0,2012
test_2015,train,gs://suryabench-sharp-pipeline-bamidele/samples_npz/2011/20110513_2048_HARP587_NOAA11208.npz,20110513_2048_HARP587_NOAA11208,2011-05-13 20:48:00,587,11208,0,2011
test_2015,train,gs://suryabench-sharp-pipeline-bamidele/samples_npz/2013/20130325_1836_HARP2585_NOAA11705.npz,20130325_1836_HARP2585_NOAA11705,2013-03-25 18:36:00,2585,11705,0,2013
test_2015,train,gs://suryabench-sharp-pipeline-bamidele/samples_npz/2012/20121001_1600_HARP2061_NOAA11580.npz,20121001_1600_HARP2061_NOAA11580,2012-10-01 16:00:00,2061,11580,0,2012
test_2015,train,gs://suryabench-sharp-pipeline-bamidele/samples_npz/2013/20130717_2312_HARP2954_NOAA11792.npz,20130717_2312_HARP2954_NOAA11792,2013-07-17 23:12:00,2954,11792,0,2013
test_2015,train,gs://suryabench-sharp-pipeline-bamidele/samples_npz/2013/20130406_1200_HARP2619_NOAA11714.npz,20130406_1200_HARP2619_NOAA11714,2013-04-06 12:00:00,2619,11714,0,2013
test_2015,train,gs://suryabench-sharp-pipeline-bamidele/samples_npz/2011/20111023_1400_HARP970_NOAA11323.npz,20111023_1400_HARP970_NOAA11323,2011-10-23 14:00:00,970,11323,0,2011
test_2015,train,gs://suryabench-sharp-pipeline-bamidele/samples_npz/2012/20120303_1348_HARP1425_NOAA11424.npz,20120303_1348_HARP1425_NOAA11424,2012-03-03 13:48:00,1425,11424,0,2012
test_2015,train,gs://suryabench-sharp-pipeline-bamidele/samples_npz/2010/20100610_0448_HARP51_NOAA11080.npz,20100610_0448_HARP51_NOAA11080,2010-06-10 04:48:00,51,11080,0,2010
test_2015,train,gs://suryabench-sharp-pipeline-bamidele/samples_npz/2012/20121018_0948_HARP2121_NOAA11591.npz,20121018_0948_HARP2121_NOAA11591,2012-10-18 09:48:00,2121,11591,0,2012
test_2015,train,gs://suryabench-sharp-pipeline-bamidele/samples_npz/2011/20110613_2148_HARP662_NOAA11235.npz,20110613_2148_HARP662_NOAA11235,2011-06-13 21:48:00,662,11235,0,2011
test_2015,train,gs://suryabench-sharp-pipeline-bamidele/samples_npz/2011/20110530_1136_HARP632_NOAA11225.npz,20110530_1136_HARP632_NOAA11225,2011-05-30 11:36:00,632,11225,0,2011
test_2015,train,gs://suryabench-sharp-pipeline-bamidele/samples_npz/2012/20120731_2112_HARP1879_NOAA11529.npz,20120731_2112_HARP1879_NOAA11529,2012-07-31 21:12:00,1879,11529,0,2012
test_2015,train,gs://suryabench-sharp-pipeline-bamidele/samples_npz/2012/20120404_2300_HARP1514_NOAA11448.npz,20120404_2300_HARP1514_NOAA11448,2012-04-04 23:00:00,1514,11448,0,2012
test_2015,train,gs://suryabench-sharp-pipeline-bamidele/samples_npz/2013/20130609_0336_HARP2832_NOAA11768.npz,20130609_0336_HARP2832_NOAA11768,2013-06-09 03:36:00,2832,11768,0,2013
test_2015,train,gs://suryabench-sharp-pipeline-bamidele/samples_npz/2011/20110825_1300_HARP805_NOAA11275.npz,20110825_1300_HARP805_NOAA11275,2011-08-25 13:00:00,805,11275,0,2011
test_2015,train,gs://suryabench-sharp-pipeline-bamidele/samples_npz/2013/20131031_0300_HARP3326_NOAA11886.npz,20131031_0300_HARP3326_NOAA11886,2013-10-31 03:00:00,3326,11886,0,2013
test_2015,train,gs://suryabench-sharp-pipeline-bamidele/samples_npz/2011/20110916_1012_HARP853_NOAA11292.npz,20110916_1012_HARP853_NOAA11292,2011-09-16 10:12:00,853,11292,0,2011
test_2015,train,gs://suryabench-sharp-pipeline-bamidele/samples_npz/2010/20101211_2124_HARP284_NOAA11133.npz,20101211_2124_HARP284_NOAA11133,2010-12-11 21:24:00,284,11133,0,2010
test_2015,train,gs://suryabench-sharp-pipeline-bamidele/samples_npz/2011/20111002_1300_HARP902_NOAA11305.npz,20111002_1300_HARP902_NOAA11305,2011-10-02 13:00:00,902,11305,0,2011
test_2015,train,gs://suryabench-sharp-pipeline-bamidele/samples_npz/2013/20130925_1212_HARP3194_NOAA11845.npz,20130925_1212_HARP3194_NOAA11845,2013-09-25 12:12:00,3194,11845,0,2013
test_2015,train,gs://suryabench-sharp-pipeline-bamidele/samples_npz/2013/20131210_0948_HARP3474_NOAA11927.npz,20131210_0948_HARP3474_NOAA11927,2013-12-10 09:48:00,3474,11927,0,2013
test_2015,train,gs://suryabench-sharp-pipeline-bamidele/samples_npz/2013/20130328_1124_HARP2587_NOAA11704.npz,20130328_1124_HARP2587_NOAA11704,2013-03-28 11:24:00,2587,11704,0,2013
test_2015,train,gs://suryabench-sharp-pipeline-bamidele/samples_npz/2013/20130927_0524_HARP3217_NOAA11851.npz,20130927_0524_HARP3217_NOAA11851,2013-09-27 05:24:00,3217,11851,0,2013
test_2015,train,gs://suryabench-sharp-pipeline-bamidele/samples_npz/2012/20120902_0612_HARP1970_NOAA11555.npz,20120902_0612_HARP1970_NOAA11555,2012-09-02 06:12:00,1970,11555,0,2012
test_2015,train,gs://suryabench-sharp-pipeline-bamidele/samples_npz/2011/20111115_1536_HARP1064_NOAA11349.npz,20111115_1536_HARP1064_NOAA11349,2011-11-15 15:36:00,1064,11349,0,2011
test_2015,train,gs://suryabench-sharp-pipeline-bamidele/samples_npz/2011/20110504_0724_HARP556_NOAA11203.npz,20110504_0724_HARP556_NOAA11203,2011-05-04 07:24:00,556,11203,0,2011
test_2015,train,gs://suryabench-sharp-pipeline-bamidele/samples_npz/2012/20120228_1036_HARP1426_NOAA11426.npz,20120228_1036_HARP1426_NOAA11426,2012-02-28 10:36:00,1426,11426,0,2012
test_2015,train,gs://suryabench-sharp-pipeline-bamidele/samples_npz/2011/20110621_0624_HARP667_NOAA11236.npz,20110621_0624_HARP667_NOAA11236,2011-06-21 06:24:00,667,11236,0,2011
test_2015,train,gs://suryabench-sharp-pipeline-bamidele/samples_npz/2011/20111023_0200_HARP976_NOAA11324.npz,20111023_0200_HARP976_NOAA11324,2011-10-23 02:00:00,976,11324,0,2011
test_2015,train,gs://suryabench-sharp-pipeline-bamidele/samples_npz/2012/20120923_2224_HARP2047_NOAA11578.npz,20120923_2224_HARP2047_NOAA11578,2012-09-23 22:24:00,2047,11578,0,2012
test_2015,train,gs://suryabench-sharp-pipeline-bamidele/samples_npz/2012/20120812_1600_HARP1931_NOAA11543.npz,20120812_1600_HARP1931_NOAA11543,2012-08-12 16:00:00,1931,11543,0,2012
test_2015,train,gs://suryabench-sharp-pipeline-bamidele/samples_npz/2012/20120110_2112_HARP1278_NOAA11391.npz,20120110_2112_HARP1278_NOAA11391,2012-01-10 21:12:00,1278,11391,0,2012
test_2015,train,gs://suryabench-sharp-pipeline-bamidele/samples_npz/2011/20110828_1212_HARP819_NOAA11284.npz,20110828_1212_HARP819_NOAA11284,2011-08-28 12:12:00,819,11284,0,2011
test_2015,train,gs://suryabench-sharp-pipeline-bamidele/samples_npz/2013/20130702_1712_HARP2910_NOAA11782.npz,20130702_1712_HARP2910_NOAA11782,2013-07-02 17:12:00,2910,11782,0,2013
test_2015,train,gs://suryabench-sharp-pipeline-bamidele/samples_npz/2011/20111119_1200_HARP1066_NOAA11346.npz,20111119_1200_HARP1066_NOAA11346,2011-11-19 12:00:00,1066,11346,0,2011
test_2015,train,gs://suryabench-sharp-pipeline-bamidele/samples_npz/2013/20130409_1648_HARP2636_NOAA11718.npz,20130409_1648_HARP2636_NOAA11718,2013-04-09 16:48:00,2636,11718,0,2013
test_2015,train,gs://suryabench-sharp-pipeline-bamidele/samples_npz/2011/20111122_1748_HARP1079_NOAA11350.npz,20111122_1748_HARP1079_NOAA11350,2011-11-22 17:48:00,1079,11350,0,2011
test_2015,train,gs://suryabench-sharp-pipeline-bamidele/samples_npz/2010/20101024_1648_HARP223_NOAA11118.npz,20101024_1648_HARP223_NOAA11118,2010-10-24 16:48:00,223,11118,0,2010
test_2015,train,gs://suryabench-sharp-pipeline-bamidele/samples_npz/2013/20131230_2024_HARP3542_NOAA11937.npz,20131230_2024_HARP3542_NOAA11937,2013-12-30 20:24:00,3542,11937,0,2013
test_2015,train,gs://suryabench-sharp-pipeline-bamidele/samples_npz/2010/20100601_0900_HARP43_NOAA11076.npz,20100601_0900_HARP43_NOAA11076,2010-06-01 09:00:00,43,11076,0,2010
test_2015,train,gs://suryabench-sharp-pipeline-bamidele/samples_npz/2013/20130105_1212_HARP2341_NOAA11642.npz,20130105_1212_HARP2341_NOAA11642,2013-01-05 12:12:00,2341,11642,0,2013
test_2015,train,gs://suryabench-sharp-pipeline-bamidele/samples_npz/2010/20101118_1348_HARP256_NOAA11126.npz,20101118_1348_HARP256_NOAA11126,2010-11-18 13:48:00,256,11126,0,2010
test_2015,train,gs://suryabench-sharp-pipeline-bamidele/samples_npz/2012/20120327_2148_HARP1488_NOAA11438.npz,20120327_2148_HARP1488_NOAA11438,2012-03-27 21:48:00,1488,11438,0,2012
test_2015,train,gs://suryabench-sharp-pipeline-bamidele/samples_npz/2013/20130824_1100_HARP3098_NOAA11827.npz,20130824_1100_HARP3098_NOAA11827,2013-08-24 11:00:00,3098,11827,0,2013
test_2015,train,gs://suryabench-sharp-pipeline-bamidele/samples_npz/2012/20120729_0312_HARP1877_NOAA11527.npz,20120729_0312_HARP1877_NOAA11527,2012-07-29 03:12:00,1877,11527,0,2012
test_2015,train,gs://suryabench-sharp-pipeline-bamidele/samples_npz/2010/20101018_1436_HARP221_NOAA11116.npz,20101018_1436_HARP221_NOAA11116,2010-10-18 14:36:00,221,11116,0,2010
test_2015,train,gs://suryabench-sharp-pipeline-bamidele/samples_npz/2011/20111207_1836_HARP1170_NOAA11373.npz,20111207_1836_HARP1170_NOAA11373,2011-12-07 18:36:00,1170,11373,0,2011
test_2015,train,gs://suryabench-sharp-pipeline-bamidele/samples_npz/2012/20120821_0648_HARP1942_NOAA11546.npz,20120821_0648_HARP1942_NOAA11546,2012-08-21 06:48:00,1942,11546,0,2012
test_2015,train,gs://suryabench-sharp-pipeline-bamidele/samples_npz/2011/20111009_0036_HARP932_NOAA11313.npz,20111009_0036_HARP932_NOAA11313,2011-10-09 00:36:00,932,11313,0,2011
test_2015,train,gs://suryabench-sharp-pipeline-bamidele/samples_npz/2011/20110403_1700_HARP466_NOAA11184.npz,20110403_1700_HARP466_NOAA11184,2011-04-03 17:00:00,466,11184,0,2011
test_2015,train,gs://suryabench-sharp-pipeline-bamidele/samples_npz/2012/20120421_2048_HARP1596_NOAA11465.npz,20120421_2048_HARP1596_NOAA11465,2012-04-21 20:48:00,1596,11465,0,2012
test_2015,train,gs://suryabench-sharp-pipeline-bamidele/samples_npz/2012/20120815_1112_HARP1931_NOAA11543.npz,20120815_1112_HARP1931_NOAA11543,2012-08-15 11:12:00,1931,11543,0,2012
test_2015,train,gs://suryabench-sharp-pipeline-bamidele/samples_npz/2013/20130411_1600_HARP2636_NOAA11718.npz,20130411_1600_HARP2636_NOAA11718,2013-04-11 16:00:00,2636,11718,1,2013
test_2015,train,gs://suryabench-sharp-pipeline-bamidele/samples_npz/2011/20110625_0136_HARP674_NOAA11237.npz,20110625_0136_HARP674_NOAA11237,2011-06-25 01:36:00,674,11237,0,2011
test_2015,train,gs://suryabench-sharp-pipeline-bamidele/samples_npz/2013/20131028_2036_HARP3323_NOAA11888.npz,20131028_2036_HARP3323_NOAA11888,2013-10-28 20:36:00,3323,11888,0,2013
test_2015,train,gs://suryabench-sharp-pipeline-bamidele/samples_npz/2013/20130603_1348_HARP2790_NOAA11758.npz,20130603_1348_HARP2790_NOAA11758,2013-06-03 13:48:00,2790,11758,0,2013
test_2015,train,gs://suryabench-sharp-pipeline-bamidele/samples_npz/2012/20120318_2012_HARP1480_NOAA11437.npz,20120318_2012_HARP1480_NOAA11437,2012-03-18 20:12:00,1480,11437,0,2012
test_2015,train,gs://suryabench-sharp-pipeline-bamidele/samples_npz/2011/20110608_1200_HARP650_NOAA11232.npz,20110608_1200_HARP650_NOAA11232,2011-06-08 12:00:00,650,11232,0,2011
test_2015,train,gs://suryabench-sharp-pipeline-bamidele/samples_npz/2012/20120212_2200_HARP1390_NOAA11418.npz,20120212_2200_HARP1390_NOAA11418,2012-02-12 22:00:00,1390,11418,0,2012
test_2015,train,gs://suryabench-sharp-pipeline-bamidele/samples_npz/2013/20131023_1024_HARP3295_NOAA11877.npz,20131023_1024_HARP3295_NOAA11877,2013-10-23 10:24:00,3295,11877,1,2013
test_2015,train,gs://suryabench-sharp-pipeline-bamidele/samples_npz/2011/20110213_2336_HARP377_NOAA11158.npz,20110213_2336_HARP377_NOAA11158,2011-02-13 23:36:00,377,11158,1,2011
test_2015,train,gs://suryabench-sharp-pipeline-bamidele/samples_npz/2011/20110514_0224_HARP595_NOAA11212.npz,20110514_0224_HARP595_NOAA11212,2011-05-14 02:24:00,595,11212,0,2011
test_2015,train,gs://suryabench-sharp-pipeline-bamidele/samples_npz/2011/20110215_1536_HARP377_NOAA11158.npz,20110215_1536_HARP377_NOAA11158,2011-02-15 15:36:00,377,11158,1,2011
test_2015,train,gs://suryabench-sharp-pipeline-bamidele/samples_npz/2010/20101018_1748_HARP221_NOAA11116.npz,20101018_1748_HARP221_NOAA11116,2010-10-18 17:48:00,221,11116,0,2010
test_2015,train,gs://suryabench-sharp-pipeline-bamidele/samples_npz/2011/20110930_1300_HARP902_NOAA11305.npz,20110930_1300_HARP902_NOAA11305,2011-09-30 13:00:00,902,11305,1,2011
test_2015,train,gs://suryabench-sharp-pipeline-bamidele/samples_npz/2012/20120417_0336_HARP1573_NOAA11462.npz,20120417_0336_HARP1573_NOAA11462,2012-04-17 03:36:00,1573,11462,0,2012
test_2015,train,gs://suryabench-sharp-pipeline-bamidele/samples_npz/2013/20130103_2100_HARP2338_NOAA11641.npz,20130103_2100_HARP2338_NOAA11641,2013-01-03 21:00:00,2338,11641,0,2013
test_2015,train,gs://suryabench-sharp-pipeline-bamidele/samples_npz/2013/20130421_0112_HARP2673_NOAA11726.npz,20130421_0112_HARP2673_NOAA11726,2013-04-21 01:12:00,2673,11726,1,2013
test_2015,train,gs://suryabench-sharp-pipeline-bamidele/samples_npz/2011/20111231_1636_HARP1249_NOAA11390.npz,20111231_1636_HARP1249_NOAA11390,2011-12-31 16:36:00,1249,11390,0,2011
test_2015,train,gs://suryabench-sharp-pipeline-bamidele/samples_npz/2013/20130831_1912_HARP3119_NOAA11834.npz,20130831_1912_HARP3119_NOAA11834,2013-08-31 19:12:00,3119,11834,0,2013
test_2015,train,gs://suryabench-sharp-pipeline-bamidele/samples_npz/2013/20130709_1236_HARP2920_NOAA11785.npz,20130709_1236_HARP2920_NOAA11785,2013-07-09 12:36:00,2920,11785,0,2013
test_2015,train,gs://suryabench-sharp-pipeline-bamidele/samples_npz/2013/20130602_2312_HARP2809_NOAA11760.npz,20130602_2312_HARP2809_NOAA11760,2013-06-02 23:12:00,2809,11760,0,2013
test_2015,train,gs://suryabench-sharp-pipeline-bamidele/samples_npz/2011/20110716_1012_HARP713_NOAA11258.npz,20110716_1012_HARP713_NOAA11258,2011-07-16 10:12:00,713,11258,0,2011
test_2015,train,gs://suryabench-sharp-pipeline-bamidele/samples_npz/2012/20120219_2012_HARP1396_NOAA11419.npz,20120219_2012_HARP1396_NOAA11419,2012-02-19 20:12:00,1396,11419,0,2012
test_2015,train,gs://suryabench-sharp-pipeline-bamidele/samples_npz/2012/20120605_2012_HARP1724_NOAA11494.npz,20120605_2012_HARP1724_NOAA11494,2012-06-05 20:12:00,1724,11494,1,2012
test_2015,train,gs://suryabench-sharp-pipeline-bamidele/samples_npz/2012/20120116_1300_HARP1313_NOAA11403.npz,20120116_1300_HARP1313_NOAA11403,2012-01-16 13:00:00,1313,11403,0,2012
test_2015,train,gs://suryabench-sharp-pipeline-bamidele/samples_npz/2012/20120607_2336_HARP1722_NOAA11493.npz,20120607_2336_HARP1722_NOAA11493,2012-06-07 23:36:00,1722,11493,0,2012
test_2015,train,gs://suryabench-sharp-pipeline-bamidele/samples_npz/2011/20110603_0936_HARP637_NOAA11226.npz,20110603_0936_HARP637_NOAA11226,2011-06-03 09:36:00,637,11226,0,2011
test_2015,train,gs://suryabench-sharp-pipeline-bamidele/samples_npz/2012/20120515_1348_HARP1644_NOAA11477.npz,20120515_1348_HARP1644_NOAA11477,2012-05-15 13:48:00,1644,11477,0,2012
test_2015,train,gs://suryabench-sharp-pipeline-bamidele/samples_npz/2013/20130119_2224_HARP2387_NOAA11658.npz,20130119_2224_HARP2387_NOAA11658,2013-01-19 22:24:00,2387,11658,0,2013
test_2015,train,gs://suryabench-sharp-pipeline-bamidele/samples_npz/2013/20130711_1824_HARP2942_NOAA11789.npz,20130711_1824_HARP2942_NOAA11789,2013-07-11 18:24:00,2942,11789,0,2013
test_2015,train,gs://suryabench-sharp-pipeline-bamidele/samples_npz/2012/20120423_2224_HARP1582_NOAA11461.npz,20120423_2224_HARP1582_NOAA11461,2012-04-23 22:24:00,1582,11461,0,2012
test_2015,train,gs://suryabench-sharp-pipeline-bamidele/samples_npz/2011/20111214_0100_HARP1168_NOAA11374.npz,20111214_0100_HARP1168_NOAA11374,2011-12-14 01:00:00,1168,11374,0,2011
test_2015,train,gs://suryabench-sharp-pipeline-bamidele/samples_npz/2012/20120107_2112_HARP1278_NOAA11391.npz,20120107_2112_HARP1278_NOAA11391,2012-01-07 21:12:00,1278,11391,0,2012
test_2015,train,gs://suryabench-sharp-pipeline-bamidele/samples_npz/2011/20111119_0536_HARP1075_NOAA11347.npz,20111119_0536_HARP1075_NOAA11347,2011-11-19 05:36:00,1075,11347,0,2011
test_2015,train,gs://suryabench-sharp-pipeline-bamidele/samples_npz/2011/20110916_0200_HARP853_NOAA11292.npz,20110916_0200_HARP853_NOAA11292,2011-09-16 02:00:00,853,11292,0,2011
test_2015,train,gs://suryabench-sharp-pipeline-bamidele/samples_npz/2012/20120510_0924_HARP1638_NOAA11476.npz,20120510_0924_HARP1638_NOAA11476,2012-05-10 09:24:00,1638,11476,1,2012
test_2015,train,gs://suryabench-sharp-pipeline-bamidele/samples_npz/2013/20130216_1412_HARP2469_NOAA11671.npz,20130216_1412_HARP2469_NOAA11671,2013-02-16 14:12:00,2469,11671,0,2013
test_2015,train,gs://suryabench-sharp-pipeline-bamidele/samples_npz/2012/20121225_0348_HARP2314_NOAA11635.npz,20121225_0348_HARP2314_NOAA11635,2012-12-25 03:48:00,2314,11635,0,2012
test_2015,train,gs://suryabench-sharp-pipeline-bamidele/samples_npz/2012/20120131_1112_HARP1348_NOAA11411.npz,20120131_1112_HARP1348_NOAA11411,2012-01-31 11:12:00,1348,11411,0,2012
test_2015,train,gs://suryabench-sharp-pipeline-bamidele/samples_npz/2011/20111026_0024_HARP976_NOAA11324.npz,20111026_0024_HARP976_NOAA11324,2011-10-26 00:24:00,976,11324,0,2011
test_2015,train,gs://suryabench-sharp-pipeline-bamidele/samples_npz/2012/20120502_0600_HARP1621_NOAA11470.npz,20120502_0600_HARP1621_NOAA11470,2012-05-02 06:00:00,1621,11470,0,2012
test_2015,train,gs://suryabench-sharp-pipeline-bamidele/samples_npz/2011/20110203_0412_HARP355_NOAA11150.npz,20110203_0412_HARP355_NOAA11150,2011-02-03 04:12:00,355,11150,0,2011
test_2015,train,gs://suryabench-sharp-pipeline-bamidele/samples_npz/2012/20120424_0800_HARP1582_NOAA11461.npz,20120424_0800_HARP1582_NOAA11461,2012-04-24 08:00:00,1582,11461,0,2012
test_2015,train,gs://suryabench-sharp-pipeline-bamidele/samples_npz/2013/20130404_1200_HARP2597_NOAA11713.npz,20130404_1200_HARP2597_NOAA11713,2013-04-04 12:00:00,2597,11713,0,2013
test_2015,train,gs://suryabench-sharp-pipeline-bamidele/samples_npz/2011/20110919_0224_HARP853_NOAA11292.npz,20110919_0224_HARP853_NOAA11292,2011-09-19 02:24:00,853,11292,0,2011
test_2015,train,gs://suryabench-sharp-pipeline-bamidele/samples_npz/2011/20111031_0448_HARP1005_NOAA11332.npz,20111031_0448_HARP1005_NOAA11332,2011-10-31 04:48:00,1005,11332,0,2011
test_2015,train,gs://suryabench-sharp-pipeline-bamidele/samples_npz/2012/20120211_1536_HARP1389_NOAA11416.npz,20120211_1536_HARP1389_NOAA11416,2012-02-11 15:36:00,1389,11416,0,2012
test_2015,train,gs://suryabench-sharp-pipeline-bamidele/samples_npz/2012/20121120_1900_HARP2220_NOAA11618.npz,20121120_1900_HARP2220_NOAA11618,2012-11-20 19:00:00,2220,11618,1,2012
test_2015,train,gs://suryabench-sharp-pipeline-bamidele/samples_npz/2011/20111216_1300_HARP1186_NOAA11378.npz,20111216_1300_HARP1186_NOAA11378,2011-12-16 13:00:00,1186,11378,0,2011
test_2015,train,gs://suryabench-sharp-pipeline-bamidele/samples_npz/2012/20121206_2236_HARP2260_NOAA11627.npz,20121206_2236_HARP2260_NOAA11627,2012-12-06 22:36:00,2260,11627,0,2012
test_2015,train,gs://suryabench-sharp-pipeline-bamidele/samples_npz/2011/20111126_2112_HARP1093_NOAA11353.npz,20111126_2112_HARP1093_NOAA11353,2011-11-26 21:12:00,1093,11353,0,2011
test_2015,train,gs://suryabench-sharp-pipeline-bamidele/samples_npz/2013/20130630_0236_HARP2912_NOAA11781.npz,20130630_0236_HARP2912_NOAA11781,2013-06-30 02:36:00,2912,11781,0,2013
test_2015,train,gs://suryabench-sharp-pipeline-bamidele/samples_npz/2013/20130105_0100_HARP2342_NOAA11643.npz,20130105_0100_HARP2342_NOAA11643,2013-01-05 01:00:00,2342,11643,0,2013
test_2015,train,gs://suryabench-sharp-pipeline-bamidele/samples_npz/2011/20110621_1600_HARP667_NOAA11236.npz,20110621_1600_HARP667_NOAA11236,2011-06-21 16:00:00,667,11236,0,2011
test_2015,train,gs://suryabench-sharp-pipeline-bamidele/samples_npz/2011/20110904_0712_HARP833_NOAA11283.npz,20110904_0712_HARP833_NOAA11283,2011-09-04 07:12:00,833,11283,1,2011
test_2015,train,gs://suryabench-sharp-pipeline-bamidele/samples_npz/2012/20121122_2100_HARP2220_NOAA11618.npz,20121122_2100_HARP2220_NOAA11618,2012-11-22 21:00:00,2220,11618,0,2012
test_2015,train,gs://suryabench-sharp-pipeline-bamidele/samples_npz/2013/20130930_0936_HARP3220_NOAA11858.npz,20130930_0936_HARP3220_NOAA11858,2013-09-30 09:36:00,3220,11858,0,2013
test_2015,train,gs://suryabench-sharp-pipeline-bamidele/samples_npz/2011/20110426_1612_HARP514_NOAA11195.npz,20110426_1612_HARP514_NOAA11195,2011-04-26 16:12:00,514,11195,0,2011
test_2015,train,gs://suryabench-sharp-pipeline-bamidele/samples_npz/2013/20130503_0924_HARP2710_NOAA11736.npz,20130503_0924_HARP2710_NOAA11736,2013-05-03 09:24:00,2710,11736,0,2013
test_2015,train,gs://suryabench-sharp-pipeline-bamidele/samples_npz/2010/20100809_1900_HARP115_NOAA11093.npz,20100809_1900_HARP115_NOAA11093,2010-08-09 19:00:00,115,11093,0,2010
test_2015,train,gs://suryabench-sharp-pipeline-bamidele/samples_npz/2011/20111128_0824_HARP1113_NOAA11358.npz,20111128_0824_HARP1113_NOAA11358,2011-11-28 08:24:00,1113,11358,0,2011
test_2015,train,gs://suryabench-sharp-pipeline-bamidele/samples_npz/2010/20101025_0712_HARP226_NOAA11117.npz,20101025_0712_HARP226_NOAA11117,2010-10-25 07:12:00,226,11117,0,2010
test_2015,train,gs://suryabench-sharp-pipeline-bamidele/samples_npz/2013/20130831_1248_HARP3122_NOAA11835.npz,20130831_1248_HARP3122_NOAA11835,2013-08-31 12:48:00,3122,11835,0,2013
test_2015,train,gs://suryabench-sharp-pipeline-bamidele/samples_npz/2012/20120831_1736_HARP1993_NOAA11560.npz,20120831_1736_HARP1993_NOAA11560,2012-08-31 17:36:00,1993,11560,0,2012
test_2015,train,gs://suryabench-sharp-pipeline-bamidele/samples_npz/2011/20110904_1648_HARP833_NOAA11283.npz,20110904_1648_HARP833_NOAA11283,2011-09-04 16:48:00,833,11283,1,2011
test_2015,train,gs://suryabench-sharp-pipeline-bamidele/samples_npz/2012/20120604_0824_HARP1727_NOAA11497.npz,20120604_0824_HARP1727_NOAA11497,2012-06-04 08:24:00,1727,11497,0,2012
test_2015,train,gs://suryabench-sharp-pipeline-bamidele/samples_npz/2013/20130929_1424_HARP3220_NOAA11858.npz,20130929_1424_HARP3220_NOAA11858,2013-09-29 14:24:00,3220,11858,0,2013
test_2015,train,gs://suryabench-sharp-pipeline-bamidele/samples_npz/2011/20110927_1036_HARP878_NOAA11301.npz,20110927_1036_HARP878_NOAA11301,2011-09-27 10:36:00,878,11301,0,2011
test_2015,train,gs://suryabench-sharp-pipeline-bamidele/samples_npz/2012/20121003_0312_HARP2061_NOAA11580.npz,20121003_0312_HARP2061_NOAA11580,2012-10-03 03:12:00,2061,11580,0,2012
test_2015,train,gs://suryabench-sharp-pipeline-bamidele/samples_npz/2011/20110622_1736_HARP674_NOAA11237.npz,20110622_1736_HARP674_NOAA11237,2011-06-22 17:36:00,674,11237,0,2011
test_2015,train,gs://suryabench-sharp-pipeline-bamidele/samples_npz/2013/20131223_1312_HARP3520_NOAA11931.npz,20131223_1312_HARP3520_NOAA11931,2013-12-23 13:12:00,3520,11931,0,2013
test_2015,train,gs://suryabench-sharp-pipeline-bamidele/samples_npz/2012/20120426_0836_HARP1603_NOAA11466.npz,20120426_0836_HARP1603_NOAA11466,2012-04-26 08:36:00,1603,11466,1,2012
test_2015,train,gs://suryabench-sharp-pipeline-bamidele/samples_npz/2013/20131009_1012_HARP3259_NOAA11863.npz,20131009_1012_HARP3259_NOAA11863,2013-10-09 10:12:00,3259,11863,0,2013
test_2015,train,gs://suryabench-sharp-pipeline-bamidele/samples_npz/2013/20130729_2248_HARP2999_NOAA11801.npz,20130729_2248_HARP2999_NOAA11801,2013-07-29 22:48:00,2999,11801,0,2013
test_2015,train,gs://suryabench-sharp-pipeline-bamidele/samples_npz/2011/20111214_1836_HARP1168_NOAA11374.npz,20111214_1836_HARP1168_NOAA11374,2011-12-14 18:36:00,1168,11374,0,2011
test_2015,train,gs://suryabench-sharp-pipeline-bamidele/samples_npz/2012/20120519_1048_HARP1680_NOAA11487.npz,20120519_1048_HARP1680_NOAA11487,2012-05-19 10:48:00,1680,11487,0,2012
test_2015,train,gs://suryabench-sharp-pipeline-bamidele/samples_npz/2012/20120727_1048_HARP1873_NOAA11526.npz,20120727_1048_HARP1873_NOAA11526,2012-07-27 10:48:00,1873,11526,0,2012
test_2015,train,gs://suryabench-sharp-pipeline-bamidele/samples_npz/2012/20121004_0312_HARP2069_NOAA11582.npz,20121004_0312_HARP2069_NOAA11582,2012-10-04 03:12:00,2069,11582,0,2012
test_2015,train,gs://suryabench-sharp-pipeline-bamidele/samples_npz/2012/20120229_2324_HARP1424_NOAA11425.npz,20120229_2324_HARP1424_NOAA11425,2012-02-29 23:24:00,1424,11425,0,2012
test_2015,train,gs://suryabench-sharp-pipeline-bamidele/samples_npz/2010/20100814_0824_HARP128_NOAA11097.npz,20100814_0824_HARP128_NOAA11097,2010-08-14 08:24:00,128,11097,0,2010
test_2015,train,gs://suryabench-sharp-pipeline-bamidele/samples_npz/2013/20130814_0324_HARP3048_NOAA11814.npz,20130814_0324_HARP3048_NOAA11814,2013-08-14 03:24:00,3048,11814,0,2013
test_2015,train,gs://suryabench-sharp-pipeline-bamidele/samples_npz/2012/20120831_0436_HARP1970_NOAA11555.npz,20120831_0436_HARP1970_NOAA11555,2012-08-31 04:36:00,1970,11555,0,2012
test_2015,train,gs://suryabench-sharp-pipeline-bamidele/samples_npz/2013/20130411_0312_HARP2636_NOAA11718.npz,20130411_0312_HARP2636_NOAA11718,2013-04-11 03:12:00,2636,11718,1,2013
test_2015,train,gs://suryabench-sharp-pipeline-bamidele/samples_npz/2013/20131026_1524_HARP3295_NOAA11877.npz,20131026_1524_HARP3295_NOAA11877,2013-10-26 15:24:00,3295,11877,1,2013
test_2015,train,gs://suryabench-sharp-pipeline-bamidele/samples_npz/2011/20111123_0024_HARP1093_NOAA11353.npz,20111123_0024_HARP1093_NOAA11353,2011-11-23 00:24:00,1093,11353,0,2011
test_2015,train,gs://suryabench-sharp-pipeline-bamidele/samples_npz/2013/20130201_0136_HARP2420_NOAA11663.npz,20130201_0136_HARP2420_NOAA11663,2013-02-01 01:36:00,2420,11663,0,2013
test_2015,train,gs://suryabench-sharp-pipeline-bamidele/samples_npz/2010/20100530_2048_HARP40_NOAA11075.npz,20100530_2048_HARP40_NOAA11075,2010-05-30 20:48:00,40,11075,0,2010
test_2015,train,gs://suryabench-sharp-pipeline-bamidele/samples_npz/2010/20101027_0200_HARP226_NOAA11117.npz,20101027_0200_HARP226_NOAA11117,2010-10-27 02:00:00,226,11117,0,2010
test_2015,train,gs://suryabench-sharp-pipeline-bamidele/samples_npz/2012/20120827_1200_HARP1959_NOAA11553.npz,20120827_1200_HARP1959_NOAA11553,2012-08-27 12:00:00,1959,11553,0,2012
test_2015,train,gs://suryabench-sharp-pipeline-bamidele/samples_npz/2011/20110310_1036_HARP407_NOAA11169.npz,20110310_1036_HARP407_NOAA11169,2011-03-10 10:36:00,407,11169,0,2011
test_2015,train,gs://suryabench-sharp-pipeline-bamidele/samples_npz/2011/20111208_0624_HARP1149_NOAA11367.npz,20111208_0624_HARP1149_NOAA11367,2011-12-08 06:24:00,1149,11367,0,2011
test_2015,train,gs://suryabench-sharp-pipeline-bamidele/samples_npz/2011/20110512_0000_HARP589_NOAA11209.npz,20110512_0000_HARP589_NOAA11209,2011-05-12 00:00:00,589,11209,0,2011
test_2015,train,gs://suryabench-sharp-pipeline-bamidele/samples_npz/2011/20110816_1936_HARP799_NOAA11273.npz,20110816_1936_HARP799_NOAA11273,2011-08-16 19:36:00,799,11273,0,2011
test_2015,train,gs://suryabench-sharp-pipeline-bamidele/samples_npz/2011/20110608_1024_HARP650_NOAA11232.npz,20110608_1024_HARP650_NOAA11232,2011-06-08 10:24:00,650,11232,0,2011
test_2015,train,gs://suryabench-sharp-pipeline-bamidele/samples_npz/2011/20110408_1736_HARP488_NOAA11188.npz,20110408_1736_HARP488_NOAA11188,2011-04-08 17:36:00,488,11188,0,2011
test_2015,train,gs://suryabench-sharp-pipeline-bamidele/samples_npz/2012/20120826_2312_HARP1959_NOAA11553.npz,20120826_2312_HARP1959_NOAA11553,2012-08-26 23:12:00,1959,11553,0,2012
test_2015,train,gs://suryabench-sharp-pipeline-bamidele/samples_npz/2013/20130722_0536_HARP2982_NOAA11798.npz,20130722_0536_HARP2982_NOAA11798,2013-07-22 05:36:00,2982,11798,0,2013
test_2015,train,gs://suryabench-sharp-pipeline-bamidele/samples_npz/2013/20130112_1048_HARP2372_NOAA11654.npz,20130112_1048_HARP2372_NOAA11654,2013-01-12 10:48:00,2372,11654,0,2013
test_2015,train,gs://suryabench-sharp-pipeline-bamidele/samples_npz/2013/20130807_1500_HARP3031_NOAA11810.npz,20130807_1500_HARP3031_NOAA11810,2013-08-07 15:00:00,3031,11810,0,2013
test_2015,train,gs://suryabench-sharp-pipeline-bamidele/samples_npz/2013/20130302_1200_HARP2504_NOAA11680.npz,20130302_1200_HARP2504_NOAA11680,2013-03-02 12:00:00,2504,11680,0,2013
test_2015,train,gs://suryabench-sharp-pipeline-bamidele/samples_npz/2013/20130901_0312_HARP3119_NOAA11834.npz,20130901_0312_HARP3119_NOAA11834,2013-09-01 03:12:00,3119,11834,0,2013
test_2015,train,gs://suryabench-sharp-pipeline-bamidele/samples_npz/2013/20131210_0036_HARP3482_NOAA11919.npz,20131210_0036_HARP3482_NOAA11919,2013-12-10 00:36:00,3482,11919,0,2013
test_2015,train,gs://suryabench-sharp-pipeline-bamidele/samples_npz/2012/20121112_0912_HARP2177_NOAA11608.npz,20121112_0912_HARP2177_NOAA11608,2012-11-12 09:12:00,2177,11608,0,2012
test_2015,train,gs://suryabench-sharp-pipeline-bamidele/samples_npz/2010/20100829_0824_HARP146_NOAA11102.npz,20100829_0824_HARP146_NOAA11102,2010-08-29 08:24:00,146,11102,0,2010
test_2015,train,gs://suryabench-sharp-pipeline-bamidele/samples_npz/2011/20110802_0236_HARP750_NOAA11261.npz,20110802_0236_HARP750_NOAA11261,2011-08-02 02:36:00,750,11261,1,2011
test_2015,train,gs://suryabench-sharp-pipeline-bamidele/samples_npz/2010/20101018_0636_HARP218_NOAA11113.npz,20101018_0636_HARP218_NOAA11113,2010-10-18 06:36:00,218,11113,0,2010
test_2015,train,gs://suryabench-sharp-pipeline-bamidele/samples_npz/2013/20131231_1848_HARP3535_NOAA11936.npz,20131231_1848_HARP3535_NOAA11936,2013-12-31 18:48:00,3535,11936,1,2013
test_2015,train,gs://suryabench-sharp-pipeline-bamidele/samples_npz/2012/20120901_1348_HARP1997_NOAA11561.npz,20120901_1348_HARP1997_NOAA11561,2012-09-01 13:48:00,1997,11561,0,2012
test_2015,train,gs://suryabench-sharp-pipeline-bamidele/samples_npz/2012/20120519_0524_HARP1662_NOAA11484.npz,20120519_0524_HARP1662_NOAA11484,2012-05-19 05:24:00,1662,11484,0,2012
test_2015,train,gs://suryabench-sharp-pipeline-bamidele/samples_npz/2013/20130312_2248_HARP2541_NOAA11691.npz,20130312_2248_HARP2541_NOAA11691,2013-03-12 22:48:00,2541,11691,0,2013
test_2015,train,gs://suryabench-sharp-pipeline-bamidele/samples_npz/2013/20131027_2348_HARP3323_NOAA11888.npz,20131027_2348_HARP3323_NOAA11888,2013-10-27 23:48:00,3323,11888,0,2013
test_2015,train,gs://suryabench-sharp-pipeline-bamidele/samples_npz/2010/20101004_1348_HARP198_NOAA11111.npz,20101004_1348_HARP198_NOAA11111,2010-10-04 13:48:00,198,11111,0,2010
test_2015,train,gs://suryabench-sharp-pipeline-bamidele/samples_npz/2012/20120727_2348_HARP1892_NOAA11533.npz,20120727_2348_HARP1892_NOAA11533,2012-07-27 23:48:00,1892,11533,0,2012
test_2015,train,gs://suryabench-sharp-pipeline-bamidele/samples_npz/2013/20130115_0112_HARP2372_NOAA11654.npz,20130115_0112_HARP2372_NOAA11654,2013-01-15 01:12:00,2372,11654,0,2013
test_2015,train,gs://suryabench-sharp-pipeline-bamidele/samples_npz/2011/20110214_2200_HARP377_NOAA11158.npz,20110214_2200_HARP377_NOAA11158,2011-02-14 22:00:00,377,11158,1,2011
test_2015,train,gs://suryabench-sharp-pipeline-bamidele/samples_npz/2013/20131031_0712_HARP3311_NOAA11882.npz,20131031_0712_HARP3311_NOAA11882,2013-10-31 07:12:00,3311,11882,0,2013
test_2015,train,gs://suryabench-sharp-pipeline-bamidele/samples_npz/2013/20131212_2048_HARP3481_NOAA11923.npz,20131212_2048_HARP3481_NOAA11923,2013-12-12 20:48:00,3481,11923,0,2013
test_2015,train,gs://suryabench-sharp-pipeline-bamidele/samples_npz/2011/20110605_0500_HARP651_NOAA11231.npz,20110605_0500_HARP651_NOAA11231,2011-06-05 05:00:00,651,11231,0,2011
test_2015,train,gs://suryabench-sharp-pipeline-bamidele/samples_npz/2013/20130729_1000_HARP2999_NOAA11801.npz,20130729_1000_HARP2999_NOAA11801,2013-07-29 10:00:00,2999,11801,0,2013
test_2015,train,gs://suryabench-sharp-pipeline-bamidele/samples_npz/2012/20120805_2000_HARP1908_NOAA11537.npz,20120805_2000_HARP1908_NOAA11537,2012-08-05 20:00:00,1908,11537,0,2012
test_2015,train,gs://suryabench-sharp-pipeline-bamidele/samples_npz/2013/20131206_0624_HARP3448_NOAA11916.npz,20131206_0624_HARP3448_NOAA11916,2013-12-06 06:24:00,3448,11916,0,2013
test_2015,train,gs://suryabench-sharp-pipeline-bamidele/samples_npz/2013/20130214_2336_HARP2471_NOAA11672.npz,20130214_2336_HARP2471_NOAA11672,2013-02-14 23:36:00,2471,11672,0,2013
test_2015,train,gs://suryabench-sharp-pipeline-bamidele/samples_npz/2012/20120912_0848_HARP2011_NOAA11566.npz,20120912_0848_HARP2011_NOAA11566,2012-09-12 08:48:00,2011,11566,0,2012
test_2015,train,gs://suryabench-sharp-pipeline-bamidele/samples_npz/2013/20130420_0136_HARP2661_NOAA11724.npz,20130420_0136_HARP2661_NOAA11724,2013-04-20 01:36:00,2661,11724,0,2013
test_2015,train,gs://suryabench-sharp-pipeline-bamidele/samples_npz/2012/20120521_0612_HARP1669_NOAA11485.npz,20120521_0612_HARP1669_NOAA11485,2012-05-21 06:12:00,1669,11485,0,2012
test_2015,train,gs://suryabench-sharp-pipeline-bamidele/samples_npz/2013/20131001_0036_HARP3244_NOAA11855.npz,20131001_0036_HARP3244_NOAA11855,2013-10-01 00:36:00,3244,11855,0,2013
test_2015,train,gs://suryabench-sharp-pipeline-bamidele/samples_npz/2013/20130922_2312_HARP3194_NOAA11845.npz,20130922_2312_HARP3194_NOAA11845,2013-09-22 23:12:00,3194,11845,0,2013
test_2015,train,gs://suryabench-sharp-pipeline-bamidele/samples_npz/2012/20121213_1048_HARP2262_NOAA11628.npz,20121213_1048_HARP2262_NOAA11628,2012-12-13 10:48:00,2262,11628,0,2012
test_2015,train,gs://suryabench-sharp-pipeline-bamidele/samples_npz/2012/20120325_1336_HARP1488_NOAA11438.npz,20120325_1336_HARP1488_NOAA11438,2012-03-25 13:36:00,1488,11438,0,2012
test_2015,train,gs://suryabench-sharp-pipeline-bamidele/samples_npz/2012/20121008_0636_HARP2098_NOAA11585.npz,20121008_0636_HARP2098_NOAA11585,2012-10-08 06:36:00,2098,11585,0,2012
test_2015,train,gs://suryabench-sharp-pipeline-bamidele/samples_npz/2012/20120315_2000_HARP1465_NOAA11433.npz,20120315_2000_HARP1465_NOAA11433,2012-03-15 20:00:00,1465,11433,0,2012
test_2015,train,gs://suryabench-sharp-pipeline-bamidele/samples_npz/2011/20110415_0000_HARP495_NOAA11190.npz,20110415_0000_HARP495_NOAA11190,2011-04-15 00:00:00,495,11190,1,2011
test_2015,train,gs://suryabench-sharp-pipeline-bamidele/samples_npz/2010/20100830_1524_HARP145_NOAA11101.npz,20100830_1524_HARP145_NOAA11101,2010-08-30 15:24:00,145,11101,0,2010
test_2015,train,gs://suryabench-sharp-pipeline-bamidele/samples_npz/2012/20121111_1712_HARP2177_NOAA11608.npz,20121111_1712_HARP2177_NOAA11608,2012-11-11 17:12:00,2177,11608,0,2012
test_2015,train,gs://suryabench-sharp-pipeline-bamidele/samples_npz/2010/20101227_1700_HARP317_NOAA11137.npz,20101227_1700_HARP317_NOAA11137,2010-12-27 17:00:00,317,11137,0,2010
test_2015,train,gs://suryabench-sharp-pipeline-bamidele/samples_npz/2012/20120615_2212_HARP1756_NOAA11506.npz,20120615_2212_HARP1756_NOAA11506,2012-06-15 22:12:00,1756,11506,0,2012
test_2015,train,gs://suryabench-sharp-pipeline-bamidele/samples_npz/2013/20130706_2212_HARP2920_NOAA11785.npz,20130706_2212_HARP2920_NOAA11785,2013-07-06 22:12:00,2920,11785,0,2013
test_2015,train,gs://suryabench-sharp-pipeline-bamidele/samples_npz/2010/20101106_0224_HARP248_NOAA11122.npz,20101106_0224_HARP248_NOAA11122,2010-11-06 02:24:00,248,11122,0,2010
test_2015,train,gs://suryabench-sharp-pipeline-bamidele/samples_npz/2011/20110925_1748_HARP878_NOAA11301.npz,20110925_1748_HARP878_NOAA11301,2011-09-25 17:48:00,878,11301,0,2011
test_2015,train,gs://suryabench-sharp-pipeline-bamidele/samples_npz/2012/20120612_1936_HARP1750_NOAA11504.npz,20120612_1936_HARP1750_NOAA11504,2012-06-12 19:36:00,1750,11504,1,2012
test_2015,train,gs://suryabench-sharp-pipeline-bamidele/samples_npz/2011/20111205_1112_HARP1124_NOAA11363.npz,20111205_1112_HARP1124_NOAA11363,2011-12-05 11:12:00,1124,11363,0,2011
test_2015,train,gs://suryabench-sharp-pipeline-bamidele/samples_npz/2013/20131023_1700_HARP3288_NOAA11873.npz,20131023_1700_HARP3288_NOAA11873,2013-10-23 17:00:00,3288,11873,0,2013
test_2015,train,gs://suryabench-sharp-pipeline-bamidele/samples_npz/2011/20110907_0048_HARP833_NOAA11283.npz,20110907_0048_HARP833_NOAA11283,2011-09-07 00:48:00,833,11283,1,2011
test_2015,train,gs://suryabench-sharp-pipeline-bamidele/samples_npz/2012/20120517_1612_HARP1658_NOAA11483.npz,20120517_1612_HARP1658_NOAA11483,2012-05-17 16:12:00,1658,11483,0,2012
test_2015,train,gs://suryabench-sharp-pipeline-bamidele/samples_npz/2013/20131006_0724_HARP3250_NOAA11859.npz,20131006_0724_HARP3250_NOAA11859,2013-10-06 07:24:00,3250,11859,0,2013
test_2015,train,gs://suryabench-sharp-pipeline-bamidele/samples_npz/2012/20120316_1048_HARP1465_NOAA11433.npz,20120316_1048_HARP1465_NOAA11433,2012-03-16 10:48:00,1465,11433,0,2012
test_2015,train,gs://suryabench-sharp-pipeline-bamidele/samples_npz/2013/20130501_1500_HARP2693_NOAA11731.npz,20130501_1500_HARP2693_NOAA11731,2013-05-01 15:00:00,2693,11731,1,2013
test_2015,train,gs://suryabench-sharp-pipeline-bamidele/samples_npz/2011/20110819_1736_HARP794_NOAA11271.npz,20110819_1736_HARP794_NOAA11271,2011-08-19 17:36:00,794,11271,0,2011
test_2015,train,gs://suryabench-sharp-pipeline-bamidele/samples_npz/2012/20120814_1248_HARP1931_NOAA11543.npz,20120814_1248_HARP1931_NOAA11543,2012-08-14 12:48:00,1931,11543,0,2012
test_2015,train,gs://suryabench-sharp-pipeline-bamidele/samples_npz/2012/20120727_0912_HARP1873_NOAA11526.npz,20120727_0912_HARP1873_NOAA11526,2012-07-27 09:12:00,1873,11526,0,2012
test_2015,train,gs://suryabench-sharp-pipeline-bamidele/samples_npz/2013/20130303_0600_HARP2502_NOAA11681.npz,20130303_0600_HARP2502_NOAA11681,2013-03-03 06:00:00,2502,11681,0,2013
test_2015,train,gs://suryabench-sharp-pipeline-bamidele/samples_npz/2013/20130506_1848_HARP2696_NOAA11732.npz,20130506_1848_HARP2696_NOAA11732,2013-05-06 18:48:00,2696,11732,0,2013
test_2015,train,gs://suryabench-sharp-pipeline-bamidele/samples_npz/2011/20110525_1036_HARP631_NOAA11222.npz,20110525_1036_HARP631_NOAA11222,2011-05-25 10:36:00,631,11222,0,2011
test_2015,train,gs://suryabench-sharp-pipeline-bamidele/samples_npz/2012/20121213_2236_HARP2291_NOAA11631.npz,20121213_2236_HARP2291_NOAA11631,2012-12-13 22:36:00,2291,11631,0,2012
test_2015,train,gs://suryabench-sharp-pipeline-bamidele/samples_npz/2011/20111120_2000_HARP1089_NOAA11352.npz,20111120_2000_HARP1089_NOAA11352,2011-11-20 20:00:00,1089,11352,0,2011
test_2015,train,gs://suryabench-sharp-pipeline-bamidele/samples_npz/2012/20121023_1648_HARP2130_NOAA11596.npz,20121023_1648_HARP2130_NOAA11596,2012-10-23 16:48:00,2130,11596,0,2012
test_2015,train,gs://suryabench-sharp-pipeline-bamidele/samples_npz/2011/20110703_1200_HARP693_NOAA11246.npz,20110703_1200_HARP693_NOAA11246,2011-07-03 12:00:00,693,11246,0,2011
test_2015,train,gs://suryabench-sharp-pipeline-bamidele/samples_npz/2012/20120825_0524_HARP1951_NOAA11552.npz,20120825_0524_HARP1951_NOAA11552,2012-08-25 05:24:00,1951,11552,0,2012
test_2015,train,gs://suryabench-sharp-pipeline-bamidele/samples_npz/2012/20121020_0324_HARP2123_NOAA11594.npz,20121020_0324_HARP2123_NOAA11594,2012-10-20 03:24:00,2123,11594,0,2012
test_2015,train,gs://suryabench-sharp-pipeline-bamidele/samples_npz/2012/20120420_1736_HARP1578_NOAA11460.npz,20120420_1736_HARP1578_NOAA11460,2012-04-20 17:36:00,1578,11460,0,2012
test_2015,train,gs://suryabench-sharp-pipeline-bamidele/samples_npz/2013/20131101_2036_HARP3320_NOAA11883.npz,20131101_2036_HARP3320_NOAA11883,2013-11-01 20:36:00,3320,11883,0,2013
test_2015,train,gs://suryabench-sharp-pipeline-bamidele/samples_npz/2011/20111209_1248_HARP1149_NOAA11367.npz,20111209_1248_HARP1149_NOAA11367,2011-12-09 12:48:00,1149,11367,0,2011
test_2015,train,gs://suryabench-sharp-pipeline-bamidele/samples_npz/2012/20121219_2012_HARP2306_NOAA11633.npz,20121219_2012_HARP2306_NOAA11633,2012-12-19 20:12:00,2306,11633,0,2012
test_2015,train,gs://suryabench-sharp-pipeline-bamidele/samples_npz/2012/20120909_2324_HARP2017_NOAA11568.npz,20120909_2324_HARP2017_NOAA11568,2012-09-09 23:24:00,2017,11568,0,2012
test_2015,train,gs://suryabench-sharp-pipeline-bamidele/samples_npz/2013/20131214_0800_HARP3481_NOAA11923.npz,20131214_0800_HARP3481_NOAA11923,2013-12-14 08:00:00,3481,11923,0,2013
test_2015,train,gs://suryabench-sharp-pipeline-bamidele/samples_npz/2013/20131106_1436_HARP3336_NOAA11889.npz,20131106_1436_HARP3336_NOAA11889,2013-11-06 14:36:00,3336,11889,0,2013
test_2015,train,gs://suryabench-sharp-pipeline-bamidele/samples_npz/2011/20111010_1324_HARP932_NOAA11313.npz,20111010_1324_HARP932_NOAA11313,2011-10-10 13:24:00,932,11313,0,2011
test_2015,train,gs://suryabench-sharp-pipeline-bamidele/samples_npz/2013/20130811_1612_HARP3048_NOAA11814.npz,20130811_1612_HARP3048_NOAA11814,2013-08-11 16:12:00,3048,11814,0,2013
test_2015,train,gs://suryabench-sharp-pipeline-bamidele/samples_npz/2012/20120423_0448_HARP1603_NOAA11466.npz,20120423_0448_HARP1603_NOAA11466,2012-04-23 04:48:00,1603,11466,0,2012
test_2015,train,gs://suryabench-sharp-pipeline-bamidele/samples_npz/2012/20120722_0036_HARP1866_NOAA11524.npz,20120722_0036_HARP1866_NOAA11524,2012-07-22 00:36:00,1866,11524,0,2012
test_2015,train,gs://suryabench-sharp-pipeline-bamidele/samples_npz/2011/20110915_0500_HARP854_NOAA11294.npz,20110915_0500_HARP854_NOAA11294,2011-09-15 05:00:00,854,11294,0,2011
test_2015,train,gs://suryabench-sharp-pipeline-bamidele/samples_npz/2013/20131106_2148_HARP3330_NOAA11887.npz,20131106_2148_HARP3330_NOAA11887,2013-11-06 21:48:00,3330,11887,0,2013
test_2015,train,gs://suryabench-sharp-pipeline-bamidele/samples_npz/2013/20131011_0412_HARP3267_NOAA11867.npz,20131011_0412_HARP3267_NOAA11867,2013-10-11 04:12:00,3267,11867,0,2013
test_2015,train,gs://suryabench-sharp-pipeline-bamidele/samples_npz/2013/20130823_0612_HARP3098_NOAA11827.npz,20130823_0612_HARP3098_NOAA11827,2013-08-23 06:12:00,3098,11827,0,2013
test_2015,train,gs://suryabench-sharp-pipeline-bamidele/samples_npz/2013/20130327_1436_HARP2587_NOAA11704.npz,20130327_1436_HARP2587_NOAA11704,2013-03-27 14:36:00,2587,11704,0,2013
test_2015,train,gs://suryabench-sharp-pipeline-bamidele/samples_npz/2013/20131003_2048_HARP3244_NOAA11855.npz,20131003_2048_HARP3244_NOAA11855,2013-10-03 20:48:00,3244,11855,0,2013
test_2015,train,gs://suryabench-sharp-pipeline-bamidele/samples_npz/2011/20111001_1000_HARP902_NOAA11305.npz,20111001_1000_HARP902_NOAA11305,2011-10-01 10:00:00,902,11305,1,2011
test_2015,train,gs://suryabench-sharp-pipeline-bamidele/samples_npz/2013/20130923_2248_HARP3205_NOAA11849.npz,20130923_2248_HARP3205_NOAA11849,2013-09-23 22:48:00,3205,11849,0,2013
test_2015,train,gs://suryabench-sharp-pipeline-bamidele/samples_npz/2010/20100731_0124_HARP107_NOAA11094.npz,20100731_0124_HARP107_NOAA11094,2010-07-31 01:24:00,107,11094,0,2010
test_2015,train,gs://suryabench-sharp-pipeline-bamidele/samples_npz/2011/20110410_1800_HARP494_NOAA11187.npz,20110410_1800_HARP494_NOAA11187,2011-04-10 18:00:00,494,11187,0,2011
test_2015,train,gs://suryabench-sharp-pipeline-bamidele/samples_npz/2012/20120307_1736_HARP1449_NOAA11429.npz,20120307_1736_HARP1449_NOAA11429,2012-03-07 17:36:00,1449,11429,1,2012
test_2015,train,gs://suryabench-sharp-pipeline-bamidele/samples_npz/2011/20110212_0436_HARP371_NOAA11159.npz,20110212_0436_HARP371_NOAA11159,2011-02-12 04:36:00,371,11159,0,2011
test_2015,train,gs://suryabench-sharp-pipeline-bamidele/samples_npz/2013/20130728_0948_HARP3011_NOAA11812.npz,20130728_0948_HARP3011_NOAA11812,2013-07-28 09:48:00,3011,11812,0,2013
test_2015,train,gs://suryabench-sharp-pipeline-bamidele/samples_npz/2012/20120117_0448_HARP1312_NOAA11397.npz,20120117_0448_HARP1312_NOAA11397,2012-01-17 04:48:00,1312,11397,0,2012
test_2015,train,gs://suryabench-sharp-pipeline-bamidele/samples_npz/2011/20111110_1412_HARP1028_NOAA11339.npz,20111110_1412_HARP1028_NOAA11339,2011-11-10 14:12:00,1028,11339,0,2011
test_2015,train,gs://suryabench-sharp-pipeline-bamidele/samples_npz/2012/20120519_2200_HARP1680_NOAA11487.npz,20120519_2200_HARP1680_NOAA11487,2012-05-19 22:00:00,1680,11487,0,2012
test_2015,train,gs://suryabench-sharp-pipeline-bamidele/samples_npz/2013/20130702_1536_HARP2910_NOAA11782.npz,20130702_1536_HARP2910_NOAA11782,2013-07-02 15:36:00,2910,11782,0,2013
test_2015,train,gs://suryabench-sharp-pipeline-bamidele/samples_npz/2013/20131201_1100_HARP3420_NOAA11905.npz,20131201_1100_HARP3420_NOAA11905,2013-12-01 11:00:00,3420,11905,0,2013
test_2015,train,gs://suryabench-sharp-pipeline-bamidele/samples_npz/2013/20131111_1748_HARP3367_NOAA11898.npz,20131111_1748_HARP3367_NOAA11898,2013-11-11 17:48:00,3367,11898,0,2013
test_2015,train,gs://suryabench-sharp-pipeline-bamidele/samples_npz/2012/20120910_2048_HARP2011_NOAA11566.npz,20120910_2048_HARP2011_NOAA11566,2012-09-10 20:48:00,2011,11566,0,2012
test_2015,train,gs://suryabench-sharp-pipeline-bamidele/samples_npz/2011/20111022_0112_HARP970_NOAA11323.npz,20111022_0112_HARP970_NOAA11323,2011-10-22 01:12:00,970,11323,0,2011
test_2015,train,gs://suryabench-sharp-pipeline-bamidele/samples_npz/2013/20131020_0412_HARP3288_NOAA11873.npz,20131020_0412_HARP3288_NOAA11873,2013-10-20 04:12:00,3288,11873,0,2013
test_2015,train,gs://suryabench-sharp-pipeline-bamidele/samples_npz/2012/20121028_0212_HARP2143_NOAA11599.npz,20121028_0212_HARP2143_NOAA11599,2012-10-28 02:12:00,2143,11599,0,2012
test_2015,train,gs://suryabench-sharp-pipeline-bamidele/samples_npz/2012/20120829_1200_HARP1970_NOAA11555.npz,20120829_1200_HARP1970_NOAA11555,2012-08-29 12:00:00,1970,11555,0,2012
test_2015,train,gs://suryabench-sharp-pipeline-bamidele/samples_npz/2011/20110330_1724_HARP437_NOAA11176.npz,20110330_1724_HARP437_NOAA11176,2011-03-30 17:24:00,437,11176,0,2011
test_2015,train,gs://suryabench-sharp-pipeline-bamidele/samples_npz/2013/20130412_1548_HARP2651_NOAA11721.npz,20130412_1548_HARP2651_NOAA11721,2013-04-12 15:48:00,2651,11721,0,2013
test_2015,train,gs://suryabench-sharp-pipeline-bamidele/samples_npz/2012/20120313_0424_HARP1461_NOAA11432.npz,20120313_0424_HARP1461_NOAA11432,2012-03-13 04:24:00,1461,11432,1,2012
test_2015,train,gs://suryabench-sharp-pipeline-bamidele/samples_npz/2012/20120602_1412_HARP1705_NOAA11492.npz,20120602_1412_HARP1705_NOAA11492,2012-06-02 14:12:00,1705,11492,0,2012
test_2015,train,gs://suryabench-sharp-pipeline-bamidele/samples_npz/2011/20110718_0736_HARP714_NOAA11251.npz,20110718_0736_HARP714_NOAA11251,2011-07-18 07:36:00,714,11251,0,2011
test_2015,train,gs://suryabench-sharp-pipeline-bamidele/samples_npz/2012/20120902_0800_HARP1993_NOAA11560.npz,20120902_0800_HARP1993_NOAA11560,2012-09-02 08:00:00,1993,11560,0,2012
test_2015,train,gs://suryabench-sharp-pipeline-bamidele/samples_npz/2012/20120701_1548_HARP1807_NOAA11514.npz,20120701_1548_HARP1807_NOAA11514,2012-07-01 15:48:00,1807,11514,0,2012
test_2015,train,gs://suryabench-sharp-pipeline-bamidele/samples_npz/2013/20130221_0324_HARP2489_NOAA11673.npz,20130221_0324_HARP2489_NOAA11673,2013-02-21 03:24:00,2489,11673,0,2013
test_2015,train,gs://suryabench-sharp-pipeline-bamidele/samples_npz/2013/20130211_0536_HARP2460_NOAA11670.npz,20130211_0536_HARP2460_NOAA11670,2013-02-11 05:36:00,2460,11670,0,2013
test_2015,train,gs://suryabench-sharp-pipeline-bamidele/samples_npz/2011/20111128_1000_HARP1113_NOAA11358.npz,20111128_1000_HARP1113_NOAA11358,2011-11-28 10:00:00,1113,11358,0,2011
test_2015,train,gs://suryabench-sharp-pipeline-bamidele/samples_npz/2012/20121208_0300_HARP2270_NOAA11630.npz,20121208_0300_HARP2270_NOAA11630,2012-12-08 03:00:00,2270,11630,0,2012
test_2015,train,gs://suryabench-sharp-pipeline-bamidele/samples_npz/2011/20110321_2348_HARP429_NOAA11173.npz,20110321_2348_HARP429_NOAA11173,2011-03-21 23:48:00,429,11173,0,2011
test_2015,train,gs://suryabench-sharp-pipeline-bamidele/samples_npz/2011/20110101_0600_HARP321_NOAA11139.npz,20110101_0600_HARP321_NOAA11139,2011-01-01 06:00:00,321,11139,0,2011
test_2015,train,gs://suryabench-sharp-pipeline-bamidele/samples_npz/2011/20110606_0736_HARP639_NOAA11228.npz,20110606_0736_HARP639_NOAA11228,2011-06-06 07:36:00,639,11228,0,2011
test_2015,train,gs://suryabench-sharp-pipeline-bamidele/samples_npz/2013/20130404_0748_HARP2605_NOAA11711.npz,20130404_0748_HARP2605_NOAA11711,2013-04-04 07:48:00,2605,11711,0,2013
test_2015,train,gs://suryabench-sharp-pipeline-bamidele/samples_npz/2012/20120821_2300_HARP1952_NOAA11551.npz,20120821_2300_HARP1952_NOAA11551,2012-08-21 23:00:00,1952,11551,0,2012
test_2015,train,gs://suryabench-sharp-pipeline-bamidele/samples_npz/2011/20110731_0548_HARP750_NOAA11261.npz,20110731_0548_HARP750_NOAA11261,2011-07-31 05:48:00,750,11261,1,2011
test_2015,train,gs://suryabench-sharp-pipeline-bamidele/samples_npz/2012/20120512_0648_HARP1651_NOAA11480.npz,20120512_0648_HARP1651_NOAA11480,2012-05-12 06:48:00,1651,11480,0,2012
test_2015,train,gs://suryabench-sharp-pipeline-bamidele/samples_npz/2011/20111111_0348_HARP1041_NOAA11341.npz,20111111_0348_HARP1041_NOAA11341,2011-11-11 03:48:00,1041,11341,0,2011
test_2015,train,gs://suryabench-sharp-pipeline-bamidele/samples_npz/2013/20131213_0448_HARP3481_NOAA11923.npz,20131213_0448_HARP3481_NOAA11923,2013-12-13 04:48:00,3481,11923,0,2013
test_2015,train,gs://suryabench-sharp-pipeline-bamidele/samples_npz/2012/20121211_1712_HARP2262_NOAA11628.npz,20121211_1712_HARP2262_NOAA11628,2012-12-11 17:12:00,2262,11628,0,2012
test_2015,train,gs://suryabench-sharp-pipeline-bamidele/samples_npz/2012/20120702_2336_HARP1806_NOAA11513.npz,20120702_2336_HARP1806_NOAA11513,2012-07-02 23:36:00,1806,11513,1,2012
test_2015,train,gs://suryabench-sharp-pipeline-bamidele/samples_npz/2011/20110513_1912_HARP587_NOAA11208.npz,20110513_1912_HARP587_NOAA11208,2011-05-13 19:12:00,587,11208,0,2011
test_2015,train,gs://suryabench-sharp-pipeline-bamidele/samples_npz/2013/20131114_2012_HARP3364_NOAA11893.npz,20131114_2012_HARP3364_NOAA11893,2013-11-14 20:12:00,3364,11893,0,2013
test_2015,train,gs://suryabench-sharp-pipeline-bamidele/samples_npz/2012/20120330_1248_HARP1500_NOAA11445.npz,20120330_1248_HARP1500_NOAA11445,2012-03-30 12:48:00,1500,11445,0,2012
test_2015,train,gs://suryabench-sharp-pipeline-bamidele/samples_npz/2013/20130111_1712_HARP2362_NOAA11652.npz,20130111_1712_HARP2362_NOAA11652,2013-01-11 17:12:00,2362,11652,1,2013
test_2015,train,gs://suryabench-sharp-pipeline-bamidele/samples_npz/2013/20130502_0836_HARP2693_NOAA11731.npz,20130502_0836_HARP2693_NOAA11731,2013-05-02 08:36:00,2693,11731,1,2013
test_2015,train,gs://suryabench-sharp-pipeline-bamidele/samples_npz/2013/20131116_2348_HARP3368_NOAA11896.npz,20131116_2348_HARP3368_NOAA11896,2013-11-16 23:48:00,3368,11896,0,2013
test_2015,train,gs://suryabench-sharp-pipeline-bamidele/samples_npz/2013/20130108_1448_HARP2352_NOAA11648.npz,20130108_1448_HARP2352_NOAA11648,2013-01-08 14:48:00,2352,11648,0,2013
test_2015,train,gs://suryabench-sharp-pipeline-bamidele/samples_npz/2011/20110522_1900_HARP610_NOAA11218.npz,20110522_1900_HARP610_NOAA11218,2011-05-22 19:00:00,610,11218,0,2011
test_2015,train,gs://suryabench-sharp-pipeline-bamidele/samples_npz/2012/20120402_0448_HARP1514_NOAA11448.npz,20120402_0448_HARP1514_NOAA11448,2012-04-02 04:48:00,1514,11448,0,2012
test_2015,train,gs://suryabench-sharp-pipeline-bamidele/samples_npz/2010/20100928_1536_HARP190_NOAA11110.npz,20100928_1536_HARP190_NOAA11110,2010-09-28 15:36:00,190,11110,0,2010
test_2015,train,gs://suryabench-sharp-pipeline-bamidele/samples_npz/2011/20110804_0600_HARP751_NOAA11264.npz,20110804_0600_HARP751_NOAA11264,2011-08-04 06:00:00,751,11264,0,2011
test_2015,train,gs://suryabench-sharp-pipeline-bamidele/samples_npz/2013/20131113_1836_HARP3364_NOAA11893.npz,20131113_1836_HARP3364_NOAA11893,2013-11-13 18:36:00,3364,11893,0,2013
test_2015,train,gs://suryabench-sharp-pipeline-bamidele/samples_npz/2013/20130305_0924_HARP2511_NOAA11683.npz,20130305_0924_HARP2511_NOAA11683,2013-03-05 09:24:00,2511,11683,0,2013
test_2015,train,gs://suryabench-sharp-pipeline-bamidele/samples_npz/2013/20130619_2048_HARP2852_NOAA11769.npz,20130619_2048_HARP2852_NOAA11769,2013-06-19 20:48:00,2852,11769,0,2013
test_2015,train,gs://suryabench-sharp-pipeline-bamidele/samples_npz/2013/20131001_1548_HARP3240_NOAA11854.npz,20131001_1548_HARP3240_NOAA11854,2013-10-01 15:48:00,3240,11854,0,2013
test_2015,train,gs://suryabench-sharp-pipeline-bamidele/samples_npz/2012/20120225_1524_HARP1424_NOAA11425.npz,20120225_1524_HARP1424_NOAA11425,2012-02-25 15:24:00,1424,11425,0,2012
test_2015,train,gs://suryabench-sharp-pipeline-bamidele/samples_npz/2011/20111209_1724_HARP1126_NOAA11364.npz,20111209_1724_HARP1126_NOAA11364,2011-12-09 17:24:00,1126,11364,0,2011
test_2015,train,gs://suryabench-sharp-pipeline-bamidele/samples_npz/2010/20100807_0424_HARP114_NOAA11095.npz,20100807_0424_HARP114_NOAA11095,2010-08-07 04:24:00,114,11095,0,2010
test_2015,train,gs://suryabench-sharp-pipeline-bamidele/samples_npz/2013/20130402_1336_HARP2610_NOAA11712.npz,20130402_1336_HARP2610_NOAA11712,2013-04-02 13:36:00,2610,11712,0,2013
test_2015,train,gs://suryabench-sharp-pipeline-bamidele/samples_npz/2013/20130525_2124_HARP2760_NOAA11753.npz,20130525_2124_HARP2760_NOAA11753,2013-05-25 21:24:00,2760,11753,0,2013
test_2015,train,gs://suryabench-sharp-pipeline-bamidele/samples_npz/2011/20110213_0248_HARP367_NOAA11156.npz,20110213_0248_HARP367_NOAA11156,2011-02-13 02:48:00,367,11156,0,2011
test_2015,train,gs://suryabench-sharp-pipeline-bamidele/samples_npz/2011/20111129_0824_HARP1113_NOAA11358.npz,20111129_0824_HARP1113_NOAA11358,2011-11-29 08:24:00,1113,11358,0,2011
test_2015,train,gs://suryabench-sharp-pipeline-bamidele/samples_npz/2011/20110316_1824_HARP421_NOAA11172.npz,20110316_1824_HARP421_NOAA11172,2011-03-16 18:24:00,421,11172,0,2011
test_2015,train,gs://suryabench-sharp-pipeline-bamidele/samples_npz/2011/20110908_0224_HARP833_NOAA11283.npz,20110908_0224_HARP833_NOAA11283,2011-09-08 02:24:00,833,11283,1,2011
test_2015,train,gs://suryabench-sharp-pipeline-bamidele/samples_npz/2013/20130322_0248_HARP2581_NOAA11702.npz,20130322_0248_HARP2581_NOAA11702,2013-03-22 02:48:00,2581,11702,0,2013
test_2015,train,gs://suryabench-sharp-pipeline-bamidele/samples_npz/2013/20130515_1900_HARP2754_NOAA11752.npz,20130515_1900_HARP2754_NOAA11752,2013-05-15 19:00:00,2754,11752,0,2013
test_2015,train,gs://suryabench-sharp-pipeline-bamidele/samples_npz/2013/20131022_0000_HARP3291_NOAA11875.npz,20131022_0000_HARP3291_NOAA11875,2013-10-22 00:00:00,3291,11875,1,2013
test_2015,train,gs://suryabench-sharp-pipeline-bamidele/samples_npz/2012/20120510_0024_HARP1632_NOAA11474.npz,20120510_0024_HARP1632_NOAA11474,2012-05-10 00:24:00,1632,11474,0,2012
test_2015,train,gs://suryabench-sharp-pipeline-bamidele/samples_npz/2010/20100604_0912_HARP46_NOAA11078.npz,20100604_0912_HARP46_NOAA11078,2010-06-04 09:12:00,46,11078,0,2010
test_2015,train,gs://suryabench-sharp-pipeline-bamidele/samples_npz/2012/20120608_1400_HARP1722_NOAA11493.npz,20120608_1400_HARP1722_NOAA11493,2012-06-08 14:00:00,1722,11493,0,2012
test_2015,train,gs://suryabench-sharp-pipeline-bamidele/samples_npz/2013/20131207_2300_HARP3457_NOAA11912.npz,20131207_2300_HARP3457_NOAA11912,2013-12-07 23:00:00,3457,11912,0,2013
test_2015,train,gs://suryabench-sharp-pipeline-bamidele/samples_npz/2011/20110329_1500_HARP438_NOAA11177.npz,20110329_1500_HARP438_NOAA11177,2011-03-29 15:00:00,438,11177,0,2011
test_2015,train,gs://suryabench-sharp-pipeline-bamidele/samples_npz/2013/20130311_0012_HARP2533_NOAA11690.npz,20130311_0012_HARP2533_NOAA11690,2013-03-11 00:12:00,2533,11690,0,2013
test_2015,train,gs://suryabench-sharp-pipeline-bamidele/samples_npz/2012/20120419_1248_HARP1573_NOAA11462.npz,20120419_1248_HARP1573_NOAA11462,2012-04-19 12:48:00,1573,11462,0,2012
test_2015,train,gs://suryabench-sharp-pipeline-bamidele/samples_npz/2012/20120103_2100_HARP1256_NOAA11388.npz,20120103_2100_HARP1256_NOAA11388,2012-01-03 21:00:00,1256,11388,0,2012
test_2015,train,gs://suryabench-sharp-pipeline-bamidele/samples_npz/2011/20110408_1800_HARP480_NOAA11185.npz,20110408_1800_HARP480_NOAA11185,2011-04-08 18:00:00,480,11185,0,2011
test_2015,train,gs://suryabench-sharp-pipeline-bamidele/samples_npz/2012/20120826_1400_HARP1962_NOAA11554.npz,20120826_1400_HARP1962_NOAA11554,2012-08-26 14:00:00,1962,11554,0,2012
test_2015,train,gs://suryabench-sharp-pipeline-bamidele/samples_npz/2011/20111215_1800_HARP1171_NOAA11375.npz,20111215_1800_HARP1171_NOAA11375,2011-12-15 18:00:00,1171,11375,0,2011
test_2015,train,gs://suryabench-sharp-pipeline-bamidele/samples_npz/2010/20101210_1700_HARP279_NOAA11131.npz,20101210_1700_HARP279_NOAA11131,2010-12-10 17:00:00,279,11131,0,2010
test_2015,train,gs://suryabench-sharp-pipeline-bamidele/samples_npz/2010/20101021_2024_HARP224_NOAA11119.npz,20101021_2024_HARP224_NOAA11119,2010-10-21 20:24:00,224,11119,0,2010
test_2015,train,gs://suryabench-sharp-pipeline-bamidele/samples_npz/2011/20110710_0136_HARP702_NOAA11249.npz,20110710_0136_HARP702_NOAA11249,2011-07-10 01:36:00,702,11249,0,2011
test_2015,train,gs://suryabench-sharp-pipeline-bamidele/samples_npz/2013/20131109_0536_HARP3341_NOAA11890.npz,20131109_0536_HARP3341_NOAA11890,2013-11-09 05:36:00,3341,11890,1,2013
test_2015,train,gs://suryabench-sharp-pipeline-bamidele/samples_npz/2011/20111020_0912_HARP982_NOAA11327.npz,20111020_0912_HARP982_NOAA11327,2011-10-20 09:12:00,982,11327,0,2011
test_2015,train,gs://suryabench-sharp-pipeline-bamidele/samples_npz/2011/20110803_2024_HARP751_NOAA11264.npz,20110803_2024_HARP751_NOAA11264,2011-08-03 20:24:00,751,11264,0,2011
test_2015,train,gs://suryabench-sharp-pipeline-bamidele/samples_npz/2011/20110101_2024_HARP321_NOAA11139.npz,20110101_2024_HARP321_NOAA11139,2011-01-01 20:24:00,321,11139,0,2011
test_2015,train,gs://suryabench-sharp-pipeline-bamidele/samples_npz/2013/20130411_1648_HARP2635_NOAA11719.npz,20130411_1648_HARP2635_NOAA11719,2013-04-11 16:48:00,2635,11719,0,2013
test_2015,train,gs://suryabench-sharp-pipeline-bamidele/samples_npz/2012/20120309_2048_HARP1449_NOAA11429.npz,20120309_2048_HARP1449_NOAA11429,2012-03-09 20:48:00,1449,11429,1,2012
test_2015,train,gs://suryabench-sharp-pipeline-bamidele/samples_npz/2011/20110522_1248_HARP605_NOAA11216.npz,20110522_1248_HARP605_NOAA11216,2011-05-22 12:48:00,605,11216,0,2011
test_2015,train,gs://suryabench-sharp-pipeline-bamidele/samples_npz/2012/20120521_0436_HARP1680_NOAA11487.npz,20120521_0436_HARP1680_NOAA11487,2012-05-21 04:36:00,1680,11487,0,2012
test_2015,train,gs://suryabench-sharp-pipeline-bamidele/samples_npz/2012/20120221_0936_HARP1410_NOAA11421.npz,20120221_0936_HARP1410_NOAA11421,2012-02-21 09:36:00,1410,11421,0,2012
test_2015,train,gs://suryabench-sharp-pipeline-bamidele/samples_npz/2013/20130710_0600_HARP2945_NOAA11794.npz,20130710_0600_HARP2945_NOAA11794,2013-07-10 06:00:00,2945,11794,0,2013
test_2015,train,gs://suryabench-sharp-pipeline-bamidele/samples_npz/2010/20101228_0548_HARP317_NOAA11137.npz,20101228_0548_HARP317_NOAA11137,2010-12-28 05:48:00,317,11137,0,2010
test_2015,train,gs://suryabench-sharp-pipeline-bamidele/samples_npz/2010/20101201_0236_HARP270_NOAA11128.npz,20101201_0236_HARP270_NOAA11128,2010-12-01 02:36:00,270,11128,0,2010
test_2015,train,gs://suryabench-sharp-pipeline-bamidele/samples_npz/2012/20120924_2212_HARP2040_NOAA11575.npz,20120924_2212_HARP2040_NOAA11575,2012-09-24 22:12:00,2040,11575,0,2012
test_2015,train,gs://suryabench-sharp-pipeline-bamidele/samples_npz/2013/20131103_1648_HARP3321_NOAA11884.npz,20131103_1648_HARP3321_NOAA11884,2013-11-03 16:48:00,3321,11884,0,2013
test_2015,train,gs://suryabench-sharp-pipeline-bamidele/samples_npz/2011/20111122_2136_HARP1089_NOAA11352.npz,20111122_2136_HARP1089_NOAA11352,2011-11-22 21:36:00,1089,11352,0,2011
test_2015,train,gs://suryabench-sharp-pipeline-bamidele/samples_npz/2011/20110712_0612_HARP705_NOAA11248.npz,20110712_0612_HARP705_NOAA11248,2011-07-12 06:12:00,705,11248,0,2011
test_2015,train,gs://suryabench-sharp-pipeline-bamidele/samples_npz/2011/20111104_1248_HARP1019_NOAA11336.npz,20111104_1248_HARP1019_NOAA11336,2011-11-04 12:48:00,1019,11336,0,2011
test_2015,train,gs://suryabench-sharp-pipeline-bamidele/samples_npz/2011/20110201_1036_HARP355_NOAA11150.npz,20110201_1036_HARP355_NOAA11150,2011-02-01 10:36:00,355,11150,0,2011
test_2015,train,gs://suryabench-sharp-pipeline-bamidele/samples_npz/2013/20130327_1236_HARP2594_NOAA11709.npz,20130327_1236_HARP2594_NOAA11709,2013-03-27 12:36:00,2594,11709,0,2013
test_2015,train,gs://suryabench-sharp-pipeline-bamidele/samples_npz/2011/20110203_1424_HARP362_NOAA11153.npz,20110203_1424_HARP362_NOAA11153,2011-02-03 14:24:00,362,11153,0,2011
test_2015,train,gs://suryabench-sharp-pipeline-bamidele/samples_npz/2013/20130404_0924_HARP2605_NOAA11711.npz,20130404_0924_HARP2605_NOAA11711,2013-04-04 09:24:00,2605,11711,0,2013
test_2015,train,gs://suryabench-sharp-pipeline-bamidele/samples_npz/2012/20121020_1924_HARP2123_NOAA11594.npz,20121020_1924_HARP2123_NOAA11594,2012-10-20 19:24:00,2123,11594,0,2012
test_2015,train,gs://suryabench-sharp-pipeline-bamidele/samples_npz/2012/20120831_1836_HARP1997_NOAA11561.npz,20120831_1836_HARP1997_NOAA11561,2012-08-31 18:36:00,1997,11561,0,2012
test_2015,train,gs://suryabench-sharp-pipeline-bamidele/samples_npz/2012/20120619_0224_HARP1783_NOAA11510.npz,20120619_0224_HARP1783_NOAA11510,2012-06-19 02:24:00,1783,11510,0,2012
test_2015,train,gs://suryabench-sharp-pipeline-bamidele/samples_npz/2011/20110311_2224_HARP407_NOAA11169.npz,20110311_2224_HARP407_NOAA11169,2011-03-11 22:24:00,407,11169,0,2011
test_2015,train,gs://suryabench-sharp-pipeline-bamidele/samples_npz/2012/20121112_0600_HARP2177_NOAA11608.npz,20121112_0600_HARP2177_NOAA11608,2012-11-12 06:00:00,2177,11608,0,2012
test_2015,train,gs://suryabench-sharp-pipeline-bamidele/samples_npz/2013/20130216_1848_HARP2471_NOAA11672.npz,20130216_1848_HARP2471_NOAA11672,2013-02-16 18:48:00,2471,11672,0,2013
test_2015,train,gs://suryabench-sharp-pipeline-bamidele/samples_npz/2011/20110213_1712_HARP377_NOAA11158.npz,20110213_1712_HARP377_NOAA11158,2011-02-13 17:12:00,377,11158,1,2011
test_2015,train,gs://suryabench-sharp-pipeline-bamidele/samples_npz/2011/20110801_0724_HARP750_NOAA11261.npz,20110801_0724_HARP750_NOAA11261,2011-08-01 07:24:00,750,11261,1,2011
test_2015,train,gs://suryabench-sharp-pipeline-bamidele/samples_npz/2013/20131226_0024_HARP3520_NOAA11931.npz,20131226_0024_HARP3520_NOAA11931,2013-12-26 00:24:00,3520,11931,0,2013
test_2015,train,gs://suryabench-sharp-pipeline-bamidele/samples_npz/2011/20110403_1636_HARP451_NOAA11183.npz,20110403_1636_HARP451_NOAA11183,2011-04-03 16:36:00,451,11183,0,2011
test_2015,train,gs://suryabench-sharp-pipeline-bamidele/samples_npz/2012/20121018_0324_HARP2121_NOAA11591.npz,20121018_0324_HARP2121_NOAA11591,2012-10-18 03:24:00,2121,11591,0,2012
test_2015,train,gs://suryabench-sharp-pipeline-bamidele/samples_npz/2011/20110501_2324_HARP538_NOAA11200.npz,20110501_2324_HARP538_NOAA11200,2011-05-01 23:24:00,538,11200,0,2011
test_2015,train,gs://suryabench-sharp-pipeline-bamidele/samples_npz/2010/20101016_1924_HARP221_NOAA11116.npz,20101016_1924_HARP221_NOAA11116,2010-10-16 19:24:00,221,11116,0,2010
test_2015,train,gs://suryabench-sharp-pipeline-bamidele/samples_npz/2012/20120419_0936_HARP1594_NOAA11464.npz,20120419_0936_HARP1594_NOAA11464,2012-04-19 09:36:00,1594,11464,0,2012
test_2015,train,gs://suryabench-sharp-pipeline-bamidele/samples_npz/2013/20130108_1524_HARP2341_NOAA11642.npz,20130108_1524_HARP2341_NOAA11642,2013-01-08 15:24:00,2341,11642,0,2013
test_2015,train,gs://suryabench-sharp-pipeline-bamidele/samples_npz/2013/20130602_1512_HARP2812_NOAA11766.npz,20130602_1512_HARP2812_NOAA11766,2013-06-02 15:12:00,2812,11766,0,2013
test_2015,train,gs://suryabench-sharp-pipeline-bamidele/samples_npz/2013/20130815_1148_HARP3056_NOAA11818.npz,20130815_1148_HARP3056_NOAA11818,2013-08-15 11:48:00,3056,11818,0,2013
test_2015,train,gs://suryabench-sharp-pipeline-bamidele/samples_npz/2013/20130703_0800_HARP2923_NOAA11786.npz,20130703_0800_HARP2923_NOAA11786,2013-07-03 08:00:00,2923,11786,0,2013
test_2015,train,gs://suryabench-sharp-pipeline-bamidele/samples_npz/2012/20120901_0136_HARP1993_NOAA11560.npz,20120901_0136_HARP1993_NOAA11560,2012-09-01 01:36:00,1993,11560,0,2012
test_2015,train,gs://suryabench-sharp-pipeline-bamidele/samples_npz/2011/20110531_2248_HARP632_NOAA11225.npz,20110531_2248_HARP632_NOAA11225,2011-05-31 22:48:00,632,11225,0,2011
test_2015,train,gs://suryabench-sharp-pipeline-bamidele/samples_npz/2013/20131019_1500_HARP3293_NOAA11874.npz,20131019_1500_HARP3293_NOAA11874,2013-10-19 15:00:00,3293,11874,0,2013
test_2015,train,gs://suryabench-sharp-pipeline-bamidele/samples_npz/2011/20110911_1700_HARP851_NOAA11291.npz,20110911_1700_HARP851_NOAA11291,2011-09-11 17:00:00,851,11291,0,2011
test_2015,train,gs://suryabench-sharp-pipeline-bamidele/samples_npz/2012/20120529_1524_HARP1697_NOAA11489.npz,20120529_1524_HARP1697_NOAA11489,2012-05-29 15:24:00,1697,11489,0,2012
test_2015,train,gs://suryabench-sharp-pipeline-bamidele/samples_npz/2012/20120908_2312_HARP2011_NOAA11566.npz,20120908_2312_HARP2011_NOAA11566,2012-09-08 23:12:00,2011,11566,0,2012
test_2015,train,gs://suryabench-sharp-pipeline-bamidele/samples_npz/2010/20101022_2348_HARP220_NOAA11115.npz,20101022_2348_HARP220_NOAA11115,2010-10-22 23:48:00,220,11115,0,2010
test_2015,train,gs://suryabench-sharp-pipeline-bamidele/samples_npz/2013/20130626_1624_HARP2878_NOAA11777.npz,20130626_1624_HARP2878_NOAA11777,2013-06-26 16:24:00,2878,11777,0,2013
test_2015,train,gs://suryabench-sharp-pipeline-bamidele/samples_npz/2011/20111111_1612_HARP1038_NOAA11340.npz,20111111_1612_HARP1038_NOAA11340,2011-11-11 16:12:00,1038,11340,0,2011
test_2015,train,gs://suryabench-sharp-pipeline-bamidele/samples_npz/2012/20121018_1124_HARP2123_NOAA11594.npz,20121018_1124_HARP2123_NOAA11594,2012-10-18 11:24:00,2123,11594,0,2012
test_2015,train,gs://suryabench-sharp-pipeline-bamidele/samples_npz/2013/20130929_0700_HARP3217_NOAA11851.npz,20130929_0700_HARP3217_NOAA11851,2013-09-29 07:00:00,3217,11851,0,2013
test_2015,train,gs://suryabench-sharp-pipeline-bamidele/samples_npz/2011/20110715_2248_HARP712_NOAA11250.npz,20110715_2248_HARP712_NOAA11250,2011-07-15 22:48:00,712,11250,0,2011
test_2015,train,gs://suryabench-sharp-pipeline-bamidele/samples_npz/2011/20110624_0936_HARP674_NOAA11237.npz,20110624_0936_HARP674_NOAA11237,2011-06-24 09:36:00,674,11237,0,2011
test_2015,train,gs://suryabench-sharp-pipeline-bamidele/samples_npz/2013/20131008_0612_HARP3252_NOAA11862.npz,20131008_0612_HARP3252_NOAA11862,2013-10-08 06:12:00,3252,11862,0,2013
test_2015,train,gs://suryabench-sharp-pipeline-bamidele/samples_npz/2013/20130628_2324_HARP2912_NOAA11781.npz,20130628_2324_HARP2912_NOAA11781,2013-06-28 23:24:00,2912,11781,0,2013
test_2015,train,gs://suryabench-sharp-pipeline-bamidele/samples_npz/2012/20120219_0400_HARP1405_NOAA11422.npz,20120219_0400_HARP1405_NOAA11422,2012-02-19 04:00:00,1405,11422,0,2012
test_2015,train,gs://suryabench-sharp-pipeline-bamidele/samples_npz/2013/20130621_2224_HARP2852_NOAA11769.npz,20130621_2224_HARP2852_NOAA11769,2013-06-21 22:24:00,2852,11769,0,2013
test_2015,train,gs://suryabench-sharp-pipeline-bamidele/samples_npz/2013/20130327_0924_HARP2594_NOAA11709.npz,20130327_0924_HARP2594_NOAA11709,2013-03-27 09:24:00,2594,11709,0,2013
test_2015,train,gs://suryabench-sharp-pipeline-bamidele/samples_npz/2013/20130222_2236_HARP2489_NOAA11673.npz,20130222_2236_HARP2489_NOAA11673,2013-02-22 22:36:00,2489,11673,0,2013
test_2015,train,gs://suryabench-sharp-pipeline-bamidele/samples_npz/2012/20120425_1912_HARP1596_NOAA11465.npz,20120425_1912_HARP1596_NOAA11465,2012-04-25 19:12:00,1596,11465,0,2012
test_2015,train,gs://suryabench-sharp-pipeline-bamidele/samples_npz/2013/20130602_2000_HARP2812_NOAA11766.npz,20130602_2000_HARP2812_NOAA11766,2013-06-02 20:00:00,2812,11766,0,2013
test_2015,train,gs://suryabench-sharp-pipeline-bamidele/samples_npz/2013/20130226_0812_HARP2501_NOAA11682.npz,20130226_0812_HARP2501_NOAA11682,2013-02-26 08:12:00,2501,11682,0,2013
test_2015,train,gs://suryabench-sharp-pipeline-bamidele/samples_npz/2010/20100529_1112_HARP40_NOAA11075.npz,20100529_1112_HARP40_NOAA11075,2010-05-29 11:12:00,40,11075,0,2010
test_2015,train,gs://suryabench-sharp-pipeline-bamidele/samples_npz/2013/20130415_2324_HARP2663_NOAA11723.npz,20130415_2324_HARP2663_NOAA11723,2013-04-15 23:24:00,2663,11723,0,2013
test_2015,train,gs://suryabench-sharp-pipeline-bamidele/samples_npz/2012/20120930_1348_HARP2069_NOAA11582.npz,20120930_1348_HARP2069_NOAA11582,2012-09-30 13:48:00,2069,11582,0,2012
test_2015,train,gs://suryabench-sharp-pipeline-bamidele/samples_npz/2013/20130824_0024_HARP3116_NOAA11833.npz,20130824_0024_HARP3116_NOAA11833,2013-08-24 00:24:00,3116,11833,0,2013
test_2015,train,gs://suryabench-sharp-pipeline-bamidele/samples_npz/2013/20131118_1936_HARP3376_NOAA11899.npz,20131118_1936_HARP3376_NOAA11899,2013-11-18 19:36:00,3376,11899,0,2013
test_2015,train,gs://suryabench-sharp-pipeline-bamidele/samples_npz/2013/20130813_1000_HARP3056_NOAA11818.npz,20130813_1000_HARP3056_NOAA11818,2013-08-13 10:00:00,3056,11818,0,2013
test_2015,train,gs://suryabench-sharp-pipeline-bamidele/samples_npz/2013/20130112_1900_HARP2366_NOAA11653.npz,20130112_1900_HARP2366_NOAA11653,2013-01-12 19:00:00,2366,11653,0,2013
test_2015,train,gs://suryabench-sharp-pipeline-bamidele/samples_npz/2013/20131231_0524_HARP3557_NOAA11938.npz,20131231_0524_HARP3557_NOAA11938,2013-12-31 05:24:00,3557,11938,0,2013
test_2015,train,gs://suryabench-sharp-pipeline-bamidele/samples_npz/2012/20121121_0748_HARP2220_NOAA11618.npz,20121121_0748_HARP2220_NOAA11618,2012-11-21 07:48:00,2220,11618,1,2012
test_2015,train,gs://suryabench-sharp-pipeline-bamidele/samples_npz/2013/20130801_0424_HARP3022_NOAA11808.npz,20130801_0424_HARP3022_NOAA11808,2013-08-01 04:24:00,3022,11808,0,2013
test_2015,train,gs://suryabench-sharp-pipeline-bamidele/samples_npz/2013/20130307_0400_HARP2525_NOAA11693.npz,20130307_0400_HARP2525_NOAA11693,2013-03-07 04:00:00,2525,11693,0,2013
test_2015,train,gs://suryabench-sharp-pipeline-bamidele/samples_npz/2011/20110603_1000_HARP643_NOAA11229.npz,20110603_1000_HARP643_NOAA11229,2011-06-03 10:00:00,643,11229,0,2011
test_2015,train,gs://suryabench-sharp-pipeline-bamidele/samples_npz/2011/20110514_1436_HARP603_NOAA11215.npz,20110514_1436_HARP603_NOAA11215,2011-05-14 14:36:00,603,11215,0,2011
test_2015,train,gs://suryabench-sharp-pipeline-bamidele/samples_npz/2013/20130825_1936_HARP3116_NOAA11833.npz,20130825_1936_HARP3116_NOAA11833,2013-08-25 19:36:00,3116,11833,0,2013
test_2015,train,gs://suryabench-sharp-pipeline-bamidele/samples_npz/2011/20111120_1212_HARP1090_NOAA11359.npz,20111120_1212_HARP1090_NOAA11359,2011-11-20 12:12:00,1090,11359,0,2011
test_2015,train,gs://suryabench-sharp-pipeline-bamidele/samples_npz/2010/20101208_1448_HARP279_NOAA11131.npz,20101208_1448_HARP279_NOAA11131,2010-12-08 14:48:00,279,11131,0,2010
test_2015,train,gs://suryabench-sharp-pipeline-bamidele/samples_npz/2011/20110228_1912_HARP394_NOAA11165.npz,20110228_1912_HARP394_NOAA11165,2011-02-28 19:12:00,394,11165,0,2011
test_2015,train,gs://suryabench-sharp-pipeline-bamidele/samples_npz/2012/20121118_1636_HARP2203_NOAA11616.npz,20121118_1636_HARP2203_NOAA11616,2012-11-18 16:36:00,2203,11616,0,2012
test_2015,train,gs://suryabench-sharp-pipeline-bamidele/samples_npz/2011/20111228_0336_HARP1237_NOAA11386.npz,20111228_0336_HARP1237_NOAA11386,2011-12-28 03:36:00,1237,11386,0,2011
test_2015,train,gs://suryabench-sharp-pipeline-bamidele/samples_npz/2012/20120317_0000_HARP1465_NOAA11433.npz,20120317_0000_HARP1465_NOAA11433,2012-03-17 00:00:00,1465,11433,0,2012
test_2015,train,gs://suryabench-sharp-pipeline-bamidele/samples_npz/2013/20130129_0112_HARP2414_NOAA11662.npz,20130129_0112_HARP2414_NOAA11662,2013-01-29 01:12:00,2414,11662,0,2013
test_2015,train,gs://suryabench-sharp-pipeline-bamidele/samples_npz/2013/20130128_0900_HARP2411_NOAA11661.npz,20130128_0900_HARP2411_NOAA11661,2013-01-28 09:00:00,2411,11661,0,2013
test_2015,train,gs://suryabench-sharp-pipeline-bamidele/samples_npz/2013/20131231_0424_HARP3535_NOAA11936.npz,20131231_0424_HARP3535_NOAA11936,2013-12-31 04:24:00,3535,11936,1,2013
test_2015,train,gs://suryabench-sharp-pipeline-bamidele/samples_npz/2011/20110814_1900_HARP772_NOAA11269.npz,20110814_1900_HARP772_NOAA11269,2011-08-14 19:00:00,772,11269,0,2011
test_2015,train,gs://suryabench-sharp-pipeline-bamidele/samples_npz/2012/20120630_0412_HARP1795_NOAA11512.npz,20120630_0412_HARP1795_NOAA11512,2012-06-30 04:12:00,1795,11512,0,2012
test_2015,train,gs://suryabench-sharp-pipeline-bamidele/samples_npz/2013/20130202_0236_HARP2433_NOAA11665.npz,20130202_0236_HARP2433_NOAA11665,2013-02-02 02:36:00,2433,11665,0,2013
test_2015,train,gs://suryabench-sharp-pipeline-bamidele/samples_npz/2012/20120704_0612_HARP1806_NOAA11513.npz,20120704_0612_HARP1806_NOAA11513,2012-07-04 06:12:00,1806,11513,1,2012
test_2015,train,gs://suryabench-sharp-pipeline-bamidele/samples_npz/2012/20120604_1836_HARP1722_NOAA11493.npz,20120604_1836_HARP1722_NOAA11493,2012-06-04 18:36:00,1722,11493,0,2012
test_2015,train,gs://suryabench-sharp-pipeline-bamidele/samples_npz/2011/20110829_0700_HARP805_NOAA11275.npz,20110829_0700_HARP805_NOAA11275,2011-08-29 07:00:00,805,11275,0,2011
test_2015,train,gs://suryabench-sharp-pipeline-bamidele/samples_npz/2013/20131002_1012_HARP3244_NOAA11855.npz,20131002_1012_HARP3244_NOAA11855,2013-10-02 10:12:00,3244,11855,0,2013
test_2015,train,gs://suryabench-sharp-pipeline-bamidele/samples_npz/2013/20130802_0000_HARP3032_NOAA11811.npz,20130802_0000_HARP3032_NOAA11811,2013-08-02 00:00:00,3032,11811,0,2013
test_2015,train,gs://suryabench-sharp-pipeline-bamidele/samples_npz/2012/20120319_0224_HARP1484_NOAA11440.npz,20120319_0224_HARP1484_NOAA11440,2012-03-19 02:24:00,1484,11440,0,2012
test_2015,train,gs://suryabench-sharp-pipeline-bamidele/samples_npz/2011/20111106_2036_HARP1028_NOAA11339.npz,20111106_2036_HARP1028_NOAA11339,2011-11-06 20:36:00,1028,11339,0,2011
test_2015,train,gs://suryabench-sharp-pipeline-bamidele/samples_npz/2011/20111008_1300_HARP913_NOAA11308.npz,20111008_1300_HARP913_NOAA11308,2011-10-08 13:00:00,913,11308,0,2011
test_2015,train,gs://suryabench-sharp-pipeline-bamidele/samples_npz/2012/20120903_1200_HARP1996_NOAA11563.npz,20120903_1200_HARP1996_NOAA11563,2012-09-03 12:00:00,1996,11563,0,2012
test_2015,train,gs://suryabench-sharp-pipeline-bamidele/samples_npz/2011/20110606_1024_HARP650_NOAA11232.npz,20110606_1024_HARP650_NOAA11232,2011-06-06 10:24:00,650,11232,0,2011
test_2015,train,gs://suryabench-sharp-pipeline-bamidele/samples_npz/2011/20110616_0412_HARP662_NOAA11235.npz,20110616_0412_HARP662_NOAA11235,2011-06-16 04:12:00,662,11235,0,2011
test_2015,train,gs://suryabench-sharp-pipeline-bamidele/samples_npz/2012/20120211_1712_HARP1389_NOAA11416.npz,20120211_1712_HARP1389_NOAA11416,2012-02-11 17:12:00,1389,11416,0,2012
test_2015,train,gs://suryabench-sharp-pipeline-bamidele/samples_npz/2011/20110808_0312_HARP765_NOAA11268.npz,20110808_0312_HARP765_NOAA11268,2011-08-08 03:12:00,765,11268,0,2011
test_2015,train,gs://suryabench-sharp-pipeline-bamidele/samples_npz/2010/20101015_0924_HARP211_NOAA11112.npz,20101015_0924_HARP211_NOAA11112,2010-10-15 09:24:00,211,11112,1,2010
test_2015,train,gs://suryabench-sharp-pipeline-bamidele/samples_npz/2013/20130415_2036_HARP2651_NOAA11721.npz,20130415_2036_HARP2651_NOAA11721,2013-04-15 20:36:00,2651,11721,0,2013
test_2015,train,gs://suryabench-sharp-pipeline-bamidele/samples_npz/2011/20110309_0512_HARP401_NOAA11166.npz,20110309_0512_HARP401_NOAA11166,2011-03-09 05:12:00,401,11166,1,2011
test_2015,train,gs://suryabench-sharp-pipeline-bamidele/samples_npz/2011/20111205_1212_HARP1126_NOAA11364.npz,20111205_1212_HARP1126_NOAA11364,2011-12-05 12:12:00,1126,11364,0,2011
test_2015,train,gs://suryabench-sharp-pipeline-bamidele/samples_npz/2012/20121122_2236_HARP2220_NOAA11618.npz,20121122_2236_HARP2220_NOAA11618,2012-11-22 22:36:00,2220,11618,0,2012
test_2015,train,gs://suryabench-sharp-pipeline-bamidele/samples_npz/2012/20121122_1748_HARP2220_NOAA11618.npz,20121122_1748_HARP2220_NOAA11618,2012-11-22 17:48:00,2220,11618,0,2012
test_2015,train,gs://suryabench-sharp-pipeline-bamidele/samples_npz/2011/20110301_0136_HARP394_NOAA11165.npz,20110301_0136_HARP394_NOAA11165,2011-03-01 01:36:00,394,11165,0,2011
test_2015,train,gs://suryabench-sharp-pipeline-bamidele/samples_npz/2010/20100815_2036_HARP131_NOAA11098.npz,20100815_2036_HARP131_NOAA11098,2010-08-15 20:36:00,131,11098,0,2010
test_2015,train,gs://suryabench-sharp-pipeline-bamidele/samples_npz/2011/20110820_0736_HARP798_NOAA11272.npz,20110820_0736_HARP798_NOAA11272,2011-08-20 07:36:00,798,11272,0,2011
test_2015,train,gs://suryabench-sharp-pipeline-bamidele/samples_npz/2011/20111001_1136_HARP903_NOAA11306.npz,20111001_1136_HARP903_NOAA11306,2011-10-01 11:36:00,903,11306,0,2011
test_2015,train,gs://suryabench-sharp-pipeline-bamidele/samples_npz/2013/20130311_1500_HARP2543_NOAA11698.npz,20130311_1500_HARP2543_NOAA11698,2013-03-11 15:00:00,2543,11698,0,2013
test_2015,train,gs://suryabench-sharp-pipeline-bamidele/samples_npz/2011/20110307_1724_HARP403_NOAA11167.npz,20110307_1724_HARP403_NOAA11167,2011-03-07 17:24:00,403,11167,0,2011
test_2015,train,gs://suryabench-sharp-pipeline-bamidele/samples_npz/2012/20120601_1624_HARP1715_NOAA11495.npz,20120601_1624_HARP1715_NOAA11495,2012-06-01 16:24:00,1715,11495,0,2012
test_2015,train,gs://suryabench-sharp-pipeline-bamidele/samples_npz/2013/20130507_0412_HARP2711_NOAA11737.npz,20130507_0412_HARP2711_NOAA11737,2013-05-07 04:12:00,2711,11737,0,2013
test_2015,train,gs://suryabench-sharp-pipeline-bamidele/samples_npz/2010/20100722_1400_HARP92_NOAA11089.npz,20100722_1400_HARP92_NOAA11089,2010-07-22 14:00:00,92,11089,0,2010
test_2015,train,gs://suryabench-sharp-pipeline-bamidele/samples_npz/2011/20110213_0124_HARP364_NOAA11157.npz,20110213_0124_HARP364_NOAA11157,2011-02-13 01:24:00,364,11157,0,2011
test_2015,train,gs://suryabench-sharp-pipeline-bamidele/samples_npz/2011/20110602_1248_HARP637_NOAA11226.npz,20110602_1248_HARP637_NOAA11226,2011-06-02 12:48:00,637,11226,0,2011
test_2015,train,gs://suryabench-sharp-pipeline-bamidele/samples_npz/2012/20121112_2336_HARP2181_NOAA11609.npz,20121112_2336_HARP2181_NOAA11609,2012-11-12 23:36:00,2181,11609,0,2012
test_2015,train,gs://suryabench-sharp-pipeline-bamidele/samples_npz/2013/20130115_1036_HARP2380_NOAA11656.npz,20130115_1036_HARP2380_NOAA11656,2013-01-15 10:36:00,2380,11656,0,2013
test_2015,train,gs://suryabench-sharp-pipeline-bamidele/samples_npz/2013/20130116_1412_HARP2380_NOAA11656.npz,20130116_1412_HARP2380_NOAA11656,2013-01-16 14:12:00,2380,11656,0,2013
test_2015,train,gs://suryabench-sharp-pipeline-bamidele/samples_npz/2013/20131127_1136_HARP3415_NOAA11906.npz,20131127_1136_HARP3415_NOAA11906,2013-11-27 11:36:00,3415,11906,0,2013
test_2015,train,gs://suryabench-sharp-pipeline-bamidele/samples_npz/2013/20131017_0236_HARP3273_NOAA11868.npz,20131017_0236_HARP3273_NOAA11868,2013-10-17 02:36:00,3273,11868,0,2013
test_2015,train,gs://suryabench-sharp-pipeline-bamidele/samples_npz/2013/20130831_1900_HARP3149_NOAA11837.npz,20130831_1900_HARP3149_NOAA11837,2013-08-31 19:00:00,3149,11837,0,2013
test_2015,train,gs://suryabench-sharp-pipeline-bamidele/samples_npz/2013/20130311_1736_HARP2541_NOAA11691.npz,20130311_1736_HARP2541_NOAA11691,2013-03-11 17:36:00,2541,11691,0,2013
test_2015,train,gs://suryabench-sharp-pipeline-bamidele/samples_npz/2011/20111020_0500_HARP975_NOAA11321.npz,20111020_0500_HARP975_NOAA11321,2011-10-20 05:00:00,975,11321,0,2011
test_2015,train,gs://suryabench-sharp-pipeline-bamidele/samples_npz/2013/20130628_0612_HARP2904_NOAA11780.npz,20130628_0612_HARP2904_NOAA11780,2013-06-28 06:12:00,2904,11780,0,2013
test_2015,train,gs://suryabench-sharp-pipeline-bamidele/samples_npz/2011/20110429_1236_HARP532_NOAA11201.npz,20110429_1236_HARP532_NOAA11201,2011-04-29 12:36:00,532,11201,0,2011
test_2015,train,gs://suryabench-sharp-pipeline-bamidele/samples_npz/2012/20120302_1712_HARP1422_NOAA11423.npz,20120302_1712_HARP1422_NOAA11423,2012-03-02 17:12:00,1422,11423,0,2012
test_2015,train,gs://suryabench-sharp-pipeline-bamidele/samples_npz/2011/20110425_1548_HARP536_NOAA11202.npz,20110425_1548_HARP536_NOAA11202,2011-04-25 15:48:00,536,11202,0,2011
test_2015,train,gs://suryabench-sharp-pipeline-bamidele/samples_npz/2012/20120720_1324_HARP1866_NOAA11524.npz,20120720_1324_HARP1866_NOAA11524,2012-07-20 13:24:00,1866,11524,0,2012
test_2015,train,gs://suryabench-sharp-pipeline-bamidele/samples_npz/2011/20110413_0336_HARP495_NOAA11190.npz,20110413_0336_HARP495_NOAA11190,2011-04-13 03:36:00,495,11190,0,2011
test_2015,train,gs://suryabench-sharp-pipeline-bamidele/samples_npz/2013/20130921_2000_HARP3205_NOAA11849.npz,20130921_2000_HARP3205_NOAA11849,2013-09-21 20:00:00,3205,11849,0,2013
test_2015,train,gs://suryabench-sharp-pipeline-bamidele/samples_npz/2010/20100606_1224_HARP46_NOAA11078.npz,20100606_1224_HARP46_NOAA11078,2010-06-06 12:24:00,46,11078,0,2010
test_2015,train,gs://suryabench-sharp-pipeline-bamidele/samples_npz/2011/20111226_1900_HARP1221_NOAA11383.npz,20111226_1900_HARP1221_NOAA11383,2011-12-26 19:00:00,1221,11383,0,2011
test_2015,train,gs://suryabench-sharp-pipeline-bamidele/samples_npz/2013/20131205_0200_HARP3461_NOAA11915.npz,20131205_0200_HARP3461_NOAA11915,2013-12-05 02:00:00,3461,11915,0,2013
test_2015,train,gs://suryabench-sharp-pipeline-bamidele/samples_npz/2011/20110402_0048_HARP443_NOAA11181.npz,20110402_0048_HARP443_NOAA11181,2011-04-02 00:48:00,443,11181,0,2011
test_2015,train,gs://suryabench-sharp-pipeline-bamidele/samples_npz/2011/20111019_2212_HARP948_NOAA11317.npz,20111019_2212_HARP948_NOAA11317,2011-10-19 22:12:00,948,11317,0,2011
test_2015,train,gs://suryabench-sharp-pipeline-bamidele/samples_npz/2013/20131105_0436_HARP3330_NOAA11887.npz,20131105_0436_HARP3330_NOAA11887,2013-11-05 04:36:00,3330,11887,0,2013
test_2015,train,gs://suryabench-sharp-pipeline-bamidele/samples_npz/2012/20121006_1300_HARP2098_NOAA11585.npz,20121006_1300_HARP2098_NOAA11585,2012-10-06 13:00:00,2098,11585,0,2012
test_2015,train,gs://suryabench-sharp-pipeline-bamidele/samples_npz/2013/20130402_0300_HARP2598_NOAA11707.npz,20130402_0300_HARP2598_NOAA11707,2013-04-02 03:00:00,2598,11707,0,2013
test_2015,train,gs://suryabench-sharp-pipeline-bamidele/samples_npz/2011/20110906_0848_HARP833_NOAA11283.npz,20110906_0848_HARP833_NOAA11283,2011-09-06 08:48:00,833,11283,1,2011
test_2015,train,gs://suryabench-sharp-pipeline-bamidele/samples_npz/2011/20111112_0524_HARP1041_NOAA11341.npz,20111112_0524_HARP1041_NOAA11341,2011-11-12 05:24:00,1041,11341,0,2011
test_2015,train,gs://suryabench-sharp-pipeline-bamidele/samples_npz/2011/20110510_1648_HARP576_NOAA11207.npz,20110510_1648_HARP576_NOAA11207,2011-05-10 16:48:00,576,11207,0,2011
test_2015,train,gs://suryabench-sharp-pipeline-bamidele/samples_npz/2012/20120518_0524_HARP1657_NOAA11481.npz,20120518_0524_HARP1657_NOAA11481,2012-05-18 05:24:00,1657,11481,0,2012
test_2015,train,gs://suryabench-sharp-pipeline-bamidele/samples_npz/2012/20120202_1824_HARP1367_NOAA11415.npz,20120202_1824_HARP1367_NOAA11415,2012-02-02 18:24:00,1367,11415,0,2012
test_2015,train,gs://suryabench-sharp-pipeline-bamidele/samples_npz/2013/20130113_1400_HARP2372_NOAA11654.npz,20130113_1400_HARP2372_NOAA11654,2013-01-13 14:00:00,2372,11654,0,2013
test_2015,train,gs://suryabench-sharp-pipeline-bamidele/samples_npz/2010/20101024_2200_HARP224_NOAA11119.npz,20101024_2200_HARP224_NOAA11119,2010-10-24 22:00:00,224,11119,0,2010
test_2015,train,gs://suryabench-sharp-pipeline-bamidele/samples_npz/2011/20111014_1836_HARP950_NOAA11316.npz,20111014_1836_HARP950_NOAA11316,2011-10-14 18:36:00,950,11316,0,2011
test_2015,train,gs://suryabench-sharp-pipeline-bamidele/samples_npz/2011/20110427_0924_HARP536_NOAA11202.npz,20110427_0924_HARP536_NOAA11202,2011-04-27 09:24:00,536,11202,0,2011
test_2015,train,gs://suryabench-sharp-pipeline-bamidele/samples_npz/2012/20121202_1436_HARP2240_NOAA11621.npz,20121202_1436_HARP2240_NOAA11621,2012-12-02 14:36:00,2240,11621,0,2012
test_2015,train,gs://suryabench-sharp-pipeline-bamidele/samples_npz/2013/20131003_1236_HARP3246_NOAA11866.npz,20131003_1236_HARP3246_NOAA11866,2013-10-03 12:36:00,3246,11866,0,2013
test_2015,train,gs://suryabench-sharp-pipeline-bamidele/samples_npz/2011/20110424_0636_HARP514_NOAA11195.npz,20110424_0636_HARP514_NOAA11195,2011-04-24 06:36:00,514,11195,0,2011
test_2015,train,gs://suryabench-sharp-pipeline-bamidele/samples_npz/2012/20120809_0800_HARP1907_NOAA11538.npz,20120809_0800_HARP1907_NOAA11538,2012-08-09 08:00:00,1907,11538,0,2012
test_2015,train,gs://suryabench-sharp-pipeline-bamidele/samples_npz/2013/20130329_1136_HARP2585_NOAA11705.npz,20130329_1136_HARP2585_NOAA11705,2013-03-29 11:36:00,2585,11705,0,2013
test_2015,train,gs://suryabench-sharp-pipeline-bamidele/samples_npz/2012/20120901_1412_HARP1990_NOAA11562.npz,20120901_1412_HARP1990_NOAA11562,2012-09-01 14:12:00,1990,11562,0,2012
test_2015,train,gs://suryabench-sharp-pipeline-bamidele/samples_npz/2013/20131105_1300_HARP3336_NOAA11889.npz,20131105_1300_HARP3336_NOAA11889,2013-11-05 13:00:00,3336,11889,0,2013
test_2015,train,gs://suryabench-sharp-pipeline-bamidele/samples_npz/2013/20130625_1800_HARP2878_NOAA11777.npz,20130625_1800_HARP2878_NOAA11777,2013-06-25 18:00:00,2878,11777,0,2013
test_2015,train,gs://suryabench-sharp-pipeline-bamidele/samples_npz/2013/20131016_2148_HARP3273_NOAA11868.npz,20131016_2148_HARP3273_NOAA11868,2013-10-16 21:48:00,3273,11868,0,2013
test_2015,train,gs://suryabench-sharp-pipeline-bamidele/samples_npz/2013/20130121_0648_HARP2401_NOAA11659.npz,20130121_0648_HARP2401_NOAA11659,2013-01-21 06:48:00,2401,11659,0,2013
test_2015,train,gs://suryabench-sharp-pipeline-bamidele/samples_npz/2012/20120509_0436_HARP1632_NOAA11474.npz,20120509_0436_HARP1632_NOAA11474,2012-05-09 04:36:00,1632,11474,0,2012
test_2015,train,gs://suryabench-sharp-pipeline-bamidele/samples_npz/2012/20120414_0600_HARP1558_NOAA11463.npz,20120414_0600_HARP1558_NOAA11463,2012-04-14 06:00:00,1558,11463,0,2012
test_2015,train,gs://suryabench-sharp-pipeline-bamidele/samples_npz/2013/20130802_2336_HARP3022_NOAA11808.npz,20130802_2336_HARP3022_NOAA11808,2013-08-02 23:36:00,3022,11808,0,2013
test_2015,train,gs://suryabench-sharp-pipeline-bamidele/samples_npz/2012/20121115_0724_HARP2191_NOAA11613.npz,20121115_0724_HARP2191_NOAA11613,2012-11-15 07:24:00,2191,11613,0,2012
test_2015,train,gs://suryabench-sharp-pipeline-bamidele/samples_npz/2011/20110509_0400_HARP576_NOAA11207.npz,20110509_0400_HARP576_NOAA11207,2011-05-09 04:00:00,576,11207,0,2011
test_2015,train,gs://suryabench-sharp-pipeline-bamidele/samples_npz/2011/20111017_0224_HARP940_NOAA11314.npz,20111017_0224_HARP940_NOAA11314,2011-10-17 02:24:00,940,11314,0,2011
test_2015,train,gs://suryabench-sharp-pipeline-bamidele/samples_npz/2013/20131011_1212_HARP3260_NOAA11860.npz,20131011_1212_HARP3260_NOAA11860,2013-10-11 12:12:00,3260,11860,0,2013
test_2015,train,gs://suryabench-sharp-pipeline-bamidele/samples_npz/2013/20131014_0548_HARP3263_NOAA11861.npz,20131014_0548_HARP3263_NOAA11861,2013-10-14 05:48:00,3263,11861,0,2013
test_2015,train,gs://suryabench-sharp-pipeline-bamidele/samples_npz/2011/20110426_0500_HARP514_NOAA11195.npz,20110426_0500_HARP514_NOAA11195,2011-04-26 05:00:00,514,11195,0,2011
test_2015,train,gs://suryabench-sharp-pipeline-bamidele/samples_npz/2013/20131204_0448_HARP3461_NOAA11915.npz,20131204_0448_HARP3461_NOAA11915,2013-12-04 04:48:00,3461,11915,0,2013
test_2015,train,gs://suryabench-sharp-pipeline-bamidele/samples_npz/2013/20131008_1824_HARP3247_NOAA11857.npz,20131008_1824_HARP3247_NOAA11857,2013-10-08 18:24:00,3247,11857,0,2013
test_2015,train,gs://suryabench-sharp-pipeline-bamidele/samples_npz/2013/20130209_2000_HARP2460_NOAA11670.npz,20130209_2000_HARP2460_NOAA11670,2013-02-09 20:00:00,2460,11670,0,2013
test_2015,train,gs://suryabench-sharp-pipeline-bamidele/samples_npz/2012/20120127_2048_HARP1348_NOAA11411.npz,20120127_2048_HARP1348_NOAA11411,2012-01-27 20:48:00,1348,11411,0,2012
test_2015,train,gs://suryabench-sharp-pipeline-bamidele/samples_npz/2012/20121125_0224_HARP2227_NOAA11620.npz,20121125_0224_HARP2227_NOAA11620,2012-11-25 02:24:00,2227,11620,0,2012
test_2015,train,gs://suryabench-sharp-pipeline-bamidele/samples_npz/2010/20100827_1312_HARP146_NOAA11102.npz,20100827_1312_HARP146_NOAA11102,2010-08-27 13:12:00,146,11102,0,2010
test_2015,train,gs://suryabench-sharp-pipeline-bamidele/samples_npz/2012/20120503_1400_HARP1621_NOAA11470.npz,20120503_1400_HARP1621_NOAA11470,2012-05-03 14:00:00,1621,11470,0,2012
test_2015,train,gs://suryabench-sharp-pipeline-bamidele/samples_npz/2012/20121222_0236_HARP2306_NOAA11633.npz,20121222_0236_HARP2306_NOAA11633,2012-12-22 02:36:00,2306,11633,0,2012
test_2015,train,gs://suryabench-sharp-pipeline-bamidele/samples_npz/2012/20121019_0012_HARP2121_NOAA11591.npz,20121019_0012_HARP2121_NOAA11591,2012-10-19 00:12:00,2121,11591,0,2012
test_2015,train,gs://suryabench-sharp-pipeline-bamidele/samples_npz/2013/20131228_0600_HARP3535_NOAA11936.npz,20131228_0600_HARP3535_NOAA11936,2013-12-28 06:00:00,3535,11936,1,2013
test_2015,train,gs://suryabench-sharp-pipeline-bamidele/samples_npz/2013/20130214_1712_HARP2471_NOAA11672.npz,20130214_1712_HARP2471_NOAA11672,2013-02-14 17:12:00,2471,11672,0,2013
test_2015,train,gs://suryabench-sharp-pipeline-bamidele/samples_npz/2013/20130120_1936_HARP2401_NOAA11659.npz,20130120_1936_HARP2401_NOAA11659,2013-01-20 19:36:00,2401,11659,0,2013
test_2015,train,gs://suryabench-sharp-pipeline-bamidele/samples_npz/2010/20100818_0024_HARP128_NOAA11097.npz,20100818_0024_HARP128_NOAA11097,2010-08-18 00:24:00,128,11097,0,2010
test_2015,train,gs://suryabench-sharp-pipeline-bamidele/samples_npz/2011/20111120_0536_HARP1066_NOAA11346.npz,20111120_0536_HARP1066_NOAA11346,2011-11-20 05:36:00,1066,11346,0,2011
test_2015,train,gs://suryabench-sharp-pipeline-bamidele/samples_npz/2012/20120215_1712_HARP1390_NOAA11418.npz,20120215_1712_HARP1390_NOAA11418,2012-02-15 17:12:00,1390,11418,0,2012
test_2015,train,gs://suryabench-sharp-pipeline-bamidele/samples_npz/2012/20121204_2336_HARP2245_NOAA11623.npz,20121204_2336_HARP2245_NOAA11623,2012-12-04 23:36:00,2245,11623,0,2012
test_2015,train,gs://suryabench-sharp-pipeline-bamidele/samples_npz/2012/20121209_1400_HARP2262_NOAA11628.npz,20121209_1400_HARP2262_NOAA11628,2012-12-09 14:00:00,2262,11628,0,2012
test_2015,train,gs://suryabench-sharp-pipeline-bamidele/samples_npz/2012/20120819_0636_HARP1943_NOAA11547.npz,20120819_0636_HARP1943_NOAA11547,2012-08-19 06:36:00,1943,11547,0,2012
test_2015,train,gs://suryabench-sharp-pipeline-bamidele/samples_npz/2012/20120923_2236_HARP2044_NOAA11576.npz,20120923_2236_HARP2044_NOAA11576,2012-09-23 22:36:00,2044,11576,0,2012
test_2015,train,gs://suryabench-sharp-pipeline-bamidele/samples_npz/2010/20100928_2048_HARP187_NOAA11109.npz,20100928_2048_HARP187_NOAA11109,2010-09-28 20:48:00,187,11109,0,2010
test_2015,train,gs://suryabench-sharp-pipeline-bamidele/samples_npz/2011/20111209_0612_HARP1164_NOAA11368.npz,20111209_0612_HARP1164_NOAA11368,2011-12-09 06:12:00,1164,11368,0,2011
test_2015,train,gs://suryabench-sharp-pipeline-bamidele/samples_npz/2013/20130317_1936_HARP2557_NOAA11695.npz,20130317_1936_HARP2557_NOAA11695,2013-03-17 19:36:00,2557,11695,0,2013
test_2015,train,gs://suryabench-sharp-pipeline-bamidele/samples_npz/2011/20110619_1524_HARP677_NOAA11238.npz,20110619_1524_HARP677_NOAA11238,2011-06-19 15:24:00,677,11238,0,2011
test_2015,train,gs://suryabench-sharp-pipeline-bamidele/samples_npz/2010/20100928_0112_HARP190_NOAA11110.npz,20100928_0112_HARP190_NOAA11110,2010-09-28 01:12:00,190,11110,0,2010
test_2015,train,gs://suryabench-sharp-pipeline-bamidele/samples_npz/2011/20110604_0312_HARP637_NOAA11226.npz,20110604_0312_HARP637_NOAA11226,2011-06-04 03:12:00,637,11226,0,2011
test_2015,train,gs://suryabench-sharp-pipeline-bamidele/samples_npz/2011/20110711_1600_HARP702_NOAA11249.npz,20110711_1600_HARP702_NOAA11249,2011-07-11 16:00:00,702,11249,0,2011
test_2015,train,gs://suryabench-sharp-pipeline-bamidele/samples_npz/2012/20120726_2024_HARP1873_NOAA11526.npz,20120726_2024_HARP1873_NOAA11526,2012-07-26 20:24:00,1873,11526,0,2012
test_2015,train,gs://suryabench-sharp-pipeline-bamidele/samples_npz/2012/20120824_0836_HARP1951_NOAA11552.npz,20120824_0836_HARP1951_NOAA11552,2012-08-24 08:36:00,1951,11552,0,2012
test_2015,train,gs://suryabench-sharp-pipeline-bamidele/samples_npz/2011/20110331_0836_HARP443_NOAA11181.npz,20110331_0836_HARP443_NOAA11181,2011-03-31 08:36:00,443,11181,0,2011
test_2015,train,gs://suryabench-sharp-pipeline-bamidele/samples_npz/2012/20120114_1136_HARP1319_NOAA11400.npz,20120114_1136_HARP1319_NOAA11400,2012-01-14 11:36:00,1319,11400,0,2012
test_2015,train,gs://suryabench-sharp-pipeline-bamidele/samples_npz/2013/20130312_0400_HARP2533_NOAA11690.npz,20130312_0400_HARP2533_NOAA11690,2013-03-12 04:00:00,2533,11690,0,2013
test_2015,train,gs://suryabench-sharp-pipeline-bamidele/samples_npz/2011/20110911_0900_HARP847_NOAA11289.npz,20110911_0900_HARP847_NOAA11289,2011-09-11 09:00:00,847,11289,0,2011
test_2015,train,gs://suryabench-sharp-pipeline-bamidele/samples_npz/2012/20120519_1924_HARP1658_NOAA11483.npz,20120519_1924_HARP1658_NOAA11483,2012-05-19 19:24:00,1658,11483,0,2012
test_2015,train,gs://suryabench-sharp-pipeline-bamidele/samples_npz/2013/20130814_0012_HARP3048_NOAA11814.npz,20130814_0012_HARP3048_NOAA11814,2013-08-14 00:12:00,3048,11814,0,2013
test_2015,train,gs://suryabench-sharp-pipeline-bamidele/samples_npz/2012/20120419_0936_HARP1578_NOAA11460.npz,20120419_0936_HARP1578_NOAA11460,2012-04-19 09:36:00,1578,11460,0,2012
test_2015,train,gs://suryabench-sharp-pipeline-bamidele/samples_npz/2011/20111103_1824_HARP1021_NOAA11334.npz,20111103_1824_HARP1021_NOAA11334,2011-11-03 18:24:00,1021,11334,0,2011
test_2015,train,gs://suryabench-sharp-pipeline-bamidele/samples_npz/2013/20130405_0300_HARP2605_NOAA11711.npz,20130405_0300_HARP2605_NOAA11711,2013-04-05 03:00:00,2605,11711,0,2013
test_2015,train,gs://suryabench-sharp-pipeline-bamidele/samples_npz/2012/20120316_0912_HARP1461_NOAA11432.npz,20120316_0912_HARP1461_NOAA11432,2012-03-16 09:12:00,1461,11432,0,2012
test_2015,train,gs://suryabench-sharp-pipeline-bamidele/samples_npz/2012/20120426_2024_HARP1603_NOAA11466.npz,20120426_2024_HARP1603_NOAA11466,2012-04-26 20:24:00,1603,11466,1,2012
test_2015,train,gs://suryabench-sharp-pipeline-bamidele/samples_npz/2012/20120329_2148_HARP1520_NOAA11449.npz,20120329_2148_HARP1520_NOAA11449,2012-03-29 21:48:00,1520,11449,0,2012
test_2015,train,gs://suryabench-sharp-pipeline-bamidele/samples_npz/2013/20130115_0600_HARP2372_NOAA11654.npz,20130115_0600_HARP2372_NOAA11654,2013-01-15 06:00:00,2372,11654,0,2013
test_2015,train,gs://suryabench-sharp-pipeline-bamidele/samples_npz/2013/20130411_0536_HARP2635_NOAA11719.npz,20130411_0536_HARP2635_NOAA11719,2013-04-11 05:36:00,2635,11719,1,2013
test_2015,train,gs://suryabench-sharp-pipeline-bamidele/samples_npz/2013/20131024_1000_HARP3291_NOAA11875.npz,20131024_1000_HARP3291_NOAA11875,2013-10-24 10:00:00,3291,11875,1,2013
test_2015,train,gs://suryabench-sharp-pipeline-bamidele/samples_npz/2013/20130120_1912_HARP2387_NOAA11658.npz,20130120_1912_HARP2387_NOAA11658,2013-01-20 19:12:00,2387,11658,0,2013
test_2015,train,gs://suryabench-sharp-pipeline-bamidele/samples_npz/2013/20130312_2200_HARP2533_NOAA11690.npz,20130312_2200_HARP2533_NOAA11690,2013-03-12 22:00:00,2533,11690,0,2013
test_2015,train,gs://suryabench-sharp-pipeline-bamidele/samples_npz/2012/20120212_1848_HARP1390_NOAA11418.npz,20120212_1848_HARP1390_NOAA11418,2012-02-12 18:48:00,1390,11418,0,2012
test_2015,train,gs://suryabench-sharp-pipeline-bamidele/samples_npz/2010/20100831_1424_HARP145_NOAA11101.npz,20100831_1424_HARP145_NOAA11101,2010-08-31 14:24:00,145,11101,0,2010
test_2015,train,gs://suryabench-sharp-pipeline-bamidele/samples_npz/2013/20130515_0536_HARP2735_NOAA11744.npz,20130515_0536_HARP2735_NOAA11744,2013-05-15 05:36:00,2735,11744,0,2013
test_2015,train,gs://suryabench-sharp-pipeline-bamidele/samples_npz/2012/20121125_2136_HARP2227_NOAA11620.npz,20121125_2136_HARP2227_NOAA11620,2012-11-25 21:36:00,2227,11620,1,2012
test_2015,train,gs://suryabench-sharp-pipeline-bamidele/samples_npz/2013/20130910_0148_HARP3154_NOAA11838.npz,20130910_0148_HARP3154_NOAA11838,2013-09-10 01:48:00,3154,11838,0,2013
test_2015,train,gs://suryabench-sharp-pipeline-bamidele/samples_npz/2013/20131112_1036_HARP3364_NOAA11893.npz,20131112_1036_HARP3364_NOAA11893,2013-11-12 10:36:00,3364,11893,0,2013
test_2015,train,gs://suryabench-sharp-pipeline-bamidele/samples_npz/2011/20111119_1836_HARP1090_NOAA11359.npz,20111119_1836_HARP1090_NOAA11359,2011-11-19 18:36:00,1090,11359,0,2011
test_2015,train,gs://suryabench-sharp-pipeline-bamidele/samples_npz/2012/20121225_1500_HARP2314_NOAA11635.npz,20121225_1500_HARP2314_NOAA11635,2012-12-25 15:00:00,2314,11635,0,2012
test_2015,train,gs://suryabench-sharp-pipeline-bamidele/samples_npz/2012/20120306_2000_HARP1449_NOAA11429.npz,20120306_2000_HARP1449_NOAA11429,2012-03-06 20:00:00,1449,11429,1,2012
test_2015,train,gs://suryabench-sharp-pipeline-bamidele/samples_npz/2013/20130403_1548_HARP2610_NOAA11712.npz,20130403_1548_HARP2610_NOAA11712,2013-04-03 15:48:00,2610,11712,0,2013
test_2015,train,gs://suryabench-sharp-pipeline-bamidele/samples_npz/2013/20131115_1548_HARP3368_NOAA11896.npz,20131115_1548_HARP3368_NOAA11896,2013-11-15 15:48:00,3368,11896,0,2013
test_2015,train,gs://suryabench-sharp-pipeline-bamidele/samples_npz/2012/20120802_1636_HARP1903_NOAA11535.npz,20120802_1636_HARP1903_NOAA11535,2012-08-02 16:36:00,1903,11535,0,2012
test_2015,train,gs://suryabench-sharp-pipeline-bamidele/samples_npz/2013/20131221_1500_HARP3513_NOAA11929.npz,20131221_1500_HARP3513_NOAA11929,2013-12-21 15:00:00,3513,11929,0,2013
test_2015,train,gs://suryabench-sharp-pipeline-bamidele/samples_npz/2012/20120128_1512_HARP1339_NOAA11412.npz,20120128_1512_HARP1339_NOAA11412,2012-01-28 15:12:00,1339,11412,0,2012
test_2015,train,gs://suryabench-sharp-pipeline-bamidele/samples_npz/2012/20121109_1048_HARP2177_NOAA11608.npz,20121109_1048_HARP2177_NOAA11608,2012-11-09 10:48:00,2177,11608,0,2012
test_2015,train,gs://suryabench-sharp-pipeline-bamidele/samples_npz/2010/20100820_0648_HARP135_NOAA11100.npz,20100820_0648_HARP135_NOAA11100,2010-08-20 06:48:00,135,11100,0,2010
test_2015,train,gs://suryabench-sharp-pipeline-bamidele/samples_npz/2012/20121009_0148_HARP2098_NOAA11585.npz,20121009_0148_HARP2098_NOAA11585,2012-10-09 01:48:00,2098,11585,0,2012
test_2015,train,gs://suryabench-sharp-pipeline-bamidele/samples_npz/2013/20130215_1548_HARP2469_NOAA11671.npz,20130215_1548_HARP2469_NOAA11671,2013-02-15 15:48:00,2469,11671,0,2013
test_2015,train,gs://suryabench-sharp-pipeline-bamidele/samples_npz/2012/20120222_2248_HARP1410_NOAA11421.npz,20120222_2248_HARP1410_NOAA11421,2012-02-22 22:48:00,1410,11421,0,2012
test_2015,train,gs://suryabench-sharp-pipeline-bamidele/samples_npz/2012/20121008_0012_HARP2106_NOAA11588.npz,20121008_0012_HARP2106_NOAA11588,2012-10-08 00:12:00,2106,11588,0,2012
test_2015,train,gs://suryabench-sharp-pipeline-bamidele/samples_npz/2011/20110805_0236_HARP753_NOAA11263.npz,20110805_0236_HARP753_NOAA11263,2011-08-05 02:36:00,753,11263,0,2011
test_2015,train,gs://suryabench-sharp-pipeline-bamidele/samples_npz/2012/20120906_1936_HARP1996_NOAA11563.npz,20120906_1936_HARP1996_NOAA11563,2012-09-06 19:36:00,1996,11563,0,2012
test_2015,train,gs://suryabench-sharp-pipeline-bamidele/samples_npz/2011/20110714_1936_HARP712_NOAA11250.npz,20110714_1936_HARP712_NOAA11250,2011-07-14 19:36:00,712,11250,0,2011
test_2015,train,gs://suryabench-sharp-pipeline-bamidele/samples_npz/2012/20121125_1336_HARP2227_NOAA11620.npz,20121125_1336_HARP2227_NOAA11620,2012-11-25 13:36:00,2227,11620,0,2012
test_2015,train,gs://suryabench-sharp-pipeline-bamidele/samples_npz/2013/20130826_1412_HARP3098_NOAA11827.npz,20130826_1412_HARP3098_NOAA11827,2013-08-26 14:12:00,3098,11827,0,2013
test_2015,train,gs://suryabench-sharp-pipeline-bamidele/samples_npz/2010/20101219_1900_HARP297_NOAA11135.npz,20101219_1900_HARP297_NOAA11135,2010-12-19 19:00:00,297,11135,0,2010
test_2015,train,gs://suryabench-sharp-pipeline-bamidele/samples_npz/2012/20120301_0412_HARP1425_NOAA11424.npz,20120301_0412_HARP1425_NOAA11424,2012-03-01 04:12:00,1425,11424,0,2012
test_2015,train,gs://suryabench-sharp-pipeline-bamidele/samples_npz/2013/20130305_1100_HARP2511_NOAA11683.npz,20130305_1100_HARP2511_NOAA11683,2013-03-05 11:00:00,2511,11683,0,2013
test_2015,train,gs://suryabench-sharp-pipeline-bamidele/samples_npz/2012/20120325_1200_HARP1488_NOAA11438.npz,20120325_1200_HARP1488_NOAA11438,2012-03-25 12:00:00,1488,11438,0,2012
test_2015,train,gs://suryabench-sharp-pipeline-bamidele/samples_npz/2012/20120909_0224_HARP2017_NOAA11568.npz,20120909_0224_HARP2017_NOAA11568,2012-09-09 02:24:00,2017,11568,0,2012
test_2015,train,gs://suryabench-sharp-pipeline-bamidele/samples_npz/2012/20120425_0136_HARP1596_NOAA11465.npz,20120425_0136_HARP1596_NOAA11465,2012-04-25 01:36:00,1596,11465,0,2012
test_2015,train,gs://suryabench-sharp-pipeline-bamidele/samples_npz/2013/20131115_1036_HARP3386_NOAA11902.npz,20131115_1036_HARP3386_NOAA11902,2013-11-15 10:36:00,3386,11902,0,2013
test_2015,train,gs://suryabench-sharp-pipeline-bamidele/samples_npz/2012/20120815_0936_HARP1931_NOAA11543.npz,20120815_0936_HARP1931_NOAA11543,2012-08-15 09:36:00,1931,11543,0,2012
test_2015,train,gs://suryabench-sharp-pipeline-bamidele/samples_npz/2011/20110823_0524_HARP798_NOAA11272.npz,20110823_0524_HARP798_NOAA11272,2011-08-23 05:24:00,798,11272,0,2011
test_2015,train,gs://suryabench-sharp-pipeline-bamidele/samples_npz/2011/20111011_0348_HARP932_NOAA11313.npz,20111011_0348_HARP932_NOAA11313,2011-10-11 03:48:00,932,11313,0,2011
test_2015,train,gs://suryabench-sharp-pipeline-bamidele/samples_npz/2012/20120315_0612_HARP1464_NOAA11434.npz,20120315_0612_HARP1464_NOAA11434,2012-03-15 06:12:00,1464,11434,0,2012
test_2015,train,gs://suryabench-sharp-pipeline-bamidele/samples_npz/2012/20121106_1324_HARP2166_NOAA11602.npz,20121106_1324_HARP2166_NOAA11602,2012-11-06 13:24:00,2166,11602,0,2012
test_2015,train,gs://suryabench-sharp-pipeline-bamidele/samples_npz/2012/20120115_2048_HARP1312_NOAA11397.npz,20120115_2048_HARP1312_NOAA11397,2012-01-15 20:48:00,1312,11397,0,2012
test_2015,train,gs://suryabench-sharp-pipeline-bamidele/samples_npz/2010/20100803_2224_HARP104_NOAA11092.npz,20100803_2224_HARP104_NOAA11092,2010-08-03 22:24:00,104,11092,0,2010
test_2015,train,gs://suryabench-sharp-pipeline-bamidele/samples_npz/2010/20101118_2012_HARP256_NOAA11126.npz,20101118_2012_HARP256_NOAA11126,2010-11-18 20:12:00,256,11126,0,2010
test_2015,train,gs://suryabench-sharp-pipeline-bamidele/samples_npz/2012/20121001_0812_HARP2059_NOAA11579.npz,20121001_0812_HARP2059_NOAA11579,2012-10-01 08:12:00,2059,11579,0,2012
test_2015,train,gs://suryabench-sharp-pipeline-bamidele/samples_npz/2011/20110330_1512_HARP443_NOAA11181.npz,20110330_1512_HARP443_NOAA11181,2011-03-30 15:12:00,443,11181,0,2011
test_2015,train,gs://suryabench-sharp-pipeline-bamidele/samples_npz/2012/20120228_0724_HARP1424_NOAA11425.npz,20120228_0724_HARP1424_NOAA11425,2012-02-28 07:24:00,1424,11425,0,2012
test_2015,train,gs://suryabench-sharp-pipeline-bamidele/samples_npz/2012/20120419_2212_HARP1572_NOAA11458.npz,20120419_2212_HARP1572_NOAA11458,2012-04-19 22:12:00,1572,11458,0,2012
test_2015,train,gs://suryabench-sharp-pipeline-bamidele/samples_npz/2012/20120219_1348_HARP1396_NOAA11419.npz,20120219_1348_HARP1396_NOAA11419,2012-02-19 13:48:00,1396,11419,0,2012
test_2015,train,gs://suryabench-sharp-pipeline-bamidele/samples_npz/2012/20120906_1800_HARP1996_NOAA11563.npz,20120906_1800_HARP1996_NOAA11563,2012-09-06 18:00:00,1996,11563,0,2012
test_2015,train,gs://suryabench-sharp-pipeline-bamidele/samples_npz/2011/20111123_2124_HARP1092_NOAA11354.npz,20111123_2124_HARP1092_NOAA11354,2011-11-23 21:24:00,1092,11354,0,2011
test_2015,train,gs://suryabench-sharp-pipeline-bamidele/samples_npz/2013/20130409_0948_HARP2634_NOAA11717.npz,20130409_0948_HARP2634_NOAA11717,2013-04-09 09:48:00,2634,11717,0,2013
test_2015,train,gs://suryabench-sharp-pipeline-bamidele/samples_npz/2012/20120605_0236_HARP1724_NOAA11494.npz,20120605_0236_HARP1724_NOAA11494,2012-06-05 02:36:00,1724,11494,1,2012
test_2015,train,gs://suryabench-sharp-pipeline-bamidele/samples_npz/2012/20120103_0836_HARP1271_NOAA11392.npz,20120103_0836_HARP1271_NOAA11392,2012-01-03 08:36:00,1271,11392,0,2012
test_2015,train,gs://suryabench-sharp-pipeline-bamidele/samples_npz/2013/20130707_1412_HARP2920_NOAA11785.npz,20130707_1412_HARP2920_NOAA11785,2013-07-07 14:12:00,2920,11785,0,2013
test_2015,train,gs://suryabench-sharp-pipeline-bamidele/samples_npz/2010/20100531_0548_HARP43_NOAA11076.npz,20100531_0548_HARP43_NOAA11076,2010-05-31 05:48:00,43,11076,0,2010
test_2015,train,gs://suryabench-sharp-pipeline-bamidele/samples_npz/2011/20110720_0500_HARP728_NOAA11256.npz,20110720_0500_HARP728_NOAA11256,2011-07-20 05:00:00,728,11256,0,2011
test_2015,train,gs://suryabench-sharp-pipeline-bamidele/samples_npz/2011/20110624_0000_HARP681_NOAA11241.npz,20110624_0000_HARP681_NOAA11241,2011-06-24 00:00:00,681,11241,0,2011
test_2015,train,gs://suryabench-sharp-pipeline-bamidele/samples_npz/2011/20110925_0936_HARP878_NOAA11301.npz,20110925_0936_HARP878_NOAA11301,2011-09-25 09:36:00,878,11301,0,2011
test_2015,train,gs://suryabench-sharp-pipeline-bamidele/samples_npz/2011/20110905_1200_HARP833_NOAA11283.npz,20110905_1200_HARP833_NOAA11283,2011-09-05 12:00:00,833,11283,1,2011
test_2015,train,gs://suryabench-sharp-pipeline-bamidele/samples_npz/2012/20120519_1312_HARP1653_NOAA11479.npz,20120519_1312_HARP1653_NOAA11479,2012-05-19 13:12:00,1653,11479,0,2012
test_2015,train,gs://suryabench-sharp-pipeline-bamidele/samples_npz/2012/20120314_0124_HARP1461_NOAA11432.npz,20120314_0124_HARP1461_NOAA11432,2012-03-14 01:24:00,1461,11432,1,2012
test_2015,train,gs://suryabench-sharp-pipeline-bamidele/samples_npz/2013/20130411_0412_HARP2634_NOAA11717.npz,20130411_0412_HARP2634_NOAA11717,2013-04-11 04:12:00,2634,11717,0,2013
test_2015,train,gs://suryabench-sharp-pipeline-bamidele/samples_npz/2011/20110526_0200_HARP622_NOAA11219.npz,20110526_0200_HARP622_NOAA11219,2011-05-26 02:00:00,622,11219,0,2011
test_2015,train,gs://suryabench-sharp-pipeline-bamidele/samples_npz/2011/20110526_0300_HARP610_NOAA11218.npz,20110526_0300_HARP610_NOAA11218,2011-05-26 03:00:00,610,11218,0,2011
test_2015,train,gs://suryabench-sharp-pipeline-bamidele/samples_npz/2012/20120617_0612_HARP1756_NOAA11506.npz,20120617_0612_HARP1756_NOAA11506,2012-06-17 06:12:00,1756,11506,0,2012
test_2015,train,gs://suryabench-sharp-pipeline-bamidele/samples_npz/2011/20111121_2236_HARP1079_NOAA11350.npz,20111121_2236_HARP1079_NOAA11350,2011-11-21 22:36:00,1079,11350,0,2011
test_2015,train,gs://suryabench-sharp-pipeline-bamidele/samples_npz/2012/20121126_0048_HARP2227_NOAA11620.npz,20121126_0048_HARP2227_NOAA11620,2012-11-26 00:48:00,2227,11620,1,2012
test_2015,train,gs://suryabench-sharp-pipeline-bamidele/samples_npz/2013/20130115_0100_HARP2380_NOAA11656.npz,20130115_0100_HARP2380_NOAA11656,2013-01-15 01:00:00,2380,11656,0,2013
test_2015,train,gs://suryabench-sharp-pipeline-bamidele/samples_npz/2012/20120614_0436_HARP1756_NOAA11506.npz,20120614_0436_HARP1756_NOAA11506,2012-06-14 04:36:00,1756,11506,0,2012
test_2015,train,gs://suryabench-sharp-pipeline-bamidele/samples_npz/2012/20121222_2300_HARP2314_NOAA11635.npz,20121222_2300_HARP2314_NOAA11635,2012-12-22 23:00:00,2314,11635,0,2012
test_2015,train,gs://suryabench-sharp-pipeline-bamidele/samples_npz/2012/20120519_1712_HARP1680_NOAA11487.npz,20120519_1712_HARP1680_NOAA11487,2012-05-19 17:12:00,1680,11487,0,2012
test_2015,train,gs://suryabench-sharp-pipeline-bamidele/samples_npz/2011/20111222_1548_HARP1232_NOAA11385.npz,20111222_1548_HARP1232_NOAA11385,2011-12-22 15:48:00,1232,11385,0,2011
test_2015,train,gs://suryabench-sharp-pipeline-bamidele/samples_npz/2013/20131207_1736_HARP3448_NOAA11916.npz,20131207_1736_HARP3448_NOAA11916,2013-12-07 17:36:00,3448,11916,0,2013
test_2015,train,gs://suryabench-sharp-pipeline-bamidele/samples_npz/2013/20130817_0112_HARP3068_NOAA11825.npz,20130817_0112_HARP3068_NOAA11825,2013-08-17 01:12:00,3068,11825,0,2013
test_2015,train,gs://suryabench-sharp-pipeline-bamidele/samples_npz/2013/20130220_0012_HARP2489_NOAA11673.npz,20130220_0012_HARP2489_NOAA11673,2013-02-20 00:12:00,2489,11673,0,2013
test_2015,train,gs://suryabench-sharp-pipeline-bamidele/samples_npz/2010/20100801_1900_HARP107_NOAA11094.npz,20100801_1900_HARP107_NOAA11094,2010-08-01 19:00:00,107,11094,0,2010
test_2015,train,gs://suryabench-sharp-pipeline-bamidele/samples_npz/2012/20120605_1700_HARP1724_NOAA11494.npz,20120605_1700_HARP1724_NOAA11494,2012-06-05 17:00:00,1724,11494,1,2012
test_2015,train,gs://suryabench-sharp-pipeline-bamidele/samples_npz/2010/20100812_0724_HARP131_NOAA11098.npz,20100812_0724_HARP131_NOAA11098,2010-08-12 07:24:00,131,11098,0,2010
test_2015,train,gs://suryabench-sharp-pipeline-bamidele/samples_npz/2011/20111025_0512_HARP976_NOAA11324.npz,20111025_0512_HARP976_NOAA11324,2011-10-25 05:12:00,976,11324,0,2011
test_2015,train,gs://suryabench-sharp-pipeline-bamidele/samples_npz/2011/20110507_2136_HARP576_NOAA11207.npz,20110507_2136_HARP576_NOAA11207,2011-05-07 21:36:00,576,11207,0,2011
test_2015,train,gs://suryabench-sharp-pipeline-bamidele/samples_npz/2013/20131120_1136_HARP3376_NOAA11899.npz,20131120_1136_HARP3376_NOAA11899,2013-11-20 11:36:00,3376,11899,0,2013
test_2015,train,gs://suryabench-sharp-pipeline-bamidele/samples_npz/2012/20121104_0524_HARP2166_NOAA11602.npz,20121104_0524_HARP2166_NOAA11602,2012-11-04 05:24:00,2166,11602,0,2012
test_2015,train,gs://suryabench-sharp-pipeline-bamidele/samples_npz/2013/20130118_0324_HARP2380_NOAA11656.npz,20130118_0324_HARP2380_NOAA11656,2013-01-18 03:24:00,2380,11656,0,2013
test_2015,train,gs://suryabench-sharp-pipeline-bamidele/samples_npz/2013/20130917_0824_HARP3176_NOAA11841.npz,20130917_0824_HARP3176_NOAA11841,2013-09-17 08:24:00,3176,11841,0,2013
test_2015,train,gs://suryabench-sharp-pipeline-bamidele/samples_npz/2011/20110919_1624_HARP867_NOAA11299.npz,20110919_1624_HARP867_NOAA11299,2011-09-19 16:24:00,867,11299,0,2011
test_2015,train,gs://suryabench-sharp-pipeline-bamidele/samples_npz/2012/20120603_1312_HARP1727_NOAA11497.npz,20120603_1312_HARP1727_NOAA11497,2012-06-03 13:12:00,1727,11497,0,2012
test_2015,train,gs://suryabench-sharp-pipeline-bamidele/samples_npz/2012/20120404_0000_HARP1514_NOAA11448.npz,20120404_0000_HARP1514_NOAA11448,2012-04-04 00:00:00,1514,11448,0,2012
test_2015,train,gs://suryabench-sharp-pipeline-bamidele/samples_npz/2013/20130209_1024_HARP2460_NOAA11670.npz,20130209_1024_HARP2460_NOAA11670,2013-02-09 10:24:00,2460,11670,0,2013
test_2015,train,gs://suryabench-sharp-pipeline-bamidele/samples_npz/2010/20101129_0400_HARP274_NOAA11130.npz,20101129_0400_HARP274_NOAA11130,2010-11-29 04:00:00,274,11130,0,2010
test_2015,train,gs://suryabench-sharp-pipeline-bamidele/samples_npz/2012/20121117_0424_HARP2193_NOAA11614.npz,20121117_0424_HARP2193_NOAA11614,2012-11-17 04:24:00,2193,11614,0,2012
test_2015,train,gs://suryabench-sharp-pipeline-bamidele/samples_npz/2013/20130228_1324_HARP2501_NOAA11682.npz,20130228_1324_HARP2501_NOAA11682,2013-02-28 13:24:00,2501,11682,0,2013
test_2015,train,gs://suryabench-sharp-pipeline-bamidele/samples_npz/2012/20120131_1648_HARP1350_NOAA11410.npz,20120131_1648_HARP1350_NOAA11410,2012-01-31 16:48:00,1350,11410,0,2012
test_2015,train,gs://suryabench-sharp-pipeline-bamidele/samples_npz/2011/20111007_1500_HARP918_NOAA11309.npz,20111007_1500_HARP918_NOAA11309,2011-10-07 15:00:00,918,11309,0,2011
test_2015,train,gs://suryabench-sharp-pipeline-bamidele/samples_npz/2012/20120614_1100_HARP1756_NOAA11506.npz,20120614_1100_HARP1756_NOAA11506,2012-06-14 11:00:00,1756,11506,0,2012
test_2015,train,gs://suryabench-sharp-pipeline-bamidele/samples_npz/2012/20120309_0300_HARP1449_NOAA11429.npz,20120309_0300_HARP1449_NOAA11429,2012-03-09 03:00:00,1449,11429,1,2012
test_2015,train,gs://suryabench-sharp-pipeline-bamidele/samples_npz/2010/20100731_0300_HARP98_NOAA11090.npz,20100731_0300_HARP98_NOAA11090,2010-07-31 03:00:00,98,11090,0,2010
test_2015,train,gs://suryabench-sharp-pipeline-bamidele/samples_npz/2012/20120712_1112_HARP1834_NOAA11519.npz,20120712_1112_HARP1834_NOAA11519,2012-07-12 11:12:00,1834,11519,0,2012
test_2015,train,gs://suryabench-sharp-pipeline-bamidele/samples_npz/2013/20130629_1312_HARP2887_NOAA11778.npz,20130629_1312_HARP2887_NOAA11778,2013-06-29 13:12:00,2887,11778,0,2013
test_2015,train,gs://suryabench-sharp-pipeline-bamidele/samples_npz/2011/20110215_1412_HARP371_NOAA11159.npz,20110215_1412_HARP371_NOAA11159,2011-02-15 14:12:00,371,11159,0,2011
test_2015,train,gs://suryabench-sharp-pipeline-bamidele/samples_npz/2010/20101112_1424_HARP252_NOAA11124.npz,20101112_1424_HARP252_NOAA11124,2010-11-12 14:24:00,252,11124,0,2010
test_2015,train,gs://suryabench-sharp-pipeline-bamidele/samples_npz/2013/20131129_1024_HARP3415_NOAA11906.npz,20131129_1024_HARP3415_NOAA11906,2013-11-29 10:24:00,3415,11906,0,2013
test_2015,train,gs://suryabench-sharp-pipeline-bamidele/samples_npz/2012/20120104_2300_HARP1271_NOAA11392.npz,20120104_2300_HARP1271_NOAA11392,2012-01-04 23:00:00,1271,11392,0,2012
test_2015,train,gs://suryabench-sharp-pipeline-bamidele/samples_npz/2012/20120320_2112_HARP1484_NOAA11440.npz,20120320_2112_HARP1484_NOAA11440,2012-03-20 21:12:00,1484,11440,0,2012
test_2015,train,gs://suryabench-sharp-pipeline-bamidele/samples_npz/2012/20120608_1536_HARP1724_NOAA11494.npz,20120608_1536_HARP1724_NOAA11494,2012-06-08 15:36:00,1724,11494,0,2012
test_2015,train,gs://suryabench-sharp-pipeline-bamidele/samples_npz/2012/20120520_0736_HARP1669_NOAA11485.npz,20120520_0736_HARP1669_NOAA11485,2012-05-20 07:36:00,1669,11485,0,2012
test_2015,train,gs://suryabench-sharp-pipeline-bamidele/samples_npz/2012/20121105_1636_HARP2166_NOAA11602.npz,20121105_1636_HARP2166_NOAA11602,2012-11-05 16:36:00,2166,11602,0,2012
test_2015,train,gs://suryabench-sharp-pipeline-bamidele/samples_npz/2013/20130119_1424_HARP2400_NOAA11660.npz,20130119_1424_HARP2400_NOAA11660,2013-01-19 14:24:00,2400,11660,0,2013
test_2015,train,gs://suryabench-sharp-pipeline-bamidele/samples_npz/2011/20110309_0024_HARP401_NOAA11166.npz,20110309_0024_HARP401_NOAA11166,2011-03-09 00:24:00,401,11166,1,2011
test_2015,train,gs://suryabench-sharp-pipeline-bamidele/samples_npz/2011/20110825_2324_HARP819_NOAA11284.npz,20110825_2324_HARP819_NOAA11284,2011-08-25 23:24:00,819,11284,0,2011
test_2015,train,gs://suryabench-sharp-pipeline-bamidele/samples_npz/2013/20131102_1100_HARP3330_NOAA11887.npz,20131102_1100_HARP3330_NOAA11887,2013-11-02 11:00:00,3330,11887,0,2013
test_2015,train,gs://suryabench-sharp-pipeline-bamidele/samples_npz/2013/20130602_1736_HARP2779_NOAA11757.npz,20130602_1736_HARP2779_NOAA11757,2013-06-02 17:36:00,2779,11757,0,2013
test_2015,train,gs://suryabench-sharp-pipeline-bamidele/samples_npz/2012/20120120_1800_HARP1321_NOAA11401.npz,20120120_1800_HARP1321_NOAA11401,2012-01-20 18:00:00,1321,11401,0,2012
test_2015,train,gs://suryabench-sharp-pipeline-bamidele/samples_npz/2013/20130808_0348_HARP3031_NOAA11810.npz,20130808_0348_HARP3031_NOAA11810,2013-08-08 03:48:00,3031,11810,0,2013
test_2015,train,gs://suryabench-sharp-pipeline-bamidele/samples_npz/2012/20120114_0448_HARP1312_NOAA11397.npz,20120114_0448_HARP1312_NOAA11397,2012-01-14 04:48:00,1312,11397,0,2012
test_2015,train,gs://suryabench-sharp-pipeline-bamidele/samples_npz/2011/20110811_1448_HARP765_NOAA11268.npz,20110811_1448_HARP765_NOAA11268,2011-08-11 14:48:00,765,11268,0,2011
test_2015,train,gs://suryabench-sharp-pipeline-bamidele/samples_npz/2011/20110823_1812_HARP798_NOAA11272.npz,20110823_1812_HARP798_NOAA11272,2011-08-23 18:12:00,798,11272,0,2011
test_2015,train,gs://suryabench-sharp-pipeline-bamidele/samples_npz/2010/20100828_0648_HARP146_NOAA11102.npz,20100828_0648_HARP146_NOAA11102,2010-08-28 06:48:00,146,11102,0,2010
test_2015,train,gs://suryabench-sharp-pipeline-bamidele/samples_npz/2012/20120415_0736_HARP1558_NOAA11463.npz,20120415_0736_HARP1558_NOAA11463,2012-04-15 07:36:00,1558,11463,0,2012
test_2015,train,gs://suryabench-sharp-pipeline-bamidele/samples_npz/2012/20121119_0348_HARP2203_NOAA11616.npz,20121119_0348_HARP2203_NOAA11616,2012-11-19 03:48:00,2203,11616,0,2012
test_2015,train,gs://suryabench-sharp-pipeline-bamidele/samples_npz/2011/20110802_0700_HARP753_NOAA11263.npz,20110802_0700_HARP753_NOAA11263,2011-08-02 07:00:00,753,11263,1,2011
test_2015,train,gs://suryabench-sharp-pipeline-bamidele/samples_npz/2012/20120901_0748_HARP1970_NOAA11555.npz,20120901_0748_HARP1970_NOAA11555,2012-09-01 07:48:00,1970,11555,0,2012
test_2015,train,gs://suryabench-sharp-pipeline-bamidele/samples_npz/2011/20110310_0100_HARP407_NOAA11169.npz,20110310_0100_HARP407_NOAA11169,2011-03-10 01:00:00,407,11169,0,2011
test_2015,train,gs://suryabench-sharp-pipeline-bamidele/samples_npz/2013/20130120_1448_HARP2401_NOAA11659.npz,20130120_1448_HARP2401_NOAA11659,2013-01-20 14:48:00,2401,11659,0,2013
test_2015,train,gs://suryabench-sharp-pipeline-bamidele/samples_npz/2011/20110111_1024_HARP335_NOAA11143.npz,20110111_1024_HARP335_NOAA11143,2011-01-11 10:24:00,335,11143,0,2011
test_2015,train,gs://suryabench-sharp-pipeline-bamidele/samples_npz/2012/20120925_2348_HARP2044_NOAA11576.npz,20120925_2348_HARP2044_NOAA11576,2012-09-25 23:48:00,2044,11576,0,2012
test_2015,train,gs://suryabench-sharp-pipeline-bamidele/samples_npz/2011/20111108_2212_HARP1028_NOAA11339.npz,20111108_2212_HARP1028_NOAA11339,2011-11-08 22:12:00,1028,11339,0,2011
test_2015,train,gs://suryabench-sharp-pipeline-bamidele/samples_npz/2012/20121030_1636_HARP2143_NOAA11599.npz,20121030_1636_HARP2143_NOAA11599,2012-10-30 16:36:00,2143,11599,0,2012
test_2015,train,gs://suryabench-sharp-pipeline-bamidele/samples_npz/2013/20130918_1812_HARP3195_NOAA11843.npz,20130918_1812_HARP3195_NOAA11843,2013-09-18 18:12:00,3195,11843,0,2013
test_2015,train,gs://suryabench-sharp-pipeline-bamidele/samples_npz/2012/20120802_1136_HARP1893_NOAA11534.npz,20120802_1136_HARP1893_NOAA11534,2012-08-02 11:36:00,1893,11534,0,2012
test_2015,train,gs://suryabench-sharp-pipeline-bamidele/samples_npz/2011/20110826_1700_HARP817_NOAA11285.npz,20110826_1700_HARP817_NOAA11285,2011-08-26 17:00:00,817,11285,0,2011
test_2015,train,gs://suryabench-sharp-pipeline-bamidele/samples_npz/2012/20120309_2224_HARP1449_NOAA11429.npz,20120309_2224_HARP1449_NOAA11429,2012-03-09 22:24:00,1449,11429,1,2012
test_2015,train,gs://suryabench-sharp-pipeline-bamidele/samples_npz/2011/20110826_0900_HARP803_NOAA11274.npz,20110826_0900_HARP803_NOAA11274,2011-08-26 09:00:00,803,11274,0,2011
test_2015,train,gs://suryabench-sharp-pipeline-bamidele/samples_npz/2011/20110904_0224_HARP833_NOAA11283.npz,20110904_0224_HARP833_NOAA11283,2011-09-04 02:24:00,833,11283,1,2011
test_2015,train,gs://suryabench-sharp-pipeline-bamidele/samples_npz/2013/20130421_0600_HARP2673_NOAA11726.npz,20130421_0600_HARP2673_NOAA11726,2013-04-21 06:00:00,2673,11726,1,2013
test_2015,train,gs://suryabench-sharp-pipeline-bamidele/samples_npz/2012/20121027_0848_HARP2144_NOAA11600.npz,20121027_0848_HARP2144_NOAA11600,2012-10-27 08:48:00,2144,11600,0,2012
test_2015,train,gs://suryabench-sharp-pipeline-bamidele/samples_npz/2011/20110925_1612_HARP878_NOAA11301.npz,20110925_1612_HARP878_NOAA11301,2011-09-25 16:12:00,878,11301,0,2011
test_2015,train,gs://suryabench-sharp-pipeline-bamidele/samples_npz/2011/20110714_2300_HARP713_NOAA11258.npz,20110714_2300_HARP713_NOAA11258,2011-07-14 23:00:00,713,11258,0,2011
test_2015,train,gs://suryabench-sharp-pipeline-bamidele/samples_npz/2012/20120602_0124_HARP1705_NOAA11492.npz,20120602_0124_HARP1705_NOAA11492,2012-06-02 01:24:00,1705,11492,0,2012
test_2015,train,gs://suryabench-sharp-pipeline-bamidele/samples_npz/2012/20120521_2212_HARP1680_NOAA11487.npz,20120521_2212_HARP1680_NOAA11487,2012-05-21 22:12:00,1680,11487,0,2012
test_2015,train,gs://suryabench-sharp-pipeline-bamidele/samples_npz/2011/20111012_0012_HARP956_NOAA11318.npz,20111012_0012_HARP956_NOAA11318,2011-10-12 00:12:00,956,11318,0,2011
test_2015,train,gs://suryabench-sharp-pipeline-bamidele/samples_npz/2012/20120318_1012_HARP1480_NOAA11437.npz,20120318_1012_HARP1480_NOAA11437,2012-03-18 10:12:00,1480,11437,0,2012
test_2015,train,gs://suryabench-sharp-pipeline-bamidele/samples_npz/2013/20130411_1424_HARP2636_NOAA11718.npz,20130411_1424_HARP2636_NOAA11718,2013-04-11 14:24:00,2636,11718,1,2013
test_2015,train,gs://suryabench-sharp-pipeline-bamidele/samples_npz/2012/20121028_2124_HARP2143_NOAA11599.npz,20121028_2124_HARP2143_NOAA11599,2012-10-28 21:24:00,2143,11599,0,2012
test_2015,train,gs://suryabench-sharp-pipeline-bamidele/samples_npz/2013/20130509_0012_HARP2718_NOAA11740.npz,20130509_0012_HARP2718_NOAA11740,2013-05-09 00:12:00,2718,11740,0,2013
test_2015,train,gs://suryabench-sharp-pipeline-bamidele/samples_npz/2013/20130203_1348_HARP2433_NOAA11665.npz,20130203_1348_HARP2433_NOAA11665,2013-02-03 13:48:00,2433,11665,0,2013
test_2015,train,gs://suryabench-sharp-pipeline-bamidele/samples_npz/2013/20130521_0300_HARP2748_NOAA11748.npz,20130521_0300_HARP2748_NOAA11748,2013-05-21 03:00:00,2748,11748,0,2013
test_2015,train,gs://suryabench-sharp-pipeline-bamidele/samples_npz/2010/20100628_0224_HARP67_NOAA11085.npz,20100628_0224_HARP67_NOAA11085,2010-06-28 02:24:00,67,11085,0,2010
test_2015,train,gs://suryabench-sharp-pipeline-bamidele/samples_npz/2013/20131102_1824_HARP3321_NOAA11884.npz,20131102_1824_HARP3321_NOAA11884,2013-11-02 18:24:00,3321,11884,1,2013
test_2015,train,gs://suryabench-sharp-pipeline-bamidele/samples_npz/2011/20111117_2048_HARP1080_NOAA11357.npz,20111117_2048_HARP1080_NOAA11357,2011-11-17 20:48:00,1080,11357,0,2011
test_2015,train,gs://suryabench-sharp-pipeline-bamidele/samples_npz/2013/20130115_2224_HARP2372_NOAA11654.npz,20130115_2224_HARP2372_NOAA11654,2013-01-15 22:24:00,2372,11654,0,2013
test_2015,train,gs://suryabench-sharp-pipeline-bamidele/samples_npz/2013/20130819_1536_HARP3068_NOAA11825.npz,20130819_1536_HARP3068_NOAA11825,2013-08-19 15:36:00,3068,11825,0,2013
test_2015,train,gs://suryabench-sharp-pipeline-bamidele/samples_npz/2012/20120701_2348_HARP1807_NOAA11514.npz,20120701_2348_HARP1807_NOAA11514,2012-07-01 23:48:00,1807,11514,0,2012
test_2015,train,gs://suryabench-sharp-pipeline-bamidele/samples_npz/2011/20110501_1212_HARP538_NOAA11200.npz,20110501_1212_HARP538_NOAA11200,2011-05-01 12:12:00,538,11200,0,2011
test_2015,train,gs://suryabench-sharp-pipeline-bamidele/samples_npz/2011/20111014_0848_HARP940_NOAA11314.npz,20111014_0848_HARP940_NOAA11314,2011-10-14 08:48:00,940,11314,0,2011
test_2015,train,gs://suryabench-sharp-pipeline-bamidele/samples_npz/2013/20131124_0324_HARP3400_NOAA11903.npz,20131124_0324_HARP3400_NOAA11903,2013-11-24 03:24:00,3400,11903,0,2013
test_2015,train,gs://suryabench-sharp-pipeline-bamidele/samples_npz/2013/20130412_1724_HARP2651_NOAA11721.npz,20130412_1724_HARP2651_NOAA11721,2013-04-12 17:24:00,2651,11721,0,2013
test_2015,train,gs://suryabench-sharp-pipeline-bamidele/samples_npz/2011/20110110_0048_HARP335_NOAA11143.npz,20110110_0048_HARP335_NOAA11143,2011-01-10 00:48:00,335,11143,0,2011
test_2015,train,gs://suryabench-sharp-pipeline-bamidele/samples_npz/2013/20130818_1848_HARP3068_NOAA11825.npz,20130818_1848_HARP3068_NOAA11825,2013-08-18 18:48:00,3068,11825,0,2013
test_2015,train,gs://suryabench-sharp-pipeline-bamidele/samples_npz/2011/20110508_0048_HARP576_NOAA11207.npz,20110508_0048_HARP576_NOAA11207,2011-05-08 00:48:00,576,11207,0,2011
test_2015,train,gs://suryabench-sharp-pipeline-bamidele/samples_npz/2011/20110804_1036_HARP753_NOAA11263.npz,20110804_1036_HARP753_NOAA11263,2011-08-04 10:36:00,753,11263,0,2011
test_2015,train,gs://suryabench-sharp-pipeline-bamidele/samples_npz/2011/20110612_1524_HARP662_NOAA11235.npz,20110612_1524_HARP662_NOAA11235,2011-06-12 15:24:00,662,11235,0,2011
test_2015,train,gs://suryabench-sharp-pipeline-bamidele/samples_npz/2013/20130110_1536_HARP2362_NOAA11652.npz,20130110_1536_HARP2362_NOAA11652,2013-01-10 15:36:00,2362,11652,0,2013
test_2015,train,gs://suryabench-sharp-pipeline-bamidele/samples_npz/2010/20100523_1148_HARP26_NOAA11072.npz,20100523_1148_HARP26_NOAA11072,2010-05-23 11:48:00,26,11072,0,2010
test_2015,train,gs://suryabench-sharp-pipeline-bamidele/samples_npz/2012/20121018_0624_HARP2112_NOAA11590.npz,20121018_0624_HARP2112_NOAA11590,2012-10-18 06:24:00,2112,11590,0,2012
test_2015,train,gs://suryabench-sharp-pipeline-bamidele/samples_npz/2013/20130619_1448_HARP2861_NOAA11773.npz,20130619_1448_HARP2861_NOAA11773,2013-06-19 14:48:00,2861,11773,0,2013
test_2015,train,gs://suryabench-sharp-pipeline-bamidele/samples_npz/2012/20121226_1148_HARP2314_NOAA11635.npz,20121226_1148_HARP2314_NOAA11635,2012-12-26 11:48:00,2314,11635,0,2012
test_2015,train,gs://suryabench-sharp-pipeline-bamidele/samples_npz/2012/20120420_2100_HARP1572_NOAA11458.npz,20120420_2100_HARP1572_NOAA11458,2012-04-20 21:00:00,1572,11458,0,2012
test_2015,train,gs://suryabench-sharp-pipeline-bamidele/samples_npz/2012/20121029_0300_HARP2158_NOAA11601.npz,20121029_0300_HARP2158_NOAA11601,2012-10-29 03:00:00,2158,11601,0,2012
test_2015,train,gs://suryabench-sharp-pipeline-bamidele/samples_npz/2011/20111217_1612_HARP1186_NOAA11378.npz,20111217_1612_HARP1186_NOAA11378,2011-12-17 16:12:00,1186,11378,0,2011
test_2015,train,gs://suryabench-sharp-pipeline-bamidele/samples_npz/2012/20121211_2036_HARP2270_NOAA11630.npz,20121211_2036_HARP2270_NOAA11630,2012-12-11 20:36:00,2270,11630,0,2012
test_2015,train,gs://suryabench-sharp-pipeline-bamidele/samples_npz/2013/20131113_0324_HARP3367_NOAA11898.npz,20131113_0324_HARP3367_NOAA11898,2013-11-13 03:24:00,3367,11898,0,2013
test_2015,train,gs://suryabench-sharp-pipeline-bamidele/samples_npz/2013/20131103_0636_HARP3336_NOAA11889.npz,20131103_0636_HARP3336_NOAA11889,2013-11-03 06:36:00,3336,11889,0,2013
test_2015,train,gs://suryabench-sharp-pipeline-bamidele/samples_npz/2012/20120630_1036_HARP1795_NOAA11512.npz,20120630_1036_HARP1795_NOAA11512,2012-06-30 10:36:00,1795,11512,0,2012
test_2015,train,gs://suryabench-sharp-pipeline-bamidele/samples_npz/2013/20130609_0100_HARP2825_NOAA11765.npz,20130609_0100_HARP2825_NOAA11765,2013-06-09 01:00:00,2825,11765,0,2013
test_2015,train,gs://suryabench-sharp-pipeline-bamidele/samples_npz/2011/20111002_0812_HARP902_NOAA11305.npz,20111002_0812_HARP902_NOAA11305,2011-10-02 08:12:00,902,11305,0,2011
test_2015,train,gs://suryabench-sharp-pipeline-bamidele/samples_npz/2012/20120817_1612_HARP1943_NOAA11547.npz,20120817_1612_HARP1943_NOAA11547,2012-08-17 16:12:00,1943,11547,0,2012
test_2015,train,gs://suryabench-sharp-pipeline-bamidele/samples_npz/2011/20111003_0324_HARP903_NOAA11306.npz,20111003_0324_HARP903_NOAA11306,2011-10-03 03:24:00,903,11306,0,2011
test_2015,train,gs://suryabench-sharp-pipeline-bamidele/samples_npz/2013/20131213_0324_HARP3474_NOAA11927.npz,20131213_0324_HARP3474_NOAA11927,2013-12-13 03:24:00,3474,11927,0,2013
test_2015,train,gs://suryabench-sharp-pipeline-bamidele/samples_npz/2012/20121127_2148_HARP2249_NOAA11624.npz,20121127_2148_HARP2249_NOAA11624,2012-11-27 21:48:00,2249,11624,0,2012
test_2015,train,gs://suryabench-sharp-pipeline-bamidele/samples_npz/2013/20130314_1048_HARP2533_NOAA11690.npz,20130314_1048_HARP2533_NOAA11690,2013-03-14 10:48:00,2533,11690,0,2013
test_2015,train,gs://suryabench-sharp-pipeline-bamidele/samples_npz/2012/20121211_0924_HARP2270_NOAA11630.npz,20121211_0924_HARP2270_NOAA11630,2012-12-11 09:24:00,2270,11630,0,2012
test_2015,train,gs://suryabench-sharp-pipeline-bamidele/samples_npz/2012/20121007_1612_HARP2106_NOAA11588.npz,20121007_1612_HARP2106_NOAA11588,2012-10-07 16:12:00,2106,11588,0,2012
test_2015,train,gs://suryabench-sharp-pipeline-bamidele/samples_npz/2010/20101107_1036_HARP241_NOAA11120.npz,20101107_1036_HARP241_NOAA11120,2010-11-07 10:36:00,241,11120,0,2010
test_2015,train,gs://suryabench-sharp-pipeline-bamidele/samples_npz/2012/20120320_1848_HARP1478_NOAA11436.npz,20120320_1848_HARP1478_NOAA11436,2012-03-20 18:48:00,1478,11436,0,2012
test_2015,train,gs://suryabench-sharp-pipeline-bamidele/samples_npz/2012/20120331_1736_HARP1500_NOAA11445.npz,20120331_1736_HARP1500_NOAA11445,2012-03-31 17:36:00,1500,11445,0,2012
test_2015,train,gs://suryabench-sharp-pipeline-bamidele/samples_npz/2013/20130903_0612_HARP3129_NOAA11836.npz,20130903_0612_HARP3129_NOAA11836,2013-09-03 06:12:00,3129,11836,0,2013
test_2015,train,gs://suryabench-sharp-pipeline-bamidele/samples_npz/2013/20130601_1348_HARP2790_NOAA11758.npz,20130601_1348_HARP2790_NOAA11758,2013-06-01 13:48:00,2790,11758,0,2013
test_2015,train,gs://suryabench-sharp-pipeline-bamidele/samples_npz/2013/20130418_0624_HARP2661_NOAA11724.npz,20130418_0624_HARP2661_NOAA11724,2013-04-18 06:24:00,2661,11724,0,2013
test_2015,train,gs://suryabench-sharp-pipeline-bamidele/samples_npz/2013/20130816_0348_HARP3056_NOAA11818.npz,20130816_0348_HARP3056_NOAA11818,2013-08-16 03:48:00,3056,11818,1,2013
test_2015,train,gs://suryabench-sharp-pipeline-bamidele/samples_npz/2012/20120825_0112_HARP1962_NOAA11554.npz,20120825_0112_HARP1962_NOAA11554,2012-08-25 01:12:00,1962,11554,0,2012
test_2015,train,gs://suryabench-sharp-pipeline-bamidele/samples_npz/2011/20110310_1136_HARP401_NOAA11166.npz,20110310_1136_HARP401_NOAA11166,2011-03-10 11:36:00,401,11166,1,2011
test_2015,train,gs://suryabench-sharp-pipeline-bamidele/samples_npz/2011/20110101_1024_HARP325_NOAA11141.npz,20110101_1024_HARP325_NOAA11141,2011-01-01 10:24:00,325,11141,0,2011
test_2015,train,gs://suryabench-sharp-pipeline-bamidele/samples_npz/2013/20130629_1324_HARP2898_NOAA11779.npz,20130629_1324_HARP2898_NOAA11779,2013-06-29 13:24:00,2898,11779,0,2013
test_2015,train,gs://suryabench-sharp-pipeline-bamidele/samples_npz/2013/20130920_1600_HARP3188_NOAA11853.npz,20130920_1600_HARP3188_NOAA11853,2013-09-20 16:00:00,3188,11853,0,2013
test_2015,train,gs://suryabench-sharp-pipeline-bamidele/samples_npz/2011/20110603_1000_HARP632_NOAA11225.npz,20110603_1000_HARP632_NOAA11225,2011-06-03 10:00:00,632,11225,0,2011
test_2015,train,gs://suryabench-sharp-pipeline-bamidele/samples_npz/2013/20130209_2012_HARP2450_NOAA11669.npz,20130209_2012_HARP2450_NOAA11669,2013-02-09 20:12:00,2450,11669,0,2013
test_2015,train,gs://suryabench-sharp-pipeline-bamidele/samples_npz/2013/20130420_1224_HARP2673_NOAA11726.npz,20130420_1224_HARP2673_NOAA11726,2013-04-20 12:24:00,2673,11726,1,2013
test_2015,train,gs://suryabench-sharp-pipeline-bamidele/samples_npz/2013/20131208_0136_HARP3448_NOAA11916.npz,20131208_0136_HARP3448_NOAA11916,2013-12-08 01:36:00,3448,11916,0,2013
test_2015,train,gs://suryabench-sharp-pipeline-bamidele/samples_npz/2013/20130110_1224_HARP2362_NOAA11652.npz,20130110_1224_HARP2362_NOAA11652,2013-01-10 12:24:00,2362,11652,0,2013
test_2015,train,gs://suryabench-sharp-pipeline-bamidele/samples_npz/2013/20130816_1324_HARP3056_NOAA11818.npz,20130816_1324_HARP3056_NOAA11818,2013-08-16 13:24:00,3056,11818,1,2013
test_2015,train,gs://suryabench-sharp-pipeline-bamidele/samples_npz/2012/20121129_0548_HARP2239_NOAA11622.npz,20121129_0548_HARP2239_NOAA11622,2012-11-29 05:48:00,2239,11622,0,2012
test_2015,train,gs://suryabench-sharp-pipeline-bamidele/samples_npz/2011/20110105_1524_HARP327_NOAA11142.npz,20110105_1524_HARP327_NOAA11142,2011-01-05 15:24:00,327,11142,0,2011
test_2015,train,gs://suryabench-sharp-pipeline-bamidele/samples_npz/2012/20120204_0924_HARP1381_NOAA11414.npz,20120204_0924_HARP1381_NOAA11414,2012-02-04 09:24:00,1381,11414,0,2012
test_2015,train,gs://suryabench-sharp-pipeline-bamidele/samples_npz/2012/20120314_1736_HARP1465_NOAA11433.npz,20120314_1736_HARP1465_NOAA11433,2012-03-14 17:36:00,1465,11433,0,2012
test_2015,train,gs://suryabench-sharp-pipeline-bamidele/samples_npz/2012/20120227_2324_HARP1426_NOAA11426.npz,20120227_2324_HARP1426_NOAA11426,2012-02-27 23:24:00,1426,11426,0,2012
test_2015,train,gs://suryabench-sharp-pipeline-bamidele/samples_npz/2011/20111106_0624_HARP1019_NOAA11336.npz,20111106_0624_HARP1019_NOAA11336,2011-11-06 06:24:00,1019,11336,0,2011
test_2015,train,gs://suryabench-sharp-pipeline-bamidele/samples_npz/2012/20120320_2336_HARP1478_NOAA11436.npz,20120320_2336_HARP1478_NOAA11436,2012-03-20 23:36:00,1478,11436,0,2012
test_2015,train,gs://suryabench-sharp-pipeline-bamidele/samples_npz/2011/20110614_1036_HARP662_NOAA11235.npz,20110614_1036_HARP662_NOAA11235,2011-06-14 10:36:00,662,11235,0,2011
test_2015,train,gs://suryabench-sharp-pipeline-bamidele/samples_npz/2013/20130315_1536_HARP2557_NOAA11695.npz,20130315_1536_HARP2557_NOAA11695,2013-03-15 15:36:00,2557,11695,0,2013
test_2015,train,gs://suryabench-sharp-pipeline-bamidele/samples_npz/2012/20121221_1212_HARP2306_NOAA11633.npz,20121221_1212_HARP2306_NOAA11633,2012-12-21 12:12:00,2306,11633,0,2012
test_2015,train,gs://suryabench-sharp-pipeline-bamidele/samples_npz/2011/20111117_0400_HARP1075_NOAA11347.npz,20111117_0400_HARP1075_NOAA11347,2011-11-17 04:00:00,1075,11347,0,2011
test_2015,train,gs://suryabench-sharp-pipeline-bamidele/samples_npz/2013/20130604_0848_HARP2812_NOAA11766.npz,20130604_0848_HARP2812_NOAA11766,2013-06-04 08:48:00,2812,11766,0,2013
test_2015,train,gs://suryabench-sharp-pipeline-bamidele/samples_npz/2012/20121202_0248_HARP2245_NOAA11623.npz,20121202_0248_HARP2245_NOAA11623,2012-12-02 02:48:00,2245,11623,0,2012
test_2015,train,gs://suryabench-sharp-pipeline-bamidele/samples_npz/2012/20120516_2236_HARP1658_NOAA11483.npz,20120516_2236_HARP1658_NOAA11483,2012-05-16 22:36:00,1658,11483,0,2012
test_2015,train,gs://suryabench-sharp-pipeline-bamidele/samples_npz/2011/20110117_0200_HARP347_NOAA11148.npz,20110117_0200_HARP347_NOAA11148,2011-01-17 02:00:00,347,11148,0,2011
test_2015,train,gs://suryabench-sharp-pipeline-bamidele/samples_npz/2011/20110621_1424_HARP674_NOAA11237.npz,20110621_1424_HARP674_NOAA11237,2011-06-21 14:24:00,674,11237,0,2011
test_2015,train,gs://suryabench-sharp-pipeline-bamidele/samples_npz/2012/20120421_1112_HARP1582_NOAA11461.npz,20120421_1112_HARP1582_NOAA11461,2012-04-21 11:12:00,1582,11461,0,2012
test_2015,train,gs://suryabench-sharp-pipeline-bamidele/samples_npz/2013/20130327_2236_HARP2587_NOAA11704.npz,20130327_2236_HARP2587_NOAA11704,2013-03-27 22:36:00,2587,11704,0,2013
test_2015,train,gs://suryabench-sharp-pipeline-bamidele/samples_npz/2013/20130311_0312_HARP2520_NOAA11687.npz,20130311_0312_HARP2520_NOAA11687,2013-03-11 03:12:00,2520,11687,0,2013
test_2015,train,gs://suryabench-sharp-pipeline-bamidele/samples_npz/2013/20131012_0848_HARP3258_NOAA11861.npz,20131012_0848_HARP3258_NOAA11861,2013-10-12 08:48:00,3258,11861,0,2013
test_2015,train,gs://suryabench-sharp-pipeline-bamidele/samples_npz/2013/20130108_0900_HARP2358_NOAA11649.npz,20130108_0900_HARP2358_NOAA11649,2013-01-08 09:00:00,2358,11649,0,2013
test_2015,train,gs://suryabench-sharp-pipeline-bamidele/samples_npz/2011/20110504_1348_HARP556_NOAA11203.npz,20110504_1348_HARP556_NOAA11203,2011-05-04 13:48:00,556,11203,0,2011
test_2015,train,gs://suryabench-sharp-pipeline-bamidele/samples_npz/2011/20111022_0912_HARP970_NOAA11323.npz,20111022_0912_HARP970_NOAA11323,2011-10-22 09:12:00,970,11323,0,2011
test_2015,train,gs://suryabench-sharp-pipeline-bamidele/samples_npz/2013/20130911_1400_HARP3154_NOAA11838.npz,20130911_1400_HARP3154_NOAA11838,2013-09-11 14:00:00,3154,11838,0,2013
test_2015,train,gs://suryabench-sharp-pipeline-bamidele/samples_npz/2011/20111205_2148_HARP1126_NOAA11364.npz,20111205_2148_HARP1126_NOAA11364,2011-12-05 21:48:00,1126,11364,0,2011
test_2015,train,gs://suryabench-sharp-pipeline-bamidele/samples_npz/2012/20120519_1536_HARP1680_NOAA11487.npz,20120519_1536_HARP1680_NOAA11487,2012-05-19 15:36:00,1680,11487,0,2012
test_2015,train,gs://suryabench-sharp-pipeline-bamidele/samples_npz/2012/20120412_1600_HARP1549_NOAA11455.npz,20120412_1600_HARP1549_NOAA11455,2012-04-12 16:00:00,1549,11455,0,2012
test_2015,train,gs://suryabench-sharp-pipeline-bamidele/samples_npz/2011/20110414_1736_HARP495_NOAA11190.npz,20110414_1736_HARP495_NOAA11190,2011-04-14 17:36:00,495,11190,1,2011
test_2015,train,gs://suryabench-sharp-pipeline-bamidele/samples_npz/2012/20120519_1500_HARP1657_NOAA11481.npz,20120519_1500_HARP1657_NOAA11481,2012-05-19 15:00:00,1657,11481,0,2012
test_2015,train,gs://suryabench-sharp-pipeline-bamidele/samples_npz/2011/20111113_2336_HARP1064_NOAA11349.npz,20111113_2336_HARP1064_NOAA11349,2011-11-13 23:36:00,1064,11349,0,2011
test_2015,train,gs://suryabench-sharp-pipeline-bamidele/samples_npz/2013/20130802_1436_HARP3012_NOAA11806.npz,20130802_1436_HARP3012_NOAA11806,2013-08-02 14:36:00,3012,11806,0,2013
test_2015,train,gs://suryabench-sharp-pipeline-bamidele/samples_npz/2012/20120820_1124_HARP1943_NOAA11547.npz,20120820_1124_HARP1943_NOAA11547,2012-08-20 11:24:00,1943,11547,0,2012
test_2015,train,gs://suryabench-sharp-pipeline-bamidele/samples_npz/2010/20101122_0348_HARP259_NOAA11127.npz,20101122_0348_HARP259_NOAA11127,2010-11-22 03:48:00,259,11127,0,2010
test_2015,train,gs://suryabench-sharp-pipeline-bamidele/samples_npz/2010/20101014_1536_HARP211_NOAA11112.npz,20101014_1536_HARP211_NOAA11112,2010-10-14 15:36:00,211,11112,0,2010
test_2015,train,gs://suryabench-sharp-pipeline-bamidele/samples_npz/2012/20120908_0036_HARP1999_NOAA11563.npz,20120908_0036_HARP1999_NOAA11563,2012-09-08 00:36:00,1999,11563,0,2012
test_2015,train,gs://suryabench-sharp-pipeline-bamidele/samples_npz/2013/20130507_2036_HARP2718_NOAA11740.npz,20130507_2036_HARP2718_NOAA11740,2013-05-07 20:36:00,2718,11740,0,2013
test_2015,train,gs://suryabench-sharp-pipeline-bamidele/samples_npz/2013/20130330_0812_HARP2595_NOAA11706.npz,20130330_0812_HARP2595_NOAA11706,2013-03-30 08:12:00,2595,11706,0,2013
test_2015,train,gs://suryabench-sharp-pipeline-bamidele/samples_npz/2012/20121005_2224_HARP2098_NOAA11585.npz,20121005_2224_HARP2098_NOAA11585,2012-10-05 22:24:00,2098,11585,0,2012
test_2015,train,gs://suryabench-sharp-pipeline-bamidele/samples_npz/2011/20110829_0248_HARP812_NOAA11280.npz,20110829_0248_HARP812_NOAA11280,2011-08-29 02:48:00,812,11280,0,2011
test_2015,train,gs://suryabench-sharp-pipeline-bamidele/samples_npz/2013/20130508_0112_HARP2716_NOAA11738.npz,20130508_0112_HARP2716_NOAA11738,2013-05-08 01:12:00,2716,11738,0,2013
test_2015,train,gs://suryabench-sharp-pipeline-bamidele/samples_npz/2013/20131206_0936_HARP3448_NOAA11916.npz,20131206_0936_HARP3448_NOAA11916,2013-12-06 09:36:00,3448,11916,0,2013
test_2015,train,gs://suryabench-sharp-pipeline-bamidele/samples_npz/2012/20120521_2036_HARP1680_NOAA11487.npz,20120521_2036_HARP1680_NOAA11487,2012-05-21 20:36:00,1680,11487,0,2012
test_2015,train,gs://suryabench-sharp-pipeline-bamidele/samples_npz/2011/20110517_0536_HARP595_NOAA11212.npz,20110517_0536_HARP595_NOAA11212,2011-05-17 05:36:00,595,11212,0,2011
test_2015,train,gs://suryabench-sharp-pipeline-bamidele/samples_npz/2013/20130521_1100_HARP2748_NOAA11748.npz,20130521_1100_HARP2748_NOAA11748,2013-05-21 11:00:00,2748,11748,0,2013
test_2015,train,gs://suryabench-sharp-pipeline-bamidele/samples_npz/2013/20130830_0312_HARP3119_NOAA11834.npz,20130830_0312_HARP3119_NOAA11834,2013-08-30 03:12:00,3119,11834,0,2013
test_2015,train,gs://suryabench-sharp-pipeline-bamidele/samples_npz/2012/20120510_0912_HARP1651_NOAA11480.npz,20120510_0912_HARP1651_NOAA11480,2012-05-10 09:12:00,1651,11480,0,2012
test_2015,train,gs://suryabench-sharp-pipeline-bamidele/samples_npz/2012/20120614_0424_HARP1744_NOAA11507.npz,20120614_0424_HARP1744_NOAA11507,2012-06-14 04:24:00,1744,11507,0,2012
test_2015,train,gs://suryabench-sharp-pipeline-bamidele/samples_npz/2012/20120907_2000_HARP2017_NOAA11568.npz,20120907_2000_HARP2017_NOAA11568,2012-09-07 20:00:00,2017,11568,0,2012
test_2015,train,gs://suryabench-sharp-pipeline-bamidele/samples_npz/2012/20120831_1100_HARP1970_NOAA11555.npz,20120831_1100_HARP1970_NOAA11555,2012-08-31 11:00:00,1970,11555,0,2012
test_2015,train,gs://suryabench-sharp-pipeline-bamidele/samples_npz/2011/20110711_1300_HARP695_NOAA11247.npz,20110711_1300_HARP695_NOAA11247,2011-07-11 13:00:00,695,11247,0,2011
test_2015,train,gs://suryabench-sharp-pipeline-bamidele/samples_npz/2011/20110913_2100_HARP854_NOAA11294.npz,20110913_2100_HARP854_NOAA11294,2011-09-13 21:00:00,854,11294,0,2011
test_2015,train,gs://suryabench-sharp-pipeline-bamidele/samples_npz/2013/20130828_2224_HARP3119_NOAA11834.npz,20130828_2224_HARP3119_NOAA11834,2013-08-28 22:24:00,3119,11834,0,2013
test_2015,train,gs://suryabench-sharp-pipeline-bamidele/samples_npz/2011/20110228_0936_HARP394_NOAA11165.npz,20110228_0936_HARP394_NOAA11165,2011-02-28 09:36:00,394,11165,0,2011
test_2015,train,gs://suryabench-sharp-pipeline-bamidele/samples_npz/2012/20120517_1948_HARP1657_NOAA11481.npz,20120517_1948_HARP1657_NOAA11481,2012-05-17 19:48:00,1657,11481,0,2012
test_2015,train,gs://suryabench-sharp-pipeline-bamidele/samples_npz/2011/20110203_0548_HARP355_NOAA11150.npz,20110203_0548_HARP355_NOAA11150,2011-02-03 05:48:00,355,11150,0,2011
test_2015,train,gs://suryabench-sharp-pipeline-bamidele/samples_npz/2013/20131219_0848_HARP3522_NOAA11932.npz,20131219_0848_HARP3522_NOAA11932,2013-12-19 08:48:00,3522,11932,0,2013
test_2015,train,gs://suryabench-sharp-pipeline-bamidele/samples_npz/2013/20130401_1800_HARP2599_NOAA11710.npz,20130401_1800_HARP2599_NOAA11710,2013-04-01 18:00:00,2599,11710,0,2013
test_2015,train,gs://suryabench-sharp-pipeline-bamidele/samples_npz/2012/20120509_2312_HARP1638_NOAA11476.npz,20120509_2312_HARP1638_NOAA11476,2012-05-09 23:12:00,1638,11476,1,2012
test_2015,train,gs://suryabench-sharp-pipeline-bamidele/samples_npz/2013/20130618_2248_HARP2875_NOAA11776.npz,20130618_2248_HARP2875_NOAA11776,2013-06-18 22:48:00,2875,11776,0,2013
test_2015,train,gs://suryabench-sharp-pipeline-bamidele/samples_npz/2012/20120424_1912_HARP1596_NOAA11465.npz,20120424_1912_HARP1596_NOAA11465,2012-04-24 19:12:00,1596,11465,0,2012
test_2015,train,gs://suryabench-sharp-pipeline-bamidele/samples_npz/2013/20130602_2148_HARP2790_NOAA11758.npz,20130602_2148_HARP2790_NOAA11758,2013-06-02 21:48:00,2790,11758,0,2013
test_2015,train,gs://suryabench-sharp-pipeline-bamidele/samples_npz/2011/20110906_0400_HARP833_NOAA11283.npz,20110906_0400_HARP833_NOAA11283,2011-09-06 04:00:00,833,11283,1,2011
test_2015,train,gs://suryabench-sharp-pipeline-bamidele/samples_npz/2011/20111013_2324_HARP956_NOAA11318.npz,20111013_2324_HARP956_NOAA11318,2011-10-13 23:24:00,956,11318,0,2011
test_2015,train,gs://suryabench-sharp-pipeline-bamidele/samples_npz/2013/20130112_0424_HARP2362_NOAA11652.npz,20130112_0424_HARP2362_NOAA11652,2013-01-12 04:24:00,2362,11652,1,2013
test_2015,train,gs://suryabench-sharp-pipeline-bamidele/samples_npz/2010/20100823_1448_HARP135_NOAA11100.npz,20100823_1448_HARP135_NOAA11100,2010-08-23 14:48:00,135,11100,0,2010
test_2015,train,gs://suryabench-sharp-pipeline-bamidele/samples_npz/2011/20110302_1012_HARP393_NOAA11164.npz,20110302_1012_HARP393_NOAA11164,2011-03-02 10:12:00,393,11164,0,2011
test_2015,train,gs://suryabench-sharp-pipeline-bamidele/samples_npz/2010/20101219_1100_HARP297_NOAA11135.npz,20101219_1100_HARP297_NOAA11135,2010-12-19 11:00:00,297,11135,0,2010
test_2015,train,gs://suryabench-sharp-pipeline-bamidele/samples_npz/2013/20131221_0348_HARP3513_NOAA11929.npz,20131221_0348_HARP3513_NOAA11929,2013-12-21 03:48:00,3513,11929,0,2013
test_2015,train,gs://suryabench-sharp-pipeline-bamidele/samples_npz/2011/20110928_2112_HARP900_NOAA11304.npz,20110928_2112_HARP900_NOAA11304,2011-09-28 21:12:00,900,11304,0,2011
test_2015,train,gs://suryabench-sharp-pipeline-bamidele/samples_npz/2013/20130406_0536_HARP2619_NOAA11714.npz,20130406_0536_HARP2619_NOAA11714,2013-04-06 05:36:00,2619,11714,0,2013
test_2015,train,gs://suryabench-sharp-pipeline-bamidele/samples_npz/2013/20131116_1100_HARP3368_NOAA11896.npz,20131116_1100_HARP3368_NOAA11896,2013-11-16 11:00:00,3368,11896,0,2013
test_2015,train,gs://suryabench-sharp-pipeline-bamidele/samples_npz/2013/20130719_0224_HARP2954_NOAA11792.npz,20130719_0224_HARP2954_NOAA11792,2013-07-19 02:24:00,2954,11792,0,2013
test_2015,train,gs://suryabench-sharp-pipeline-bamidele/samples_npz/2013/20130120_0000_HARP2387_NOAA11658.npz,20130120_0000_HARP2387_NOAA11658,2013-01-20 00:00:00,2387,11658,0,2013
test_2015,train,gs://suryabench-sharp-pipeline-bamidele/samples_npz/2011/20110802_1148_HARP753_NOAA11263.npz,20110802_1148_HARP753_NOAA11263,2011-08-02 11:48:00,753,11263,1,2011
test_2015,train,gs://suryabench-sharp-pipeline-bamidele/samples_npz/2012/20120119_1948_HARP1313_NOAA11403.npz,20120119_1948_HARP1313_NOAA11403,2012-01-19 19:48:00,1313,11403,0,2012
test_2015,train,gs://suryabench-sharp-pipeline-bamidele/samples_npz/2012/20120924_1412_HARP2040_NOAA11575.npz,20120924_1412_HARP2040_NOAA11575,2012-09-24 14:12:00,2040,11575,0,2012
test_2015,train,gs://suryabench-sharp-pipeline-bamidele/samples_npz/2010/20100915_1300_HARP175_NOAA11106.npz,20100915_1300_HARP175_NOAA11106,2010-09-15 13:00:00,175,11106,0,2010
test_2015,train,gs://suryabench-sharp-pipeline-bamidele/samples_npz/2010/20101016_1124_HARP211_NOAA11112.npz,20101016_1124_HARP211_NOAA11112,2010-10-16 11:24:00,211,11112,1,2010
test_2015,train,gs://suryabench-sharp-pipeline-bamidele/samples_npz/2012/20121031_1112_HARP2169_NOAA11603.npz,20121031_1112_HARP2169_NOAA11603,2012-10-31 11:12:00,2169,11603,0,2012
test_2015,train,gs://suryabench-sharp-pipeline-bamidele/samples_npz/2013/20130210_1348_HARP2450_NOAA11669.npz,20130210_1348_HARP2450_NOAA11669,2013-02-10 13:48:00,2450,11669,0,2013
test_2015,train,gs://suryabench-sharp-pipeline-bamidele/samples_npz/2012/20121209_1548_HARP2270_NOAA11630.npz,20121209_1548_HARP2270_NOAA11630,2012-12-09 15:48:00,2270,11630,0,2012
test_2015,train,gs://suryabench-sharp-pipeline-bamidele/samples_npz/2011/20110309_0236_HARP407_NOAA11169.npz,20110309_0236_HARP407_NOAA11169,2011-03-09 02:36:00,407,11169,0,2011
test_2015,train,gs://suryabench-sharp-pipeline-bamidele/samples_npz/2011/20110918_1300_HARP867_NOAA11299.npz,20110918_1300_HARP867_NOAA11299,2011-09-18 13:00:00,867,11299,0,2011
test_2015,train,gs://suryabench-sharp-pipeline-bamidele/samples_npz/2011/20110813_1548_HARP772_NOAA11269.npz,20110813_1548_HARP772_NOAA11269,2011-08-13 15:48:00,772,11269,0,2011
test_2015,train,gs://suryabench-sharp-pipeline-bamidele/samples_npz/2011/20110405_1348_HARP466_NOAA11184.npz,20110405_1348_HARP466_NOAA11184,2011-04-05 13:48:00,466,11184,0,2011
test_2015,train,gs://suryabench-sharp-pipeline-bamidele/samples_npz/2013/20130402_0612_HARP2598_NOAA11707.npz,20130402_0612_HARP2598_NOAA11707,2013-04-02 06:12:00,2598,11707,0,2013
test_2015,train,gs://suryabench-sharp-pipeline-bamidele/samples_npz/2011/20111209_1624_HARP1165_NOAA11367.npz,20111209_1624_HARP1165_NOAA11367,2011-12-09 16:24:00,1165,11367,0,2011
test_2015,train,gs://suryabench-sharp-pipeline-bamidele/samples_npz/2013/20131103_0924_HARP3330_NOAA11887.npz,20131103_0924_HARP3330_NOAA11887,2013-11-03 09:24:00,3330,11887,0,2013
test_2015,train,gs://suryabench-sharp-pipeline-bamidele/samples_npz/2013/20130118_1912_HARP2400_NOAA11660.npz,20130118_1912_HARP2400_NOAA11660,2013-01-18 19:12:00,2400,11660,0,2013
test_2015,train,gs://suryabench-sharp-pipeline-bamidele/samples_npz/2011/20110206_2148_HARP361_NOAA11152.npz,20110206_2148_HARP361_NOAA11152,2011-02-06 21:48:00,361,11152,0,2011
test_2015,train,gs://suryabench-sharp-pipeline-bamidele/samples_npz/2012/20120516_0236_HARP1644_NOAA11477.npz,20120516_0236_HARP1644_NOAA11477,2012-05-16 02:36:00,1644,11477,0,2012
test_2015,train,gs://suryabench-sharp-pipeline-bamidele/samples_npz/2012/20120822_1312_HARP1942_NOAA11546.npz,20120822_1312_HARP1942_NOAA11546,2012-08-22 13:12:00,1942,11546,0,2012
test_2015,train,gs://suryabench-sharp-pipeline-bamidele/samples_npz/2011/20110910_1448_HARP851_NOAA11291.npz,20110910_1448_HARP851_NOAA11291,2011-09-10 14:48:00,851,11291,0,2011
test_2015,train,gs://suryabench-sharp-pipeline-bamidele/samples_npz/2011/20111116_0224_HARP1066_NOAA11346.npz,20111116_0224_HARP1066_NOAA11346,2011-11-16 02:24:00,1066,11346,0,2011
test_2015,train,gs://suryabench-sharp-pipeline-bamidele/samples_npz/2013/20131113_0100_HARP3364_NOAA11893.npz,20131113_0100_HARP3364_NOAA11893,2013-11-13 01:00:00,3364,11893,0,2013
test_2015,train,gs://suryabench-sharp-pipeline-bamidele/samples_npz/2013/20130103_1524_HARP2331_NOAA11638.npz,20130103_1524_HARP2331_NOAA11638,2013-01-03 15:24:00,2331,11638,0,2013
test_2015,train,gs://suryabench-sharp-pipeline-bamidele/samples_npz/2013/20130327_2000_HARP2595_NOAA11706.npz,20130327_2000_HARP2595_NOAA11706,2013-03-27 20:00:00,2595,11706,0,2013
test_2015,train,gs://suryabench-sharp-pipeline-bamidele/samples_npz/2012/20120124_1548_HARP1339_NOAA11412.npz,20120124_1548_HARP1339_NOAA11412,2012-01-24 15:48:00,1339,11412,0,2012
test_2015,train,gs://suryabench-sharp-pipeline-bamidele/samples_npz/2011/20110801_0412_HARP750_NOAA11261.npz,20110801_0412_HARP750_NOAA11261,2011-08-01 04:12:00,750,11261,1,2011
test_2015,train,gs://suryabench-sharp-pipeline-bamidele/samples_npz/2013/20130408_2136_HARP2619_NOAA11714.npz,20130408_2136_HARP2619_NOAA11714,2013-04-08 21:36:00,2619,11714,0,2013
test_2015,train,gs://suryabench-sharp-pipeline-bamidele/samples_npz/2010/20101110_0800_HARP245_NOAA11121.npz,20101110_0800_HARP245_NOAA11121,2010-11-10 08:00:00,245,11121,0,2010
test_2015,train,gs://suryabench-sharp-pipeline-bamidele/samples_npz/2013/20130730_1312_HARP2999_NOAA11801.npz,20130730_1312_HARP2999_NOAA11801,2013-07-30 13:12:00,2999,11801,0,2013
test_2015,train,gs://suryabench-sharp-pipeline-bamidele/samples_npz/2013/20130529_1348_HARP2779_NOAA11757.npz,20130529_1348_HARP2779_NOAA11757,2013-05-29 13:48:00,2779,11757,0,2013
test_2015,train,gs://suryabench-sharp-pipeline-bamidele/samples_npz/2011/20110215_0124_HARP371_NOAA11159.npz,20110215_0124_HARP371_NOAA11159,2011-02-15 01:24:00,371,11159,0,2011
test_2015,train,gs://suryabench-sharp-pipeline-bamidele/samples_npz/2012/20121224_0700_HARP2314_NOAA11635.npz,20121224_0700_HARP2314_NOAA11635,2012-12-24 07:00:00,2314,11635,0,2012
test_2015,train,gs://suryabench-sharp-pipeline-bamidele/samples_npz/2011/20111207_1524_HARP1126_NOAA11364.npz,20111207_1524_HARP1126_NOAA11364,2011-12-07 15:24:00,1126,11364,0,2011
test_2015,train,gs://suryabench-sharp-pipeline-bamidele/samples_npz/2012/20121030_0748_HARP2158_NOAA11601.npz,20121030_0748_HARP2158_NOAA11601,2012-10-30 07:48:00,2158,11601,0,2012
test_2015,train,gs://suryabench-sharp-pipeline-bamidele/samples_npz/2013/20131227_2200_HARP3535_NOAA11936.npz,20131227_2200_HARP3535_NOAA11936,2013-12-27 22:00:00,3535,11936,1,2013
test_2015,train,gs://suryabench-sharp-pipeline-bamidele/samples_npz/2010/20100828_1036_HARP145_NOAA11101.npz,20100828_1036_HARP145_NOAA11101,2010-08-28 10:36:00,145,11101,0,2010
test_2015,train,gs://suryabench-sharp-pipeline-bamidele/samples_npz/2013/20130819_0912_HARP3068_NOAA11825.npz,20130819_0912_HARP3068_NOAA11825,2013-08-19 09:12:00,3068,11825,0,2013
test_2015,train,gs://suryabench-sharp-pipeline-bamidele/samples_npz/2012/20121226_1500_HARP2314_NOAA11635.npz,20121226_1500_HARP2314_NOAA11635,2012-12-26 15:00:00,2314,11635,0,2012
test_2015,train,gs://suryabench-sharp-pipeline-bamidele/samples_npz/2011/20111021_0248_HARP970_NOAA11323.npz,20111021_0248_HARP970_NOAA11323,2011-10-21 02:48:00,970,11323,0,2011
test_2015,train,gs://suryabench-sharp-pipeline-bamidele/samples_npz/2011/20110322_0948_HARP429_NOAA11173.npz,20110322_0948_HARP429_NOAA11173,2011-03-22 09:48:00,429,11173,0,2011
test_2015,train,gs://suryabench-sharp-pipeline-bamidele/samples_npz/2012/20120402_1500_HARP1528_NOAA11450.npz,20120402_1500_HARP1528_NOAA11450,2012-04-02 15:00:00,1528,11450,0,2012
test_2015,train,gs://suryabench-sharp-pipeline-bamidele/samples_npz/2011/20110801_0100_HARP750_NOAA11261.npz,20110801_0100_HARP750_NOAA11261,2011-08-01 01:00:00,750,11261,1,2011
test_2015,train,gs://suryabench-sharp-pipeline-bamidele/samples_npz/2012/20120823_0212_HARP1946_NOAA11548.npz,20120823_0212_HARP1946_NOAA11548,2012-08-23 02:12:00,1946,11548,0,2012
test_2015,train,gs://suryabench-sharp-pipeline-bamidele/samples_npz/2012/20120511_0124_HARP1651_NOAA11480.npz,20120511_0124_HARP1651_NOAA11480,2012-05-11 01:24:00,1651,11480,0,2012
test_2015,train,gs://suryabench-sharp-pipeline-bamidele/samples_npz/2013/20130621_1424_HARP2852_NOAA11769.npz,20130621_1424_HARP2852_NOAA11769,2013-06-21 14:24:00,2852,11769,0,2013
test_2015,train,gs://suryabench-sharp-pipeline-bamidele/samples_npz/2013/20130111_1848_HARP2362_NOAA11652.npz,20130111_1848_HARP2362_NOAA11652,2013-01-11 18:48:00,2362,11652,1,2013
test_2015,train,gs://suryabench-sharp-pipeline-bamidele/samples_npz/2013/20130819_0312_HARP3066_NOAA11820.npz,20130819_0312_HARP3066_NOAA11820,2013-08-19 03:12:00,3066,11820,0,2013
test_2015,train,gs://suryabench-sharp-pipeline-bamidele/samples_npz/2012/20120129_0624_HARP1348_NOAA11411.npz,20120129_0624_HARP1348_NOAA11411,2012-01-29 06:24:00,1348,11411,0,2012
test_2015,train,gs://suryabench-sharp-pipeline-bamidele/samples_npz/2011/20110630_2312_HARP684_NOAA11244.npz,20110630_2312_HARP684_NOAA11244,2011-06-30 23:12:00,684,11244,0,2011
test_2015,train,gs://suryabench-sharp-pipeline-bamidele/samples_npz/2012/20120802_1136_HARP1879_NOAA11529.npz,20120802_1136_HARP1879_NOAA11529,2012-08-02 11:36:00,1879,11529,0,2012
test_2015,train,gs://suryabench-sharp-pipeline-bamidele/samples_npz/2011/20110912_1700_HARP851_NOAA11291.npz,20110912_1700_HARP851_NOAA11291,2011-09-12 17:00:00,851,11291,0,2011
test_2015,train,gs://suryabench-sharp-pipeline-bamidele/samples_npz/2013/20131231_1712_HARP3535_NOAA11936.npz,20131231_1712_HARP3535_NOAA11936,2013-12-31 17:12:00,3535,11936,1,2013
test_2015,train,gs://suryabench-sharp-pipeline-bamidele/samples_npz/2013/20131004_1900_HARP3252_NOAA11862.npz,20131004_1900_HARP3252_NOAA11862,2013-10-04 19:00:00,3252,11862,0,2013
test_2015,train,gs://suryabench-sharp-pipeline-bamidele/samples_npz/2012/20120806_1600_HARP1907_NOAA11538.npz,20120806_1600_HARP1907_NOAA11538,2012-08-06 16:00:00,1907,11538,0,2012
test_2015,train,gs://suryabench-sharp-pipeline-bamidele/samples_npz/2013/20130326_1836_HARP2585_NOAA11705.npz,20130326_1836_HARP2585_NOAA11705,2013-03-26 18:36:00,2585,11705,0,2013
test_2015,train,gs://suryabench-sharp-pipeline-bamidele/samples_npz/2011/20110523_1900_HARP610_NOAA11218.npz,20110523_1900_HARP610_NOAA11218,2011-05-23 19:00:00,610,11218,0,2011
test_2015,train,gs://suryabench-sharp-pipeline-bamidele/samples_npz/2013/20130409_1936_HARP2635_NOAA11719.npz,20130409_1936_HARP2635_NOAA11719,2013-04-09 19:36:00,2635,11719,1,2013
test_2015,train,gs://suryabench-sharp-pipeline-bamidele/samples_npz/2012/20120825_0548_HARP1946_NOAA11548.npz,20120825_0548_HARP1946_NOAA11548,2012-08-25 05:48:00,1946,11548,0,2012
test_2015,train,gs://suryabench-sharp-pipeline-bamidele/samples_npz/2013/20131215_0212_HARP3473_NOAA11917.npz,20131215_0212_HARP3473_NOAA11917,2013-12-15 02:12:00,3473,11917,0,2013
test_2015,train,gs://suryabench-sharp-pipeline-bamidele/samples_npz/2013/20130422_1100_HARP2672_NOAA11727.npz,20130422_1100_HARP2672_NOAA11727,2013-04-22 11:00:00,2672,11727,0,2013
test_2015,train,gs://suryabench-sharp-pipeline-bamidele/samples_npz/2013/20131123_1748_HARP3400_NOAA11903.npz,20131123_1748_HARP3400_NOAA11903,2013-11-23 17:48:00,3400,11903,0,2013
test_2015,train,gs://suryabench-sharp-pipeline-bamidele/samples_npz/2013/20130118_0800_HARP2387_NOAA11658.npz,20130118_0800_HARP2387_NOAA11658,2013-01-18 08:00:00,2387,11658,0,2013
test_2015,train,gs://suryabench-sharp-pipeline-bamidele/samples_npz/2011/20111201_0824_HARP1113_NOAA11358.npz,20111201_0824_HARP1113_NOAA11358,2011-12-01 08:24:00,1113,11358,0,2011
test_2015,train,gs://suryabench-sharp-pipeline-bamidele/samples_npz/2013/20131025_0324_HARP3291_NOAA11875.npz,20131025_0324_HARP3291_NOAA11875,2013-10-25 03:24:00,3291,11875,0,2013
test_2015,train,gs://suryabench-sharp-pipeline-bamidele/samples_npz/2011/20110316_2136_HARP421_NOAA11172.npz,20110316_2136_HARP421_NOAA11172,2011-03-16 21:36:00,421,11172,0,2011
test_2015,train,gs://suryabench-sharp-pipeline-bamidele/samples_npz/2013/20130611_0048_HARP2839_NOAA11767.npz,20130611_0048_HARP2839_NOAA11767,2013-06-11 00:48:00,2839,11767,0,2013
test_2015,train,gs://suryabench-sharp-pipeline-bamidele/samples_npz/2011/20110822_2024_HARP798_NOAA11272.npz,20110822_2024_HARP798_NOAA11272,2011-08-22 20:24:00,798,11272,0,2011
test_2015,train,gs://suryabench-sharp-pipeline-bamidele/samples_npz/2011/20110313_1024_HARP407_NOAA11169.npz,20110313_1024_HARP407_NOAA11169,2011-03-13 10:24:00,407,11169,1,2011
test_2015,train,gs://suryabench-sharp-pipeline-bamidele/samples_npz/2012/20121202_2024_HARP2245_NOAA11623.npz,20121202_2024_HARP2245_NOAA11623,2012-12-02 20:24:00,2245,11623,0,2012
test_2015,train,gs://suryabench-sharp-pipeline-bamidele/samples_npz/2010/20100724_0736_HARP92_NOAA11089.npz,20100724_0736_HARP92_NOAA11089,2010-07-24 07:36:00,92,11089,0,2010
test_2015,train,gs://suryabench-sharp-pipeline-bamidele/samples_npz/2013/20130903_1048_HARP3149_NOAA11837.npz,20130903_1048_HARP3149_NOAA11837,2013-09-03 10:48:00,3149,11837,0,2013
test_2015,train,gs://suryabench-sharp-pipeline-bamidele/samples_npz/2013/20131214_0612_HARP3483_NOAA11920.npz,20131214_0612_HARP3483_NOAA11920,2013-12-14 06:12:00,3483,11920,0,2013
test_2015,train,gs://suryabench-sharp-pipeline-bamidele/samples_npz/2011/20110727_1900_HARP748_NOAA11265.npz,20110727_1900_HARP748_NOAA11265,2011-07-27 19:00:00,748,11265,0,2011
test_2015,train,gs://suryabench-sharp-pipeline-bamidele/samples_npz/2011/20111002_1124_HARP902_NOAA11305.npz,20111002_1124_HARP902_NOAA11305,2011-10-02 11:24:00,902,11305,0,2011
test_2015,train,gs://suryabench-sharp-pipeline-bamidele/samples_npz/2011/20111007_0724_HARP924_NOAA11310.npz,20111007_0724_HARP924_NOAA11310,2011-10-07 07:24:00,924,11310,0,2011
test_2015,train,gs://suryabench-sharp-pipeline-bamidele/samples_npz/2011/20111112_0948_HARP1038_NOAA11340.npz,20111112_0948_HARP1038_NOAA11340,2011-11-12 09:48:00,1038,11340,0,2011
test_2015,train,gs://suryabench-sharp-pipeline-bamidele/samples_npz/2010/20100826_1936_HARP146_NOAA11102.npz,20100826_1936_HARP146_NOAA11102,2010-08-26 19:36:00,146,11102,0,2010
test_2015,train,gs://suryabench-sharp-pipeline-bamidele/samples_npz/2012/20121020_0324_HARP2117_NOAA11593.npz,20121020_0324_HARP2117_NOAA11593,2012-10-20 03:24:00,2117,11593,0,2012
test_2015,train,gs://suryabench-sharp-pipeline-bamidele/samples_npz/2013/20131231_1048_HARP3535_NOAA11936.npz,20131231_1048_HARP3535_NOAA11936,2013-12-31 10:48:00,3535,11936,1,2013
test_2015,train,gs://suryabench-sharp-pipeline-bamidele/samples_npz/2012/20120215_1824_HARP1391_NOAA11417.npz,20120215_1824_HARP1391_NOAA11417,2012-02-15 18:24:00,1391,11417,0,2012
test_2015,train,gs://suryabench-sharp-pipeline-bamidele/samples_npz/2010/20101015_1100_HARP211_NOAA11112.npz,20101015_1100_HARP211_NOAA11112,2010-10-15 11:00:00,211,11112,1,2010
test_2015,train,gs://suryabench-sharp-pipeline-bamidele/samples_npz/2012/20121106_0424_HARP2171_NOAA11605.npz,20121106_0424_HARP2171_NOAA11605,2012-11-06 04:24:00,2171,11605,0,2012
test_2015,train,gs://suryabench-sharp-pipeline-bamidele/samples_npz/2011/20110523_2224_HARP605_NOAA11216.npz,20110523_2224_HARP605_NOAA11216,2011-05-23 22:24:00,605,11216,0,2011
test_2015,train,gs://suryabench-sharp-pipeline-bamidele/samples_npz/2010/20100928_2024_HARP190_NOAA11110.npz,20100928_2024_HARP190_NOAA11110,2010-09-28 20:24:00,190,11110,0,2010
test_2015,train,gs://suryabench-sharp-pipeline-bamidele/samples_npz/2013/20130715_1412_HARP2954_NOAA11792.npz,20130715_1412_HARP2954_NOAA11792,2013-07-15 14:12:00,2954,11792,0,2013
test_2015,train,gs://suryabench-sharp-pipeline-bamidele/samples_npz/2012/20120919_2112_HARP2028_NOAA11571.npz,20120919_2112_HARP2028_NOAA11571,2012-09-19 21:12:00,2028,11571,0,2012
test_2015,train,gs://suryabench-sharp-pipeline-bamidele/samples_npz/2011/20110908_2224_HARP843_NOAA11287.npz,20110908_2224_HARP843_NOAA11287,2011-09-08 22:24:00,843,11287,0,2011
test_2015,train,gs://suryabench-sharp-pipeline-bamidele/samples_npz/2011/20111222_0924_HARP1232_NOAA11385.npz,20111222_0924_HARP1232_NOAA11385,2011-12-22 09:24:00,1232,11385,0,2011
test_2015,train,gs://suryabench-sharp-pipeline-bamidele/samples_npz/2011/20110926_1436_HARP878_NOAA11301.npz,20110926_1436_HARP878_NOAA11301,2011-09-26 14:36:00,878,11301,0,2011
test_2015,train,gs://suryabench-sharp-pipeline-bamidele/samples_npz/2012/20120928_0500_HARP2059_NOAA11579.npz,20120928_0500_HARP2059_NOAA11579,2012-09-28 05:00:00,2059,11579,0,2012
test_2015,train,gs://suryabench-sharp-pipeline-bamidele/samples_npz/2013/20130102_1512_HARP2351_NOAA11647.npz,20130102_1512_HARP2351_NOAA11647,2013-01-02 15:12:00,2351,11647,0,2013
test_2015,train,gs://suryabench-sharp-pipeline-bamidele/samples_npz/2011/20110110_1712_HARP338_NOAA11145.npz,20110110_1712_HARP338_NOAA11145,2011-01-10 17:12:00,338,11145,0,2011
test_2015,train,gs://suryabench-sharp-pipeline-bamidele/samples_npz/2012/20120403_1400_HARP1527_NOAA11451.npz,20120403_1400_HARP1527_NOAA11451,2012-04-03 14:00:00,1527,11451,0,2012
test_2015,train,gs://suryabench-sharp-pipeline-bamidele/samples_npz/2013/20130210_1200_HARP2460_NOAA11670.npz,20130210_1200_HARP2460_NOAA11670,2013-02-10 12:00:00,2460,11670,0,2013
test_2015,train,gs://suryabench-sharp-pipeline-bamidele/samples_npz/2012/20120115_0512_HARP1319_NOAA11400.npz,20120115_0512_HARP1319_NOAA11400,2012-01-15 05:12:00,1319,11400,0,2012
test_2015,train,gs://suryabench-sharp-pipeline-bamidele/samples_npz/2011/20110112_1048_HARP342_NOAA11146.npz,20110112_1048_HARP342_NOAA11146,2011-01-12 10:48:00,342,11146,0,2011
test_2015,train,gs://suryabench-sharp-pipeline-bamidele/samples_npz/2011/20111014_1524_HARP956_NOAA11318.npz,20111014_1524_HARP956_NOAA11318,2011-10-14 15:24:00,956,11318,0,2011
test_2015,train,gs://suryabench-sharp-pipeline-bamidele/samples_npz/2013/20130814_0936_HARP3079_NOAA11821.npz,20130814_0936_HARP3079_NOAA11821,2013-08-14 09:36:00,3079,11821,0,2013
test_2015,train,gs://suryabench-sharp-pipeline-bamidele/samples_npz/2010/20101026_0536_HARP223_NOAA11118.npz,20101026_0536_HARP223_NOAA11118,2010-10-26 05:36:00,223,11118,0,2010
test_2015,train,gs://suryabench-sharp-pipeline-bamidele/samples_npz/2013/20130404_1336_HARP2626_NOAA11715.npz,20130404_1336_HARP2626_NOAA11715,2013-04-04 13:36:00,2626,11715,0,2013
test_2015,train,gs://suryabench-sharp-pipeline-bamidele/samples_npz/2013/20131211_1000_HARP3490_NOAA11922.npz,20131211_1000_HARP3490_NOAA11922,2013-12-11 10:00:00,3490,11922,0,2013
test_2015,train,gs://suryabench-sharp-pipeline-bamidele/samples_npz/2013/20131119_1936_HARP3376_NOAA11899.npz,20131119_1936_HARP3376_NOAA11899,2013-11-19 19:36:00,3376,11899,0,2013
test_2015,train,gs://suryabench-sharp-pipeline-bamidele/samples_npz/2013/20131212_1012_HARP3473_NOAA11917.npz,20131212_1012_HARP3473_NOAA11917,2013-12-12 10:12:00,3473,11917,0,2013
test_2015,train,gs://suryabench-sharp-pipeline-bamidele/samples_npz/2013/20130209_2148_HARP2450_NOAA11669.npz,20130209_2148_HARP2450_NOAA11669,2013-02-09 21:48:00,2450,11669,0,2013
test_2015,train,gs://suryabench-sharp-pipeline-bamidele/samples_npz/2010/20100601_1024_HARP38_NOAA11073.npz,20100601_1024_HARP38_NOAA11073,2010-06-01 10:24:00,38,11073,0,2010
test_2015,train,gs://suryabench-sharp-pipeline-bamidele/samples_npz/2011/20110303_1500_HARP393_NOAA11164.npz,20110303_1500_HARP393_NOAA11164,2011-03-03 15:00:00,393,11164,0,2011
test_2015,train,gs://suryabench-sharp-pipeline-bamidele/samples_npz/2011/20110915_0948_HARP854_NOAA11294.npz,20110915_0948_HARP854_NOAA11294,2011-09-15 09:48:00,854,11294,0,2011
test_2015,train,gs://suryabench-sharp-pipeline-bamidele/samples_npz/2013/20130817_0736_HARP3068_NOAA11825.npz,20130817_0736_HARP3068_NOAA11825,2013-08-17 07:36:00,3068,11825,0,2013
test_2015,train,gs://suryabench-sharp-pipeline-bamidele/samples_npz/2011/20110918_0312_HARP867_NOAA11299.npz,20110918_0312_HARP867_NOAA11299,2011-09-18 03:12:00,867,11299,0,2011
test_2015,train,gs://suryabench-sharp-pipeline-bamidele/samples_npz/2012/20120820_0012_HARP1943_NOAA11547.npz,20120820_0012_HARP1943_NOAA11547,2012-08-20 00:12:00,1943,11547,0,2012
test_2015,train,gs://suryabench-sharp-pipeline-bamidele/samples_npz/2013/20131201_0524_HARP3443_NOAA11914.npz,20131201_0524_HARP3443_NOAA11914,2013-12-01 05:24:00,3443,11914,0,2013
test_2015,train,gs://suryabench-sharp-pipeline-bamidele/samples_npz/2012/20120101_2300_HARP1249_NOAA11390.npz,20120101_2300_HARP1249_NOAA11390,2012-01-01 23:00:00,1249,11390,0,2012
test_2015,train,gs://suryabench-sharp-pipeline-bamidele/samples_npz/2012/20120419_0312_HARP1573_NOAA11462.npz,20120419_0312_HARP1573_NOAA11462,2012-04-19 03:12:00,1573,11462,0,2012
test_2015,train,gs://suryabench-sharp-pipeline-bamidele/samples_npz/2013/20130408_0124_HARP2605_NOAA11711.npz,20130408_0124_HARP2605_NOAA11711,2013-04-08 01:24:00,2605,11711,0,2013
test_2015,train,gs://suryabench-sharp-pipeline-bamidele/samples_npz/2013/20130531_1648_HARP2808_NOAA11761.npz,20130531_1648_HARP2808_NOAA11761,2013-05-31 16:48:00,2808,11761,0,2013
test_2015,train,gs://suryabench-sharp-pipeline-bamidele/samples_npz/2011/20110812_2036_HARP772_NOAA11269.npz,20110812_2036_HARP772_NOAA11269,2011-08-12 20:36:00,772,11269,0,2011
test_2015,train,gs://suryabench-sharp-pipeline-bamidele/samples_npz/2012/20120907_0324_HARP2007_NOAA11565.npz,20120907_0324_HARP2007_NOAA11565,2012-09-07 03:24:00,2007,11565,0,2012
test_2015,train,gs://suryabench-sharp-pipeline-bamidele/samples_npz/2012/20120522_2036_HARP1680_NOAA11487.npz,20120522_2036_HARP1680_NOAA11487,2012-05-22 20:36:00,1680,11487,0,2012
test_2015,train,gs://suryabench-sharp-pipeline-bamidele/samples_npz/2010/20100921_2100_HARP185_NOAA11108.npz,20100921_2100_HARP185_NOAA11108,2010-09-21 21:00:00,185,11108,0,2010
test_2015,train,gs://suryabench-sharp-pipeline-bamidele/samples_npz/2013/20130420_2024_HARP2673_NOAA11726.npz,20130420_2024_HARP2673_NOAA11726,2013-04-20 20:24:00,2673,11726,1,2013
test_2015,train,gs://suryabench-sharp-pipeline-bamidele/samples_npz/2011/20110712_1548_HARP712_NOAA11250.npz,20110712_1548_HARP712_NOAA11250,2011-07-12 15:48:00,712,11250,0,2011
test_2015,train,gs://suryabench-sharp-pipeline-bamidele/samples_npz/2013/20131022_1036_HARP3286_NOAA11872.npz,20131022_1036_HARP3286_NOAA11872,2013-10-22 10:36:00,3286,11872,0,2013
test_2015,train,gs://suryabench-sharp-pipeline-bamidele/samples_npz/2012/20120721_0036_HARP1866_NOAA11524.npz,20120721_0036_HARP1866_NOAA11524,2012-07-21 00:36:00,1866,11524,0,2012
test_2015,train,gs://suryabench-sharp-pipeline-bamidele/samples_npz/2011/20110604_0424_HARP639_NOAA11228.npz,20110604_0424_HARP639_NOAA11228,2011-06-04 04:24:00,639,11228,0,2011
test_2015,train,gs://suryabench-sharp-pipeline-bamidele/samples_npz/2011/20110330_0600_HARP444_NOAA11180.npz,20110330_0600_HARP444_NOAA11180,2011-03-30 06:00:00,444,11180,0,2011
test_2015,train,gs://suryabench-sharp-pipeline-bamidele/samples_npz/2010/20101227_0136_HARP318_NOAA11138.npz,20101227_0136_HARP318_NOAA11138,2010-12-27 01:36:00,318,11138,0,2010
test_2015,train,gs://suryabench-sharp-pipeline-bamidele/samples_npz/2011/20110211_2200_HARP367_NOAA11156.npz,20110211_2200_HARP367_NOAA11156,2011-02-11 22:00:00,367,11156,0,2011
test_2015,train,gs://suryabench-sharp-pipeline-bamidele/samples_npz/2013/20131129_1336_HARP3415_NOAA11906.npz,20131129_1336_HARP3415_NOAA11906,2013-11-29 13:36:00,3415,11906,0,2013
test_2015,train,gs://suryabench-sharp-pipeline-bamidele/samples_npz/2012/20120523_1048_HARP1677_NOAA11486.npz,20120523_1048_HARP1677_NOAA11486,2012-05-23 10:48:00,1677,11486,0,2012
test_2015,train,gs://suryabench-sharp-pipeline-bamidele/samples_npz/2013/20131005_0300_HARP3252_NOAA11862.npz,20131005_0300_HARP3252_NOAA11862,2013-10-05 03:00:00,3252,11862,0,2013
test_2015,train,gs://suryabench-sharp-pipeline-bamidele/samples_npz/2011/20110113_2136_HARP342_NOAA11146.npz,20110113_2136_HARP342_NOAA11146,2011-01-13 21:36:00,342,11146,0,2011
test_2015,train,gs://suryabench-sharp-pipeline-bamidele/samples_npz/2013/20131114_1724_HARP3366_NOAA11895.npz,20131114_1724_HARP3366_NOAA11895,2013-11-14 17:24:00,3366,11895,0,2013
test_2015,train,gs://suryabench-sharp-pipeline-bamidele/samples_npz/2013/20131213_1436_HARP3474_NOAA11927.npz,20131213_1436_HARP3474_NOAA11927,2013-12-13 14:36:00,3474,11927,0,2013
test_2015,train,gs://suryabench-sharp-pipeline-bamidele/samples_npz/2012/20120607_2336_HARP1724_NOAA11494.npz,20120607_2336_HARP1724_NOAA11494,2012-06-07 23:36:00,1724,11494,0,2012
test_2015,train,gs://suryabench-sharp-pipeline-bamidele/samples_npz/2011/20110212_0424_HARP377_NOAA11158.npz,20110212_0424_HARP377_NOAA11158,2011-02-12 04:24:00,377,11158,1,2011
test_2015,train,gs://suryabench-sharp-pipeline-bamidele/samples_npz/2011/20110429_0924_HARP532_NOAA11201.npz,20110429_0924_HARP532_NOAA11201,2011-04-29 09:24:00,532,11201,0,2011
test_2015,train,gs://suryabench-sharp-pipeline-bamidele/samples_npz/2012/20120526_1836_HARP1690_NOAA11489.npz,20120526_1836_HARP1690_NOAA11489,2012-05-26 18:36:00,1690,11489,0,2012
test_2015,train,gs://suryabench-sharp-pipeline-bamidele/samples_npz/2012/20120805_1500_HARP1903_NOAA11535.npz,20120805_1500_HARP1903_NOAA11535,2012-08-05 15:00:00,1903,11535,0,2012
test_2015,train,gs://suryabench-sharp-pipeline-bamidele/samples_npz/2012/20120127_2236_HARP1338_NOAA11408.npz,20120127_2236_HARP1338_NOAA11408,2012-01-27 22:36:00,1338,11408,0,2012
test_2015,train,gs://suryabench-sharp-pipeline-bamidele/samples_npz/2012/20120416_1000_HARP1573_NOAA11462.npz,20120416_1000_HARP1573_NOAA11462,2012-04-16 10:00:00,1573,11462,0,2012
test_2015,train,gs://suryabench-sharp-pipeline-bamidele/samples_npz/2013/20130831_1600_HARP3119_NOAA11834.npz,20130831_1600_HARP3119_NOAA11834,2013-08-31 16:00:00,3119,11834,0,2013
test_2015,train,gs://suryabench-sharp-pipeline-bamidele/samples_npz/2010/20100926_0548_HARP187_NOAA11109.npz,20100926_0548_HARP187_NOAA11109,2010-09-26 05:48:00,187,11109,0,2010
test_2015,train,gs://suryabench-sharp-pipeline-bamidele/samples_npz/2011/20110109_0224_HARP335_NOAA11143.npz,20110109_0224_HARP335_NOAA11143,2011-01-09 02:24:00,335,11143,0,2011
test_2015,train,gs://suryabench-sharp-pipeline-bamidele/samples_npz/2010/20101111_1512_HARP245_NOAA11121.npz,20101111_1512_HARP245_NOAA11121,2010-11-11 15:12:00,245,11121,0,2010
test_2015,train,gs://suryabench-sharp-pipeline-bamidele/samples_npz/2011/20111207_1900_HARP1126_NOAA11364.npz,20111207_1900_HARP1126_NOAA11364,2011-12-07 19:00:00,1126,11364,0,2011
test_2015,train,gs://suryabench-sharp-pipeline-bamidele/samples_npz/2013/20131106_1300_HARP3336_NOAA11889.npz,20131106_1300_HARP3336_NOAA11889,2013-11-06 13:00:00,3336,11889,0,2013
test_2015,train,gs://suryabench-sharp-pipeline-bamidele/samples_npz/2013/20130111_2348_HARP2366_NOAA11653.npz,20130111_2348_HARP2366_NOAA11653,2013-01-11 23:48:00,2366,11653,0,2013
test_2015,train,gs://suryabench-sharp-pipeline-bamidele/samples_npz/2012/20121028_1948_HARP2143_NOAA11599.npz,20121028_1948_HARP2143_NOAA11599,2012-10-28 19:48:00,2143,11599,0,2012
test_2015,train,gs://suryabench-sharp-pipeline-bamidele/samples_npz/2010/20100522_2124_HARP26_NOAA11072.npz,20100522_2124_HARP26_NOAA11072,2010-05-22 21:24:00,26,11072,0,2010
test_2015,train,gs://suryabench-sharp-pipeline-bamidele/samples_npz/2011/20110903_0948_HARP824_NOAA11281.npz,20110903_0948_HARP824_NOAA11281,2011-09-03 09:48:00,824,11281,0,2011
test_2015,train,gs://suryabench-sharp-pipeline-bamidele/samples_npz/2013/20130723_2348_HARP2982_NOAA11798.npz,20130723_2348_HARP2982_NOAA11798,2013-07-23 23:48:00,2982,11798,0,2013
test_2015,train,gs://suryabench-sharp-pipeline-bamidele/samples_npz/2011/20110713_0848_HARP700_NOAA11245.npz,20110713_0848_HARP700_NOAA11245,2011-07-13 08:48:00,700,11245,0,2011
test_2015,train,gs://suryabench-sharp-pipeline-bamidele/samples_npz/2013/20130519_1100_HARP2748_NOAA11748.npz,20130519_1100_HARP2748_NOAA11748,2013-05-19 11:00:00,2748,11748,0,2013
test_2015,train,gs://suryabench-sharp-pipeline-bamidele/samples_npz/2011/20110323_2200_HARP436_NOAA11179.npz,20110323_2200_HARP436_NOAA11179,2011-03-23 22:00:00,436,11179,0,2011
test_2015,train,gs://suryabench-sharp-pipeline-bamidele/samples_npz/2012/20120801_1624_HARP1879_NOAA11529.npz,20120801_1624_HARP1879_NOAA11529,2012-08-01 16:24:00,1879,11529,0,2012
test_2015,train,gs://suryabench-sharp-pipeline-bamidele/samples_npz/2013/20130407_0400_HARP2619_NOAA11714.npz,20130407_0400_HARP2619_NOAA11714,2013-04-07 04:00:00,2619,11714,0,2013
test_2015,train,gs://suryabench-sharp-pipeline-bamidele/samples_npz/2012/20120905_1648_HARP1999_NOAA11563.npz,20120905_1648_HARP1999_NOAA11563,2012-09-05 16:48:00,1999,11563,0,2012
test_2015,train,gs://suryabench-sharp-pipeline-bamidele/samples_npz/2011/20111117_1200_HARP1075_NOAA11347.npz,20111117_1200_HARP1075_NOAA11347,2011-11-17 12:00:00,1075,11347,0,2011
test_2015,train,gs://suryabench-sharp-pipeline-bamidele/samples_npz/2013/20131007_2348_HARP3252_NOAA11862.npz,20131007_2348_HARP3252_NOAA11862,2013-10-07 23:48:00,3252,11862,0,2013
test_2015,train,gs://suryabench-sharp-pipeline-bamidele/samples_npz/2012/20120923_0000_HARP2044_NOAA11576.npz,20120923_0000_HARP2044_NOAA11576,2012-09-23 00:00:00,2044,11576,0,2012
test_2015,train,gs://suryabench-sharp-pipeline-bamidele/samples_npz/2013/20131115_2324_HARP3364_NOAA11893.npz,20131115_2324_HARP3364_NOAA11893,2013-11-15 23:24:00,3364,11893,0,2013
test_2015,train,gs://suryabench-sharp-pipeline-bamidele/samples_npz/2013/20131203_0848_HARP3437_NOAA11909.npz,20131203_0848_HARP3437_NOAA11909,2013-12-03 08:48:00,3437,11909,0,2013
test_2015,train,gs://suryabench-sharp-pipeline-bamidele/samples_npz/2010/20101023_2312_HARP223_NOAA11118.npz,20101023_2312_HARP223_NOAA11118,2010-10-23 23:12:00,223,11118,0,2010
test_2015,train,gs://suryabench-sharp-pipeline-bamidele/samples_npz/2012/20120305_0312_HARP1455_NOAA11431.npz,20120305_0312_HARP1455_NOAA11431,2012-03-05 03:12:00,1455,11431,0,2012
test_2015,train,gs://suryabench-sharp-pipeline-bamidele/samples_npz/2013/20130514_1500_HARP2749_NOAA11749.npz,20130514_1500_HARP2749_NOAA11749,2013-05-14 15:00:00,2749,11749,0,2013
test_2015,train,gs://suryabench-sharp-pipeline-bamidele/samples_npz/2012/20120526_1836_HARP1697_NOAA11489.npz,20120526_1836_HARP1697_NOAA11489,2012-05-26 18:36:00,1697,11489,0,2012
test_2015,train,gs://suryabench-sharp-pipeline-bamidele/samples_npz/2012/20120326_0048_HARP1488_NOAA11438.npz,20120326_0048_HARP1488_NOAA11438,2012-03-26 00:48:00,1488,11438,0,2012
test_2015,train,gs://suryabench-sharp-pipeline-bamidele/samples_npz/2011/20110817_1036_HARP781_NOAA11270.npz,20110817_1036_HARP781_NOAA11270,2011-08-17 10:36:00,781,11270,0,2011
test_2015,train,gs://suryabench-sharp-pipeline-bamidele/samples_npz/2013/20130626_1136_HARP2878_NOAA11777.npz,20130626_1136_HARP2878_NOAA11777,2013-06-26 11:36:00,2878,11777,0,2013
test_2015,train,gs://suryabench-sharp-pipeline-bamidele/samples_npz/2012/20121106_1312_HARP2176_NOAA11606.npz,20121106_1312_HARP2176_NOAA11606,2012-11-06 13:12:00,2176,11606,0,2012
test_2015,train,gs://suryabench-sharp-pipeline-bamidele/samples_npz/2011/20111129_0836_HARP1119_NOAA11361.npz,20111129_0836_HARP1119_NOAA11361,2011-11-29 08:36:00,1119,11361,0,2011
test_2015,train,gs://suryabench-sharp-pipeline-bamidele/samples_npz/2013/20130629_1812_HARP2898_NOAA11779.npz,20130629_1812_HARP2898_NOAA11779,2013-06-29 18:12:00,2898,11779,0,2013
test_2015,train,gs://suryabench-sharp-pipeline-bamidele/samples_npz/2010/20100920_1300_HARP185_NOAA11108.npz,20100920_1300_HARP185_NOAA11108,2010-09-20 13:00:00,185,11108,0,2010
test_2015,train,gs://suryabench-sharp-pipeline-bamidele/samples_npz/2012/20120518_1324_HARP1662_NOAA11484.npz,20120518_1324_HARP1662_NOAA11484,2012-05-18 13:24:00,1662,11484,0,2012
test_2015,train,gs://suryabench-sharp-pipeline-bamidele/samples_npz/2011/20111130_2300_HARP1119_NOAA11361.npz,20111130_2300_HARP1119_NOAA11361,2011-11-30 23:00:00,1119,11361,0,2011
test_2015,train,gs://suryabench-sharp-pipeline-bamidele/samples_npz/2012/20120216_0200_HARP1396_NOAA11419.npz,20120216_0200_HARP1396_NOAA11419,2012-02-16 02:00:00,1396,11419,0,2012
test_2015,train,gs://suryabench-sharp-pipeline-bamidele/samples_npz/2010/20100724_2048_HARP92_NOAA11089.npz,20100724_2048_HARP92_NOAA11089,2010-07-24 20:48:00,92,11089,0,2010
test_2015,train,gs://suryabench-sharp-pipeline-bamidele/samples_npz/2010/20100722_2024_HARP92_NOAA11089.npz,20100722_2024_HARP92_NOAA11089,2010-07-22 20:24:00,92,11089,0,2010
test_2015,train,gs://suryabench-sharp-pipeline-bamidele/samples_npz/2011/20111206_0800_HARP1165_NOAA11367.npz,20111206_0800_HARP1165_NOAA11367,2011-12-06 08:00:00,1165,11367,0,2011
test_2015,train,gs://suryabench-sharp-pipeline-bamidele/samples_npz/2013/20130710_1224_HARP2945_NOAA11794.npz,20130710_1224_HARP2945_NOAA11794,2013-07-10 12:24:00,2945,11794,0,2013
test_2015,train,gs://suryabench-sharp-pipeline-bamidele/samples_npz/2010/20101229_0900_HARP317_NOAA11137.npz,20101229_0900_HARP317_NOAA11137,2010-12-29 09:00:00,317,11137,0,2010
test_2015,train,gs://suryabench-sharp-pipeline-bamidele/samples_npz/2011/20111228_1136_HARP1237_NOAA11386.npz,20111228_1136_HARP1237_NOAA11386,2011-12-28 11:36:00,1237,11386,0,2011
test_2015,train,gs://suryabench-sharp-pipeline-bamidele/samples_npz/2013/20130602_0500_HARP2822_NOAA11764.npz,20130602_0500_HARP2822_NOAA11764,2013-06-02 05:00:00,2822,11764,0,2013
test_2015,train,gs://suryabench-sharp-pipeline-bamidele/samples_npz/2013/20130108_0200_HARP2344_NOAA11644.npz,20130108_0200_HARP2344_NOAA11644,2013-01-08 02:00:00,2344,11644,0,2013
test_2015,train,gs://suryabench-sharp-pipeline-bamidele/samples_npz/2012/20121005_0448_HARP2069_NOAA11582.npz,20121005_0448_HARP2069_NOAA11582,2012-10-05 04:48:00,2069,11582,0,2012
test_2015,train,gs://suryabench-sharp-pipeline-bamidele/samples_npz/2013/20130718_0136_HARP2966_NOAA11797.npz,20130718_0136_HARP2966_NOAA11797,2013-07-18 01:36:00,2966,11797,0,2013
test_2015,train,gs://suryabench-sharp-pipeline-bamidele/samples_npz/2013/20131212_1112_HARP3481_NOAA11923.npz,20131212_1112_HARP3481_NOAA11923,2013-12-12 11:12:00,3481,11923,0,2013
test_2015,train,gs://suryabench-sharp-pipeline-bamidele/samples_npz/2013/20131030_0300_HARP3323_NOAA11888.npz,20131030_0300_HARP3323_NOAA11888,2013-10-30 03:00:00,3323,11888,0,2013
test_2015,train,gs://suryabench-sharp-pipeline-bamidele/samples_npz/2012/20120120_0200_HARP1321_NOAA11401.npz,20120120_0200_HARP1321_NOAA11401,2012-01-20 02:00:00,1321,11401,0,2012
test_2015,train,gs://suryabench-sharp-pipeline-bamidele/samples_npz/2012/20120227_2336_HARP1422_NOAA11423.npz,20120227_2336_HARP1422_NOAA11423,2012-02-27 23:36:00,1422,11423,0,2012
test_2015,train,gs://suryabench-sharp-pipeline-bamidele/samples_npz/2011/20110308_0512_HARP401_NOAA11166.npz,20110308_0512_HARP401_NOAA11166,2011-03-08 05:12:00,401,11166,1,2011
test_2015,train,gs://suryabench-sharp-pipeline-bamidele/samples_npz/2013/20130412_2148_HARP2634_NOAA11717.npz,20130412_2148_HARP2634_NOAA11717,2013-04-12 21:48:00,2634,11717,0,2013
test_2015,train,gs://suryabench-sharp-pipeline-bamidele/samples_npz/2011/20111106_1924_HARP1026_NOAA11338.npz,20111106_1924_HARP1026_NOAA11338,2011-11-06 19:24:00,1026,11338,0,2011
test_2015,train,gs://suryabench-sharp-pipeline-bamidele/samples_npz/2013/20130225_1000_HARP2493_NOAA11677.npz,20130225_1000_HARP2493_NOAA11677,2013-02-25 10:00:00,2493,11677,0,2013
test_2015,train,gs://suryabench-sharp-pipeline-bamidele/samples_npz/2011/20111117_2136_HARP1075_NOAA11347.npz,20111117_2136_HARP1075_NOAA11347,2011-11-17 21:36:00,1075,11347,0,2011
test_2015,train,gs://suryabench-sharp-pipeline-bamidele/samples_npz/2012/20120719_1948_HARP1866_NOAA11524.npz,20120719_1948_HARP1866_NOAA11524,2012-07-19 19:48:00,1866,11524,0,2012
test_2015,train,gs://suryabench-sharp-pipeline-bamidele/samples_npz/2012/20121111_2200_HARP2177_NOAA11608.npz,20121111_2200_HARP2177_NOAA11608,2012-11-11 22:00:00,2177,11608,0,2012
test_2015,train,gs://suryabench-sharp-pipeline-bamidele/samples_npz/2012/20120530_0536_HARP1705_NOAA11492.npz,20120530_0536_HARP1705_NOAA11492,2012-05-30 05:36:00,1705,11492,0,2012
test_2015,train,gs://suryabench-sharp-pipeline-bamidele/samples_npz/2013/20130506_2148_HARP2711_NOAA11737.npz,20130506_2148_HARP2711_NOAA11737,2013-05-06 21:48:00,2711,11737,0,2013
test_2015,train,gs://suryabench-sharp-pipeline-bamidele/samples_npz/2013/20130514_0400_HARP2735_NOAA11744.npz,20130514_0400_HARP2735_NOAA11744,2013-05-14 04:00:00,2735,11744,0,2013
test_2015,train,gs://suryabench-sharp-pipeline-bamidele/samples_npz/2012/20120812_1912_HARP1931_NOAA11543.npz,20120812_1912_HARP1931_NOAA11543,2012-08-12 19:12:00,1931,11543,0,2012
test_2015,train,gs://suryabench-sharp-pipeline-bamidele/samples_npz/2012/20120902_0412_HARP1979_NOAA11558.npz,20120902_0412_HARP1979_NOAA11558,2012-09-02 04:12:00,1979,11558,0,2012
test_2015,train,gs://suryabench-sharp-pipeline-bamidele/samples_npz/2013/20131103_1612_HARP3336_NOAA11889.npz,20131103_1612_HARP3336_NOAA11889,2013-11-03 16:12:00,3336,11889,0,2013
test_2015,train,gs://suryabench-sharp-pipeline-bamidele/samples_npz/2011/20110904_2000_HARP833_NOAA11283.npz,20110904_2000_HARP833_NOAA11283,2011-09-04 20:00:00,833,11283,1,2011
test_2015,train,gs://suryabench-sharp-pipeline-bamidele/samples_npz/2011/20111120_1648_HARP1089_NOAA11352.npz,20111120_1648_HARP1089_NOAA11352,2011-11-20 16:48:00,1089,11352,0,2011
test_2015,train,gs://suryabench-sharp-pipeline-bamidele/samples_npz/2013/20130817_1424_HARP3066_NOAA11820.npz,20130817_1424_HARP3066_NOAA11820,2013-08-17 14:24:00,3066,11820,0,2013
test_2015,train,gs://suryabench-sharp-pipeline-bamidele/samples_npz/2012/20121112_2024_HARP2181_NOAA11609.npz,20121112_2024_HARP2181_NOAA11609,2012-11-12 20:24:00,2181,11609,0,2012
test_2015,train,gs://suryabench-sharp-pipeline-bamidele/samples_npz/2011/20110531_1936_HARP643_NOAA11229.npz,20110531_1936_HARP643_NOAA11229,2011-05-31 19:36:00,643,11229,0,2011
test_2015,train,gs://suryabench-sharp-pipeline-bamidele/samples_npz/2013/20130825_0924_HARP3098_NOAA11827.npz,20130825_0924_HARP3098_NOAA11827,2013-08-25 09:24:00,3098,11827,0,2013
test_2015,train,gs://suryabench-sharp-pipeline-bamidele/samples_npz/2013/20130517_2248_HARP2737_NOAA11746.npz,20130517_2248_HARP2737_NOAA11746,2013-05-17 22:48:00,2737,11746,0,2013
test_2015,train,gs://suryabench-sharp-pipeline-bamidele/samples_npz/2013/20130602_1824_HARP2809_NOAA11760.npz,20130602_1824_HARP2809_NOAA11760,2013-06-02 18:24:00,2809,11760,0,2013
test_2015,train,gs://suryabench-sharp-pipeline-bamidele/samples_npz/2012/20120306_1024_HARP1449_NOAA11429.npz,20120306_1024_HARP1449_NOAA11429,2012-03-06 10:24:00,1449,11429,1,2012
test_2015,train,gs://suryabench-sharp-pipeline-bamidele/samples_npz/2013/20130720_1448_HARP2964_NOAA11795.npz,20130720_1448_HARP2964_NOAA11795,2013-07-20 14:48:00,2964,11795,0,2013
test_2015,train,gs://suryabench-sharp-pipeline-bamidele/samples_npz/2011/20111017_1636_HARP975_NOAA11321.npz,20111017_1636_HARP975_NOAA11321,2011-10-17 16:36:00,975,11321,0,2011
test_2015,train,gs://suryabench-sharp-pipeline-bamidele/samples_npz/2012/20120320_0512_HARP1478_NOAA11436.npz,20120320_0512_HARP1478_NOAA11436,2012-03-20 05:12:00,1478,11436,0,2012
test_2015,train,gs://suryabench-sharp-pipeline-bamidele/samples_npz/2011/20110214_0112_HARP377_NOAA11158.npz,20110214_0112_HARP377_NOAA11158,2011-02-14 01:12:00,377,11158,1,2011
test_2015,train,gs://suryabench-sharp-pipeline-bamidele/samples_npz/2013/20130919_1036_HARP3195_NOAA11843.npz,20130919_1036_HARP3195_NOAA11843,2013-09-19 10:36:00,3195,11843,0,2013
test_2015,train,gs://suryabench-sharp-pipeline-bamidele/samples_npz/2012/20120406_1124_HARP1527_NOAA11451.npz,20120406_1124_HARP1527_NOAA11451,2012-04-06 11:24:00,1527,11451,0,2012
test_2015,train,gs://suryabench-sharp-pipeline-bamidele/samples_npz/2011/20110526_0548_HARP631_NOAA11222.npz,20110526_0548_HARP631_NOAA11222,2011-05-26 05:48:00,631,11222,0,2011
test_2015,train,gs://suryabench-sharp-pipeline-bamidele/samples_npz/2012/20120903_2124_HARP1979_NOAA11558.npz,20120903_2124_HARP1979_NOAA11558,2012-09-03 21:24:00,1979,11558,0,2012
test_2015,train,gs://suryabench-sharp-pipeline-bamidele/samples_npz/2013/20130311_2124_HARP2522_NOAA11689.npz,20130311_2124_HARP2522_NOAA11689,2013-03-11 21:24:00,2522,11689,0,2013
test_2015,train,gs://suryabench-sharp-pipeline-bamidele/samples_npz/2011/20111024_1224_HARP970_NOAA11323.npz,20111024_1224_HARP970_NOAA11323,2011-10-24 12:24:00,970,11323,0,2011
test_2015,train,gs://suryabench-sharp-pipeline-bamidele/samples_npz/2011/20110912_1924_HARP854_NOAA11294.npz,20110912_1924_HARP854_NOAA11294,2011-09-12 19:24:00,854,11294,0,2011
test_2015,train,gs://suryabench-sharp-pipeline-bamidele/samples_npz/2013/20130924_1648_HARP3199_NOAA11850.npz,20130924_1648_HARP3199_NOAA11850,2013-09-24 16:48:00,3199,11850,0,2013
test_2015,train,gs://suryabench-sharp-pipeline-bamidele/samples_npz/2012/20121118_2336_HARP2193_NOAA11614.npz,20121118_2336_HARP2193_NOAA11614,2012-11-18 23:36:00,2193,11614,0,2012
test_2015,train,gs://suryabench-sharp-pipeline-bamidele/samples_npz/2013/20131108_0712_HARP3341_NOAA11890.npz,20131108_0712_HARP3341_NOAA11890,2013-11-08 07:12:00,3341,11890,1,2013
test_2015,train,gs://suryabench-sharp-pipeline-bamidele/samples_npz/2012/20120322_1836_HARP1497_NOAA11446.npz,20120322_1836_HARP1497_NOAA11446,2012-03-22 18:36:00,1497,11446,0,2012
test_2015,train,gs://suryabench-sharp-pipeline-bamidele/samples_npz/2012/20120831_1524_HARP1997_NOAA11561.npz,20120831_1524_HARP1997_NOAA11561,2012-08-31 15:24:00,1997,11561,0,2012
test_2015,train,gs://suryabench-sharp-pipeline-bamidele/samples_npz/2010/20100816_2112_HARP128_NOAA11097.npz,20100816_2112_HARP128_NOAA11097,2010-08-16 21:12:00,128,11097,0,2010
test_2015,train,gs://suryabench-sharp-pipeline-bamidele/samples_npz/2011/20111024_1848_HARP970_NOAA11323.npz,20111024_1848_HARP970_NOAA11323,2011-10-24 18:48:00,970,11323,0,2011
test_2015,train,gs://suryabench-sharp-pipeline-bamidele/samples_npz/2013/20130126_2324_HARP2411_NOAA11661.npz,20130126_2324_HARP2411_NOAA11661,2013-01-26 23:24:00,2411,11661,0,2013
test_2015,train,gs://suryabench-sharp-pipeline-bamidele/samples_npz/2011/20110703_2300_HARP685_NOAA11243.npz,20110703_2300_HARP685_NOAA11243,2011-07-03 23:00:00,685,11243,0,2011
test_2015,train,gs://suryabench-sharp-pipeline-bamidele/samples_npz/2011/20110511_2048_HARP589_NOAA11209.npz,20110511_2048_HARP589_NOAA11209,2011-05-11 20:48:00,589,11209,0,2011
test_2015,train,gs://suryabench-sharp-pipeline-bamidele/samples_npz/2011/20110919_2348_HARP856_NOAA11295.npz,20110919_2348_HARP856_NOAA11295,2011-09-19 23:48:00,856,11295,0,2011
test_2015,train,gs://suryabench-sharp-pipeline-bamidele/samples_npz/2013/20131217_1724_HARP3483_NOAA11920.npz,20131217_1724_HARP3483_NOAA11920,2013-12-17 17:24:00,3483,11920,0,2013
test_2015,train,gs://suryabench-sharp-pipeline-bamidele/samples_npz/2011/20110316_0236_HARP421_NOAA11172.npz,20110316_0236_HARP421_NOAA11172,2011-03-16 02:36:00,421,11172,0,2011
test_2015,train,gs://suryabench-sharp-pipeline-bamidele/samples_npz/2011/20111002_1500_HARP909_NOAA11307.npz,20111002_1500_HARP909_NOAA11307,2011-10-02 15:00:00,909,11307,0,2011
test_2015,train,gs://suryabench-sharp-pipeline-bamidele/samples_npz/2011/20110801_2224_HARP755_NOAA11264.npz,20110801_2224_HARP755_NOAA11264,2011-08-01 22:24:00,755,11264,0,2011
test_2015,train,gs://suryabench-sharp-pipeline-bamidele/samples_npz/2012/20121202_0500_HARP2240_NOAA11621.npz,20121202_0500_HARP2240_NOAA11621,2012-12-02 05:00:00,2240,11621,0,2012
test_2015,train,gs://suryabench-sharp-pipeline-bamidele/samples_npz/2010/20100928_1848_HARP190_NOAA11110.npz,20100928_1848_HARP190_NOAA11110,2010-09-28 18:48:00,190,11110,0,2010
test_2015,train,gs://suryabench-sharp-pipeline-bamidele/samples_npz/2013/20130804_0112_HARP3022_NOAA11808.npz,20130804_0112_HARP3022_NOAA11808,2013-08-04 01:12:00,3022,11808,0,2013
test_2015,train,gs://suryabench-sharp-pipeline-bamidele/samples_npz/2011/20110528_1024_HARP622_NOAA11219.npz,20110528_1024_HARP622_NOAA11219,2011-05-28 10:24:00,622,11219,0,2011
test_2015,train,gs://suryabench-sharp-pipeline-bamidele/samples_npz/2013/20131209_0812_HARP3474_NOAA11927.npz,20131209_0812_HARP3474_NOAA11927,2013-12-09 08:12:00,3474,11927,0,2013
test_2015,train,gs://suryabench-sharp-pipeline-bamidele/samples_npz/2013/20130404_0436_HARP2605_NOAA11711.npz,20130404_0436_HARP2605_NOAA11711,2013-04-04 04:36:00,2605,11711,0,2013
test_2015,train,gs://suryabench-sharp-pipeline-bamidele/samples_npz/2013/20130718_1136_HARP2964_NOAA11795.npz,20130718_1136_HARP2964_NOAA11795,2013-07-18 11:36:00,2964,11795,0,2013
test_2015,train,gs://suryabench-sharp-pipeline-bamidele/samples_npz/2012/20121118_1812_HARP2203_NOAA11616.npz,20121118_1812_HARP2203_NOAA11616,2012-11-18 18:12:00,2203,11616,0,2012
test_2015,train,gs://suryabench-sharp-pipeline-bamidele/samples_npz/2011/20110114_2136_HARP342_NOAA11146.npz,20110114_2136_HARP342_NOAA11146,2011-01-14 21:36:00,342,11146,0,2011
test_2015,train,gs://suryabench-sharp-pipeline-bamidele/samples_npz/2013/20131102_2036_HARP3330_NOAA11887.npz,20131102_2036_HARP3330_NOAA11887,2013-11-02 20:36:00,3330,11887,0,2013
test_2015,train,gs://suryabench-sharp-pipeline-bamidele/samples_npz/2012/20120419_1148_HARP1569_NOAA11457.npz,20120419_1148_HARP1569_NOAA11457,2012-04-19 11:48:00,1569,11457,0,2012
test_2015,train,gs://suryabench-sharp-pipeline-bamidele/samples_npz/2011/20110918_1124_HARP867_NOAA11299.npz,20110918_1124_HARP867_NOAA11299,2011-09-18 11:24:00,867,11299,0,2011
test_2015,train,gs://suryabench-sharp-pipeline-bamidele/samples_npz/2013/20130218_2036_HARP2469_NOAA11671.npz,20130218_2036_HARP2469_NOAA11671,2013-02-18 20:36:00,2469,11671,0,2013
test_2015,train,gs://suryabench-sharp-pipeline-bamidele/samples_npz/2011/20111123_0100_HARP1090_NOAA11359.npz,20111123_0100_HARP1090_NOAA11359,2011-11-23 01:00:00,1090,11359,0,2011
test_2015,train,gs://suryabench-sharp-pipeline-bamidele/samples_npz/2011/20110602_2112_HARP643_NOAA11229.npz,20110602_2112_HARP643_NOAA11229,2011-06-02 21:12:00,643,11229,0,2011
test_2015,train,gs://suryabench-sharp-pipeline-bamidele/samples_npz/2011/20110530_0224_HARP625_NOAA11223.npz,20110530_0224_HARP625_NOAA11223,2011-05-30 02:24:00,625,11223,0,2011
test_2015,train,gs://suryabench-sharp-pipeline-bamidele/samples_npz/2013/20131012_0400_HARP3258_NOAA11861.npz,20131012_0400_HARP3258_NOAA11861,2013-10-12 04:00:00,3258,11861,0,2013
test_2015,train,gs://suryabench-sharp-pipeline-bamidele/samples_npz/2011/20110713_0436_HARP705_NOAA11248.npz,20110713_0436_HARP705_NOAA11248,2011-07-13 04:36:00,705,11248,0,2011
test_2015,train,gs://suryabench-sharp-pipeline-bamidele/samples_npz/2012/20121021_1612_HARP2117_NOAA11593.npz,20121021_1612_HARP2117_NOAA11593,2012-10-21 16:12:00,2117,11593,0,2012
test_2015,train,gs://suryabench-sharp-pipeline-bamidele/samples_npz/2011/20111120_1200_HARP1066_NOAA11346.npz,20111120_1200_HARP1066_NOAA11346,2011-11-20 12:00:00,1066,11346,0,2011
test_2015,train,gs://suryabench-sharp-pipeline-bamidele/samples_npz/2013/20130131_2148_HARP2436_NOAA11668.npz,20130131_2148_HARP2436_NOAA11668,2013-01-31 21:48:00,2436,11668,0,2013
test_2015,train,gs://suryabench-sharp-pipeline-bamidele/samples_npz/2013/20130624_1312_HARP2878_NOAA11777.npz,20130624_1312_HARP2878_NOAA11777,2013-06-24 13:12:00,2878,11777,0,2013
test_2015,train,gs://suryabench-sharp-pipeline-bamidele/samples_npz/2010/20100809_0300_HARP115_NOAA11093.npz,20100809_0300_HARP115_NOAA11093,2010-08-09 03:00:00,115,11093,0,2010
test_2015,train,gs://suryabench-sharp-pipeline-bamidele/samples_npz/2011/20110826_0524_HARP805_NOAA11275.npz,20110826_0524_HARP805_NOAA11275,2011-08-26 05:24:00,805,11275,0,2011
test_2015,train,gs://suryabench-sharp-pipeline-bamidele/samples_npz/2010/20101006_0412_HARP198_NOAA11111.npz,20101006_0412_HARP198_NOAA11111,2010-10-06 04:12:00,198,11111,0,2010
test_2015,train,gs://suryabench-sharp-pipeline-bamidele/samples_npz/2011/20110903_1924_HARP824_NOAA11281.npz,20110903_1924_HARP824_NOAA11281,2011-09-03 19:24:00,824,11281,0,2011
test_2015,train,gs://suryabench-sharp-pipeline-bamidele/samples_npz/2012/20120320_1500_HARP1480_NOAA11437.npz,20120320_1500_HARP1480_NOAA11437,2012-03-20 15:00:00,1480,11437,0,2012
test_2015,train,gs://suryabench-sharp-pipeline-bamidele/samples_npz/2011/20111215_1348_HARP1168_NOAA11374.npz,20111215_1348_HARP1168_NOAA11374,2011-12-15 13:48:00,1168,11374,0,2011
test_2015,train,gs://suryabench-sharp-pipeline-bamidele/samples_npz/2011/20110211_0600_HARP367_NOAA11156.npz,20110211_0600_HARP367_NOAA11156,2011-02-11 06:00:00,367,11156,0,2011
test_2015,train,gs://suryabench-sharp-pipeline-bamidele/samples_npz/2013/20130709_0436_HARP2920_NOAA11785.npz,20130709_0436_HARP2920_NOAA11785,2013-07-09 04:36:00,2920,11785,0,2013
test_2015,train,gs://suryabench-sharp-pipeline-bamidele/samples_npz/2013/20131116_2012_HARP3386_NOAA11902.npz,20131116_2012_HARP3386_NOAA11902,2013-11-16 20:12:00,3386,11902,0,2013
test_2015,train,gs://suryabench-sharp-pipeline-bamidele/samples_npz/2012/20120527_0548_HARP1697_NOAA11489.npz,20120527_0548_HARP1697_NOAA11489,2012-05-27 05:48:00,1697,11489,0,2012
test_2015,train,gs://suryabench-sharp-pipeline-bamidele/samples_npz/2011/20111207_1036_HARP1126_NOAA11364.npz,20111207_1036_HARP1126_NOAA11364,2011-12-07 10:36:00,1126,11364,0,2011
test_2015,train,gs://suryabench-sharp-pipeline-bamidele/samples_npz/2013/20130401_2000_HARP2610_NOAA11712.npz,20130401_2000_HARP2610_NOAA11712,2013-04-01 20:00:00,2610,11712,0,2013
test_2015,train,gs://suryabench-sharp-pipeline-bamidele/samples_npz/2012/20120707_0000_HARP1844_NOAA11522.npz,20120707_0000_HARP1844_NOAA11522,2012-07-07 00:00:00,1844,11522,0,2012
test_2015,train,gs://suryabench-sharp-pipeline-bamidele/samples_npz/2012/20120525_0236_HARP1690_NOAA11489.npz,20120525_0236_HARP1690_NOAA11489,2012-05-25 02:36:00,1690,11489,0,2012
test_2015,train,gs://suryabench-sharp-pipeline-bamidele/samples_npz/2012/20120614_0824_HARP1750_NOAA11504.npz,20120614_0824_HARP1750_NOAA11504,2012-06-14 08:24:00,1750,11504,1,2012
test_2015,train,gs://suryabench-sharp-pipeline-bamidele/samples_npz/2010/20101018_0012_HARP218_NOAA11113.npz,20101018_0012_HARP218_NOAA11113,2010-10-18 00:12:00,218,11113,0,2010
test_2015,train,gs://suryabench-sharp-pipeline-bamidele/samples_npz/2012/20120502_1524_HARP1628_NOAA11472.npz,20120502_1524_HARP1628_NOAA11472,2012-05-02 15:24:00,1628,11472,0,2012
test_2015,train,gs://suryabench-sharp-pipeline-bamidele/samples_npz/2013/20130105_1436_HARP2338_NOAA11641.npz,20130105_1436_HARP2338_NOAA11641,2013-01-05 14:36:00,2338,11641,0,2013
test_2015,train,gs://suryabench-sharp-pipeline-bamidele/samples_npz/2013/20130921_1848_HARP3212_NOAA11845.npz,20130921_1848_HARP3212_NOAA11845,2013-09-21 18:48:00,3212,11845,0,2013
test_2015,train,gs://suryabench-sharp-pipeline-bamidele/samples_npz/2012/20120509_1512_HARP1638_NOAA11476.npz,20120509_1512_HARP1638_NOAA11476,2012-05-09 15:12:00,1638,11476,1,2012
test_2015,train,gs://suryabench-sharp-pipeline-bamidele/samples_npz/2013/20130107_2148_HARP2342_NOAA11643.npz,20130107_2148_HARP2342_NOAA11643,2013-01-07 21:48:00,2342,11643,0,2013
test_2015,train,gs://suryabench-sharp-pipeline-bamidele/samples_npz/2012/20120709_0736_HARP1832_NOAA11518.npz,20120709_0736_HARP1832_NOAA11518,2012-07-09 07:36:00,1832,11518,0,2012
test_2015,train,gs://suryabench-sharp-pipeline-bamidele/samples_npz/2013/20130111_1048_HARP2362_NOAA11652.npz,20130111_1048_HARP2362_NOAA11652,2013-01-11 10:48:00,2362,11652,1,2013
test_2015,train,gs://suryabench-sharp-pipeline-bamidele/samples_npz/2011/20111009_1148_HARP932_NOAA11313.npz,20111009_1148_HARP932_NOAA11313,2011-10-09 11:48:00,932,11313,0,2011
test_2015,train,gs://suryabench-sharp-pipeline-bamidele/samples_npz/2013/20130826_0300_HARP3103_NOAA11828.npz,20130826_0300_HARP3103_NOAA11828,2013-08-26 03:00:00,3103,11828,0,2013
test_2015,train,gs://suryabench-sharp-pipeline-bamidele/samples_npz/2011/20110928_0124_HARP892_NOAA11302.npz,20110928_0124_HARP892_NOAA11302,2011-09-28 01:24:00,892,11302,1,2011
test_2015,train,gs://suryabench-sharp-pipeline-bamidele/samples_npz/2011/20110720_2348_HARP725_NOAA11254.npz,20110720_2348_HARP725_NOAA11254,2011-07-20 23:48:00,725,11254,0,2011
test_2015,train,gs://suryabench-sharp-pipeline-bamidele/samples_npz/2010/20101103_0500_HARP241_NOAA11120.npz,20101103_0500_HARP241_NOAA11120,2010-11-03 05:00:00,241,11120,0,2010
test_2015,train,gs://suryabench-sharp-pipeline-bamidele/samples_npz/2010/20100807_0936_HARP116_NOAA11096.npz,20100807_0936_HARP116_NOAA11096,2010-08-07 09:36:00,116,11096,0,2010
test_2015,train,gs://suryabench-sharp-pipeline-bamidele/samples_npz/2012/20121118_1700_HARP2191_NOAA11613.npz,20121118_1700_HARP2191_NOAA11613,2012-11-18 17:00:00,2191,11613,0,2012
test_2015,train,gs://suryabench-sharp-pipeline-bamidele/samples_npz/2012/20120605_1212_HARP1724_NOAA11494.npz,20120605_1212_HARP1724_NOAA11494,2012-06-05 12:12:00,1724,11494,1,2012
test_2015,train,gs://suryabench-sharp-pipeline-bamidele/samples_npz/2010/20101205_1336_HARP285_NOAA11132.npz,20101205_1336_HARP285_NOAA11132,2010-12-05 13:36:00,285,11132,0,2010
test_2015,train,gs://suryabench-sharp-pipeline-bamidele/samples_npz/2010/20101027_0336_HARP226_NOAA11117.npz,20101027_0336_HARP226_NOAA11117,2010-10-27 03:36:00,226,11117,0,2010
test_2015,train,gs://suryabench-sharp-pipeline-bamidele/samples_npz/2013/20130821_1236_HARP3082_NOAA11823.npz,20130821_1236_HARP3082_NOAA11823,2013-08-21 12:36:00,3082,11823,0,2013
test_2015,train,gs://suryabench-sharp-pipeline-bamidele/samples_npz/2011/20111004_1736_HARP924_NOAA11310.npz,20111004_1736_HARP924_NOAA11310,2011-10-04 17:36:00,924,11310,0,2011
test_2015,train,gs://suryabench-sharp-pipeline-bamidele/samples_npz/2013/20130723_1200_HARP2984_NOAA11799.npz,20130723_1200_HARP2984_NOAA11799,2013-07-23 12:00:00,2984,11799,0,2013
test_2015,train,gs://suryabench-sharp-pipeline-bamidele/samples_npz/2011/20110502_1824_HARP572_NOAA11206.npz,20110502_1824_HARP572_NOAA11206,2011-05-02 18:24:00,572,11206,0,2011
test_2015,train,gs://suryabench-sharp-pipeline-bamidele/samples_npz/2013/20130517_2212_HARP2748_NOAA11748.npz,20130517_2212_HARP2748_NOAA11748,2013-05-17 22:12:00,2748,11748,0,2013
test_2015,train,gs://suryabench-sharp-pipeline-bamidele/samples_npz/2012/20120703_0424_HARP1806_NOAA11513.npz,20120703_0424_HARP1806_NOAA11513,2012-07-03 04:24:00,1806,11513,1,2012
test_2015,train,gs://suryabench-sharp-pipeline-bamidele/samples_npz/2013/20130602_0948_HARP2822_NOAA11764.npz,20130602_0948_HARP2822_NOAA11764,2013-06-02 09:48:00,2822,11764,0,2013
test_2015,train,gs://suryabench-sharp-pipeline-bamidele/samples_npz/2013/20131207_0624_HARP3448_NOAA11916.npz,20131207_0624_HARP3448_NOAA11916,2013-12-07 06:24:00,3448,11916,0,2013
test_2015,train,gs://suryabench-sharp-pipeline-bamidele/samples_npz/2011/20110916_0512_HARP853_NOAA11292.npz,20110916_0512_HARP853_NOAA11292,2011-09-16 05:12:00,853,11292,0,2011
test_2015,train,gs://suryabench-sharp-pipeline-bamidele/samples_npz/2012/20121025_0000_HARP2144_NOAA11600.npz,20121025_0000_HARP2144_NOAA11600,2012-10-25 00:00:00,2144,11600,0,2012
test_2015,train,gs://suryabench-sharp-pipeline-bamidele/samples_npz/2011/20110917_1636_HARP875_NOAA11300.npz,20110917_1636_HARP875_NOAA11300,2011-09-17 16:36:00,875,11300,0,2011
test_2015,train,gs://suryabench-sharp-pipeline-bamidele/samples_npz/2011/20111231_2248_HARP1237_NOAA11386.npz,20111231_2248_HARP1237_NOAA11386,2011-12-31 22:48:00,1237,11386,0,2011
test_2015,train,gs://suryabench-sharp-pipeline-bamidele/samples_npz/2012/20120406_1748_HARP1527_NOAA11451.npz,20120406_1748_HARP1527_NOAA11451,2012-04-06 17:48:00,1527,11451,0,2012
test_2015,train,gs://suryabench-sharp-pipeline-bamidele/samples_npz/2012/20120616_1724_HARP1756_NOAA11506.npz,20120616_1724_HARP1756_NOAA11506,2012-06-16 17:24:00,1756,11506,0,2012
test_2015,train,gs://suryabench-sharp-pipeline-bamidele/samples_npz/2011/20110616_1236_HARP661_NOAA11234.npz,20110616_1236_HARP661_NOAA11234,2011-06-16 12:36:00,661,11234,0,2011
test_2015,train,gs://suryabench-sharp-pipeline-bamidele/samples_npz/2013/20130221_0512_HARP2493_NOAA11677.npz,20130221_0512_HARP2493_NOAA11677,2013-02-21 05:12:00,2493,11677,0,2013
test_2015,train,gs://suryabench-sharp-pipeline-bamidele/samples_npz/2012/20120830_0536_HARP1970_NOAA11555.npz,20120830_0536_HARP1970_NOAA11555,2012-08-30 05:36:00,1970,11555,0,2012
test_2015,train,gs://suryabench-sharp-pipeline-bamidele/samples_npz/2012/20120521_0400_HARP1662_NOAA11484.npz,20120521_0400_HARP1662_NOAA11484,2012-05-21 04:00:00,1662,11484,0,2012
test_2015,train,gs://suryabench-sharp-pipeline-bamidele/samples_npz/2013/20130506_0912_HARP2696_NOAA11732.npz,20130506_0912_HARP2696_NOAA11732,2013-05-06 09:12:00,2696,11732,0,2013
test_2015,train,gs://suryabench-sharp-pipeline-bamidele/samples_npz/2012/20120313_1124_HARP1471_NOAA11435.npz,20120313_1124_HARP1471_NOAA11435,2012-03-13 11:24:00,1471,11435,0,2012
test_2015,train,gs://suryabench-sharp-pipeline-bamidele/samples_npz/2013/20130818_1048_HARP3102_NOAA11826.npz,20130818_1048_HARP3102_NOAA11826,2013-08-18 10:48:00,3102,11826,0,2013
test_2015,train,gs://suryabench-sharp-pipeline-bamidele/samples_npz/2013/20130110_0900_HARP2358_NOAA11649.npz,20130110_0900_HARP2358_NOAA11649,2013-01-10 09:00:00,2358,11649,0,2013
test_2015,train,gs://suryabench-sharp-pipeline-bamidele/samples_npz/2011/20110811_0200_HARP765_NOAA11268.npz,20110811_0200_HARP765_NOAA11268,2011-08-11 02:00:00,765,11268,0,2011
test_2015,train,gs://suryabench-sharp-pipeline-bamidele/samples_npz/2012/20120906_1400_HARP1999_NOAA11563.npz,20120906_1400_HARP1999_NOAA11563,2012-09-06 14:00:00,1999,11563,0,2012
test_2015,train,gs://suryabench-sharp-pipeline-bamidele/samples_npz/2011/20111027_1248_HARP997_NOAA11330.npz,20111027_1248_HARP997_NOAA11330,2011-10-27 12:48:00,997,11330,0,2011
test_2015,train,gs://suryabench-sharp-pipeline-bamidele/samples_npz/2011/20110803_2324_HARP753_NOAA11263.npz,20110803_2324_HARP753_NOAA11263,2011-08-03 23:24:00,753,11263,0,2011
test_2015,train,gs://suryabench-sharp-pipeline-bamidele/samples_npz/2013/20130302_2236_HARP2519_NOAA11686.npz,20130302_2236_HARP2519_NOAA11686,2013-03-02 22:36:00,2519,11686,0,2013
test_2015,train,gs://suryabench-sharp-pipeline-bamidele/samples_npz/2011/20111121_0836_HARP1092_NOAA11354.npz,20111121_0836_HARP1092_NOAA11354,2011-11-21 08:36:00,1092,11354,0,2011
test_2015,train,gs://suryabench-sharp-pipeline-bamidele/samples_npz/2010/20101129_0048_HARP274_NOAA11130.npz,20101129_0048_HARP274_NOAA11130,2010-11-29 00:48:00,274,11130,0,2010
test_2015,train,gs://suryabench-sharp-pipeline-bamidele/samples_npz/2013/20130823_0612_HARP3103_NOAA11828.npz,20130823_0612_HARP3103_NOAA11828,2013-08-23 06:12:00,3103,11828,0,2013
test_2015,train,gs://suryabench-sharp-pipeline-bamidele/samples_npz/2012/20121223_0348_HARP2314_NOAA11635.npz,20121223_0348_HARP2314_NOAA11635,2012-12-23 03:48:00,2314,11635,0,2012
test_2015,train,gs://suryabench-sharp-pipeline-bamidele/samples_npz/2011/20110603_0648_HARP632_NOAA11225.npz,20110603_0648_HARP632_NOAA11225,2011-06-03 06:48:00,632,11225,0,2011
test_2015,train,gs://suryabench-sharp-pipeline-bamidele/samples_npz/2012/20120904_0600_HARP1999_NOAA11563.npz,20120904_0600_HARP1999_NOAA11563,2012-09-04 06:00:00,1999,11563,0,2012
test_2015,train,gs://suryabench-sharp-pipeline-bamidele/samples_npz/2010/20100814_0336_HARP128_NOAA11097.npz,20100814_0336_HARP128_NOAA11097,2010-08-14 03:36:00,128,11097,0,2010
test_2015,train,gs://suryabench-sharp-pipeline-bamidele/samples_npz/2013/20131019_1700_HARP3273_NOAA11868.npz,20131019_1700_HARP3273_NOAA11868,2013-10-19 17:00:00,3273,11868,0,2013
test_2015,train,gs://suryabench-sharp-pipeline-bamidele/samples_npz/2012/20120326_0400_HARP1488_NOAA11438.npz,20120326_0400_HARP1488_NOAA11438,2012-03-26 04:00:00,1488,11438,0,2012
test_2015,train,gs://suryabench-sharp-pipeline-bamidele/samples_npz/2013/20131006_2036_HARP3248_NOAA11856.npz,20131006_2036_HARP3248_NOAA11856,2013-10-06 20:36:00,3248,11856,0,2013
test_2015,train,gs://suryabench-sharp-pipeline-bamidele/samples_npz/2012/20121129_0424_HARP2240_NOAA11621.npz,20121129_0424_HARP2240_NOAA11621,2012-11-29 04:24:00,2240,11621,0,2012
test_2015,train,gs://suryabench-sharp-pipeline-bamidele/samples_npz/2013/20130525_2148_HARP2758_NOAA11754.npz,20130525_2148_HARP2758_NOAA11754,2013-05-25 21:48:00,2758,11754,0,2013
test_2015,train,gs://suryabench-sharp-pipeline-bamidele/samples_npz/2012/20120531_2248_HARP1715_NOAA11495.npz,20120531_2248_HARP1715_NOAA11495,2012-05-31 22:48:00,1715,11495,0,2012
test_2015,train,gs://suryabench-sharp-pipeline-bamidele/samples_npz/2012/20121206_1300_HARP2260_NOAA11627.npz,20121206_1300_HARP2260_NOAA11627,2012-12-06 13:00:00,2260,11627,0,2012
test_2015,train,gs://suryabench-sharp-pipeline-bamidele/samples_npz/2013/20130105_0900_HARP2342_NOAA11643.npz,20130105_0900_HARP2342_NOAA11643,2013-01-05 09:00:00,2342,11643,0,2013
test_2015,train,gs://suryabench-sharp-pipeline-bamidele/samples_npz/2013/20131021_0724_HARP3273_NOAA11868.npz,20131021_0724_HARP3273_NOAA11868,2013-10-21 07:24:00,3273,11868,0,2013
test_2015,train,gs://suryabench-sharp-pipeline-bamidele/samples_npz/2012/20120701_0612_HARP1807_NOAA11514.npz,20120701_0612_HARP1807_NOAA11514,2012-07-01 06:12:00,1807,11514,0,2012
test_2015,train,gs://suryabench-sharp-pipeline-bamidele/samples_npz/2012/20120822_0648_HARP1942_NOAA11546.npz,20120822_0648_HARP1942_NOAA11546,2012-08-22 06:48:00,1942,11546,0,2012
test_2015,train,gs://suryabench-sharp-pipeline-bamidele/samples_npz/2013/20130203_0724_HARP2433_NOAA11665.npz,20130203_0724_HARP2433_NOAA11665,2013-02-03 07:24:00,2433,11665,0,2013
test_2015,train,gs://suryabench-sharp-pipeline-bamidele/samples_npz/2013/20130215_0612_HARP2469_NOAA11671.npz,20130215_0612_HARP2469_NOAA11671,2013-02-15 06:12:00,2469,11671,0,2013
test_2015,train,gs://suryabench-sharp-pipeline-bamidele/samples_npz/2013/20131101_0612_HARP3320_NOAA11883.npz,20131101_0612_HARP3320_NOAA11883,2013-11-01 06:12:00,3320,11883,0,2013
test_2015,train,gs://suryabench-sharp-pipeline-bamidele/samples_npz/2011/20110630_1012_HARP686_NOAA11242.npz,20110630_1012_HARP686_NOAA11242,2011-06-30 10:12:00,686,11242,0,2011
test_2015,train,gs://suryabench-sharp-pipeline-bamidele/samples_npz/2013/20130717_0336_HARP2954_NOAA11792.npz,20130717_0336_HARP2954_NOAA11792,2013-07-17 03:36:00,2954,11792,0,2013
test_2015,train,gs://suryabench-sharp-pipeline-bamidele/samples_npz/2013/20130723_1100_HARP2982_NOAA11798.npz,20130723_1100_HARP2982_NOAA11798,2013-07-23 11:00:00,2982,11798,0,2013
test_2015,train,gs://suryabench-sharp-pipeline-bamidele/samples_npz/2013/20130719_1136_HARP2964_NOAA11795.npz,20130719_1136_HARP2964_NOAA11795,2013-07-19 11:36:00,2964,11795,0,2013
test_2015,train,gs://suryabench-sharp-pipeline-bamidele/samples_npz/2011/20110505_0300_HARP556_NOAA11203.npz,20110505_0300_HARP556_NOAA11203,2011-05-05 03:00:00,556,11203,0,2011
test_2015,train,gs://suryabench-sharp-pipeline-bamidele/samples_npz/2011/20110925_1300_HARP878_NOAA11301.npz,20110925_1300_HARP878_NOAA11301,2011-09-25 13:00:00,878,11301,0,2011
test_2015,train,gs://suryabench-sharp-pipeline-bamidele/samples_npz/2013/20130819_1712_HARP3068_NOAA11825.npz,20130819_1712_HARP3068_NOAA11825,2013-08-19 17:12:00,3068,11825,0,2013
test_2015,train,gs://suryabench-sharp-pipeline-bamidele/samples_npz/2011/20110307_1312_HARP401_NOAA11166.npz,20110307_1312_HARP401_NOAA11166,2011-03-07 13:12:00,401,11166,1,2011
test_2015,train,gs://suryabench-sharp-pipeline-bamidele/samples_npz/2012/20121231_1348_HARP2337_NOAA11640.npz,20121231_1348_HARP2337_NOAA11640,2012-12-31 13:48:00,2337,11640,0,2012
test_2015,train,gs://suryabench-sharp-pipeline-bamidele/samples_npz/2011/20110620_2324_HARP677_NOAA11238.npz,20110620_2324_HARP677_NOAA11238,2011-06-20 23:24:00,677,11238,0,2011
test_2015,train,gs://suryabench-sharp-pipeline-bamidele/samples_npz/2012/20120930_1700_HARP2069_NOAA11582.npz,20120930_1700_HARP2069_NOAA11582,2012-09-30 17:00:00,2069,11582,0,2012
test_2015,train,gs://suryabench-sharp-pipeline-bamidele/samples_npz/2010/20100617_2100_HARP58_NOAA11083.npz,20100617_2100_HARP58_NOAA11083,2010-06-17 21:00:00,58,11083,0,2010
test_2015,train,gs://suryabench-sharp-pipeline-bamidele/samples_npz/2011/20110817_0200_HARP799_NOAA11273.npz,20110817_0200_HARP799_NOAA11273,2011-08-17 02:00:00,799,11273,0,2011
test_2015,train,gs://suryabench-sharp-pipeline-bamidele/samples_npz/2013/20130108_1524_HARP2358_NOAA11649.npz,20130108_1524_HARP2358_NOAA11649,2013-01-08 15:24:00,2358,11649,0,2013
test_2015,train,gs://suryabench-sharp-pipeline-bamidele/samples_npz/2013/20131108_1512_HARP3341_NOAA11890.npz,20131108_1512_HARP3341_NOAA11890,2013-11-08 15:12:00,3341,11890,1,2013
test_2015,train,gs://suryabench-sharp-pipeline-bamidele/samples_npz/2011/20110827_1836_HARP819_NOAA11284.npz,20110827_1836_HARP819_NOAA11284,2011-08-27 18:36:00,819,11284,0,2011
test_2015,train,gs://suryabench-sharp-pipeline-bamidele/samples_npz/2012/20120614_1800_HARP1750_NOAA11504.npz,20120614_1800_HARP1750_NOAA11504,2012-06-14 18:00:00,1750,11504,0,2012
test_2015,train,gs://suryabench-sharp-pipeline-bamidele/samples_npz/2013/20130517_1648_HARP2739_NOAA11745.npz,20130517_1648_HARP2739_NOAA11745,2013-05-17 16:48:00,2739,11745,0,2013
test_2015,train,gs://suryabench-sharp-pipeline-bamidele/samples_npz/2013/20130314_0600_HARP2546_NOAA11692.npz,20130314_0600_HARP2546_NOAA11692,2013-03-14 06:00:00,2546,11692,1,2013
test_2015,train,gs://suryabench-sharp-pipeline-bamidele/samples_npz/2010/20100601_0400_HARP38_NOAA11073.npz,20100601_0400_HARP38_NOAA11073,2010-06-01 04:00:00,38,11073,0,2010
test_2015,train,gs://suryabench-sharp-pipeline-bamidele/samples_npz/2011/20110228_2224_HARP392_NOAA11163.npz,20110228_2224_HARP392_NOAA11163,2011-02-28 22:24:00,392,11163,0,2011
test_2015,train,gs://suryabench-sharp-pipeline-bamidele/samples_npz/2012/20120416_1348_HARP1569_NOAA11457.npz,20120416_1348_HARP1569_NOAA11457,2012-04-16 13:48:00,1569,11457,0,2012
test_2015,train,gs://suryabench-sharp-pipeline-bamidele/samples_npz/2013/20130816_0024_HARP3048_NOAA11814.npz,20130816_0024_HARP3048_NOAA11814,2013-08-16 00:24:00,3048,11814,0,2013
test_2015,train,gs://suryabench-sharp-pipeline-bamidele/samples_npz/2011/20110912_0900_HARP851_NOAA11291.npz,20110912_0900_HARP851_NOAA11291,2011-09-12 09:00:00,851,11291,0,2011
test_2015,train,gs://suryabench-sharp-pipeline-bamidele/samples_npz/2013/20130525_0348_HARP2760_NOAA11753.npz,20130525_0348_HARP2760_NOAA11753,2013-05-25 03:48:00,2760,11753,0,2013
test_2015,train,gs://suryabench-sharp-pipeline-bamidele/samples_npz/2011/20110926_2300_HARP892_NOAA11302.npz,20110926_2300_HARP892_NOAA11302,2011-09-26 23:00:00,892,11302,1,2011
test_2015,train,gs://suryabench-sharp-pipeline-bamidele/samples_npz/2011/20110509_0412_HARP580_NOAA11210.npz,20110509_0412_HARP580_NOAA11210,2011-05-09 04:12:00,580,11210,0,2011
test_2015,train,gs://suryabench-sharp-pipeline-bamidele/samples_npz/2012/20120819_0736_HARP1948_NOAA11549.npz,20120819_0736_HARP1948_NOAA11549,2012-08-19 07:36:00,1948,11549,0,2012
test_2015,train,gs://suryabench-sharp-pipeline-bamidele/samples_npz/2013/20131121_0524_HARP3376_NOAA11899.npz,20131121_0524_HARP3376_NOAA11899,2013-11-21 05:24:00,3376,11899,0,2013
test_2015,train,gs://suryabench-sharp-pipeline-bamidele/samples_npz/2013/20130110_1348_HARP2358_NOAA11649.npz,20130110_1348_HARP2358_NOAA11649,2013-01-10 13:48:00,2358,11649,0,2013
test_2015,train,gs://suryabench-sharp-pipeline-bamidele/samples_npz/2012/20120828_1024_HARP1959_NOAA11553.npz,20120828_1024_HARP1959_NOAA11553,2012-08-28 10:24:00,1959,11553,0,2012
test_2015,train,gs://suryabench-sharp-pipeline-bamidele/samples_npz/2013/20130314_1600_HARP2546_NOAA11692.npz,20130314_1600_HARP2546_NOAA11692,2013-03-14 16:00:00,2546,11692,1,2013
test_2015,train,gs://suryabench-sharp-pipeline-bamidele/samples_npz/2013/20130228_1012_HARP2501_NOAA11682.npz,20130228_1012_HARP2501_NOAA11682,2013-02-28 10:12:00,2501,11682,0,2013
test_2015,train,gs://suryabench-sharp-pipeline-bamidele/samples_npz/2011/20111031_2000_HARP1021_NOAA11334.npz,20111031_2000_HARP1021_NOAA11334,2011-10-31 20:00:00,1021,11334,0,2011
test_2015,train,gs://suryabench-sharp-pipeline-bamidele/samples_npz/2011/20110817_1800_HARP799_NOAA11273.npz,20110817_1800_HARP799_NOAA11273,2011-08-17 18:00:00,799,11273,0,2011
test_2015,train,gs://suryabench-sharp-pipeline-bamidele/samples_npz/2013/20130511_1512_HARP2727_NOAA11741.npz,20130511_1512_HARP2727_NOAA11741,2013-05-11 15:12:00,2727,11741,0,2013
test_2015,train,gs://suryabench-sharp-pipeline-bamidele/samples_npz/2013/20131105_1124_HARP3336_NOAA11889.npz,20131105_1124_HARP3336_NOAA11889,2013-11-05 11:24:00,3336,11889,0,2013
test_2015,train,gs://suryabench-sharp-pipeline-bamidele/samples_npz/2013/20131106_1424_HARP3344_NOAA11891.npz,20131106_1424_HARP3344_NOAA11891,2013-11-06 14:24:00,3344,11891,1,2013
test_2015,train,gs://suryabench-sharp-pipeline-bamidele/samples_npz/2012/20120129_0148_HARP1338_NOAA11408.npz,20120129_0148_HARP1338_NOAA11408,2012-01-29 01:48:00,1338,11408,0,2012
test_2015,train,gs://suryabench-sharp-pipeline-bamidele/samples_npz/2012/20120515_0412_HARP1644_NOAA11477.npz,20120515_0412_HARP1644_NOAA11477,2012-05-15 04:12:00,1644,11477,0,2012
test_2015,train,gs://suryabench-sharp-pipeline-bamidele/samples_npz/2011/20111009_1324_HARP932_NOAA11313.npz,20111009_1324_HARP932_NOAA11313,2011-10-09 13:24:00,932,11313,0,2011
test_2015,train,gs://suryabench-sharp-pipeline-bamidele/samples_npz/2011/20111018_1324_HARP975_NOAA11321.npz,20111018_1324_HARP975_NOAA11321,2011-10-18 13:24:00,975,11321,0,2011
test_2015,train,gs://suryabench-sharp-pipeline-bamidele/samples_npz/2011/20111006_0900_HARP926_NOAA11311.npz,20111006_0900_HARP926_NOAA11311,2011-10-06 09:00:00,926,11311,0,2011
test_2015,train,gs://suryabench-sharp-pipeline-bamidele/samples_npz/2010/20101206_2048_HARP285_NOAA11132.npz,20101206_2048_HARP285_NOAA11132,2010-12-06 20:48:00,285,11132,0,2010
test_2015,train,gs://suryabench-sharp-pipeline-bamidele/samples_npz/2011/20111121_1436_HARP1079_NOAA11350.npz,20111121_1436_HARP1079_NOAA11350,2011-11-21 14:36:00,1079,11350,0,2011
test_2015,train,gs://suryabench-sharp-pipeline-bamidele/samples_npz/2013/20130602_0636_HARP2822_NOAA11764.npz,20130602_0636_HARP2822_NOAA11764,2013-06-02 06:36:00,2822,11764,0,2013
test_2015,train,gs://suryabench-sharp-pipeline-bamidele/samples_npz/2010/20100603_2148_HARP46_NOAA11078.npz,20100603_2148_HARP46_NOAA11078,2010-06-03 21:48:00,46,11078,0,2010
test_2015,train,gs://suryabench-sharp-pipeline-bamidele/samples_npz/2012/20120126_0536_HARP1338_NOAA11408.npz,20120126_0536_HARP1338_NOAA11408,2012-01-26 05:36:00,1338,11408,0,2012
test_2015,train,gs://suryabench-sharp-pipeline-bamidele/samples_npz/2012/20120902_0900_HARP1997_NOAA11561.npz,20120902_0900_HARP1997_NOAA11561,2012-09-02 09:00:00,1997,11561,0,2012
test_2015,train,gs://suryabench-sharp-pipeline-bamidele/samples_npz/2013/20130316_1248_HARP2557_NOAA11695.npz,20130316_1248_HARP2557_NOAA11695,2013-03-16 12:48:00,2557,11695,0,2013
test_2015,train,gs://suryabench-sharp-pipeline-bamidele/samples_npz/2010/20101211_1948_HARP284_NOAA11133.npz,20101211_1948_HARP284_NOAA11133,2010-12-11 19:48:00,284,11133,0,2010
test_2015,train,gs://suryabench-sharp-pipeline-bamidele/samples_npz/2013/20130103_0112_HARP2337_NOAA11640.npz,20130103_0112_HARP2337_NOAA11640,2013-01-03 01:12:00,2337,11640,0,2013
test_2015,train,gs://suryabench-sharp-pipeline-bamidele/samples_npz/2013/20130418_1012_HARP2663_NOAA11723.npz,20130418_1012_HARP2663_NOAA11723,2013-04-18 10:12:00,2663,11723,0,2013
test_2015,train,gs://suryabench-sharp-pipeline-bamidele/samples_npz/2013/20130618_2036_HARP2852_NOAA11769.npz,20130618_2036_HARP2852_NOAA11769,2013-06-18 20:36:00,2852,11769,0,2013
test_2015,train,gs://suryabench-sharp-pipeline-bamidele/samples_npz/2011/20110606_0312_HARP637_NOAA11226.npz,20110606_0312_HARP637_NOAA11226,2011-06-06 03:12:00,637,11226,1,2011
test_2015,train,gs://suryabench-sharp-pipeline-bamidele/samples_npz/2012/20120229_0724_HARP1426_NOAA11426.npz,20120229_0724_HARP1426_NOAA11426,2012-02-29 07:24:00,1426,11426,0,2012
test_2015,train,gs://suryabench-sharp-pipeline-bamidele/samples_npz/2010/20101122_2124_HARP259_NOAA11127.npz,20101122_2124_HARP259_NOAA11127,2010-11-22 21:24:00,259,11127,0,2010
test_2015,train,gs://suryabench-sharp-pipeline-bamidele/samples_npz/2013/20130413_0848_HARP2635_NOAA11719.npz,20130413_0848_HARP2635_NOAA11719,2013-04-13 08:48:00,2635,11719,0,2013
test_2015,train,gs://suryabench-sharp-pipeline-bamidele/samples_npz/2012/20120516_0724_HARP1644_NOAA11477.npz,20120516_0724_HARP1644_NOAA11477,2012-05-16 07:24:00,1644,11477,0,2012
test_2015,train,gs://suryabench-sharp-pipeline-bamidele/samples_npz/2013/20131203_1048_HARP3432_NOAA11908.npz,20131203_1048_HARP3432_NOAA11908,2013-12-03 10:48:00,3432,11908,0,2013
test_2015,train,gs://suryabench-sharp-pipeline-bamidele/samples_npz/2012/20120108_0348_HARP1275_NOAA11393.npz,20120108_0348_HARP1275_NOAA11393,2012-01-08 03:48:00,1275,11393,0,2012
test_2015,train,gs://suryabench-sharp-pipeline-bamidele/samples_npz/2013/20130818_1112_HARP3066_NOAA11820.npz,20130818_1112_HARP3066_NOAA11820,2013-08-18 11:12:00,3066,11820,0,2013
test_2015,train,gs://suryabench-sharp-pipeline-bamidele/samples_npz/2013/20130518_0336_HARP2737_NOAA11746.npz,20130518_0336_HARP2737_NOAA11746,2013-05-18 03:36:00,2737,11746,0,2013
test_2015,train,gs://suryabench-sharp-pipeline-bamidele/samples_npz/2010/20100830_1412_HARP147_NOAA11104.npz,20100830_1412_HARP147_NOAA11104,2010-08-30 14:12:00,147,11104,0,2010
test_2015,train,gs://suryabench-sharp-pipeline-bamidele/samples_npz/2011/20111219_2248_HARP1183_NOAA11376.npz,20111219_2248_HARP1183_NOAA11376,2011-12-19 22:48:00,1183,11376,0,2011
test_2015,train,gs://suryabench-sharp-pipeline-bamidele/samples_npz/2013/20131012_1336_HARP3259_NOAA11863.npz,20131012_1336_HARP3259_NOAA11863,2013-10-12 13:36:00,3259,11863,0,2013
test_2015,train,gs://suryabench-sharp-pipeline-bamidele/samples_npz/2012/20120115_2236_HARP1313_NOAA11403.npz,20120115_2236_HARP1313_NOAA11403,2012-01-15 22:36:00,1313,11403,0,2012
test_2015,train,gs://suryabench-sharp-pipeline-bamidele/samples_npz/2012/20120510_0824_HARP1632_NOAA11474.npz,20120510_0824_HARP1632_NOAA11474,2012-05-10 08:24:00,1632,11474,0,2012
test_2015,train,gs://suryabench-sharp-pipeline-bamidele/samples_npz/2013/20130513_1048_HARP2733_NOAA11742.npz,20130513_1048_HARP2733_NOAA11742,2013-05-13 10:48:00,2733,11742,0,2013
test_2015,train,gs://suryabench-sharp-pipeline-bamidele/samples_npz/2011/20110313_0600_HARP407_NOAA11169.npz,20110313_0600_HARP407_NOAA11169,2011-03-13 06:00:00,407,11169,1,2011
test_2015,train,gs://suryabench-sharp-pipeline-bamidele/samples_npz/2013/20131201_1112_HARP3432_NOAA11908.npz,20131201_1112_HARP3432_NOAA11908,2013-12-01 11:12:00,3432,11908,0,2013
test_2015,train,gs://suryabench-sharp-pipeline-bamidele/samples_npz/2013/20131023_0548_HARP3286_NOAA11872.npz,20131023_0548_HARP3286_NOAA11872,2013-10-23 05:48:00,3286,11872,0,2013
test_2015,train,gs://suryabench-sharp-pipeline-bamidele/samples_npz/2012/20120330_0548_HARP1520_NOAA11449.npz,20120330_0548_HARP1520_NOAA11449,2012-03-30 05:48:00,1520,11449,0,2012
test_2015,train,gs://suryabench-sharp-pipeline-bamidele/samples_npz/2013/20130721_1748_HARP2984_NOAA11799.npz,20130721_1748_HARP2984_NOAA11799,2013-07-21 17:48:00,2984,11799,0,2013
test_2015,train,gs://suryabench-sharp-pipeline-bamidele/samples_npz/2012/20120727_0448_HARP1877_NOAA11527.npz,20120727_0448_HARP1877_NOAA11527,2012-07-27 04:48:00,1877,11527,0,2012
test_2015,train,gs://suryabench-sharp-pipeline-bamidele/samples_npz/2011/20111215_0648_HARP1171_NOAA11375.npz,20111215_0648_HARP1171_NOAA11375,2011-12-15 06:48:00,1171,11375,0,2011
test_2015,train,gs://suryabench-sharp-pipeline-bamidele/samples_npz/2011/20110429_1836_HARP538_NOAA11200.npz,20110429_1836_HARP538_NOAA11200,2011-04-29 18:36:00,538,11200,0,2011
test_2015,train,gs://suryabench-sharp-pipeline-bamidele/samples_npz/2012/20120220_1648_HARP1405_NOAA11422.npz,20120220_1648_HARP1405_NOAA11422,2012-02-20 16:48:00,1405,11422,0,2012
test_2015,train,gs://suryabench-sharp-pipeline-bamidele/samples_npz/2012/20120417_2312_HARP1557_NOAA11454.npz,20120417_2312_HARP1557_NOAA11454,2012-04-17 23:12:00,1557,11454,0,2012
test_2015,train,gs://suryabench-sharp-pipeline-bamidele/samples_npz/2012/20120520_1636_HARP1662_NOAA11484.npz,20120520_1636_HARP1662_NOAA11484,2012-05-20 16:36:00,1662,11484,0,2012
test_2015,train,gs://suryabench-sharp-pipeline-bamidele/samples_npz/2010/20100808_0136_HARP116_NOAA11096.npz,20100808_0136_HARP116_NOAA11096,2010-08-08 01:36:00,116,11096,0,2010
test_2015,train,gs://suryabench-sharp-pipeline-bamidele/samples_npz/2013/20130111_1224_HARP2362_NOAA11652.npz,20130111_1224_HARP2362_NOAA11652,2013-01-11 12:24:00,2362,11652,1,2013
test_2015,train,gs://suryabench-sharp-pipeline-bamidele/samples_npz/2013/20130119_1248_HARP2400_NOAA11660.npz,20130119_1248_HARP2400_NOAA11660,2013-01-19 12:48:00,2400,11660,0,2013
test_2015,train,gs://suryabench-sharp-pipeline-bamidele/samples_npz/2012/20120307_2224_HARP1449_NOAA11429.npz,20120307_2224_HARP1449_NOAA11429,2012-03-07 22:24:00,1449,11429,1,2012
test_2015,train,gs://suryabench-sharp-pipeline-bamidele/samples_npz/2011/20111003_0012_HARP902_NOAA11305.npz,20111003_0012_HARP902_NOAA11305,2011-10-03 00:12:00,902,11305,0,2011
test_2015,train,gs://suryabench-sharp-pipeline-bamidele/samples_npz/2012/20121024_1400_HARP2144_NOAA11600.npz,20121024_1400_HARP2144_NOAA11600,2012-10-24 14:00:00,2144,11600,0,2012
test_2015,train,gs://suryabench-sharp-pipeline-bamidele/samples_npz/2012/20120719_1636_HARP1866_NOAA11524.npz,20120719_1636_HARP1866_NOAA11524,2012-07-19 16:36:00,1866,11524,0,2012
test_2015,train,gs://suryabench-sharp-pipeline-bamidele/samples_npz/2013/20131018_0724_HARP3273_NOAA11868.npz,20131018_0724_HARP3273_NOAA11868,2013-10-18 07:24:00,3273,11868,0,2013
test_2015,train,gs://suryabench-sharp-pipeline-bamidele/samples_npz/2013/20130721_0024_HARP2964_NOAA11795.npz,20130721_0024_HARP2964_NOAA11795,2013-07-21 00:24:00,2964,11795,0,2013
test_2015,train,gs://suryabench-sharp-pipeline-bamidele/samples_npz/2012/20120920_0548_HARP2037_NOAA11573.npz,20120920_0548_HARP2037_NOAA11573,2012-09-20 05:48:00,2037,11573,0,2012
test_2015,train,gs://suryabench-sharp-pipeline-bamidele/samples_npz/2010/20100819_1312_HARP135_NOAA11100.npz,20100819_1312_HARP135_NOAA11100,2010-08-19 13:12:00,135,11100,0,2010
test_2015,train,gs://suryabench-sharp-pipeline-bamidele/samples_npz/2013/20130514_0212_HARP2749_NOAA11749.npz,20130514_0212_HARP2749_NOAA11749,2013-05-14 02:12:00,2749,11749,0,2013
test_2015,train,gs://suryabench-sharp-pipeline-bamidele/samples_npz/2011/20110121_0736_HARP345_NOAA11147.npz,20110121_0736_HARP345_NOAA11147,2011-01-21 07:36:00,345,11147,0,2011
test_2015,train,gs://suryabench-sharp-pipeline-bamidele/samples_npz/2013/20130110_2336_HARP2362_NOAA11652.npz,20130110_2336_HARP2362_NOAA11652,2013-01-10 23:36:00,2362,11652,0,2013
test_2015,train,gs://suryabench-sharp-pipeline-bamidele/samples_npz/2013/20131107_2312_HARP3341_NOAA11890.npz,20131107_2312_HARP3341_NOAA11890,2013-11-07 23:12:00,3341,11890,1,2013
test_2015,train,gs://suryabench-sharp-pipeline-bamidele/samples_npz/2012/20120715_1512_HARP1863_NOAA11523.npz,20120715_1512_HARP1863_NOAA11523,2012-07-15 15:12:00,1863,11523,0,2012
test_2015,train,gs://suryabench-sharp-pipeline-bamidele/samples_npz/2012/20120501_1312_HARP1613_NOAA11467.npz,20120501_1312_HARP1613_NOAA11467,2012-05-01 13:12:00,1613,11467,0,2012
test_2015,train,gs://suryabench-sharp-pipeline-bamidele/samples_npz/2013/20130813_1748_HARP3048_NOAA11814.npz,20130813_1748_HARP3048_NOAA11814,2013-08-13 17:48:00,3048,11814,0,2013
test_2015,train,gs://suryabench-sharp-pipeline-bamidele/samples_npz/2012/20120822_1636_HARP1952_NOAA11551.npz,20120822_1636_HARP1952_NOAA11551,2012-08-22 16:36:00,1952,11551,0,2012
test_2015,train,gs://suryabench-sharp-pipeline-bamidele/samples_npz/2012/20120615_1448_HARP1750_NOAA11504.npz,20120615_1448_HARP1750_NOAA11504,2012-06-15 14:48:00,1750,11504,0,2012
test_2015,train,gs://suryabench-sharp-pipeline-bamidele/samples_npz/2012/20121122_1612_HARP2220_NOAA11618.npz,20121122_1612_HARP2220_NOAA11618,2012-11-22 16:12:00,2220,11618,0,2012
test_2015,train,gs://suryabench-sharp-pipeline-bamidele/samples_npz/2012/20120830_1548_HARP1970_NOAA11555.npz,20120830_1548_HARP1970_NOAA11555,2012-08-30 15:48:00,1970,11555,0,2012
test_2015,train,gs://suryabench-sharp-pipeline-bamidele/samples_npz/2013/20130102_0100_HARP2337_NOAA11640.npz,20130102_0100_HARP2337_NOAA11640,2013-01-02 01:00:00,2337,11640,0,2013
test_2015,train,gs://suryabench-sharp-pipeline-bamidele/samples_npz/2011/20111113_0600_HARP1064_NOAA11349.npz,20111113_0600_HARP1064_NOAA11349,2011-11-13 06:00:00,1064,11349,0,2011
test_2015,train,gs://suryabench-sharp-pipeline-bamidele/samples_npz/2013/20130807_1048_HARP3049_NOAA11813.npz,20130807_1048_HARP3049_NOAA11813,2013-08-07 10:48:00,3049,11813,0,2013
test_2015,train,gs://suryabench-sharp-pipeline-bamidele/samples_npz/2012/20120514_1524_HARP1644_NOAA11477.npz,20120514_1524_HARP1644_NOAA11477,2012-05-14 15:24:00,1644,11477,0,2012
test_2015,train,gs://suryabench-sharp-pipeline-bamidele/samples_npz/2010/20100901_0800_HARP145_NOAA11101.npz,20100901_0800_HARP145_NOAA11101,2010-09-01 08:00:00,145,11101,0,2010
test_2015,train,gs://suryabench-sharp-pipeline-bamidele/samples_npz/2013/20130724_0748_HARP2981_NOAA11799.npz,20130724_0748_HARP2981_NOAA11799,2013-07-24 07:48:00,2981,11799,0,2013
test_2015,train,gs://suryabench-sharp-pipeline-bamidele/samples_npz/2013/20131111_0224_HARP3341_NOAA11890.npz,20131111_0224_HARP3341_NOAA11890,2013-11-11 02:24:00,3341,11890,0,2013
test_2015,train,gs://suryabench-sharp-pipeline-bamidele/samples_npz/2013/20130924_1824_HARP3199_NOAA11850.npz,20130924_1824_HARP3199_NOAA11850,2013-09-24 18:24:00,3199,11850,0,2013
test_2015,train,gs://suryabench-sharp-pipeline-bamidele/samples_npz/2011/20111119_1912_HARP1080_NOAA11357.npz,20111119_1912_HARP1080_NOAA11357,2011-11-19 19:12:00,1080,11357,0,2011
test_2015,train,gs://suryabench-sharp-pipeline-bamidele/samples_npz/2011/20111016_0100_HARP950_NOAA11316.npz,20111016_0100_HARP950_NOAA11316,2011-10-16 01:00:00,950,11316,0,2011
test_2015,train,gs://suryabench-sharp-pipeline-bamidele/samples_npz/2011/20111011_0948_HARP927_NOAA11312.npz,20111011_0948_HARP927_NOAA11312,2011-10-11 09:48:00,927,11312,0,2011
test_2015,train,gs://suryabench-sharp-pipeline-bamidele/samples_npz/2011/20110604_0600_HARP639_NOAA11228.npz,20110604_0600_HARP639_NOAA11228,2011-06-04 06:00:00,639,11228,0,2011
test_2015,train,gs://suryabench-sharp-pipeline-bamidele/samples_npz/2012/20120831_0236_HARP1998_NOAA11557.npz,20120831_0236_HARP1998_NOAA11557,2012-08-31 02:36:00,1998,11557,0,2012
test_2015,train,gs://suryabench-sharp-pipeline-bamidele/samples_npz/2012/20120323_0012_HARP1478_NOAA11436.npz,20120323_0012_HARP1478_NOAA11436,2012-03-23 00:12:00,1478,11436,0,2012
test_2015,train,gs://suryabench-sharp-pipeline-bamidele/samples_npz/2012/20120519_0336_HARP1653_NOAA11479.npz,20120519_0336_HARP1653_NOAA11479,2012-05-19 03:36:00,1653,11479,0,2012
test_2015,train,gs://suryabench-sharp-pipeline-bamidele/samples_npz/2013/20130602_1336_HARP2812_NOAA11766.npz,20130602_1336_HARP2812_NOAA11766,2013-06-02 13:36:00,2812,11766,0,2013
test_2015,train,gs://suryabench-sharp-pipeline-bamidele/samples_npz/2013/20131107_0200_HARP3341_NOAA11890.npz,20131107_0200_HARP3341_NOAA11890,2013-11-07 02:00:00,3341,11890,1,2013
test_2015,train,gs://suryabench-sharp-pipeline-bamidele/samples_npz/2010/20101025_1336_HARP223_NOAA11118.npz,20101025_1336_HARP223_NOAA11118,2010-10-25 13:36:00,223,11118,0,2010
test_2015,train,gs://suryabench-sharp-pipeline-bamidele/samples_npz/2012/20120629_0236_HARP1795_NOAA11512.npz,20120629_0236_HARP1795_NOAA11512,2012-06-29 02:36:00,1795,11512,0,2012
test_2015,train,gs://suryabench-sharp-pipeline-bamidele/samples_npz/2011/20110805_2148_HARP753_NOAA11263.npz,20110805_2148_HARP753_NOAA11263,2011-08-05 21:48:00,753,11263,0,2011
test_2015,train,gs://suryabench-sharp-pipeline-bamidele/samples_npz/2011/20111203_1200_HARP1133_NOAA11365.npz,20111203_1200_HARP1133_NOAA11365,2011-12-03 12:00:00,1133,11365,0,2011
test_2015,train,gs://suryabench-sharp-pipeline-bamidele/samples_npz/2013/20131214_2348_HARP3483_NOAA11920.npz,20131214_2348_HARP3483_NOAA11920,2013-12-14 23:48:00,3483,11920,0,2013
test_2015,train,gs://suryabench-sharp-pipeline-bamidele/samples_npz/2012/20120911_0800_HARP2011_NOAA11566.npz,20120911_0800_HARP2011_NOAA11566,2012-09-11 08:00:00,2011,11566,0,2012
test_2015,train,gs://suryabench-sharp-pipeline-bamidele/samples_npz/2011/20110213_0248_HARP377_NOAA11158.npz,20110213_0248_HARP377_NOAA11158,2011-02-13 02:48:00,377,11158,1,2011
test_2015,train,gs://suryabench-sharp-pipeline-bamidele/samples_npz/2013/20130927_2048_HARP3220_NOAA11858.npz,20130927_2048_HARP3220_NOAA11858,2013-09-27 20:48:00,3220,11858,0,2013
test_2015,train,gs://suryabench-sharp-pipeline-bamidele/samples_npz/2012/20120630_1724_HARP1807_NOAA11514.npz,20120630_1724_HARP1807_NOAA11514,2012-06-30 17:24:00,1807,11514,0,2012
test_2015,train,gs://suryabench-sharp-pipeline-bamidele/samples_npz/2013/20130106_2324_HARP2341_NOAA11642.npz,20130106_2324_HARP2341_NOAA11642,2013-01-06 23:24:00,2341,11642,0,2013
test_2015,train,gs://suryabench-sharp-pipeline-bamidele/samples_npz/2013/20130624_1624_HARP2878_NOAA11777.npz,20130624_1624_HARP2878_NOAA11777,2013-06-24 16:24:00,2878,11777,0,2013
test_2015,train,gs://suryabench-sharp-pipeline-bamidele/samples_npz/2013/20131022_0800_HARP3291_NOAA11875.npz,20131022_0800_HARP3291_NOAA11875,2013-10-22 08:00:00,3291,11875,1,2013
test_2015,train,gs://suryabench-sharp-pipeline-bamidele/samples_npz/2012/20120906_1612_HARP2007_NOAA11565.npz,20120906_1612_HARP2007_NOAA11565,2012-09-06 16:12:00,2007,11565,0,2012
test_2015,train,gs://suryabench-sharp-pipeline-bamidele/samples_npz/2012/20120525_0336_HARP1688_NOAA11488.npz,20120525_0336_HARP1688_NOAA11488,2012-05-25 03:36:00,1688,11488,0,2012
test_2015,train,gs://suryabench-sharp-pipeline-bamidele/samples_npz/2011/20111223_0248_HARP1209_NOAA11380.npz,20111223_0248_HARP1209_NOAA11380,2011-12-23 02:48:00,1209,11380,0,2011
test_2015,train,gs://suryabench-sharp-pipeline-bamidele/samples_npz/2013/20130501_2300_HARP2693_NOAA11731.npz,20130501_2300_HARP2693_NOAA11731,2013-05-01 23:00:00,2693,11731,1,2013
test_2015,train,gs://suryabench-sharp-pipeline-bamidele/samples_npz/2011/20110516_2348_HARP602_NOAA11214.npz,20110516_2348_HARP602_NOAA11214,2011-05-16 23:48:00,602,11214,0,2011
test_2015,train,gs://suryabench-sharp-pipeline-bamidele/samples_npz/2012/20120507_2348_HARP1634_NOAA11475.npz,20120507_2348_HARP1634_NOAA11475,2012-05-07 23:48:00,1634,11475,0,2012
test_2015,train,gs://suryabench-sharp-pipeline-bamidele/samples_npz/2012/20121226_0348_HARP2314_NOAA11635.npz,20121226_0348_HARP2314_NOAA11635,2012-12-26 03:48:00,2314,11635,0,2012
test_2015,train,gs://suryabench-sharp-pipeline-bamidele/samples_npz/2012/20120128_1124_HARP1338_NOAA11408.npz,20120128_1124_HARP1338_NOAA11408,2012-01-28 11:24:00,1338,11408,0,2012
test_2015,train,gs://suryabench-sharp-pipeline-bamidele/samples_npz/2013/20130506_0548_HARP2711_NOAA11737.npz,20130506_0548_HARP2711_NOAA11737,2013-05-06 05:48:00,2711,11737,0,2013
test_2015,train,gs://suryabench-sharp-pipeline-bamidele/samples_npz/2011/20110715_0200_HARP712_NOAA11250.npz,20110715_0200_HARP712_NOAA11250,2011-07-15 02:00:00,712,11250,0,2011
test_2015,train,gs://suryabench-sharp-pipeline-bamidele/samples_npz/2011/20110322_1512_HARP436_NOAA11179.npz,20110322_1512_HARP436_NOAA11179,2011-03-22 15:12:00,436,11179,0,2011
test_2015,train,gs://suryabench-sharp-pipeline-bamidele/samples_npz/2012/20120730_1600_HARP1877_NOAA11527.npz,20120730_1600_HARP1877_NOAA11527,2012-07-30 16:00:00,1877,11527,0,2012
test_2015,train,gs://suryabench-sharp-pipeline-bamidele/samples_npz/2012/20120828_1012_HARP1951_NOAA11552.npz,20120828_1012_HARP1951_NOAA11552,2012-08-28 10:12:00,1951,11552,0,2012
test_2015,train,gs://suryabench-sharp-pipeline-bamidele/samples_npz/2011/20110417_0036_HARP504_NOAA11191.npz,20110417_0036_HARP504_NOAA11191,2011-04-17 00:36:00,504,11191,0,2011
test_2015,train,gs://suryabench-sharp-pipeline-bamidele/samples_npz/2012/20120126_0400_HARP1338_NOAA11408.npz,20120126_0400_HARP1338_NOAA11408,2012-01-26 04:00:00,1338,11408,0,2012
test_2015,train,gs://suryabench-sharp-pipeline-bamidele/samples_npz/2011/20111219_1448_HARP1183_NOAA11376.npz,20111219_1448_HARP1183_NOAA11376,2011-12-19 14:48:00,1183,11376,0,2011
test_2015,train,gs://suryabench-sharp-pipeline-bamidele/samples_npz/2013/20131101_0224_HARP3321_NOAA11884.npz,20131101_0224_HARP3321_NOAA11884,2013-11-01 02:24:00,3321,11884,1,2013
test_2015,train,gs://suryabench-sharp-pipeline-bamidele/samples_npz/2012/20120916_1312_HARP2028_NOAA11571.npz,20120916_1312_HARP2028_NOAA11571,2012-09-16 13:12:00,2028,11571,0,2012
test_2015,train,gs://suryabench-sharp-pipeline-bamidele/samples_npz/2013/20130421_1748_HARP2683_NOAA11729.npz,20130421_1748_HARP2683_NOAA11729,2013-04-21 17:48:00,2683,11729,0,2013
test_2015,train,gs://suryabench-sharp-pipeline-bamidele/samples_npz/2011/20110906_1200_HARP833_NOAA11283.npz,20110906_1200_HARP833_NOAA11283,2011-09-06 12:00:00,833,11283,1,2011
test_2015,train,gs://suryabench-sharp-pipeline-bamidele/samples_npz/2012/20121117_2148_HARP2191_NOAA11613.npz,20121117_2148_HARP2191_NOAA11613,2012-11-17 21:48:00,2191,11613,0,2012
test_2015,train,gs://suryabench-sharp-pipeline-bamidele/samples_npz/2010/20100820_0336_HARP135_NOAA11100.npz,20100820_0336_HARP135_NOAA11100,2010-08-20 03:36:00,135,11100,0,2010
test_2015,train,gs://suryabench-sharp-pipeline-bamidele/samples_npz/2010/20100927_1400_HARP190_NOAA11110.npz,20100927_1400_HARP190_NOAA11110,2010-09-27 14:00:00,190,11110,0,2010
test_2015,train,gs://suryabench-sharp-pipeline-bamidele/samples_npz/2012/20120604_0236_HARP1737_NOAA11500.npz,20120604_0236_HARP1737_NOAA11500,2012-06-04 02:36:00,1737,11500,0,2012
test_2015,train,gs://suryabench-sharp-pipeline-bamidele/samples_npz/2010/20100810_0424_HARP114_NOAA11095.npz,20100810_0424_HARP114_NOAA11095,2010-08-10 04:24:00,114,11095,0,2010
test_2015,train,gs://suryabench-sharp-pipeline-bamidele/samples_npz/2013/20130120_0024_HARP2401_NOAA11659.npz,20130120_0024_HARP2401_NOAA11659,2013-01-20 00:24:00,2401,11659,0,2013
test_2015,train,gs://suryabench-sharp-pipeline-bamidele/samples_npz/2012/20120104_0036_HARP1271_NOAA11392.npz,20120104_0036_HARP1271_NOAA11392,2012-01-04 00:36:00,1271,11392,0,2012
test_2015,train,gs://suryabench-sharp-pipeline-bamidele/samples_npz/2013/20130120_1600_HARP2387_NOAA11658.npz,20130120_1600_HARP2387_NOAA11658,2013-01-20 16:00:00,2387,11658,0,2013
test_2015,train,gs://suryabench-sharp-pipeline-bamidele/samples_npz/2012/20121003_0136_HARP2061_NOAA11580.npz,20121003_0136_HARP2061_NOAA11580,2012-10-03 01:36:00,2061,11580,0,2012
test_2015,train,gs://suryabench-sharp-pipeline-bamidele/samples_npz/2013/20130309_1424_HARP2525_NOAA11693.npz,20130309_1424_HARP2525_NOAA11693,2013-03-09 14:24:00,2525,11693,0,2013
test_2015,train,gs://suryabench-sharp-pipeline-bamidele/samples_npz/2013/20131228_1900_HARP3532_NOAA11935.npz,20131228_1900_HARP3532_NOAA11935,2013-12-28 19:00:00,3532,11935,0,2013
test_2015,train,gs://suryabench-sharp-pipeline-bamidele/samples_npz/2013/20131128_0824_HARP3415_NOAA11906.npz,20131128_0824_HARP3415_NOAA11906,2013-11-28 08:24:00,3415,11906,0,2013
test_2015,train,gs://suryabench-sharp-pipeline-bamidele/samples_npz/2012/20120825_0900_HARP1946_NOAA11548.npz,20120825_0900_HARP1946_NOAA11548,2012-08-25 09:00:00,1946,11548,0,2012
test_2015,train,gs://suryabench-sharp-pipeline-bamidele/samples_npz/2012/20120501_1448_HARP1613_NOAA11467.npz,20120501_1448_HARP1613_NOAA11467,2012-05-01 14:48:00,1613,11467,0,2012
test_2015,train,gs://suryabench-sharp-pipeline-bamidele/samples_npz/2011/20110330_0248_HARP437_NOAA11176.npz,20110330_0248_HARP437_NOAA11176,2011-03-30 02:48:00,437,11176,0,2011
test_2015,train,gs://suryabench-sharp-pipeline-bamidele/samples_npz/2012/20121023_1036_HARP2117_NOAA11593.npz,20121023_1036_HARP2117_NOAA11593,2012-10-23 10:36:00,2117,11593,0,2012
test_2015,train,gs://suryabench-sharp-pipeline-bamidele/samples_npz/2013/20130514_0600_HARP2733_NOAA11742.npz,20130514_0600_HARP2733_NOAA11742,2013-05-14 06:00:00,2733,11742,0,2013
test_2015,train,gs://suryabench-sharp-pipeline-bamidele/samples_npz/2013/20131231_0036_HARP3557_NOAA11938.npz,20131231_0036_HARP3557_NOAA11938,2013-12-31 00:36:00,3557,11938,0,2013
test_2015,train,gs://suryabench-sharp-pipeline-bamidele/samples_npz/2010/20101230_2136_HARP325_NOAA11141.npz,20101230_2136_HARP325_NOAA11141,2010-12-30 21:36:00,325,11141,0,2010
test_2015,train,gs://suryabench-sharp-pipeline-bamidele/samples_npz/2012/20120701_1048_HARP1806_NOAA11513.npz,20120701_1048_HARP1806_NOAA11513,2012-07-01 10:48:00,1806,11513,1,2012
test_2015,train,gs://suryabench-sharp-pipeline-bamidele/samples_npz/2012/20120506_0524_HARP1632_NOAA11474.npz,20120506_0524_HARP1632_NOAA11474,2012-05-06 05:24:00,1632,11474,0,2012
test_2015,train,gs://suryabench-sharp-pipeline-bamidele/samples_npz/2010/20101220_1900_HARP297_NOAA11135.npz,20101220_1900_HARP297_NOAA11135,2010-12-20 19:00:00,297,11135,0,2010
test_2015,train,gs://suryabench-sharp-pipeline-bamidele/samples_npz/2013/20130227_0024_HARP2504_NOAA11680.npz,20130227_0024_HARP2504_NOAA11680,2013-02-27 00:24:00,2504,11680,0,2013
test_2015,train,gs://suryabench-sharp-pipeline-bamidele/samples_npz/2012/20121020_1124_HARP2117_NOAA11593.npz,20121020_1124_HARP2117_NOAA11593,2012-10-20 11:24:00,2117,11593,0,2012
test_2015,train,gs://suryabench-sharp-pipeline-bamidele/samples_npz/2011/20110404_0236_HARP466_NOAA11184.npz,20110404_0236_HARP466_NOAA11184,2011-04-04 02:36:00,466,11184,0,2011
test_2015,train,gs://suryabench-sharp-pipeline-bamidele/samples_npz/2013/20130403_1412_HARP2610_NOAA11712.npz,20130403_1412_HARP2610_NOAA11712,2013-04-03 14:12:00,2610,11712,0,2013
test_2015,train,gs://suryabench-sharp-pipeline-bamidele/samples_npz/2013/20130708_2200_HARP2945_NOAA11794.npz,20130708_2200_HARP2945_NOAA11794,2013-07-08 22:00:00,2945,11794,0,2013
test_2015,train,gs://suryabench-sharp-pipeline-bamidele/samples_npz/2011/20110106_1700_HARP327_NOAA11142.npz,20110106_1700_HARP327_NOAA11142,2011-01-06 17:00:00,327,11142,0,2011
test_2015,train,gs://suryabench-sharp-pipeline-bamidele/samples_npz/2011/20110819_2048_HARP794_NOAA11271.npz,20110819_2048_HARP794_NOAA11271,2011-08-19 20:48:00,794,11271,0,2011
test_2015,train,gs://suryabench-sharp-pipeline-bamidele/samples_npz/2010/20101211_1500_HARP284_NOAA11133.npz,20101211_1500_HARP284_NOAA11133,2010-12-11 15:00:00,284,11133,0,2010
test_2015,train,gs://suryabench-sharp-pipeline-bamidele/samples_npz/2011/20110811_1348_HARP772_NOAA11269.npz,20110811_1348_HARP772_NOAA11269,2011-08-11 13:48:00,772,11269,0,2011
test_2015,train,gs://suryabench-sharp-pipeline-bamidele/samples_npz/2012/20121225_1636_HARP2314_NOAA11635.npz,20121225_1636_HARP2314_NOAA11635,2012-12-25 16:36:00,2314,11635,0,2012
test_2015,train,gs://suryabench-sharp-pipeline-bamidele/samples_npz/2011/20111102_1524_HARP1016_NOAA11335.npz,20111102_1524_HARP1016_NOAA11335,2011-11-02 15:24:00,1016,11335,0,2011
test_2015,train,gs://suryabench-sharp-pipeline-bamidele/samples_npz/2013/20130721_1924_HARP2984_NOAA11799.npz,20130721_1924_HARP2984_NOAA11799,2013-07-21 19:24:00,2984,11799,0,2013
test_2015,train,gs://suryabench-sharp-pipeline-bamidele/samples_npz/2012/20120218_0900_HARP1399_NOAA11420.npz,20120218_0900_HARP1399_NOAA11420,2012-02-18 09:00:00,1399,11420,0,2012
test_2015,train,gs://suryabench-sharp-pipeline-bamidele/samples_npz/2012/20120423_0136_HARP1596_NOAA11465.npz,20120423_0136_HARP1596_NOAA11465,2012-04-23 01:36:00,1596,11465,0,2012
test_2015,train,gs://suryabench-sharp-pipeline-bamidele/samples_npz/2013/20130601_2012_HARP2790_NOAA11758.npz,20130601_2012_HARP2790_NOAA11758,2013-06-01 20:12:00,2790,11758,0,2013
test_2015,train,gs://suryabench-sharp-pipeline-bamidele/samples_npz/2013/20130516_2036_HARP2735_NOAA11744.npz,20130516_2036_HARP2735_NOAA11744,2013-05-16 20:36:00,2735,11744,0,2013
test_2015,train,gs://suryabench-sharp-pipeline-bamidele/samples_npz/2011/20110426_1536_HARP540_NOAA11199.npz,20110426_1536_HARP540_NOAA11199,2011-04-26 15:36:00,540,11199,0,2011
test_2015,train,gs://suryabench-sharp-pipeline-bamidele/samples_npz/2013/20130226_0636_HARP2501_NOAA11682.npz,20130226_0636_HARP2501_NOAA11682,2013-02-26 06:36:00,2501,11682,0,2013
test_2015,train,gs://suryabench-sharp-pipeline-bamidele/samples_npz/2011/20111208_1100_HARP1164_NOAA11368.npz,20111208_1100_HARP1164_NOAA11368,2011-12-08 11:00:00,1164,11368,0,2011
test_2015,train,gs://suryabench-sharp-pipeline-bamidele/samples_npz/2012/20120704_1412_HARP1806_NOAA11513.npz,20120704_1412_HARP1806_NOAA11513,2012-07-04 14:12:00,1806,11513,1,2012
test_2015,train,gs://suryabench-sharp-pipeline-bamidele/samples_npz/2012/20120401_0624_HARP1500_NOAA11445.npz,20120401_0624_HARP1500_NOAA11445,2012-04-01 06:24:00,1500,11445,0,2012
test_2015,train,gs://suryabench-sharp-pipeline-bamidele/samples_npz/2011/20110102_2024_HARP321_NOAA11139.npz,20110102_2024_HARP321_NOAA11139,2011-01-02 20:24:00,321,11139,0,2011
test_2015,train,gs://suryabench-sharp-pipeline-bamidele/samples_npz/2011/20110113_1048_HARP342_NOAA11146.npz,20110113_1048_HARP342_NOAA11146,2011-01-13 10:48:00,342,11146,0,2011
test_2015,train,gs://suryabench-sharp-pipeline-bamidele/samples_npz/2010/20100803_1100_HARP107_NOAA11094.npz,20100803_1100_HARP107_NOAA11094,2010-08-03 11:00:00,107,11094,0,2010
test_2015,train,gs://suryabench-sharp-pipeline-bamidele/samples_npz/2013/20131222_1500_HARP3513_NOAA11929.npz,20131222_1500_HARP3513_NOAA11929,2013-12-22 15:00:00,3513,11929,0,2013
test_2015,train,gs://suryabench-sharp-pipeline-bamidele/samples_npz/2011/20110412_2248_HARP480_NOAA11185.npz,20110412_2248_HARP480_NOAA11185,2011-04-12 22:48:00,480,11185,0,2011
test_2015,train,gs://suryabench-sharp-pipeline-bamidele/samples_npz/2012/20121208_0612_HARP2270_NOAA11630.npz,20121208_0612_HARP2270_NOAA11630,2012-12-08 06:12:00,2270,11630,0,2012
test_2015,train,gs://suryabench-sharp-pipeline-bamidele/samples_npz/2011/20110915_2348_HARP867_NOAA11299.npz,20110915_2348_HARP867_NOAA11299,2011-09-15 23:48:00,867,11299,0,2011
test_2015,train,gs://suryabench-sharp-pipeline-bamidele/samples_npz/2013/20131106_1100_HARP3330_NOAA11887.npz,20131106_1100_HARP3330_NOAA11887,2013-11-06 11:00:00,3330,11887,0,2013
test_2015,train,gs://suryabench-sharp-pipeline-bamidele/samples_npz/2013/20130411_1024_HARP2635_NOAA11719.npz,20130411_1024_HARP2635_NOAA11719,2013-04-11 10:24:00,2635,11719,0,2013
test_2015,train,gs://suryabench-sharp-pipeline-bamidele/samples_npz/2011/20111127_0024_HARP1093_NOAA11353.npz,20111127_0024_HARP1093_NOAA11353,2011-11-27 00:24:00,1093,11353,0,2011
test_2015,train,gs://suryabench-sharp-pipeline-bamidele/samples_npz/2011/20111122_2112_HARP1093_NOAA11353.npz,20111122_2112_HARP1093_NOAA11353,2011-11-22 21:12:00,1093,11353,0,2011
test_2015,train,gs://suryabench-sharp-pipeline-bamidele/samples_npz/2012/20120528_0824_HARP1688_NOAA11488.npz,20120528_0824_HARP1688_NOAA11488,2012-05-28 08:24:00,1688,11488,0,2012
test_2015,train,gs://suryabench-sharp-pipeline-bamidele/samples_npz/2011/20110524_0000_HARP605_NOAA11216.npz,20110524_0000_HARP605_NOAA11216,2011-05-24 00:00:00,605,11216,0,2011
test_2015,train,gs://suryabench-sharp-pipeline-bamidele/samples_npz/2011/20110521_1424_HARP605_NOAA11216.npz,20110521_1424_HARP605_NOAA11216,2011-05-21 14:24:00,605,11216,0,2011
test_2015,train,gs://suryabench-sharp-pipeline-bamidele/samples_npz/2010/20100916_1736_HARP175_NOAA11106.npz,20100916_1736_HARP175_NOAA11106,2010-09-16 17:36:00,175,11106,0,2010
test_2015,train,gs://suryabench-sharp-pipeline-bamidele/samples_npz/2013/20130307_0536_HARP2525_NOAA11693.npz,20130307_0536_HARP2525_NOAA11693,2013-03-07 05:36:00,2525,11693,0,2013
test_2015,train,gs://suryabench-sharp-pipeline-bamidele/samples_npz/2013/20130922_2200_HARP3212_NOAA11845.npz,20130922_2200_HARP3212_NOAA11845,2013-09-22 22:00:00,3212,11845,0,2013
test_2015,train,gs://suryabench-sharp-pipeline-bamidele/samples_npz/2011/20110801_1436_HARP746_NOAA11260.npz,20110801_1436_HARP746_NOAA11260,2011-08-01 14:36:00,746,11260,0,2011
test_2015,train,gs://suryabench-sharp-pipeline-bamidele/samples_npz/2011/20110415_1600_HARP495_NOAA11190.npz,20110415_1600_HARP495_NOAA11190,2011-04-15 16:00:00,495,11190,1,2011
test_2015,train,gs://suryabench-sharp-pipeline-bamidele/samples_npz/2010/20100809_0736_HARP114_NOAA11095.npz,20100809_0736_HARP114_NOAA11095,2010-08-09 07:36:00,114,11095,0,2010
test_2015,train,gs://suryabench-sharp-pipeline-bamidele/samples_npz/2013/20130901_2348_HARP3149_NOAA11837.npz,20130901_2348_HARP3149_NOAA11837,2013-09-01 23:48:00,3149,11837,0,2013
test_2015,train,gs://suryabench-sharp-pipeline-bamidele/samples_npz/2010/20101130_0712_HARP274_NOAA11130.npz,20101130_0712_HARP274_NOAA11130,2010-11-30 07:12:00,274,11130,0,2010
test_2015,train,gs://suryabench-sharp-pipeline-bamidele/samples_npz/2011/20110301_1736_HARP394_NOAA11165.npz,20110301_1736_HARP394_NOAA11165,2011-03-01 17:36:00,394,11165,0,2011
test_2015,train,gs://suryabench-sharp-pipeline-bamidele/samples_npz/2012/20120703_1400_HARP1806_NOAA11513.npz,20120703_1400_HARP1806_NOAA11513,2012-07-03 14:00:00,1806,11513,1,2012
test_2015,train,gs://suryabench-sharp-pipeline-bamidele/samples_npz/2013/20130307_2248_HARP2511_NOAA11683.npz,20130307_2248_HARP2511_NOAA11683,2013-03-07 22:48:00,2511,11683,0,2013
test_2015,train,gs://suryabench-sharp-pipeline-bamidele/samples_npz/2011/20111113_0524_HARP1041_NOAA11341.npz,20111113_0524_HARP1041_NOAA11341,2011-11-13 05:24:00,1041,11341,0,2011
test_2015,train,gs://suryabench-sharp-pipeline-bamidele/samples_npz/2011/20111007_1036_HARP924_NOAA11310.npz,20111007_1036_HARP924_NOAA11310,2011-10-07 10:36:00,924,11310,0,2011
test_2015,train,gs://suryabench-sharp-pipeline-bamidele/samples_npz/2011/20110510_0400_HARP576_NOAA11207.npz,20110510_0400_HARP576_NOAA11207,2011-05-10 04:00:00,576,11207,0,2011
test_2015,train,gs://suryabench-sharp-pipeline-bamidele/samples_npz/2013/20130416_0236_HARP2663_NOAA11723.npz,20130416_0236_HARP2663_NOAA11723,2013-04-16 02:36:00,2663,11723,0,2013
test_2015,train,gs://suryabench-sharp-pipeline-bamidele/samples_npz/2011/20111109_1748_HARP1041_NOAA11341.npz,20111109_1748_HARP1041_NOAA11341,2011-11-09 17:48:00,1041,11341,0,2011
test_2015,train,gs://suryabench-sharp-pipeline-bamidele/samples_npz/2013/20131009_2248_HARP3248_NOAA11856.npz,20131009_2248_HARP3248_NOAA11856,2013-10-09 22:48:00,3248,11856,0,2013
test_2015,train,gs://suryabench-sharp-pipeline-bamidele/samples_npz/2010/20100808_1412_HARP115_NOAA11093.npz,20100808_1412_HARP115_NOAA11093,2010-08-08 14:12:00,115,11093,0,2010
test_2015,train,gs://suryabench-sharp-pipeline-bamidele/samples_npz/2010/20100524_2300_HARP26_NOAA11072.npz,20100524_2300_HARP26_NOAA11072,2010-05-24 23:00:00,26,11072,0,2010
test_2015,train,gs://suryabench-sharp-pipeline-bamidele/samples_npz/2012/20120130_0136_HARP1348_NOAA11411.npz,20120130_0136_HARP1348_NOAA11411,2012-01-30 01:36:00,1348,11411,0,2012
test_2015,train,gs://suryabench-sharp-pipeline-bamidele/samples_npz/2012/20120622_0736_HARP1783_NOAA11510.npz,20120622_0736_HARP1783_NOAA11510,2012-06-22 07:36:00,1783,11510,0,2012
test_2015,train,gs://suryabench-sharp-pipeline-bamidele/samples_npz/2012/20120830_0712_HARP1959_NOAA11553.npz,20120830_0712_HARP1959_NOAA11553,2012-08-30 07:12:00,1959,11553,0,2012
test_2015,train,gs://suryabench-sharp-pipeline-bamidele/samples_npz/2012/20120213_1712_HARP1390_NOAA11418.npz,20120213_1712_HARP1390_NOAA11418,2012-02-13 17:12:00,1390,11418,0,2012
test_2015,train,gs://suryabench-sharp-pipeline-bamidele/samples_npz/2011/20110731_1524_HARP750_NOAA11261.npz,20110731_1524_HARP750_NOAA11261,2011-07-31 15:24:00,750,11261,1,2011
test_2015,train,gs://suryabench-sharp-pipeline-bamidele/samples_npz/2013/20130409_0136_HARP2625_NOAA11716.npz,20130409_0136_HARP2625_NOAA11716,2013-04-09 01:36:00,2625,11716,0,2013
test_2015,train,gs://suryabench-sharp-pipeline-bamidele/samples_npz/2012/20120827_0836_HARP1951_NOAA11552.npz,20120827_0836_HARP1951_NOAA11552,2012-08-27 08:36:00,1951,11552,0,2012
test_2015,train,gs://suryabench-sharp-pipeline-bamidele/samples_npz/2013/20130413_0612_HARP2651_NOAA11721.npz,20130413_0612_HARP2651_NOAA11721,2013-04-13 06:12:00,2651,11721,0,2013
test_2015,train,gs://suryabench-sharp-pipeline-bamidele/samples_npz/2011/20111205_0624_HARP1124_NOAA11363.npz,20111205_0624_HARP1124_NOAA11363,2011-12-05 06:24:00,1124,11363,0,2011
test_2015,train,gs://suryabench-sharp-pipeline-bamidele/samples_npz/2013/20130309_2348_HARP2520_NOAA11687.npz,20130309_2348_HARP2520_NOAA11687,2013-03-09 23:48:00,2520,11687,0,2013
test_2015,train,gs://suryabench-sharp-pipeline-bamidele/samples_npz/2013/20130519_0200_HARP2737_NOAA11746.npz,20130519_0200_HARP2737_NOAA11746,2013-05-19 02:00:00,2737,11746,0,2013
test_2015,train,gs://suryabench-sharp-pipeline-bamidele/samples_npz/2011/20111027_1024_HARP976_NOAA11324.npz,20111027_1024_HARP976_NOAA11324,2011-10-27 10:24:00,976,11324,0,2011
test_2015,train,gs://suryabench-sharp-pipeline-bamidele/samples_npz/2011/20111214_1348_HARP1168_NOAA11374.npz,20111214_1348_HARP1168_NOAA11374,2011-12-14 13:48:00,1168,11374,0,2011
test_2015,train,gs://suryabench-sharp-pipeline-bamidele/samples_npz/2012/20121110_2200_HARP2177_NOAA11608.npz,20121110_2200_HARP2177_NOAA11608,2012-11-10 22:00:00,2177,11608,0,2012
test_2015,train,gs://suryabench-sharp-pipeline-bamidele/samples_npz/2013/20130819_1548_HARP3082_NOAA11823.npz,20130819_1548_HARP3082_NOAA11823,2013-08-19 15:48:00,3082,11823,0,2013
test_2015,train,gs://suryabench-sharp-pipeline-bamidele/samples_npz/2013/20130518_1824_HARP2739_NOAA11745.npz,20130518_1824_HARP2739_NOAA11745,2013-05-18 18:24:00,2739,11745,0,2013
test_2015,train,gs://suryabench-sharp-pipeline-bamidele/samples_npz/2012/20121112_2024_HARP2177_NOAA11608.npz,20121112_2024_HARP2177_NOAA11608,2012-11-12 20:24:00,2177,11608,0,2012
test_2015,train,gs://suryabench-sharp-pipeline-bamidele/samples_npz/2013/20130316_2324_HARP2546_NOAA11692.npz,20130316_2324_HARP2546_NOAA11692,2013-03-16 23:24:00,2546,11692,0,2013
test_2015,train,gs://suryabench-sharp-pipeline-bamidele/samples_npz/2012/20121019_1300_HARP2117_NOAA11593.npz,20121019_1300_HARP2117_NOAA11593,2012-10-19 13:00:00,2117,11593,0,2012
test_2015,train,gs://suryabench-sharp-pipeline-bamidele/samples_npz/2013/20131103_0012_HARP3336_NOAA11889.npz,20131103_0012_HARP3336_NOAA11889,2013-11-03 00:12:00,3336,11889,0,2013
test_2015,train,gs://suryabench-sharp-pipeline-bamidele/samples_npz/2011/20110310_1000_HARP401_NOAA11166.npz,20110310_1000_HARP401_NOAA11166,2011-03-10 10:00:00,401,11166,1,2011
test_2015,train,gs://suryabench-sharp-pipeline-bamidele/samples_npz/2010/20101022_1712_HARP224_NOAA11119.npz,20101022_1712_HARP224_NOAA11119,2010-10-22 17:12:00,224,11119,0,2010
test_2015,train,gs://suryabench-sharp-pipeline-bamidele/samples_npz/2013/20131012_0548_HARP3263_NOAA11861.npz,20131012_0548_HARP3263_NOAA11861,2013-10-12 05:48:00,3263,11861,0,2013
test_2015,train,gs://suryabench-sharp-pipeline-bamidele/samples_npz/2010/20100617_1924_HARP58_NOAA11083.npz,20100617_1924_HARP58_NOAA11083,2010-06-17 19:24:00,58,11083,0,2010
test_2015,train,gs://suryabench-sharp-pipeline-bamidele/samples_npz/2011/20110211_0912_HARP367_NOAA11156.npz,20110211_0912_HARP367_NOAA11156,2011-02-11 09:12:00,367,11156,0,2011
test_2015,train,gs://suryabench-sharp-pipeline-bamidele/samples_npz/2013/20131110_2148_HARP3371_NOAA11901.npz,20131110_2148_HARP3371_NOAA11901,2013-11-10 21:48:00,3371,11901,0,2013
test_2015,train,gs://suryabench-sharp-pipeline-bamidele/samples_npz/2012/20120420_1248_HARP1594_NOAA11464.npz,20120420_1248_HARP1594_NOAA11464,2012-04-20 12:48:00,1594,11464,0,2012
test_2015,train,gs://suryabench-sharp-pipeline-bamidele/samples_npz/2010/20100809_0612_HARP115_NOAA11093.npz,20100809_0612_HARP115_NOAA11093,2010-08-09 06:12:00,115,11093,0,2010
test_2015,train,gs://suryabench-sharp-pipeline-bamidele/samples_npz/2010/20101019_0148_HARP218_NOAA11113.npz,20101019_0148_HARP218_NOAA11113,2010-10-19 01:48:00,218,11113,0,2010
test_2015,train,gs://suryabench-sharp-pipeline-bamidele/samples_npz/2010/20101106_0048_HARP248_NOAA11122.npz,20101106_0048_HARP248_NOAA11122,2010-11-06 00:48:00,248,11122,0,2010
test_2015,train,gs://suryabench-sharp-pipeline-bamidele/samples_npz/2013/20130709_1336_HARP2942_NOAA11789.npz,20130709_1336_HARP2942_NOAA11789,2013-07-09 13:36:00,2942,11789,0,2013
test_2015,train,gs://suryabench-sharp-pipeline-bamidele/samples_npz/2013/20131230_0524_HARP3557_NOAA11938.npz,20131230_0524_HARP3557_NOAA11938,2013-12-30 05:24:00,3557,11938,0,2013
test_2015,train,gs://suryabench-sharp-pipeline-bamidele/samples_npz/2011/20110513_1736_HARP587_NOAA11208.npz,20110513_1736_HARP587_NOAA11208,2011-05-13 17:36:00,587,11208,0,2011
test_2015,train,gs://suryabench-sharp-pipeline-bamidele/samples_npz/2013/20130219_0436_HARP2491_NOAA11675.npz,20130219_0436_HARP2491_NOAA11675,2013-02-19 04:36:00,2491,11675,0,2013
test_2015,train,gs://suryabench-sharp-pipeline-bamidele/samples_npz/2011/20110313_1400_HARP415_NOAA11171.npz,20110313_1400_HARP415_NOAA11171,2011-03-13 14:00:00,415,11171,0,2011
test_2015,train,gs://suryabench-sharp-pipeline-bamidele/samples_npz/2013/20130111_2148_HARP2358_NOAA11649.npz,20130111_2148_HARP2358_NOAA11649,2013-01-11 21:48:00,2358,11649,0,2013
test_2015,train,gs://suryabench-sharp-pipeline-bamidele/samples_npz/2013/20130821_1100_HARP3082_NOAA11823.npz,20130821_1100_HARP3082_NOAA11823,2013-08-21 11:00:00,3082,11823,0,2013
test_2015,train,gs://suryabench-sharp-pipeline-bamidele/samples_npz/2013/20130108_0100_HARP2342_NOAA11643.npz,20130108_0100_HARP2342_NOAA11643,2013-01-08 01:00:00,2342,11643,0,2013
test_2015,train,gs://suryabench-sharp-pipeline-bamidele/samples_npz/2011/20110214_0124_HARP364_NOAA11157.npz,20110214_0124_HARP364_NOAA11157,2011-02-14 01:24:00,364,11157,0,2011
test_2015,train,gs://suryabench-sharp-pipeline-bamidele/samples_npz/2012/20120314_0612_HARP1461_NOAA11432.npz,20120314_0612_HARP1461_NOAA11432,2012-03-14 06:12:00,1461,11432,1,2012
test_2015,train,gs://suryabench-sharp-pipeline-bamidele/samples_npz/2012/20120117_0200_HARP1319_NOAA11400.npz,20120117_0200_HARP1319_NOAA11400,2012-01-17 02:00:00,1319,11400,0,2012
test_2015,train,gs://suryabench-sharp-pipeline-bamidele/samples_npz/2010/20101129_0100_HARP270_NOAA11128.npz,20101129_0100_HARP270_NOAA11128,2010-11-29 01:00:00,270,11128,0,2010
test_2015,train,gs://suryabench-sharp-pipeline-bamidele/samples_npz/2011/20110713_0536_HARP700_NOAA11245.npz,20110713_0536_HARP700_NOAA11245,2011-07-13 05:36:00,700,11245,0,2011
test_2015,train,gs://suryabench-sharp-pipeline-bamidele/samples_npz/2013/20131204_1424_HARP3461_NOAA11915.npz,20131204_1424_HARP3461_NOAA11915,2013-12-04 14:24:00,3461,11915,0,2013
test_2015,train,gs://suryabench-sharp-pipeline-bamidele/samples_npz/2010/20101024_1200_HARP223_NOAA11118.npz,20101024_1200_HARP223_NOAA11118,2010-10-24 12:00:00,223,11118,0,2010
test_2015,train,gs://suryabench-sharp-pipeline-bamidele/samples_npz/2011/20110307_1624_HARP401_NOAA11166.npz,20110307_1624_HARP401_NOAA11166,2011-03-07 16:24:00,401,11166,1,2011
test_2015,train,gs://suryabench-sharp-pipeline-bamidele/samples_npz/2011/20111107_1900_HARP1028_NOAA11339.npz,20111107_1900_HARP1028_NOAA11339,2011-11-07 19:00:00,1028,11339,0,2011
test_2015,train,gs://suryabench-sharp-pipeline-bamidele/samples_npz/2013/20130803_0936_HARP3032_NOAA11811.npz,20130803_0936_HARP3032_NOAA11811,2013-08-03 09:36:00,3032,11811,0,2013
test_2015,train,gs://suryabench-sharp-pipeline-bamidele/samples_npz/2013/20130413_1412_HARP2651_NOAA11721.npz,20130413_1412_HARP2651_NOAA11721,2013-04-13 14:12:00,2651,11721,0,2013
test_2015,train,gs://suryabench-sharp-pipeline-bamidele/samples_npz/2012/20120830_1212_HARP1993_NOAA11560.npz,20120830_1212_HARP1993_NOAA11560,2012-08-30 12:12:00,1993,11560,0,2012
test_2015,train,gs://suryabench-sharp-pipeline-bamidele/samples_npz/2012/20120822_0524_HARP1952_NOAA11551.npz,20120822_0524_HARP1952_NOAA11551,2012-08-22 05:24:00,1952,11551,0,2012
test_2015,train,gs://suryabench-sharp-pipeline-bamidele/samples_npz/2011/20110515_0400_HARP595_NOAA11212.npz,20110515_0400_HARP595_NOAA11212,2011-05-15 04:00:00,595,11212,0,2011
test_2015,train,gs://suryabench-sharp-pipeline-bamidele/samples_npz/2011/20110508_2000_HARP576_NOAA11207.npz,20110508_2000_HARP576_NOAA11207,2011-05-08 20:00:00,576,11207,0,2011
test_2015,train,gs://suryabench-sharp-pipeline-bamidele/samples_npz/2012/20120303_0724_HARP1425_NOAA11424.npz,20120303_0724_HARP1425_NOAA11424,2012-03-03 07:24:00,1425,11424,0,2012
test_2015,train,gs://suryabench-sharp-pipeline-bamidele/samples_npz/2012/20120614_1136_HARP1750_NOAA11504.npz,20120614_1136_HARP1750_NOAA11504,2012-06-14 11:36:00,1750,11504,1,2012
test_2015,train,gs://suryabench-sharp-pipeline-bamidele/samples_npz/2012/20120402_1600_HARP1514_NOAA11448.npz,20120402_1600_HARP1514_NOAA11448,2012-04-02 16:00:00,1514,11448,0,2012
test_2015,train,gs://suryabench-sharp-pipeline-bamidele/samples_npz/2012/20121105_1400_HARP2171_NOAA11605.npz,20121105_1400_HARP2171_NOAA11605,2012-11-05 14:00:00,2171,11605,0,2012
test_2015,train,gs://suryabench-sharp-pipeline-bamidele/samples_npz/2011/20111222_2200_HARP1209_NOAA11380.npz,20111222_2200_HARP1209_NOAA11380,2011-12-22 22:00:00,1209,11380,0,2011
test_2015,train,gs://suryabench-sharp-pipeline-bamidele/samples_npz/2012/20120330_1112_HARP1500_NOAA11445.npz,20120330_1112_HARP1500_NOAA11445,2012-03-30 11:12:00,1500,11445,0,2012
test_2015,train,gs://suryabench-sharp-pipeline-bamidele/samples_npz/2013/20130816_1948_HARP3056_NOAA11818.npz,20130816_1948_HARP3056_NOAA11818,2013-08-16 19:48:00,3056,11818,1,2013
test_2015,train,gs://suryabench-sharp-pipeline-bamidele/samples_npz/2011/20110902_1148_HARP814_NOAA11277.npz,20110902_1148_HARP814_NOAA11277,2011-09-02 11:48:00,814,11277,0,2011
test_2015,train,gs://suryabench-sharp-pipeline-bamidele/samples_npz/2013/20130721_0312_HARP2966_NOAA11797.npz,20130721_0312_HARP2966_NOAA11797,2013-07-21 03:12:00,2966,11797,0,2013
test_2015,train,gs://suryabench-sharp-pipeline-bamidele/samples_npz/2013/20130309_1236_HARP2520_NOAA11687.npz,20130309_1236_HARP2520_NOAA11687,2013-03-09 12:36:00,2520,11687,0,2013
test_2015,train,gs://suryabench-sharp-pipeline-bamidele/samples_npz/2013/20131215_1948_HARP3473_NOAA11917.npz,20131215_1948_HARP3473_NOAA11917,2013-12-15 19:48:00,3473,11917,0,2013
test_2015,train,gs://suryabench-sharp-pipeline-bamidele/samples_npz/2011/20110829_1348_HARP817_NOAA11285.npz,20110829_1348_HARP817_NOAA11285,2011-08-29 13:48:00,817,11285,0,2011
test_2015,train,gs://suryabench-sharp-pipeline-bamidele/samples_npz/2013/20130407_0436_HARP2605_NOAA11711.npz,20130407_0436_HARP2605_NOAA11711,2013-04-07 04:36:00,2605,11711,0,2013
test_2015,train,gs://suryabench-sharp-pipeline-bamidele/samples_npz/2013/20130112_2148_HARP2371_NOAA11657.npz,20130112_2148_HARP2371_NOAA11657,2013-01-12 21:48:00,2371,11657,0,2013
test_2015,train,gs://suryabench-sharp-pipeline-bamidele/samples_npz/2012/20120710_0112_HARP1832_NOAA11518.npz,20120710_0112_HARP1832_NOAA11518,2012-07-10 01:12:00,1832,11518,0,2012
test_2015,train,gs://suryabench-sharp-pipeline-bamidele/samples_npz/2012/20120619_1024_HARP1783_NOAA11510.npz,20120619_1024_HARP1783_NOAA11510,2012-06-19 10:24:00,1783,11510,0,2012
test_2015,train,gs://suryabench-sharp-pipeline-bamidele/samples_npz/2013/20131103_1924_HARP3336_NOAA11889.npz,20131103_1924_HARP3336_NOAA11889,2013-11-03 19:24:00,3336,11889,0,2013
test_2015,train,gs://suryabench-sharp-pipeline-bamidele/samples_npz/2011/20111015_1436_HARP948_NOAA11317.npz,20111015_1436_HARP948_NOAA11317,2011-10-15 14:36:00,948,11317,0,2011
test_2015,train,gs://suryabench-sharp-pipeline-bamidele/samples_npz/2011/20111211_1548_HARP1164_NOAA11368.npz,20111211_1548_HARP1164_NOAA11368,2011-12-11 15:48:00,1164,11368,0,2011
test_2015,train,gs://suryabench-sharp-pipeline-bamidele/samples_npz/2012/20120115_0648_HARP1319_NOAA11400.npz,20120115_0648_HARP1319_NOAA11400,2012-01-15 06:48:00,1319,11400,0,2012
test_2015,train,gs://suryabench-sharp-pipeline-bamidele/samples_npz/2013/20131010_0900_HARP3267_NOAA11867.npz,20131010_0900_HARP3267_NOAA11867,2013-10-10 09:00:00,3267,11867,0,2013
test_2015,train,gs://suryabench-sharp-pipeline-bamidele/samples_npz/2010/20100915_0412_HARP175_NOAA11106.npz,20100915_0412_HARP175_NOAA11106,2010-09-15 04:12:00,175,11106,0,2010
test_2015,train,gs://suryabench-sharp-pipeline-bamidele/samples_npz/2013/20131030_0912_HARP3326_NOAA11886.npz,20131030_0912_HARP3326_NOAA11886,2013-10-30 09:12:00,3326,11886,0,2013
test_2015,train,gs://suryabench-sharp-pipeline-bamidele/samples_npz/2012/20120826_1712_HARP1962_NOAA11554.npz,20120826_1712_HARP1962_NOAA11554,2012-08-26 17:12:00,1962,11554,0,2012
test_2015,train,gs://suryabench-sharp-pipeline-bamidele/samples_npz/2013/20130128_0412_HARP2411_NOAA11661.npz,20130128_0412_HARP2411_NOAA11661,2013-01-28 04:12:00,2411,11661,0,2013
test_2015,train,gs://suryabench-sharp-pipeline-bamidele/samples_npz/2011/20110607_0636_HARP651_NOAA11231.npz,20110607_0636_HARP651_NOAA11231,2011-06-07 06:36:00,651,11231,0,2011
test_2015,train,gs://suryabench-sharp-pipeline-bamidele/samples_npz/2010/20101226_0936_HARP318_NOAA11138.npz,20101226_0936_HARP318_NOAA11138,2010-12-26 09:36:00,318,11138,0,2010
test_2015,train,gs://suryabench-sharp-pipeline-bamidele/samples_npz/2013/20130919_2324_HARP3195_NOAA11843.npz,20130919_2324_HARP3195_NOAA11843,2013-09-19 23:24:00,3195,11843,0,2013
test_2015,train,gs://suryabench-sharp-pipeline-bamidele/samples_npz/2013/20130421_2024_HARP2673_NOAA11726.npz,20130421_2024_HARP2673_NOAA11726,2013-04-21 20:24:00,2673,11726,1,2013
test_2015,train,gs://suryabench-sharp-pipeline-bamidele/samples_npz/2012/20120502_0024_HARP1613_NOAA11467.npz,20120502_0024_HARP1613_NOAA11467,2012-05-02 00:24:00,1613,11467,0,2012
test_2015,train,gs://suryabench-sharp-pipeline-bamidele/samples_npz/2013/20131009_1400_HARP3247_NOAA11857.npz,20131009_1400_HARP3247_NOAA11857,2013-10-09 14:00:00,3247,11857,0,2013
test_2015,train,gs://suryabench-sharp-pipeline-bamidele/samples_npz/2011/20110918_0412_HARP856_NOAA11295.npz,20110918_0412_HARP856_NOAA11295,2011-09-18 04:12:00,856,11295,0,2011
test_2015,train,gs://suryabench-sharp-pipeline-bamidele/samples_npz/2011/20110725_1736_HARP744_NOAA11262.npz,20110725_1736_HARP744_NOAA11262,2011-07-25 17:36:00,744,11262,0,2011
test_2015,train,gs://suryabench-sharp-pipeline-bamidele/samples_npz/2010/20101216_1100_HARP297_NOAA11135.npz,20101216_1100_HARP297_NOAA11135,2010-12-16 11:00:00,297,11135,0,2010
test_2015,train,gs://suryabench-sharp-pipeline-bamidele/samples_npz/2013/20130407_1248_HARP2625_NOAA11716.npz,20130407_1248_HARP2625_NOAA11716,2013-04-07 12:48:00,2625,11716,0,2013
test_2015,train,gs://suryabench-sharp-pipeline-bamidele/samples_npz/2012/20120301_0236_HARP1425_NOAA11424.npz,20120301_0236_HARP1425_NOAA11424,2012-03-01 02:36:00,1425,11424,0,2012
test_2015,train,gs://suryabench-sharp-pipeline-bamidele/samples_npz/2012/20120516_0612_HARP1658_NOAA11483.npz,20120516_0612_HARP1658_NOAA11483,2012-05-16 06:12:00,1658,11483,0,2012
test_2015,train,gs://suryabench-sharp-pipeline-bamidele/samples_npz/2013/20130331_2112_HARP2599_NOAA11710.npz,20130331_2112_HARP2599_NOAA11710,2013-03-31 21:12:00,2599,11710,0,2013
test_2015,train,gs://suryabench-sharp-pipeline-bamidele/samples_npz/2010/20101023_1512_HARP226_NOAA11117.npz,20101023_1512_HARP226_NOAA11117,2010-10-23 15:12:00,226,11117,0,2010
test_2015,train,gs://suryabench-sharp-pipeline-bamidele/samples_npz/2013/20131031_0536_HARP3321_NOAA11884.npz,20131031_0536_HARP3321_NOAA11884,2013-10-31 05:36:00,3321,11884,1,2013
test_2015,train,gs://suryabench-sharp-pipeline-bamidele/samples_npz/2012/20120510_0336_HARP1632_NOAA11474.npz,20120510_0336_HARP1632_NOAA11474,2012-05-10 03:36:00,1632,11474,0,2012
test_2015,train,gs://suryabench-sharp-pipeline-bamidele/samples_npz/2012/20120114_1736_HARP1312_NOAA11397.npz,20120114_1736_HARP1312_NOAA11397,2012-01-14 17:36:00,1312,11397,0,2012
test_2015,train,gs://suryabench-sharp-pipeline-bamidele/samples_npz/2013/20130304_0236_HARP2502_NOAA11681.npz,20130304_0236_HARP2502_NOAA11681,2013-03-04 02:36:00,2502,11681,0,2013
test_2015,train,gs://suryabench-sharp-pipeline-bamidele/samples_npz/2013/20130327_1200_HARP2595_NOAA11706.npz,20130327_1200_HARP2595_NOAA11706,2013-03-27 12:00:00,2595,11706,0,2013
test_2015,train,gs://suryabench-sharp-pipeline-bamidele/samples_npz/2012/20120105_0948_HARP1256_NOAA11388.npz,20120105_0948_HARP1256_NOAA11388,2012-01-05 09:48:00,1256,11388,0,2012
test_2015,train,gs://suryabench-sharp-pipeline-bamidele/samples_npz/2013/20130313_1536_HARP2569_NOAA11697.npz,20130313_1536_HARP2569_NOAA11697,2013-03-13 15:36:00,2569,11697,0,2013
test_2015,train,gs://suryabench-sharp-pipeline-bamidele/samples_npz/2012/20121020_2236_HARP2117_NOAA11593.npz,20121020_2236_HARP2117_NOAA11593,2012-10-20 22:36:00,2117,11593,0,2012
test_2015,train,gs://suryabench-sharp-pipeline-bamidele/samples_npz/2012/20120902_1712_HARP1996_NOAA11563.npz,20120902_1712_HARP1996_NOAA11563,2012-09-02 17:12:00,1996,11563,0,2012
test_2015,train,gs://suryabench-sharp-pipeline-bamidele/samples_npz/2013/20131018_0212_HARP3293_NOAA11874.npz,20131018_0212_HARP3293_NOAA11874,2013-10-18 02:12:00,3293,11874,0,2013
test_2015,train,gs://suryabench-sharp-pipeline-bamidele/samples_npz/2013/20130628_2124_HARP2898_NOAA11779.npz,20130628_2124_HARP2898_NOAA11779,2013-06-28 21:24:00,2898,11779,0,2013
test_2015,train,gs://suryabench-sharp-pipeline-bamidele/samples_npz/2013/20130327_0812_HARP2587_NOAA11704.npz,20130327_0812_HARP2587_NOAA11704,2013-03-27 08:12:00,2587,11704,0,2013
test_2015,train,gs://suryabench-sharp-pipeline-bamidele/samples_npz/2013/20130927_0212_HARP3217_NOAA11851.npz,20130927_0212_HARP3217_NOAA11851,2013-09-27 02:12:00,3217,11851,0,2013
test_2015,train,gs://suryabench-sharp-pipeline-bamidele/samples_npz/2011/20110905_1824_HARP833_NOAA11283.npz,20110905_1824_HARP833_NOAA11283,2011-09-05 18:24:00,833,11283,1,2011
test_2015,train,gs://suryabench-sharp-pipeline-bamidele/samples_npz/2013/20130515_1524_HARP2750_NOAA11750.npz,20130515_1524_HARP2750_NOAA11750,2013-05-15 15:24:00,2750,11750,0,2013
test_2015,train,gs://suryabench-sharp-pipeline-bamidele/samples_npz/2011/20110308_1448_HARP401_NOAA11166.npz,20110308_1448_HARP401_NOAA11166,2011-03-08 14:48:00,401,11166,1,2011
test_2015,train,gs://suryabench-sharp-pipeline-bamidele/samples_npz/2011/20110318_1212_HARP421_NOAA11172.npz,20110318_1212_HARP421_NOAA11172,2011-03-18 12:12:00,421,11172,0,2011
test_2015,train,gs://suryabench-sharp-pipeline-bamidele/samples_npz/2013/20130823_1936_HARP3116_NOAA11833.npz,20130823_1936_HARP3116_NOAA11833,2013-08-23 19:36:00,3116,11833,0,2013
test_2015,train,gs://suryabench-sharp-pipeline-bamidele/samples_npz/2011/20111102_1112_HARP1005_NOAA11332.npz,20111102_1112_HARP1005_NOAA11332,2011-11-02 11:12:00,1005,11332,0,2011
test_2015,train,gs://suryabench-sharp-pipeline-bamidele/samples_npz/2013/20131013_0400_HARP3258_NOAA11861.npz,20131013_0400_HARP3258_NOAA11861,2013-10-13 04:00:00,3258,11861,0,2013
test_2015,train,gs://suryabench-sharp-pipeline-bamidele/samples_npz/2012/20120904_0636_HARP1979_NOAA11558.npz,20120904_0636_HARP1979_NOAA11558,2012-09-04 06:36:00,1979,11558,0,2012
test_2015,train,gs://suryabench-sharp-pipeline-bamidele/samples_npz/2013/20130528_1948_HARP2760_NOAA11753.npz,20130528_1948_HARP2760_NOAA11753,2013-05-28 19:48:00,2760,11753,0,2013
test_2015,train,gs://suryabench-sharp-pipeline-bamidele/samples_npz/2011/20110731_1436_HARP746_NOAA11260.npz,20110731_1436_HARP746_NOAA11260,2011-07-31 14:36:00,746,11260,0,2011
test_2015,train,gs://suryabench-sharp-pipeline-bamidele/samples_npz/2011/20110215_0912_HARP377_NOAA11158.npz,20110215_0912_HARP377_NOAA11158,2011-02-15 09:12:00,377,11158,1,2011
test_2015,train,gs://suryabench-sharp-pipeline-bamidele/samples_npz/2011/20110605_0800_HARP637_NOAA11226.npz,20110605_0800_HARP637_NOAA11226,2011-06-05 08:00:00,637,11226,1,2011
test_2015,train,gs://suryabench-sharp-pipeline-bamidele/samples_npz/2011/20110910_0536_HARP850_NOAA11290.npz,20110910_0536_HARP850_NOAA11290,2011-09-10 05:36:00,850,11290,0,2011
test_2015,train,gs://suryabench-sharp-pipeline-bamidele/samples_npz/2013/20131102_1612_HARP3336_NOAA11889.npz,20131102_1612_HARP3336_NOAA11889,2013-11-02 16:12:00,3336,11889,0,2013
test_2015,train,gs://suryabench-sharp-pipeline-bamidele/samples_npz/2012/20120317_1724_HARP1464_NOAA11434.npz,20120317_1724_HARP1464_NOAA11434,2012-03-17 17:24:00,1464,11434,1,2012
test_2015,train,gs://suryabench-sharp-pipeline-bamidele/samples_npz/2011/20110308_1136_HARP401_NOAA11166.npz,20110308_1136_HARP401_NOAA11166,2011-03-08 11:36:00,401,11166,1,2011
test_2015,train,gs://suryabench-sharp-pipeline-bamidele/samples_npz/2011/20110825_1124_HARP805_NOAA11275.npz,20110825_1124_HARP805_NOAA11275,2011-08-25 11:24:00,805,11275,0,2011
test_2015,train,gs://suryabench-sharp-pipeline-bamidele/samples_npz/2012/20120723_1012_HARP1866_NOAA11524.npz,20120723_1012_HARP1866_NOAA11524,2012-07-23 10:12:00,1866,11524,0,2012
test_2015,train,gs://suryabench-sharp-pipeline-bamidele/samples_npz/2012/20120212_2200_HARP1389_NOAA11416.npz,20120212_2200_HARP1389_NOAA11416,2012-02-12 22:00:00,1389,11416,0,2012
test_2015,train,gs://suryabench-sharp-pipeline-bamidele/samples_npz/2013/20130113_1036_HARP2371_NOAA11657.npz,20130113_1036_HARP2371_NOAA11657,2013-01-13 10:36:00,2371,11657,0,2013
test_2015,train,gs://suryabench-sharp-pipeline-bamidele/samples_npz/2013/20130716_1500_HARP2976_NOAA11796.npz,20130716_1500_HARP2976_NOAA11796,2013-07-16 15:00:00,2976,11796,0,2013
test_2015,train,gs://suryabench-sharp-pipeline-bamidele/samples_npz/2013/20130117_1912_HARP2387_NOAA11658.npz,20130117_1912_HARP2387_NOAA11658,2013-01-17 19:12:00,2387,11658,0,2013
test_2015,train,gs://suryabench-sharp-pipeline-bamidele/samples_npz/2011/20110510_0800_HARP589_NOAA11209.npz,20110510_0800_HARP589_NOAA11209,2011-05-10 08:00:00,589,11209,0,2011
test_2015,train,gs://suryabench-sharp-pipeline-bamidele/samples_npz/2012/20120808_0312_HARP1907_NOAA11538.npz,20120808_0312_HARP1907_NOAA11538,2012-08-08 03:12:00,1907,11538,0,2012
test_2015,train,gs://suryabench-sharp-pipeline-bamidele/samples_npz/2011/20110427_0812_HARP514_NOAA11195.npz,20110427_0812_HARP514_NOAA11195,2011-04-27 08:12:00,514,11195,0,2011
test_2015,train,gs://suryabench-sharp-pipeline-bamidele/samples_npz/2012/20121204_2348_HARP2260_NOAA11627.npz,20121204_2348_HARP2260_NOAA11627,2012-12-04 23:48:00,2260,11627,0,2012
test_2015,train,gs://suryabench-sharp-pipeline-bamidele/samples_npz/2012/20120910_0548_HARP2011_NOAA11566.npz,20120910_0548_HARP2011_NOAA11566,2012-09-10 05:48:00,2011,11566,0,2012
test_2015,train,gs://suryabench-sharp-pipeline-bamidele/samples_npz/2013/20130508_0924_HARP2718_NOAA11740.npz,20130508_0924_HARP2718_NOAA11740,2013-05-08 09:24:00,2718,11740,0,2013
test_2015,train,gs://suryabench-sharp-pipeline-bamidele/samples_npz/2010/20100731_2036_HARP107_NOAA11094.npz,20100731_2036_HARP107_NOAA11094,2010-07-31 20:36:00,107,11094,0,2010
test_2015,train,gs://suryabench-sharp-pipeline-bamidele/samples_npz/2013/20130310_1436_HARP2525_NOAA11693.npz,20130310_1436_HARP2525_NOAA11693,2013-03-10 14:36:00,2525,11693,0,2013
test_2015,train,gs://suryabench-sharp-pipeline-bamidele/samples_npz/2011/20110503_1212_HARP556_NOAA11203.npz,20110503_1212_HARP556_NOAA11203,2011-05-03 12:12:00,556,11203,0,2011
test_2015,train,gs://suryabench-sharp-pipeline-bamidele/samples_npz/2013/20131022_0312_HARP3291_NOAA11875.npz,20131022_0312_HARP3291_NOAA11875,2013-10-22 03:12:00,3291,11875,1,2013
test_2015,train,gs://suryabench-sharp-pipeline-bamidele/samples_npz/2010/20100531_2148_HARP43_NOAA11076.npz,20100531_2148_HARP43_NOAA11076,2010-05-31 21:48:00,43,11076,0,2010
test_2015,train,gs://suryabench-sharp-pipeline-bamidele/samples_npz/2013/20130302_1124_HARP2519_NOAA11686.npz,20130302_1124_HARP2519_NOAA11686,2013-03-02 11:24:00,2519,11686,0,2013
test_2015,train,gs://suryabench-sharp-pipeline-bamidele/samples_npz/2011/20110916_0024_HARP853_NOAA11292.npz,20110916_0024_HARP853_NOAA11292,2011-09-16 00:24:00,853,11292,0,2011
test_2015,train,gs://suryabench-sharp-pipeline-bamidele/samples_npz/2011/20111015_1824_HARP940_NOAA11314.npz,20111015_1824_HARP940_NOAA11314,2011-10-15 18:24:00,940,11314,0,2011
test_2015,train,gs://suryabench-sharp-pipeline-bamidele/samples_npz/2013/20131006_0124_HARP3252_NOAA11862.npz,20131006_0124_HARP3252_NOAA11862,2013-10-06 01:24:00,3252,11862,0,2013
test_2015,train,gs://suryabench-sharp-pipeline-bamidele/samples_npz/2011/20110213_0436_HARP364_NOAA11157.npz,20110213_0436_HARP364_NOAA11157,2011-02-13 04:36:00,364,11157,0,2011
test_2015,train,gs://suryabench-sharp-pipeline-bamidele/samples_npz/2013/20130722_1512_HARP2982_NOAA11798.npz,20130722_1512_HARP2982_NOAA11798,2013-07-22 15:12:00,2982,11798,0,2013
test_2015,train,gs://suryabench-sharp-pipeline-bamidele/samples_npz/2013/20131214_0436_HARP3483_NOAA11920.npz,20131214_0436_HARP3483_NOAA11920,2013-12-14 04:36:00,3483,11920,0,2013
test_2015,train,gs://suryabench-sharp-pipeline-bamidele/samples_npz/2012/20120902_1212_HARP1997_NOAA11561.npz,20120902_1212_HARP1997_NOAA11561,2012-09-02 12:12:00,1997,11561,0,2012
test_2015,train,gs://suryabench-sharp-pipeline-bamidele/samples_npz/2013/20130731_0848_HARP3012_NOAA11806.npz,20130731_0848_HARP3012_NOAA11806,2013-07-31 08:48:00,3012,11806,0,2013
test_2015,train,gs://suryabench-sharp-pipeline-bamidele/samples_npz/2010/20100702_1100_HARP71_NOAA11084.npz,20100702_1100_HARP71_NOAA11084,2010-07-02 11:00:00,71,11084,0,2010
test_2015,train,gs://suryabench-sharp-pipeline-bamidele/samples_npz/2013/20130715_2300_HARP2976_NOAA11796.npz,20130715_2300_HARP2976_NOAA11796,2013-07-15 23:00:00,2976,11796,0,2013
test_2015,train,gs://suryabench-sharp-pipeline-bamidele/samples_npz/2012/20121211_0112_HARP2262_NOAA11628.npz,20121211_0112_HARP2262_NOAA11628,2012-12-11 01:12:00,2262,11628,0,2012
test_2015,train,gs://suryabench-sharp-pipeline-bamidele/samples_npz/2012/20120105_0812_HARP1256_NOAA11388.npz,20120105_0812_HARP1256_NOAA11388,2012-01-05 08:12:00,1256,11388,0,2012
test_2015,train,gs://suryabench-sharp-pipeline-bamidele/samples_npz/2012/20120916_1112_HARP2028_NOAA11571.npz,20120916_1112_HARP2028_NOAA11571,2012-09-16 11:12:00,2028,11571,0,2012
test_2015,train,gs://suryabench-sharp-pipeline-bamidele/samples_npz/2011/20111118_0048_HARP1066_NOAA11346.npz,20111118_0048_HARP1066_NOAA11346,2011-11-18 00:48:00,1066,11346,0,2011
test_2015,train,gs://suryabench-sharp-pipeline-bamidele/samples_npz/2010/20100606_1048_HARP46_NOAA11078.npz,20100606_1048_HARP46_NOAA11078,2010-06-06 10:48:00,46,11078,0,2010
test_2015,train,gs://suryabench-sharp-pipeline-bamidele/samples_npz/2011/20110918_2024_HARP856_NOAA11295.npz,20110918_2024_HARP856_NOAA11295,2011-09-18 20:24:00,856,11295,0,2011
test_2015,train,gs://suryabench-sharp-pipeline-bamidele/samples_npz/2012/20120314_1748_HARP1461_NOAA11432.npz,20120314_1748_HARP1461_NOAA11432,2012-03-14 17:48:00,1461,11432,1,2012
test_2015,train,gs://suryabench-sharp-pipeline-bamidele/samples_npz/2013/20130612_1024_HARP2839_NOAA11767.npz,20130612_1024_HARP2839_NOAA11767,2013-06-12 10:24:00,2839,11767,0,2013
test_2015,train,gs://suryabench-sharp-pipeline-bamidele/samples_npz/2011/20110829_1400_HARP812_NOAA11280.npz,20110829_1400_HARP812_NOAA11280,2011-08-29 14:00:00,812,11280,0,2011
test_2015,train,gs://suryabench-sharp-pipeline-bamidele/samples_npz/2011/20111209_1000_HARP1165_NOAA11367.npz,20111209_1000_HARP1165_NOAA11367,2011-12-09 10:00:00,1165,11367,0,2011
test_2015,train,gs://suryabench-sharp-pipeline-bamidele/samples_npz/2012/20121117_2324_HARP2191_NOAA11613.npz,20121117_2324_HARP2191_NOAA11613,2012-11-17 23:24:00,2191,11613,0,2012
test_2015,train,gs://suryabench-sharp-pipeline-bamidele/samples_npz/2013/20130331_0912_HARP2587_NOAA11704.npz,20130331_0912_HARP2587_NOAA11704,2013-03-31 09:12:00,2587,11704,0,2013
test_2015,train,gs://suryabench-sharp-pipeline-bamidele/samples_npz/2013/20130720_0048_HARP2968_NOAA11793.npz,20130720_0048_HARP2968_NOAA11793,2013-07-20 00:48:00,2968,11793,0,2013
test_2015,train,gs://suryabench-sharp-pipeline-bamidele/samples_npz/2013/20130808_1712_HARP3049_NOAA11813.npz,20130808_1712_HARP3049_NOAA11813,2013-08-08 17:12:00,3049,11813,0,2013
test_2015,train,gs://suryabench-sharp-pipeline-bamidele/samples_npz/2011/20110907_0400_HARP833_NOAA11283.npz,20110907_0400_HARP833_NOAA11283,2011-09-07 04:00:00,833,11283,1,2011
test_2015,train,gs://suryabench-sharp-pipeline-bamidele/samples_npz/2011/20110102_0248_HARP321_NOAA11139.npz,20110102_0248_HARP321_NOAA11139,2011-01-02 02:48:00,321,11139,0,2011
test_2015,train,gs://suryabench-sharp-pipeline-bamidele/samples_npz/2012/20120804_1812_HARP1903_NOAA11535.npz,20120804_1812_HARP1903_NOAA11535,2012-08-04 18:12:00,1903,11535,0,2012
test_2015,train,gs://suryabench-sharp-pipeline-bamidele/samples_npz/2012/20121003_0900_HARP2069_NOAA11582.npz,20121003_0900_HARP2069_NOAA11582,2012-10-03 09:00:00,2069,11582,0,2012
test_2015,train,gs://suryabench-sharp-pipeline-bamidele/samples_npz/2011/20110507_0048_HARP576_NOAA11207.npz,20110507_0048_HARP576_NOAA11207,2011-05-07 00:48:00,576,11207,0,2011
test_2015,train,gs://suryabench-sharp-pipeline-bamidele/samples_npz/2012/20120701_1848_HARP1806_NOAA11513.npz,20120701_1848_HARP1806_NOAA11513,2012-07-01 18:48:00,1806,11513,1,2012
test_2015,train,gs://suryabench-sharp-pipeline-bamidele/samples_npz/2012/20121021_0636_HARP2117_NOAA11593.npz,20121021_0636_HARP2117_NOAA11593,2012-10-21 06:36:00,2117,11593,0,2012
test_2015,train,gs://suryabench-sharp-pipeline-bamidele/samples_npz/2013/20130423_0624_HARP2672_NOAA11727.npz,20130423_0624_HARP2672_NOAA11727,2013-04-23 06:24:00,2672,11727,0,2013
test_2015,train,gs://suryabench-sharp-pipeline-bamidele/samples_npz/2013/20130902_0748_HARP3129_NOAA11836.npz,20130902_0748_HARP3129_NOAA11836,2013-09-02 07:48:00,3129,11836,0,2013
test_2015,train,gs://suryabench-sharp-pipeline-bamidele/samples_npz/2013/20130102_2136_HARP2351_NOAA11647.npz,20130102_2136_HARP2351_NOAA11647,2013-01-02 21:36:00,2351,11647,0,2013
test_2015,train,gs://suryabench-sharp-pipeline-bamidele/samples_npz/2012/20121109_1224_HARP2177_NOAA11608.npz,20121109_1224_HARP2177_NOAA11608,2012-11-09 12:24:00,2177,11608,0,2012
test_2015,train,gs://suryabench-sharp-pipeline-bamidele/samples_npz/2012/20120907_1712_HARP2007_NOAA11565.npz,20120907_1712_HARP2007_NOAA11565,2012-09-07 17:12:00,2007,11565,0,2012
test_2015,train,gs://suryabench-sharp-pipeline-bamidele/samples_npz/2011/20111214_1924_HARP1186_NOAA11378.npz,20111214_1924_HARP1186_NOAA11378,2011-12-14 19:24:00,1186,11378,0,2011
test_2015,train,gs://suryabench-sharp-pipeline-bamidele/samples_npz/2010/20101206_1800_HARP279_NOAA11131.npz,20101206_1800_HARP279_NOAA11131,2010-12-06 18:00:00,279,11131,0,2010
test_2015,train,gs://suryabench-sharp-pipeline-bamidele/samples_npz/2012/20120607_1824_HARP1735_NOAA11502.npz,20120607_1824_HARP1735_NOAA11502,2012-06-07 18:24:00,1735,11502,0,2012
test_2015,train,gs://suryabench-sharp-pipeline-bamidele/samples_npz/2011/20111117_1648_HARP1075_NOAA11347.npz,20111117_1648_HARP1075_NOAA11347,2011-11-17 16:48:00,1075,11347,0,2011
test_2015,train,gs://suryabench-sharp-pipeline-bamidele/samples_npz/2011/20110530_0048_HARP625_NOAA11223.npz,20110530_0048_HARP625_NOAA11223,2011-05-30 00:48:00,625,11223,0,2011
test_2015,train,gs://suryabench-sharp-pipeline-bamidele/samples_npz/2011/20111205_0548_HARP1126_NOAA11364.npz,20111205_0548_HARP1126_NOAA11364,2011-12-05 05:48:00,1126,11364,0,2011
test_2015,train,gs://suryabench-sharp-pipeline-bamidele/samples_npz/2013/20130709_1648_HARP2942_NOAA11789.npz,20130709_1648_HARP2942_NOAA11789,2013-07-09 16:48:00,2942,11789,0,2013
test_2015,train,gs://suryabench-sharp-pipeline-bamidele/samples_npz/2012/20121110_1848_HARP2181_NOAA11609.npz,20121110_1848_HARP2181_NOAA11609,2012-11-10 18:48:00,2181,11609,0,2012
test_2015,train,gs://suryabench-sharp-pipeline-bamidele/samples_npz/2011/20110510_1824_HARP576_NOAA11207.npz,20110510_1824_HARP576_NOAA11207,2011-05-10 18:24:00,576,11207,0,2011
test_2015,train,gs://suryabench-sharp-pipeline-bamidele/samples_npz/2011/20110717_0148_HARP728_NOAA11256.npz,20110717_0148_HARP728_NOAA11256,2011-07-17 01:48:00,728,11256,0,2011
test_2015,train,gs://suryabench-sharp-pipeline-bamidele/samples_npz/2012/20120129_0948_HARP1338_NOAA11408.npz,20120129_0948_HARP1338_NOAA11408,2012-01-29 09:48:00,1338,11408,0,2012
test_2015,train,gs://suryabench-sharp-pipeline-bamidele/samples_npz/2011/20110103_1036_HARP327_NOAA11142.npz,20110103_1036_HARP327_NOAA11142,2011-01-03 10:36:00,327,11142,0,2011
test_2015,train,gs://suryabench-sharp-pipeline-bamidele/samples_npz/2012/20120321_0200_HARP1484_NOAA11440.npz,20120321_0200_HARP1484_NOAA11440,2012-03-21 02:00:00,1484,11440,0,2012
test_2015,train,gs://suryabench-sharp-pipeline-bamidele/samples_npz/2012/20120120_0336_HARP1321_NOAA11401.npz,20120120_0336_HARP1321_NOAA11401,2012-01-20 03:36:00,1321,11401,0,2012
test_2015,train,gs://suryabench-sharp-pipeline-bamidele/samples_npz/2012/20120824_1948_HARP1951_NOAA11552.npz,20120824_1948_HARP1951_NOAA11552,2012-08-24 19:48:00,1951,11552,0,2012
test_2015,train,gs://suryabench-sharp-pipeline-bamidele/samples_npz/2011/20110310_2112_HARP401_NOAA11166.npz,20110310_2112_HARP401_NOAA11166,2011-03-10 21:12:00,401,11166,1,2011
test_2015,train,gs://suryabench-sharp-pipeline-bamidele/samples_npz/2013/20130211_0100_HARP2450_NOAA11669.npz,20130211_0100_HARP2450_NOAA11669,2013-02-11 01:00:00,2450,11669,0,2013
test_2015,train,gs://suryabench-sharp-pipeline-bamidele/samples_npz/2010/20100814_1548_HARP131_NOAA11098.npz,20100814_1548_HARP131_NOAA11098,2010-08-14 15:48:00,131,11098,0,2010
test_2015,train,gs://suryabench-sharp-pipeline-bamidele/samples_npz/2013/20130111_0848_HARP2360_NOAA11650.npz,20130111_0848_HARP2360_NOAA11650,2013-01-11 08:48:00,2360,11650,0,2013
test_2015,train,gs://suryabench-sharp-pipeline-bamidele/samples_npz/2011/20111112_1800_HARP1046_NOAA11343.npz,20111112_1800_HARP1046_NOAA11343,2011-11-12 18:00:00,1046,11343,0,2011
test_2015,train,gs://suryabench-sharp-pipeline-bamidele/samples_npz/2013/20130508_1412_HARP2718_NOAA11740.npz,20130508_1412_HARP2718_NOAA11740,2013-05-08 14:12:00,2718,11740,0,2013
test_2015,train,gs://suryabench-sharp-pipeline-bamidele/samples_npz/2010/20100731_1548_HARP107_NOAA11094.npz,20100731_1548_HARP107_NOAA11094,2010-07-31 15:48:00,107,11094,0,2010
test_2015,train,gs://suryabench-sharp-pipeline-bamidele/samples_npz/2012/20120219_0712_HARP1405_NOAA11422.npz,20120219_0712_HARP1405_NOAA11422,2012-02-19 07:12:00,1405,11422,0,2012
test_2015,train,gs://suryabench-sharp-pipeline-bamidele/samples_npz/2011/20111113_0012_HARP1038_NOAA11340.npz,20111113_0012_HARP1038_NOAA11340,2011-11-13 00:12:00,1038,11340,0,2011
test_2015,train,gs://suryabench-sharp-pipeline-bamidele/samples_npz/2012/20120704_0800_HARP1807_NOAA11514.npz,20120704_0800_HARP1807_NOAA11514,2012-07-04 08:00:00,1807,11514,0,2012
test_2015,train,gs://suryabench-sharp-pipeline-bamidele/samples_npz/2011/20110710_1336_HARP700_NOAA11245.npz,20110710_1336_HARP700_NOAA11245,2011-07-10 13:36:00,700,11245,0,2011
test_2015,train,gs://suryabench-sharp-pipeline-bamidele/samples_npz/2013/20130224_1224_HARP2492_NOAA11676.npz,20130224_1224_HARP2492_NOAA11676,2013-02-24 12:24:00,2492,11676,0,2013
test_2015,train,gs://suryabench-sharp-pipeline-bamidele/samples_npz/2012/20120531_1024_HARP1705_NOAA11492.npz,20120531_1024_HARP1705_NOAA11492,2012-05-31 10:24:00,1705,11492,0,2012
test_2015,train,gs://suryabench-sharp-pipeline-bamidele/samples_npz/2011/20110123_2200_HARP345_NOAA11147.npz,20110123_2200_HARP345_NOAA11147,2011-01-23 22:00:00,345,11147,0,2011
test_2015,train,gs://suryabench-sharp-pipeline-bamidele/samples_npz/2012/20120711_0800_HARP1832_NOAA11518.npz,20120711_0800_HARP1832_NOAA11518,2012-07-11 08:00:00,1832,11518,0,2012
test_2015,train,gs://suryabench-sharp-pipeline-bamidele/samples_npz/2011/20110410_1112_HARP488_NOAA11188.npz,20110410_1112_HARP488_NOAA11188,2011-04-10 11:12:00,488,11188,0,2011
test_2015,train,gs://suryabench-sharp-pipeline-bamidele/samples_npz/2012/20120822_1936_HARP1942_NOAA11546.npz,20120822_1936_HARP1942_NOAA11546,2012-08-22 19:36:00,1942,11546,0,2012
test_2015,train,gs://suryabench-sharp-pipeline-bamidele/samples_npz/2011/20111011_1636_HARP932_NOAA11313.npz,20111011_1636_HARP932_NOAA11313,2011-10-11 16:36:00,932,11313,0,2011
test_2015,train,gs://suryabench-sharp-pipeline-bamidele/samples_npz/2012/20120826_2024_HARP1962_NOAA11554.npz,20120826_2024_HARP1962_NOAA11554,2012-08-26 20:24:00,1962,11554,0,2012
test_2015,train,gs://suryabench-sharp-pipeline-bamidele/samples_npz/2013/20131015_1836_HARP3263_NOAA11861.npz,20131015_1836_HARP3263_NOAA11861,2013-10-15 18:36:00,3263,11861,1,2013
test_2015,train,gs://suryabench-sharp-pipeline-bamidele/samples_npz/2011/20110306_0024_HARP393_NOAA11164.npz,20110306_0024_HARP393_NOAA11164,2011-03-06 00:24:00,393,11164,1,2011
test_2015,train,gs://suryabench-sharp-pipeline-bamidele/samples_npz/2012/20121205_0648_HARP2259_NOAA11626.npz,20121205_0648_HARP2259_NOAA11626,2012-12-05 06:48:00,2259,11626,0,2012
test_2015,train,gs://suryabench-sharp-pipeline-bamidele/samples_npz/2013/20130924_0824_HARP3194_NOAA11845.npz,20130924_0824_HARP3194_NOAA11845,2013-09-24 08:24:00,3194,11845,0,2013
test_2015,train,gs://suryabench-sharp-pipeline-bamidele/samples_npz/2011/20111111_1324_HARP1041_NOAA11341.npz,20111111_1324_HARP1041_NOAA11341,2011-11-11 13:24:00,1041,11341,0,2011
test_2015,train,gs://suryabench-sharp-pipeline-bamidele/samples_npz/2013/20130601_0412_HARP2790_NOAA11758.npz,20130601_0412_HARP2790_NOAA11758,2013-06-01 04:12:00,2790,11758,0,2013
test_2015,train,gs://suryabench-sharp-pipeline-bamidele/samples_npz/2011/20111006_2224_HARP909_NOAA11307.npz,20111006_2224_HARP909_NOAA11307,2011-10-06 22:24:00,909,11307,0,2011
test_2015,train,gs://suryabench-sharp-pipeline-bamidele/samples_npz/2013/20130113_1700_HARP2371_NOAA11657.npz,20130113_1700_HARP2371_NOAA11657,2013-01-13 17:00:00,2371,11657,0,2013
test_2015,train,gs://suryabench-sharp-pipeline-bamidele/samples_npz/2013/20130804_1824_HARP3031_NOAA11810.npz,20130804_1824_HARP3031_NOAA11810,2013-08-04 18:24:00,3031,11810,0,2013
test_2015,train,gs://suryabench-sharp-pipeline-bamidele/samples_npz/2013/20130613_0536_HARP2839_NOAA11767.npz,20130613_0536_HARP2839_NOAA11767,2013-06-13 05:36:00,2839,11767,0,2013
test_2015,train,gs://suryabench-sharp-pipeline-bamidele/samples_npz/2011/20110731_1424_HARP755_NOAA11264.npz,20110731_1424_HARP755_NOAA11264,2011-07-31 14:24:00,755,11264,0,2011
test_2015,train,gs://suryabench-sharp-pipeline-bamidele/samples_npz/2012/20121023_0848_HARP2130_NOAA11596.npz,20121023_0848_HARP2130_NOAA11596,2012-10-23 08:48:00,2130,11596,0,2012
test_2015,train,gs://suryabench-sharp-pipeline-bamidele/samples_npz/2013/20131008_1924_HARP3248_NOAA11856.npz,20131008_1924_HARP3248_NOAA11856,2013-10-08 19:24:00,3248,11856,0,2013
test_2015,train,gs://suryabench-sharp-pipeline-bamidele/samples_npz/2011/20110523_0624_HARP605_NOAA11216.npz,20110523_0624_HARP605_NOAA11216,2011-05-23 06:24:00,605,11216,0,2011
test_2015,train,gs://suryabench-sharp-pipeline-bamidele/samples_npz/2012/20121107_1424_HARP2173_NOAA11604.npz,20121107_1424_HARP2173_NOAA11604,2012-11-07 14:24:00,2173,11604,0,2012
test_2015,train,gs://suryabench-sharp-pipeline-bamidele/samples_npz/2012/20121108_1748_HARP2171_NOAA11605.npz,20121108_1748_HARP2171_NOAA11605,2012-11-08 17:48:00,2171,11605,0,2012
test_2015,train,gs://suryabench-sharp-pipeline-bamidele/samples_npz/2010/20100915_0812_HARP175_NOAA11106.npz,20100915_0812_HARP175_NOAA11106,2010-09-15 08:12:00,175,11106,0,2010
test_2015,train,gs://suryabench-sharp-pipeline-bamidele/samples_npz/2012/20121202_0812_HARP2240_NOAA11621.npz,20121202_0812_HARP2240_NOAA11621,2012-12-02 08:12:00,2240,11621,0,2012
test_2015,train,gs://suryabench-sharp-pipeline-bamidele/samples_npz/2013/20130823_0336_HARP3082_NOAA11823.npz,20130823_0336_HARP3082_NOAA11823,2013-08-23 03:36:00,3082,11823,0,2013
test_2015,train,gs://suryabench-sharp-pipeline-bamidele/samples_npz/2012/20120121_2348_HARP1318_NOAA11399.npz,20120121_2348_HARP1318_NOAA11399,2012-01-21 23:48:00,1318,11399,0,2012
test_2015,train,gs://suryabench-sharp-pipeline-bamidele/samples_npz/2013/20130525_2012_HARP2758_NOAA11754.npz,20130525_2012_HARP2758_NOAA11754,2013-05-25 20:12:00,2758,11754,0,2013
test_2015,train,gs://suryabench-sharp-pipeline-bamidele/samples_npz/2012/20120924_1312_HARP2044_NOAA11576.npz,20120924_1312_HARP2044_NOAA11576,2012-09-24 13:12:00,2044,11576,0,2012
test_2015,train,gs://suryabench-sharp-pipeline-bamidele/samples_npz/2013/20130925_1800_HARP3217_NOAA11851.npz,20130925_1800_HARP3217_NOAA11851,2013-09-25 18:00:00,3217,11851,0,2013
test_2015,train,gs://suryabench-sharp-pipeline-bamidele/samples_npz/2011/20110509_0724_HARP580_NOAA11210.npz,20110509_0724_HARP580_NOAA11210,2011-05-09 07:24:00,580,11210,0,2011
test_2015,train,gs://suryabench-sharp-pipeline-bamidele/samples_npz/2010/20101024_1848_HARP224_NOAA11119.npz,20101024_1848_HARP224_NOAA11119,2010-10-24 18:48:00,224,11119,0,2010
test_2015,train,gs://suryabench-sharp-pipeline-bamidele/samples_npz/2012/20120901_0612_HARP1970_NOAA11555.npz,20120901_0612_HARP1970_NOAA11555,2012-09-01 06:12:00,1970,11555,0,2012
test_2015,train,gs://suryabench-sharp-pipeline-bamidele/samples_npz/2012/20120830_1000_HARP1997_NOAA11561.npz,20120830_1000_HARP1997_NOAA11561,2012-08-30 10:00:00,1997,11561,0,2012
test_2015,train,gs://suryabench-sharp-pipeline-bamidele/samples_npz/2013/20130104_1300_HARP2338_NOAA11641.npz,20130104_1300_HARP2338_NOAA11641,2013-01-04 13:00:00,2338,11641,0,2013
test_2015,train,gs://suryabench-sharp-pipeline-bamidele/samples_npz/2012/20120824_0548_HARP1946_NOAA11548.npz,20120824_0548_HARP1946_NOAA11548,2012-08-24 05:48:00,1946,11548,0,2012
test_2015,train,gs://suryabench-sharp-pipeline-bamidele/samples_npz/2013/20130302_0736_HARP2502_NOAA11681.npz,20130302_0736_HARP2502_NOAA11681,2013-03-02 07:36:00,2502,11681,0,2013
test_2015,train,gs://suryabench-sharp-pipeline-bamidele/samples_npz/2010/20100902_0700_HARP156_NOAA11105.npz,20100902_0700_HARP156_NOAA11105,2010-09-02 07:00:00,156,11105,0,2010
test_2015,train,gs://suryabench-sharp-pipeline-bamidele/samples_npz/2012/20120525_1036_HARP1690_NOAA11489.npz,20120525_1036_HARP1690_NOAA11489,2012-05-25 10:36:00,1690,11489,0,2012
test_2015,train,gs://suryabench-sharp-pipeline-bamidele/samples_npz/2012/20120115_0112_HARP1303_NOAA11398.npz,20120115_0112_HARP1303_NOAA11398,2012-01-15 01:12:00,1303,11398,0,2012
test_2015,train,gs://suryabench-sharp-pipeline-bamidele/samples_npz/2011/20110816_0412_HARP781_NOAA11270.npz,20110816_0412_HARP781_NOAA11270,2011-08-16 04:12:00,781,11270,0,2011
test_2015,train,gs://suryabench-sharp-pipeline-bamidele/samples_npz/2013/20130201_2012_HARP2436_NOAA11668.npz,20130201_2012_HARP2436_NOAA11668,2013-02-01 20:12:00,2436,11668,0,2013
test_2015,train,gs://suryabench-sharp-pipeline-bamidele/samples_npz/2012/20120603_1348_HARP1737_NOAA11500.npz,20120603_1348_HARP1737_NOAA11500,2012-06-03 13:48:00,1737,11500,0,2012
test_2015,train,gs://suryabench-sharp-pipeline-bamidele/samples_npz/2012/20120216_0512_HARP1396_NOAA11419.npz,20120216_0512_HARP1396_NOAA11419,2012-02-16 05:12:00,1396,11419,0,2012
test_2015,train,gs://suryabench-sharp-pipeline-bamidele/samples_npz/2011/20110612_0612_HARP661_NOAA11234.npz,20110612_0612_HARP661_NOAA11234,2011-06-12 06:12:00,661,11234,0,2011
test_2015,train,gs://suryabench-sharp-pipeline-bamidele/samples_npz/2011/20110914_1024_HARP847_NOAA11289.npz,20110914_1024_HARP847_NOAA11289,2011-09-14 10:24:00,847,11289,0,2011
test_2015,train,gs://suryabench-sharp-pipeline-bamidele/samples_npz/2011/20110427_0300_HARP536_NOAA11202.npz,20110427_0300_HARP536_NOAA11202,2011-04-27 03:00:00,536,11202,0,2011
test_2015,train,gs://suryabench-sharp-pipeline-bamidele/samples_npz/2011/20111031_2148_HARP1016_NOAA11335.npz,20111031_2148_HARP1016_NOAA11335,2011-10-31 21:48:00,1016,11335,0,2011
test_2015,train,gs://suryabench-sharp-pipeline-bamidele/samples_npz/2011/20110711_1900_HARP705_NOAA11248.npz,20110711_1900_HARP705_NOAA11248,2011-07-11 19:00:00,705,11248,0,2011
test_2015,train,gs://suryabench-sharp-pipeline-bamidele/samples_npz/2012/20120422_0800_HARP1596_NOAA11465.npz,20120422_0800_HARP1596_NOAA11465,2012-04-22 08:00:00,1596,11465,0,2012
test_2015,train,gs://suryabench-sharp-pipeline-bamidele/samples_npz/2012/20120501_1348_HARP1628_NOAA11472.npz,20120501_1348_HARP1628_NOAA11472,2012-05-01 13:48:00,1628,11472,0,2012
test_2015,train,gs://suryabench-sharp-pipeline-bamidele/samples_npz/2013/20130506_0100_HARP2711_NOAA11737.npz,20130506_0100_HARP2711_NOAA11737,2013-05-06 01:00:00,2711,11737,0,2013
test_2015,train,gs://suryabench-sharp-pipeline-bamidele/samples_npz/2012/20120420_1424_HARP1578_NOAA11460.npz,20120420_1424_HARP1578_NOAA11460,2012-04-20 14:24:00,1578,11460,0,2012
test_2015,train,gs://suryabench-sharp-pipeline-bamidele/samples_npz/2010/20100926_1536_HARP187_NOAA11109.npz,20100926_1536_HARP187_NOAA11109,2010-09-26 15:36:00,187,11109,0,2010
test_2015,train,gs://suryabench-sharp-pipeline-bamidele/samples_npz/2013/20130112_0400_HARP2360_NOAA11650.npz,20130112_0400_HARP2360_NOAA11650,2013-01-12 04:00:00,2360,11650,0,2013
test_2015,train,gs://suryabench-sharp-pipeline-bamidele/samples_npz/2013/20131003_1200_HARP3240_NOAA11854.npz,20131003_1200_HARP3240_NOAA11854,2013-10-03 12:00:00,3240,11854,0,2013
test_2015,train,gs://suryabench-sharp-pipeline-bamidele/samples_npz/2011/20111017_0500_HARP948_NOAA11317.npz,20111017_0500_HARP948_NOAA11317,2011-10-17 05:00:00,948,11317,0,2011
test_2015,train,gs://suryabench-sharp-pipeline-bamidele/samples_npz/2011/20111111_2100_HARP1038_NOAA11340.npz,20111111_2100_HARP1038_NOAA11340,2011-11-11 21:00:00,1038,11340,0,2011
test_2015,train,gs://suryabench-sharp-pipeline-bamidele/samples_npz/2010/20100917_1648_HARP182_NOAA11107.npz,20100917_1648_HARP182_NOAA11107,2010-09-17 16:48:00,182,11107,0,2010
test_2015,train,gs://suryabench-sharp-pipeline-bamidele/samples_npz/2011/20111030_0800_HARP1005_NOAA11332.npz,20111030_0800_HARP1005_NOAA11332,2011-10-30 08:00:00,1005,11332,0,2011
test_2015,train,gs://suryabench-sharp-pipeline-bamidele/samples_npz/2013/20131229_0112_HARP3535_NOAA11936.npz,20131229_0112_HARP3535_NOAA11936,2013-12-29 01:12:00,3535,11936,1,2013
test_2015,train,gs://suryabench-sharp-pipeline-bamidele/samples_npz/2013/20131028_1712_HARP3326_NOAA11886.npz,20131028_1712_HARP3326_NOAA11886,2013-10-28 17:12:00,3326,11886,0,2013
test_2015,train,gs://suryabench-sharp-pipeline-bamidele/samples_npz/2013/20130129_0100_HARP2411_NOAA11661.npz,20130129_0100_HARP2411_NOAA11661,2013-01-29 01:00:00,2411,11661,0,2013
test_2015,train,gs://suryabench-sharp-pipeline-bamidele/samples_npz/2013/20131110_0048_HARP3341_NOAA11890.npz,20131110_0048_HARP3341_NOAA11890,2013-11-10 00:48:00,3341,11890,1,2013
test_2015,train,gs://suryabench-sharp-pipeline-bamidele/samples_npz/2011/20110108_1648_HARP335_NOAA11143.npz,20110108_1648_HARP335_NOAA11143,2011-01-08 16:48:00,335,11143,0,2011
test_2015,train,gs://suryabench-sharp-pipeline-bamidele/samples_npz/2013/20130515_1048_HARP2733_NOAA11742.npz,20130515_1048_HARP2733_NOAA11742,2013-05-15 10:48:00,2733,11742,0,2013
test_2015,train,gs://suryabench-sharp-pipeline-bamidele/samples_npz/2013/20130208_0224_HARP2460_NOAA11670.npz,20130208_0224_HARP2460_NOAA11670,2013-02-08 02:24:00,2460,11670,0,2013
test_2015,train,gs://suryabench-sharp-pipeline-bamidele/samples_npz/2013/20131207_1424_HARP3448_NOAA11916.npz,20131207_1424_HARP3448_NOAA11916,2013-12-07 14:24:00,3448,11916,0,2013
test_2015,train,gs://suryabench-sharp-pipeline-bamidele/samples_npz/2013/20130719_1000_HARP2964_NOAA11795.npz,20130719_1000_HARP2964_NOAA11795,2013-07-19 10:00:00,2964,11795,0,2013
test_2015,train,gs://suryabench-sharp-pipeline-bamidele/samples_npz/2012/20120730_0824_HARP1879_NOAA11529.npz,20120730_0824_HARP1879_NOAA11529,2012-07-30 08:24:00,1879,11529,0,2012
test_2015,train,gs://suryabench-sharp-pipeline-bamidele/samples_npz/2010/20100714_0024_HARP86_NOAA11087.npz,20100714_0024_HARP86_NOAA11087,2010-07-14 00:24:00,86,11087,0,2010
test_2015,train,gs://suryabench-sharp-pipeline-bamidele/samples_npz/2012/20120708_2024_HARP1832_NOAA11518.npz,20120708_2024_HARP1832_NOAA11518,2012-07-08 20:24:00,1832,11518,0,2012
test_2015,train,gs://suryabench-sharp-pipeline-bamidele/samples_npz/2012/20120323_2348_HARP1495_NOAA11447.npz,20120323_2348_HARP1495_NOAA11447,2012-03-23 23:48:00,1495,11447,0,2012
test_2015,train,gs://suryabench-sharp-pipeline-bamidele/samples_npz/2013/20130627_0512_HARP2878_NOAA11777.npz,20130627_0512_HARP2878_NOAA11777,2013-06-27 05:12:00,2878,11777,0,2013
test_2015,train,gs://suryabench-sharp-pipeline-bamidele/samples_npz/2013/20130313_1712_HARP2569_NOAA11697.npz,20130313_1712_HARP2569_NOAA11697,2013-03-13 17:12:00,2569,11697,0,2013
test_2015,train,gs://suryabench-sharp-pipeline-bamidele/samples_npz/2011/20110811_1700_HARP772_NOAA11269.npz,20110811_1700_HARP772_NOAA11269,2011-08-11 17:00:00,772,11269,0,2011
test_2015,train,gs://suryabench-sharp-pipeline-bamidele/samples_npz/2011/20110906_1024_HARP833_NOAA11283.npz,20110906_1024_HARP833_NOAA11283,2011-09-06 10:24:00,833,11283,1,2011
test_2015,train,gs://suryabench-sharp-pipeline-bamidele/samples_npz/2011/20111109_2036_HARP1028_NOAA11339.npz,20111109_2036_HARP1028_NOAA11339,2011-11-09 20:36:00,1028,11339,0,2011
test_2015,train,gs://suryabench-sharp-pipeline-bamidele/samples_npz/2013/20130314_2148_HARP2543_NOAA11698.npz,20130314_2148_HARP2543_NOAA11698,2013-03-14 21:48:00,2543,11698,0,2013
test_2015,train,gs://suryabench-sharp-pipeline-bamidele/samples_npz/2011/20110816_0724_HARP781_NOAA11270.npz,20110816_0724_HARP781_NOAA11270,2011-08-16 07:24:00,781,11270,0,2011
test_2015,train,gs://suryabench-sharp-pipeline-bamidele/samples_npz/2011/20110924_0412_HARP878_NOAA11301.npz,20110924_0412_HARP878_NOAA11301,2011-09-24 04:12:00,878,11301,0,2011
test_2015,train,gs://suryabench-sharp-pipeline-bamidele/samples_npz/2012/20120116_0648_HARP1319_NOAA11400.npz,20120116_0648_HARP1319_NOAA11400,2012-01-16 06:48:00,1319,11400,0,2012
test_2015,train,gs://suryabench-sharp-pipeline-bamidele/samples_npz/2012/20121221_1348_HARP2306_NOAA11633.npz,20121221_1348_HARP2306_NOAA11633,2012-12-21 13:48:00,2306,11633,0,2012
test_2015,train,gs://suryabench-sharp-pipeline-bamidele/samples_npz/2011/20110712_0800_HARP702_NOAA11249.npz,20110712_0800_HARP702_NOAA11249,2011-07-12 08:00:00,702,11249,0,2011
test_2015,train,gs://suryabench-sharp-pipeline-bamidele/samples_npz/2012/20120911_0112_HARP2021_NOAA11567.npz,20120911_0112_HARP2021_NOAA11567,2012-09-11 01:12:00,2021,11567,0,2012
test_2015,train,gs://suryabench-sharp-pipeline-bamidele/samples_npz/2012/20121031_1148_HARP2143_NOAA11599.npz,20121031_1148_HARP2143_NOAA11599,2012-10-31 11:48:00,2143,11599,0,2012
test_2015,train,gs://suryabench-sharp-pipeline-bamidele/samples_npz/2012/20120727_1112_HARP1877_NOAA11527.npz,20120727_1112_HARP1877_NOAA11527,2012-07-27 11:12:00,1877,11527,0,2012
test_2015,train,gs://suryabench-sharp-pipeline-bamidele/samples_npz/2013/20130923_0424_HARP3212_NOAA11845.npz,20130923_0424_HARP3212_NOAA11845,2013-09-23 04:24:00,3212,11845,0,2013
test_2015,train,gs://suryabench-sharp-pipeline-bamidele/samples_npz/2013/20130411_2000_HARP2635_NOAA11719.npz,20130411_2000_HARP2635_NOAA11719,2013-04-11 20:00:00,2635,11719,0,2013
test_2015,train,gs://suryabench-sharp-pipeline-bamidele/samples_npz/2013/20130630_0700_HARP2898_NOAA11779.npz,20130630_0700_HARP2898_NOAA11779,2013-06-30 07:00:00,2898,11779,0,2013
test_2015,train,gs://suryabench-sharp-pipeline-bamidele/samples_npz/2012/20120522_2348_HARP1669_NOAA11485.npz,20120522_2348_HARP1669_NOAA11485,2012-05-22 23:48:00,1669,11485,0,2012
test_2015,train,gs://suryabench-sharp-pipeline-bamidele/samples_npz/2011/20111016_1024_HARP940_NOAA11314.npz,20111016_1024_HARP940_NOAA11314,2011-10-16 10:24:00,940,11314,0,2011
test_2015,train,gs://suryabench-sharp-pipeline-bamidele/samples_npz/2010/20100924_1100_HARP185_NOAA11108.npz,20100924_1100_HARP185_NOAA11108,2010-09-24 11:00:00,185,11108,0,2010
test_2015,train,gs://suryabench-sharp-pipeline-bamidele/samples_npz/2012/20120615_0112_HARP1744_NOAA11507.npz,20120615_0112_HARP1744_NOAA11507,2012-06-15 01:12:00,1744,11507,0,2012
test_2015,train,gs://suryabench-sharp-pipeline-bamidele/samples_npz/2012/20120528_0336_HARP1688_NOAA11488.npz,20120528_0336_HARP1688_NOAA11488,2012-05-28 03:36:00,1688,11488,0,2012
test_2015,train,gs://suryabench-sharp-pipeline-bamidele/samples_npz/2012/20120402_2224_HARP1514_NOAA11448.npz,20120402_2224_HARP1514_NOAA11448,2012-04-02 22:24:00,1514,11448,0,2012
test_2015,train,gs://suryabench-sharp-pipeline-bamidele/samples_npz/2013/20130314_1424_HARP2546_NOAA11692.npz,20130314_1424_HARP2546_NOAA11692,2013-03-14 14:24:00,2546,11692,1,2013
test_2015,train,gs://suryabench-sharp-pipeline-bamidele/samples_npz/2013/20131201_0448_HARP3432_NOAA11908.npz,20131201_0448_HARP3432_NOAA11908,2013-12-01 04:48:00,3432,11908,0,2013
test_2015,train,gs://suryabench-sharp-pipeline-bamidele/samples_npz/2013/20130602_1824_HARP2808_NOAA11761.npz,20130602_1824_HARP2808_NOAA11761,2013-06-02 18:24:00,2808,11761,0,2013
test_2015,train,gs://suryabench-sharp-pipeline-bamidele/samples_npz/2013/20130520_1548_HARP2748_NOAA11748.npz,20130520_1548_HARP2748_NOAA11748,2013-05-20 15:48:00,2748,11748,0,2013
test_2015,train,gs://suryabench-sharp-pipeline-bamidele/samples_npz/2011/20111201_1136_HARP1113_NOAA11358.npz,20111201_1136_HARP1113_NOAA11358,2011-12-01 11:36:00,1113,11358,0,2011
test_2015,train,gs://suryabench-sharp-pipeline-bamidele/samples_npz/2011/20111023_1312_HARP976_NOAA11324.npz,20111023_1312_HARP976_NOAA11324,2011-10-23 13:12:00,976,11324,0,2011
test_2015,train,gs://suryabench-sharp-pipeline-bamidele/samples_npz/2011/20110212_1224_HARP377_NOAA11158.npz,20110212_1224_HARP377_NOAA11158,2011-02-12 12:24:00,377,11158,1,2011
test_2015,train,gs://suryabench-sharp-pipeline-bamidele/samples_npz/2013/20130710_1412_HARP2920_NOAA11785.npz,20130710_1412_HARP2920_NOAA11785,2013-07-10 14:12:00,2920,11785,0,2013
test_2015,train,gs://suryabench-sharp-pipeline-bamidele/samples_npz/2012/20120615_0824_HARP1750_NOAA11504.npz,20120615_0824_HARP1750_NOAA11504,2012-06-15 08:24:00,1750,11504,0,2012
test_2015,train,gs://suryabench-sharp-pipeline-bamidele/samples_npz/2013/20130415_0924_HARP2651_NOAA11721.npz,20130415_0924_HARP2651_NOAA11721,2013-04-15 09:24:00,2651,11721,0,2013
test_2015,train,gs://suryabench-sharp-pipeline-bamidele/samples_npz/2012/20120620_1200_HARP1783_NOAA11510.npz,20120620_1200_HARP1783_NOAA11510,2012-06-20 12:00:00,1783,11510,0,2012
test_2015,train,gs://suryabench-sharp-pipeline-bamidele/samples_npz/2010/20101025_1224_HARP224_NOAA11119.npz,20101025_1224_HARP224_NOAA11119,2010-10-25 12:24:00,224,11119,0,2010
test_2015,train,gs://suryabench-sharp-pipeline-bamidele/samples_npz/2012/20120608_0600_HARP1724_NOAA11494.npz,20120608_0600_HARP1724_NOAA11494,2012-06-08 06:00:00,1724,11494,0,2012
test_2015,train,gs://suryabench-sharp-pipeline-bamidele/samples_npz/2013/20130214_2212_HARP2469_NOAA11671.npz,20130214_2212_HARP2469_NOAA11671,2013-02-14 22:12:00,2469,11671,0,2013
test_2015,train,gs://suryabench-sharp-pipeline-bamidele/samples_npz/2012/20121203_0636_HARP2240_NOAA11621.npz,20121203_0636_HARP2240_NOAA11621,2012-12-03 06:36:00,2240,11621,0,2012
test_2015,train,gs://suryabench-sharp-pipeline-bamidele/samples_npz/2013/20131026_1836_HARP3295_NOAA11877.npz,20131026_1836_HARP3295_NOAA11877,2013-10-26 18:36:00,3295,11877,1,2013
test_2015,train,gs://suryabench-sharp-pipeline-bamidele/samples_npz/2013/20130516_1112_HARP2750_NOAA11750.npz,20130516_1112_HARP2750_NOAA11750,2013-05-16 11:12:00,2750,11750,0,2013
test_2015,train,gs://suryabench-sharp-pipeline-bamidele/samples_npz/2011/20110213_1848_HARP377_NOAA11158.npz,20110213_1848_HARP377_NOAA11158,2011-02-13 18:48:00,377,11158,1,2011
test_2015,train,gs://suryabench-sharp-pipeline-bamidele/samples_npz/2012/20120905_1124_HARP1990_NOAA11562.npz,20120905_1124_HARP1990_NOAA11562,2012-09-05 11:24:00,1990,11562,0,2012
test_2015,train,gs://suryabench-sharp-pipeline-bamidele/samples_npz/2013/20130716_1600_HARP2952_NOAA11791.npz,20130716_1600_HARP2952_NOAA11791,2013-07-16 16:00:00,2952,11791,0,2013
test_2015,train,gs://suryabench-sharp-pipeline-bamidele/samples_npz/2012/20120731_1624_HARP1879_NOAA11529.npz,20120731_1624_HARP1879_NOAA11529,2012-07-31 16:24:00,1879,11529,0,2012
test_2015,train,gs://suryabench-sharp-pipeline-bamidele/samples_npz/2011/20110918_1648_HARP853_NOAA11292.npz,20110918_1648_HARP853_NOAA11292,2011-09-18 16:48:00,853,11292,0,2011
test_2015,train,gs://suryabench-sharp-pipeline-bamidele/samples_npz/2011/20110412_0824_HARP494_NOAA11187.npz,20110412_0824_HARP494_NOAA11187,2011-04-12 08:24:00,494,11187,0,2011
test_2015,train,gs://suryabench-sharp-pipeline-bamidele/samples_npz/2010/20100618_2236_HARP58_NOAA11083.npz,20100618_2236_HARP58_NOAA11083,2010-06-18 22:36:00,58,11083,0,2010
test_2015,train,gs://suryabench-sharp-pipeline-bamidele/samples_npz/2011/20111002_1748_HARP902_NOAA11305.npz,20111002_1748_HARP902_NOAA11305,2011-10-02 17:48:00,902,11305,0,2011
test_2015,train,gs://suryabench-sharp-pipeline-bamidele/samples_npz/2013/20130823_0924_HARP3098_NOAA11827.npz,20130823_0924_HARP3098_NOAA11827,2013-08-23 09:24:00,3098,11827,0,2013
test_2015,train,gs://suryabench-sharp-pipeline-bamidele/samples_npz/2013/20130607_1700_HARP2825_NOAA11765.npz,20130607_1700_HARP2825_NOAA11765,2013-06-07 17:00:00,2825,11765,0,2013
test_2015,train,gs://suryabench-sharp-pipeline-bamidele/samples_npz/2011/20111019_1924_HARP975_NOAA11321.npz,20111019_1924_HARP975_NOAA11321,2011-10-19 19:24:00,975,11321,0,2011
test_2015,train,gs://suryabench-sharp-pipeline-bamidele/samples_npz/2013/20130728_1124_HARP3011_NOAA11812.npz,20130728_1124_HARP3011_NOAA11812,2013-07-28 11:24:00,3011,11812,0,2013
test_2015,train,gs://suryabench-sharp-pipeline-bamidele/samples_npz/2012/20120711_0312_HARP1834_NOAA11519.npz,20120711_0312_HARP1834_NOAA11519,2012-07-11 03:12:00,1834,11519,0,2012
test_2015,train,gs://suryabench-sharp-pipeline-bamidele/samples_npz/2011/20110612_0412_HARP662_NOAA11235.npz,20110612_0412_HARP662_NOAA11235,2011-06-12 04:12:00,662,11235,0,2011
test_2015,train,gs://suryabench-sharp-pipeline-bamidele/samples_npz/2011/20110815_1836_HARP781_NOAA11270.npz,20110815_1836_HARP781_NOAA11270,2011-08-15 18:36:00,781,11270,0,2011
test_2015,train,gs://suryabench-sharp-pipeline-bamidele/samples_npz/2011/20111009_2124_HARP918_NOAA11309.npz,20111009_2124_HARP918_NOAA11309,2011-10-09 21:24:00,918,11309,0,2011
test_2015,train,gs://suryabench-sharp-pipeline-bamidele/samples_npz/2013/20130222_1748_HARP2489_NOAA11673.npz,20130222_1748_HARP2489_NOAA11673,2013-02-22 17:48:00,2489,11673,0,2013
test_2015,train,gs://suryabench-sharp-pipeline-bamidele/samples_npz/2011/20110704_0848_HARP693_NOAA11246.npz,20110704_0848_HARP693_NOAA11246,2011-07-04 08:48:00,693,11246,0,2011
test_2015,train,gs://suryabench-sharp-pipeline-bamidele/samples_npz/2012/20120213_1224_HARP1389_NOAA11416.npz,20120213_1224_HARP1389_NOAA11416,2012-02-13 12:24:00,1389,11416,0,2012
test_2015,train,gs://suryabench-sharp-pipeline-bamidele/samples_npz/2013/20130805_0912_HARP3022_NOAA11808.npz,20130805_0912_HARP3022_NOAA11808,2013-08-05 09:12:00,3022,11808,0,2013
test_2015,train,gs://suryabench-sharp-pipeline-bamidele/samples_npz/2013/20130130_0200_HARP2420_NOAA11663.npz,20130130_0200_HARP2420_NOAA11663,2013-01-30 02:00:00,2420,11663,0,2013
test_2015,train,gs://suryabench-sharp-pipeline-bamidele/samples_npz/2012/20121120_1548_HARP2220_NOAA11618.npz,20121120_1548_HARP2220_NOAA11618,2012-11-20 15:48:00,2220,11618,1,2012
test_2015,train,gs://suryabench-sharp-pipeline-bamidele/samples_npz/2012/20120714_2312_HARP1863_NOAA11523.npz,20120714_2312_HARP1863_NOAA11523,2012-07-14 23:12:00,1863,11523,0,2012
test_2015,train,gs://suryabench-sharp-pipeline-bamidele/samples_npz/2012/20120102_1948_HARP1271_NOAA11392.npz,20120102_1948_HARP1271_NOAA11392,2012-01-02 19:48:00,1271,11392,0,2012
test_2015,train,gs://suryabench-sharp-pipeline-bamidele/samples_npz/2011/20110912_0548_HARP851_NOAA11291.npz,20110912_0548_HARP851_NOAA11291,2011-09-12 05:48:00,851,11291,0,2011
test_2015,train,gs://suryabench-sharp-pipeline-bamidele/samples_npz/2012/20120129_1112_HARP1348_NOAA11411.npz,20120129_1112_HARP1348_NOAA11411,2012-01-29 11:12:00,1348,11411,0,2012
test_2015,train,gs://suryabench-sharp-pipeline-bamidele/samples_npz/2013/20130717_1136_HARP2954_NOAA11792.npz,20130717_1136_HARP2954_NOAA11792,2013-07-17 11:36:00,2954,11792,0,2013
test_2015,train,gs://suryabench-sharp-pipeline-bamidele/samples_npz/2011/20110331_0548_HARP451_NOAA11183.npz,20110331_0548_HARP451_NOAA11183,2011-03-31 05:48:00,451,11183,0,2011
test_2015,train,gs://suryabench-sharp-pipeline-bamidele/samples_npz/2011/20110917_0924_HARP867_NOAA11299.npz,20110917_0924_HARP867_NOAA11299,2011-09-17 09:24:00,867,11299,0,2011
test_2015,train,gs://suryabench-sharp-pipeline-bamidele/samples_npz/2011/20111022_0424_HARP970_NOAA11323.npz,20111022_0424_HARP970_NOAA11323,2011-10-22 04:24:00,970,11323,0,2011
test_2015,train,gs://suryabench-sharp-pipeline-bamidele/samples_npz/2013/20130515_0812_HARP2739_NOAA11745.npz,20130515_0812_HARP2739_NOAA11745,2013-05-15 08:12:00,2739,11745,0,2013
test_2015,train,gs://suryabench-sharp-pipeline-bamidele/samples_npz/2013/20130108_0724_HARP2342_NOAA11643.npz,20130108_0724_HARP2342_NOAA11643,2013-01-08 07:24:00,2342,11643,0,2013
test_2015,train,gs://suryabench-sharp-pipeline-bamidele/samples_npz/2012/20120811_2224_HARP1931_NOAA11543.npz,20120811_2224_HARP1931_NOAA11543,2012-08-11 22:24:00,1931,11543,0,2012
test_2015,train,gs://suryabench-sharp-pipeline-bamidele/samples_npz/2012/20120907_0200_HARP1996_NOAA11563.npz,20120907_0200_HARP1996_NOAA11563,2012-09-07 02:00:00,1996,11563,0,2012
test_2015,train,gs://suryabench-sharp-pipeline-bamidele/samples_npz/2013/20130410_1136_HARP2625_NOAA11716.npz,20130410_1136_HARP2625_NOAA11716,2013-04-10 11:36:00,2625,11716,0,2013
test_2015,train,gs://suryabench-sharp-pipeline-bamidele/samples_npz/2011/20111115_1336_HARP1075_NOAA11347.npz,20111115_1336_HARP1075_NOAA11347,2011-11-15 13:36:00,1075,11347,0,2011
test_2015,train,gs://suryabench-sharp-pipeline-bamidele/samples_npz/2012/20120425_0800_HARP1596_NOAA11465.npz,20120425_0800_HARP1596_NOAA11465,2012-04-25 08:00:00,1596,11465,0,2012
test_2015,train,gs://suryabench-sharp-pipeline-bamidele/samples_npz/2013/20130112_2312_HARP2360_NOAA11650.npz,20130112_2312_HARP2360_NOAA11650,2013-01-12 23:12:00,2360,11650,0,2013
test_2015,train,gs://suryabench-sharp-pipeline-bamidele/samples_npz/2013/20130530_1736_HARP2779_NOAA11757.npz,20130530_1736_HARP2779_NOAA11757,2013-05-30 17:36:00,2779,11757,0,2013
test_2015,train,gs://suryabench-sharp-pipeline-bamidele/samples_npz/2012/20120127_1000_HARP1340_NOAA11409.npz,20120127_1000_HARP1340_NOAA11409,2012-01-27 10:00:00,1340,11409,0,2012
test_2015,train,gs://suryabench-sharp-pipeline-bamidele/samples_npz/2011/20111020_2024_HARP982_NOAA11327.npz,20111020_2024_HARP982_NOAA11327,2011-10-20 20:24:00,982,11327,0,2011
test_2015,train,gs://suryabench-sharp-pipeline-bamidele/samples_npz/2011/20110802_2136_HARP751_NOAA11264.npz,20110802_2136_HARP751_NOAA11264,2011-08-02 21:36:00,751,11264,0,2011
test_2015,train,gs://suryabench-sharp-pipeline-bamidele/samples_npz/2011/20110429_0412_HARP538_NOAA11200.npz,20110429_0412_HARP538_NOAA11200,2011-04-29 04:12:00,538,11200,0,2011
test_2015,train,gs://suryabench-sharp-pipeline-bamidele/samples_npz/2012/20120310_1300_HARP1449_NOAA11429.npz,20120310_1300_HARP1449_NOAA11429,2012-03-10 13:00:00,1449,11429,1,2012
test_2015,train,gs://suryabench-sharp-pipeline-bamidele/samples_npz/2012/20120826_1512_HARP1959_NOAA11553.npz,20120826_1512_HARP1959_NOAA11553,2012-08-26 15:12:00,1959,11553,0,2012
test_2015,train,gs://suryabench-sharp-pipeline-bamidele/samples_npz/2012/20120331_1248_HARP1500_NOAA11445.npz,20120331_1248_HARP1500_NOAA11445,2012-03-31 12:48:00,1500,11445,0,2012
test_2015,train,gs://suryabench-sharp-pipeline-bamidele/samples_npz/2012/20120820_2300_HARP1952_NOAA11551.npz,20120820_2300_HARP1952_NOAA11551,2012-08-20 23:00:00,1952,11551,0,2012
test_2015,train,gs://suryabench-sharp-pipeline-bamidele/samples_npz/2011/20110704_1324_HARP685_NOAA11243.npz,20110704_1324_HARP685_NOAA11243,2011-07-04 13:24:00,685,11243,0,2011
test_2015,train,gs://suryabench-sharp-pipeline-bamidele/samples_npz/2013/20130329_1224_HARP2587_NOAA11704.npz,20130329_1224_HARP2587_NOAA11704,2013-03-29 12:24:00,2587,11704,0,2013
test_2015,train,gs://suryabench-sharp-pipeline-bamidele/samples_npz/2013/20131019_0700_HARP3293_NOAA11874.npz,20131019_0700_HARP3293_NOAA11874,2013-10-19 07:00:00,3293,11874,0,2013
test_2015,train,gs://suryabench-sharp-pipeline-bamidele/samples_npz/2011/20110529_0848_HARP625_NOAA11223.npz,20110529_0848_HARP625_NOAA11223,2011-05-29 08:48:00,625,11223,0,2011
test_2015,train,gs://suryabench-sharp-pipeline-bamidele/samples_npz/2011/20110718_1048_HARP714_NOAA11251.npz,20110718_1048_HARP714_NOAA11251,2011-07-18 10:48:00,714,11251,0,2011
test_2015,train,gs://suryabench-sharp-pipeline-bamidele/samples_npz/2013/20131004_2212_HARP3252_NOAA11862.npz,20131004_2212_HARP3252_NOAA11862,2013-10-04 22:12:00,3252,11862,0,2013
test_2015,train,gs://suryabench-sharp-pipeline-bamidele/samples_npz/2013/20130627_0436_HARP2904_NOAA11780.npz,20130627_0436_HARP2904_NOAA11780,2013-06-27 04:36:00,2904,11780,0,2013
test_2015,train,gs://suryabench-sharp-pipeline-bamidele/samples_npz/2010/20101014_1048_HARP211_NOAA11112.npz,20101014_1048_HARP211_NOAA11112,2010-10-14 10:48:00,211,11112,0,2010
test_2015,train,gs://suryabench-sharp-pipeline-bamidele/samples_npz/2013/20130402_1300_HARP2597_NOAA11713.npz,20130402_1300_HARP2597_NOAA11713,2013-04-02 13:00:00,2597,11713,0,2013
test_2015,train,gs://suryabench-sharp-pipeline-bamidele/samples_npz/2012/20120824_0424_HARP1962_NOAA11554.npz,20120824_0424_HARP1962_NOAA11554,2012-08-24 04:24:00,1962,11554,0,2012
test_2015,train,gs://suryabench-sharp-pipeline-bamidele/samples_npz/2011/20110421_0648_HARP504_NOAA11191.npz,20110421_0648_HARP504_NOAA11191,2011-04-21 06:48:00,504,11191,0,2011
test_2015,train,gs://suryabench-sharp-pipeline-bamidele/samples_npz/2013/20130114_0412_HARP2371_NOAA11657.npz,20130114_0412_HARP2371_NOAA11657,2013-01-14 04:12:00,2371,11657,0,2013
test_2015,train,gs://suryabench-sharp-pipeline-bamidele/samples_npz/2013/20130328_1348_HARP2585_NOAA11705.npz,20130328_1348_HARP2585_NOAA11705,2013-03-28 13:48:00,2585,11705,0,2013
test_2015,train,gs://suryabench-sharp-pipeline-bamidele/samples_npz/2013/20130420_2200_HARP2673_NOAA11726.npz,20130420_2200_HARP2673_NOAA11726,2013-04-20 22:00:00,2673,11726,1,2013
test_2015,train,gs://suryabench-sharp-pipeline-bamidele/samples_npz/2011/20110809_1636_HARP759_NOAA11266.npz,20110809_1636_HARP759_NOAA11266,2011-08-09 16:36:00,759,11266,0,2011
test_2015,train,gs://suryabench-sharp-pipeline-bamidele/samples_npz/2012/20120512_2148_HARP1644_NOAA11477.npz,20120512_2148_HARP1644_NOAA11477,2012-05-12 21:48:00,1644,11477,0,2012
test_2015,train,gs://suryabench-sharp-pipeline-bamidele/samples_npz/2011/20110413_0648_HARP495_NOAA11190.npz,20110413_0648_HARP495_NOAA11190,2011-04-13 06:48:00,495,11190,0,2011
test_2015,train,gs://suryabench-sharp-pipeline-bamidele/samples_npz/2013/20130815_1712_HARP3068_NOAA11825.npz,20130815_1712_HARP3068_NOAA11825,2013-08-15 17:12:00,3068,11825,0,2013
test_2015,train,gs://suryabench-sharp-pipeline-bamidele/samples_npz/2012/20121212_2024_HARP2262_NOAA11628.npz,20121212_2024_HARP2262_NOAA11628,2012-12-12 20:24:00,2262,11628,0,2012
test_2015,train,gs://suryabench-sharp-pipeline-bamidele/samples_npz/2012/20120831_2324_HARP1997_NOAA11561.npz,20120831_2324_HARP1997_NOAA11561,2012-08-31 23:24:00,1997,11561,0,2012
test_2015,train,gs://suryabench-sharp-pipeline-bamidele/samples_npz/2011/20111201_2024_HARP1133_NOAA11365.npz,20111201_2024_HARP1133_NOAA11365,2011-12-01 20:24:00,1133,11365,0,2011
test_2015,train,gs://suryabench-sharp-pipeline-bamidele/samples_npz/2011/20110727_0924_HARP748_NOAA11265.npz,20110727_0924_HARP748_NOAA11265,2011-07-27 09:24:00,748,11265,0,2011
test_2015,train,gs://suryabench-sharp-pipeline-bamidele/samples_npz/2010/20100828_0824_HARP146_NOAA11102.npz,20100828_0824_HARP146_NOAA11102,2010-08-28 08:24:00,146,11102,0,2010
test_2015,train,gs://suryabench-sharp-pipeline-bamidele/samples_npz/2011/20111004_1148_HARP909_NOAA11307.npz,20111004_1148_HARP909_NOAA11307,2011-10-04 11:48:00,909,11307,0,2011
test_2015,train,gs://suryabench-sharp-pipeline-bamidele/samples_npz/2013/20130710_0424_HARP2945_NOAA11794.npz,20130710_0424_HARP2945_NOAA11794,2013-07-10 04:24:00,2945,11794,0,2013
test_2015,train,gs://suryabench-sharp-pipeline-bamidele/samples_npz/2012/20120607_2024_HARP1722_NOAA11493.npz,20120607_2024_HARP1722_NOAA11493,2012-06-07 20:24:00,1722,11493,0,2012
test_2015,train,gs://suryabench-sharp-pipeline-bamidele/samples_npz/2013/20130321_1224_HARP2571_NOAA11700.npz,20130321_1224_HARP2571_NOAA11700,2013-03-21 12:24:00,2571,11700,0,2013
test_2015,train,gs://suryabench-sharp-pipeline-bamidele/samples_npz/2011/20111023_2336_HARP982_NOAA11327.npz,20111023_2336_HARP982_NOAA11327,2011-10-23 23:36:00,982,11327,0,2011
test_2015,train,gs://suryabench-sharp-pipeline-bamidele/samples_npz/2013/20130222_0024_HARP2493_NOAA11677.npz,20130222_0024_HARP2493_NOAA11677,2013-02-22 00:24:00,2493,11677,0,2013
test_2015,train,gs://suryabench-sharp-pipeline-bamidele/samples_npz/2012/20121220_1700_HARP2306_NOAA11633.npz,20121220_1700_HARP2306_NOAA11633,2012-12-20 17:00:00,2306,11633,0,2012
test_2015,train,gs://suryabench-sharp-pipeline-bamidele/samples_npz/2012/20120131_1248_HARP1348_NOAA11411.npz,20120131_1248_HARP1348_NOAA11411,2012-01-31 12:48:00,1348,11411,0,2012
test_2015,train,gs://suryabench-sharp-pipeline-bamidele/samples_npz/2010/20101202_0424_HARP270_NOAA11128.npz,20101202_0424_HARP270_NOAA11128,2010-12-02 04:24:00,270,11128,0,2010
test_2015,train,gs://suryabench-sharp-pipeline-bamidele/samples_npz/2012/20120831_1900_HARP1970_NOAA11555.npz,20120831_1900_HARP1970_NOAA11555,2012-08-31 19:00:00,1970,11555,0,2012
test_2015,train,gs://suryabench-sharp-pipeline-bamidele/samples_npz/2013/20130901_1412_HARP3149_NOAA11837.npz,20130901_1412_HARP3149_NOAA11837,2013-09-01 14:12:00,3149,11837,0,2013
test_2015,train,gs://suryabench-sharp-pipeline-bamidele/samples_npz/2011/20110304_0936_HARP394_NOAA11165.npz,20110304_0936_HARP394_NOAA11165,2011-03-04 09:36:00,394,11165,0,2011
test_2015,train,gs://suryabench-sharp-pipeline-bamidele/samples_npz/2010/20100619_0948_HARP58_NOAA11083.npz,20100619_0948_HARP58_NOAA11083,2010-06-19 09:48:00,58,11083,0,2010
test_2015,train,gs://suryabench-sharp-pipeline-bamidele/samples_npz/2012/20120925_0812_HARP2047_NOAA11578.npz,20120925_0812_HARP2047_NOAA11578,2012-09-25 08:12:00,2047,11578,0,2012
test_2015,train,gs://suryabench-sharp-pipeline-bamidele/samples_npz/2011/20110507_1548_HARP556_NOAA11203.npz,20110507_1548_HARP556_NOAA11203,2011-05-07 15:48:00,556,11203,0,2011
test_2015,train,gs://suryabench-sharp-pipeline-bamidele/samples_npz/2012/20121018_1424_HARP2112_NOAA11590.npz,20121018_1424_HARP2112_NOAA11590,2012-10-18 14:24:00,2112,11590,0,2012
test_2015,train,gs://suryabench-sharp-pipeline-bamidele/samples_npz/2013/20130709_0648_HARP2944_NOAA11790.npz,20130709_0648_HARP2944_NOAA11790,2013-07-09 06:48:00,2944,11790,0,2013
test_2015,train,gs://suryabench-sharp-pipeline-bamidele/samples_npz/2010/20101005_0100_HARP198_NOAA11111.npz,20101005_0100_HARP198_NOAA11111,2010-10-05 01:00:00,198,11111,0,2010
test_2015,train,gs://suryabench-sharp-pipeline-bamidele/samples_npz/2013/20130529_0036_HARP2760_NOAA11753.npz,20130529_0036_HARP2760_NOAA11753,2013-05-29 00:36:00,2760,11753,0,2013
test_2015,train,gs://suryabench-sharp-pipeline-bamidele/samples_npz/2011/20110820_1912_HARP794_NOAA11271.npz,20110820_1912_HARP794_NOAA11271,2011-08-20 19:12:00,794,11271,0,2011
test_2015,train,gs://suryabench-sharp-pipeline-bamidele/samples_npz/2010/20100730_2036_HARP107_NOAA11094.npz,20100730_2036_HARP107_NOAA11094,2010-07-30 20:36:00,107,11094,0,2010
test_2015,train,gs://suryabench-sharp-pipeline-bamidele/samples_npz/2011/20110530_2248_HARP632_NOAA11225.npz,20110530_2248_HARP632_NOAA11225,2011-05-30 22:48:00,632,11225,0,2011
test_2015,train,gs://suryabench-sharp-pipeline-bamidele/samples_npz/2011/20110316_0548_HARP421_NOAA11172.npz,20110316_0548_HARP421_NOAA11172,2011-03-16 05:48:00,421,11172,0,2011
test_2015,train,gs://suryabench-sharp-pipeline-bamidele/samples_npz/2011/20110305_1236_HARP403_NOAA11167.npz,20110305_1236_HARP403_NOAA11167,2011-03-05 12:36:00,403,11167,0,2011
test_2015,train,gs://suryabench-sharp-pipeline-bamidele/samples_npz/2013/20130505_0236_HARP2711_NOAA11737.npz,20130505_0236_HARP2711_NOAA11737,2013-05-05 02:36:00,2711,11737,0,2013
test_2015,train,gs://suryabench-sharp-pipeline-bamidele/samples_npz/2011/20110803_2336_HARP751_NOAA11264.npz,20110803_2336_HARP751_NOAA11264,2011-08-03 23:36:00,751,11264,0,2011
test_2015,train,gs://suryabench-sharp-pipeline-bamidele/samples_npz/2011/20111120_0224_HARP1089_NOAA11352.npz,20111120_0224_HARP1089_NOAA11352,2011-11-20 02:24:00,1089,11352,0,2011
test_2015,train,gs://suryabench-sharp-pipeline-bamidele/samples_npz/2011/20111123_0336_HARP1093_NOAA11353.npz,20111123_0336_HARP1093_NOAA11353,2011-11-23 03:36:00,1093,11353,0,2011
test_2015,train,gs://suryabench-sharp-pipeline-bamidele/samples_npz/2012/20121029_0300_HARP2137_NOAA11598.npz,20121029_0300_HARP2137_NOAA11598,2012-10-29 03:00:00,2137,11598,0,2012
test_2015,train,gs://suryabench-sharp-pipeline-bamidele/samples_npz/2012/20120602_1548_HARP1705_NOAA11492.npz,20120602_1548_HARP1705_NOAA11492,2012-06-02 15:48:00,1705,11492,0,2012
test_2015,train,gs://suryabench-sharp-pipeline-bamidele/samples_npz/2011/20110622_0136_HARP674_NOAA11237.npz,20110622_0136_HARP674_NOAA11237,2011-06-22 01:36:00,674,11237,0,2011
test_2015,train,gs://suryabench-sharp-pipeline-bamidele/samples_npz/2012/20120228_1400_HARP1422_NOAA11423.npz,20120228_1400_HARP1422_NOAA11423,2012-02-28 14:00:00,1422,11423,0,2012
test_2015,train,gs://suryabench-sharp-pipeline-bamidele/samples_npz/2013/20130420_1736_HARP2661_NOAA11724.npz,20130420_1736_HARP2661_NOAA11724,2013-04-20 17:36:00,2661,11724,0,2013
test_2015,train,gs://suryabench-sharp-pipeline-bamidele/samples_npz/2011/20110830_2024_HARP812_NOAA11280.npz,20110830_2024_HARP812_NOAA11280,2011-08-30 20:24:00,812,11280,0,2011
test_2015,train,gs://suryabench-sharp-pipeline-bamidele/samples_npz/2012/20120513_1212_HARP1644_NOAA11477.npz,20120513_1212_HARP1644_NOAA11477,2012-05-13 12:12:00,1644,11477,0,2012
test_2015,train,gs://suryabench-sharp-pipeline-bamidele/samples_npz/2011/20110712_0012_HARP695_NOAA11247.npz,20110712_0012_HARP695_NOAA11247,2011-07-12 00:12:00,695,11247,0,2011
test_2015,train,gs://suryabench-sharp-pipeline-bamidele/samples_npz/2012/20120417_1624_HARP1573_NOAA11462.npz,20120417_1624_HARP1573_NOAA11462,2012-04-17 16:24:00,1573,11462,0,2012
test_2015,train,gs://suryabench-sharp-pipeline-bamidele/samples_npz/2013/20130103_1600_HARP2329_NOAA11639.npz,20130103_1600_HARP2329_NOAA11639,2013-01-03 16:00:00,2329,11639,0,2013
test_2015,train,gs://suryabench-sharp-pipeline-bamidele/samples_npz/2011/20110720_0112_HARP714_NOAA11251.npz,20110720_0112_HARP714_NOAA11251,2011-07-20 01:12:00,714,11251,0,2011
test_2015,train,gs://suryabench-sharp-pipeline-bamidele/samples_npz/2013/20130824_0300_HARP3103_NOAA11828.npz,20130824_0300_HARP3103_NOAA11828,2013-08-24 03:00:00,3103,11828,0,2013
test_2015,train,gs://suryabench-sharp-pipeline-bamidele/samples_npz/2011/20111203_0048_HARP1133_NOAA11365.npz,20111203_0048_HARP1133_NOAA11365,2011-12-03 00:48:00,1133,11365,0,2011
test_2015,train,gs://suryabench-sharp-pipeline-bamidele/samples_npz/2011/20110702_0036_HARP685_NOAA11243.npz,20110702_0036_HARP685_NOAA11243,2011-07-02 00:36:00,685,11243,0,2011
test_2015,train,gs://suryabench-sharp-pipeline-bamidele/samples_npz/2011/20110523_1912_HARP605_NOAA11216.npz,20110523_1912_HARP605_NOAA11216,2011-05-23 19:12:00,605,11216,0,2011
test_2015,train,gs://suryabench-sharp-pipeline-bamidele/samples_npz/2011/20110825_0836_HARP803_NOAA11274.npz,20110825_0836_HARP803_NOAA11274,2011-08-25 08:36:00,803,11274,0,2011
test_2015,train,gs://suryabench-sharp-pipeline-bamidele/samples_npz/2011/20110923_1348_HARP878_NOAA11301.npz,20110923_1348_HARP878_NOAA11301,2011-09-23 13:48:00,878,11301,0,2011
test_2015,train,gs://suryabench-sharp-pipeline-bamidele/samples_npz/2013/20130102_2112_HARP2353_NOAA11645.npz,20130102_2112_HARP2353_NOAA11645,2013-01-02 21:12:00,2353,11645,0,2013
test_2015,train,gs://suryabench-sharp-pipeline-bamidele/samples_npz/2011/20110410_0136_HARP488_NOAA11188.npz,20110410_0136_HARP488_NOAA11188,2011-04-10 01:36:00,488,11188,0,2011
test_2015,train,gs://suryabench-sharp-pipeline-bamidele/samples_npz/2011/20110513_0312_HARP587_NOAA11208.npz,20110513_0312_HARP587_NOAA11208,2011-05-13 03:12:00,587,11208,0,2011
test_2015,train,gs://suryabench-sharp-pipeline-bamidele/samples_npz/2013/20131220_0600_HARP3497_NOAA11925.npz,20131220_0600_HARP3497_NOAA11925,2013-12-20 06:00:00,3497,11925,0,2013
test_2015,train,gs://suryabench-sharp-pipeline-bamidele/samples_npz/2013/20130802_0736_HARP3022_NOAA11808.npz,20130802_0736_HARP3022_NOAA11808,2013-08-02 07:36:00,3022,11808,0,2013
test_2015,train,gs://suryabench-sharp-pipeline-bamidele/samples_npz/2013/20130816_1148_HARP3056_NOAA11818.npz,20130816_1148_HARP3056_NOAA11818,2013-08-16 11:48:00,3056,11818,1,2013
test_2015,train,gs://suryabench-sharp-pipeline-bamidele/samples_npz/2011/20110417_1012_HARP504_NOAA11191.npz,20110417_1012_HARP504_NOAA11191,2011-04-17 10:12:00,504,11191,0,2011
test_2015,train,gs://suryabench-sharp-pipeline-bamidele/samples_npz/2010/20101015_2100_HARP211_NOAA11112.npz,20101015_2100_HARP211_NOAA11112,2010-10-15 21:00:00,211,11112,1,2010
test_2015,train,gs://suryabench-sharp-pipeline-bamidele/samples_npz/2012/20120727_0112_HARP1873_NOAA11526.npz,20120727_0112_HARP1873_NOAA11526,2012-07-27 01:12:00,1873,11526,0,2012
test_2015,train,gs://suryabench-sharp-pipeline-bamidele/samples_npz/2012/20120509_1824_HARP1638_NOAA11476.npz,20120509_1824_HARP1638_NOAA11476,2012-05-09 18:24:00,1638,11476,1,2012
test_2015,train,gs://suryabench-sharp-pipeline-bamidele/samples_npz/2010/20100715_1236_HARP89_NOAA11088.npz,20100715_1236_HARP89_NOAA11088,2010-07-15 12:36:00,89,11088,0,2010
test_2015,train,gs://suryabench-sharp-pipeline-bamidele/samples_npz/2013/20131231_0600_HARP3535_NOAA11936.npz,20131231_0600_HARP3535_NOAA11936,2013-12-31 06:00:00,3535,11936,1,2013
test_2015,train,gs://suryabench-sharp-pipeline-bamidele/samples_npz/2011/20110509_0548_HARP580_NOAA11210.npz,20110509_0548_HARP580_NOAA11210,2011-05-09 05:48:00,580,11210,0,2011
test_2015,train,gs://suryabench-sharp-pipeline-bamidele/samples_npz/2013/20130328_1736_HARP2585_NOAA11705.npz,20130328_1736_HARP2585_NOAA11705,2013-03-28 17:36:00,2585,11705,0,2013
test_2015,train,gs://suryabench-sharp-pipeline-bamidele/samples_npz/2012/20120325_1800_HARP1497_NOAA11446.npz,20120325_1800_HARP1497_NOAA11446,2012-03-25 18:00:00,1497,11446,0,2012
test_2015,train,gs://suryabench-sharp-pipeline-bamidele/samples_npz/2013/20130406_1024_HARP2619_NOAA11714.npz,20130406_1024_HARP2619_NOAA11714,2013-04-06 10:24:00,2619,11714,0,2013
test_2015,train,gs://suryabench-sharp-pipeline-bamidele/samples_npz/2011/20110204_1836_HARP355_NOAA11150.npz,20110204_1836_HARP355_NOAA11150,2011-02-04 18:36:00,355,11150,0,2011
test_2015,train,gs://suryabench-sharp-pipeline-bamidele/samples_npz/2011/20111103_1024_HARP1021_NOAA11334.npz,20111103_1024_HARP1021_NOAA11334,2011-11-03 10:24:00,1021,11334,0,2011
test_2015,train,gs://suryabench-sharp-pipeline-bamidele/samples_npz/2011/20110724_1112_HARP744_NOAA11262.npz,20110724_1112_HARP744_NOAA11262,2011-07-24 11:12:00,744,11262,0,2011
test_2015,train,gs://suryabench-sharp-pipeline-bamidele/samples_npz/2011/20110305_0612_HARP403_NOAA11167.npz,20110305_0612_HARP403_NOAA11167,2011-03-05 06:12:00,403,11167,0,2011
test_2015,train,gs://suryabench-sharp-pipeline-bamidele/samples_npz/2012/20121017_1924_HARP2121_NOAA11591.npz,20121017_1924_HARP2121_NOAA11591,2012-10-17 19:24:00,2121,11591,0,2012
test_2015,train,gs://suryabench-sharp-pipeline-bamidele/samples_npz/2013/20130209_1512_HARP2460_NOAA11670.npz,20130209_1512_HARP2460_NOAA11670,2013-02-09 15:12:00,2460,11670,0,2013
test_2015,train,gs://suryabench-sharp-pipeline-bamidele/samples_npz/2011/20110913_1224_HARP850_NOAA11290.npz,20110913_1224_HARP850_NOAA11290,2011-09-13 12:24:00,850,11290,0,2011
test_2015,train,gs://suryabench-sharp-pipeline-bamidele/samples_npz/2011/20110807_1812_HARP759_NOAA11266.npz,20110807_1812_HARP759_NOAA11266,2011-08-07 18:12:00,759,11266,0,2011
test_2015,train,gs://suryabench-sharp-pipeline-bamidele/samples_npz/2013/20130630_1448_HARP2887_NOAA11778.npz,20130630_1448_HARP2887_NOAA11778,2013-06-30 14:48:00,2887,11778,0,2013
test_2015,train,gs://suryabench-sharp-pipeline-bamidele/samples_npz/2013/20130217_0436_HARP2491_NOAA11675.npz,20130217_0436_HARP2491_NOAA11675,2013-02-17 04:36:00,2491,11675,1,2013
test_2015,train,gs://suryabench-sharp-pipeline-bamidele/samples_npz/2012/20120928_2036_HARP2059_NOAA11579.npz,20120928_2036_HARP2059_NOAA11579,2012-09-28 20:36:00,2059,11579,0,2012
test_2015,train,gs://suryabench-sharp-pipeline-bamidele/samples_npz/2012/20121211_2336_HARP2262_NOAA11628.npz,20121211_2336_HARP2262_NOAA11628,2012-12-11 23:36:00,2262,11628,0,2012
test_2015,train,gs://suryabench-sharp-pipeline-bamidele/samples_npz/2011/20111117_0112_HARP1064_NOAA11349.npz,20111117_0112_HARP1064_NOAA11349,2011-11-17 01:12:00,1064,11349,0,2011
test_2015,train,gs://suryabench-sharp-pipeline-bamidele/samples_npz/2013/20130920_1824_HARP3205_NOAA11849.npz,20130920_1824_HARP3205_NOAA11849,2013-09-20 18:24:00,3205,11849,0,2013
test_2015,train,gs://suryabench-sharp-pipeline-bamidele/samples_npz/2011/20110710_1436_HARP695_NOAA11247.npz,20110710_1436_HARP695_NOAA11247,2011-07-10 14:36:00,695,11247,0,2011
test_2015,train,gs://suryabench-sharp-pipeline-bamidele/samples_npz/2012/20120203_2312_HARP1367_NOAA11415.npz,20120203_2312_HARP1367_NOAA11415,2012-02-03 23:12:00,1367,11415,0,2012
test_2015,train,gs://suryabench-sharp-pipeline-bamidele/samples_npz/2011/20110211_1548_HARP364_NOAA11157.npz,20110211_1548_HARP364_NOAA11157,2011-02-11 15:48:00,364,11157,0,2011
test_2015,train,gs://suryabench-sharp-pipeline-bamidele/samples_npz/2012/20121117_0100_HARP2191_NOAA11613.npz,20121117_0100_HARP2191_NOAA11613,2012-11-17 01:00:00,2191,11613,0,2012
test_2015,train,gs://suryabench-sharp-pipeline-bamidele/samples_npz/2012/20120528_0400_HARP1701_NOAA11490.npz,20120528_0400_HARP1701_NOAA11490,2012-05-28 04:00:00,1701,11490,0,2012
test_2015,train,gs://suryabench-sharp-pipeline-bamidele/samples_npz/2012/20120729_2212_HARP1892_NOAA11533.npz,20120729_2212_HARP1892_NOAA11533,2012-07-29 22:12:00,1892,11533,0,2012
test_2015,train,gs://suryabench-sharp-pipeline-bamidele/samples_npz/2012/20121125_0712_HARP2227_NOAA11620.npz,20121125_0712_HARP2227_NOAA11620,2012-11-25 07:12:00,2227,11620,0,2012
test_2015,train,gs://suryabench-sharp-pipeline-bamidele/samples_npz/2013/20131024_0424_HARP3295_NOAA11877.npz,20131024_0424_HARP3295_NOAA11877,2013-10-24 04:24:00,3295,11877,0,2013
test_2015,train,gs://suryabench-sharp-pipeline-bamidele/samples_npz/2011/20110911_1548_HARP850_NOAA11290.npz,20110911_1548_HARP850_NOAA11290,2011-09-11 15:48:00,850,11290,0,2011
test_2015,train,gs://suryabench-sharp-pipeline-bamidele/samples_npz/2011/20111006_2248_HARP926_NOAA11311.npz,20111006_2248_HARP926_NOAA11311,2011-10-06 22:48:00,926,11311,0,2011
test_2015,train,gs://suryabench-sharp-pipeline-bamidele/samples_npz/2013/20130927_1912_HARP3220_NOAA11858.npz,20130927_1912_HARP3220_NOAA11858,2013-09-27 19:12:00,3220,11858,0,2013
test_2015,train,gs://suryabench-sharp-pipeline-bamidele/samples_npz/2012/20120426_0312_HARP1603_NOAA11466.npz,20120426_0312_HARP1603_NOAA11466,2012-04-26 03:12:00,1603,11466,1,2012
test_2015,train,gs://suryabench-sharp-pipeline-bamidele/samples_npz/2012/20120426_1712_HARP1603_NOAA11466.npz,20120426_1712_HARP1603_NOAA11466,2012-04-26 17:12:00,1603,11466,1,2012
test_2015,train,gs://suryabench-sharp-pipeline-bamidele/samples_npz/2013/20130831_0312_HARP3122_NOAA11835.npz,20130831_0312_HARP3122_NOAA11835,2013-08-31 03:12:00,3122,11835,0,2013
test_2015,train,gs://suryabench-sharp-pipeline-bamidele/samples_npz/2011/20110419_0400_HARP504_NOAA11191.npz,20110419_0400_HARP504_NOAA11191,2011-04-19 04:00:00,504,11191,0,2011
test_2015,train,gs://suryabench-sharp-pipeline-bamidele/samples_npz/2013/20130813_1300_HARP3048_NOAA11814.npz,20130813_1300_HARP3048_NOAA11814,2013-08-13 13:00:00,3048,11814,0,2013
test_2015,train,gs://suryabench-sharp-pipeline-bamidele/samples_npz/2012/20120118_2212_HARP1318_NOAA11399.npz,20120118_2212_HARP1318_NOAA11399,2012-01-18 22:12:00,1318,11399,0,2012
test_2015,train,gs://suryabench-sharp-pipeline-bamidele/samples_npz/2013/20130419_2048_HARP2661_NOAA11724.npz,20130419_2048_HARP2661_NOAA11724,2013-04-19 20:48:00,2661,11724,0,2013
test_2015,train,gs://suryabench-sharp-pipeline-bamidele/samples_npz/2012/20120603_2324_HARP1737_NOAA11500.npz,20120603_2324_HARP1737_NOAA11500,2012-06-03 23:24:00,1737,11500,0,2012
test_2015,train,gs://suryabench-sharp-pipeline-bamidele/samples_npz/2013/20130819_1848_HARP3068_NOAA11825.npz,20130819_1848_HARP3068_NOAA11825,2013-08-19 18:48:00,3068,11825,0,2013
test_2015,train,gs://suryabench-sharp-pipeline-bamidele/samples_npz/2012/20121018_1300_HARP2121_NOAA11591.npz,20121018_1300_HARP2121_NOAA11591,2012-10-18 13:00:00,2121,11591,0,2012
test_2015,train,gs://suryabench-sharp-pipeline-bamidele/samples_npz/2012/20120720_2300_HARP1866_NOAA11524.npz,20120720_2300_HARP1866_NOAA11524,2012-07-20 23:00:00,1866,11524,0,2012
test_2015,train,gs://suryabench-sharp-pipeline-bamidele/samples_npz/2013/20131115_2348_HARP3366_NOAA11895.npz,20131115_2348_HARP3366_NOAA11895,2013-11-15 23:48:00,3366,11895,0,2013
test_2015,train,gs://suryabench-sharp-pipeline-bamidele/samples_npz/2013/20130303_1600_HARP2519_NOAA11686.npz,20130303_1600_HARP2519_NOAA11686,2013-03-03 16:00:00,2519,11686,1,2013
test_2015,train,gs://suryabench-sharp-pipeline-bamidele/samples_npz/2013/20130922_1048_HARP3212_NOAA11845.npz,20130922_1048_HARP3212_NOAA11845,2013-09-22 10:48:00,3212,11845,0,2013
test_2015,train,gs://suryabench-sharp-pipeline-bamidele/samples_npz/2011/20110212_2024_HARP377_NOAA11158.npz,20110212_2024_HARP377_NOAA11158,2011-02-12 20:24:00,377,11158,1,2011
test_2015,train,gs://suryabench-sharp-pipeline-bamidele/samples_npz/2012/20120924_0312_HARP2047_NOAA11578.npz,20120924_0312_HARP2047_NOAA11578,2012-09-24 03:12:00,2047,11578,0,2012
test_2015,train,gs://suryabench-sharp-pipeline-bamidele/samples_npz/2013/20131216_1724_HARP3483_NOAA11920.npz,20131216_1724_HARP3483_NOAA11920,2013-12-16 17:24:00,3483,11920,0,2013
test_2015,train,gs://suryabench-sharp-pipeline-bamidele/samples_npz/2012/20121016_1800_HARP2112_NOAA11590.npz,20121016_1800_HARP2112_NOAA11590,2012-10-16 18:00:00,2112,11590,0,2012
test_2015,train,gs://suryabench-sharp-pipeline-bamidele/samples_npz/2011/20111225_2136_HARP1232_NOAA11385.npz,20111225_2136_HARP1232_NOAA11385,2011-12-25 21:36:00,1232,11385,0,2011
test_2015,train,gs://suryabench-sharp-pipeline-bamidele/samples_npz/2011/20110802_1836_HARP750_NOAA11261.npz,20110802_1836_HARP750_NOAA11261,2011-08-02 18:36:00,750,11261,1,2011
test_2015,train,gs://suryabench-sharp-pipeline-bamidele/samples_npz/2013/20130430_2300_HARP2693_NOAA11731.npz,20130430_2300_HARP2693_NOAA11731,2013-04-30 23:00:00,2693,11731,1,2013
test_2015,train,gs://suryabench-sharp-pipeline-bamidele/samples_npz/2011/20111021_1400_HARP970_NOAA11323.npz,20111021_1400_HARP970_NOAA11323,2011-10-21 14:00:00,970,11323,0,2011
test_2015,train,gs://suryabench-sharp-pipeline-bamidele/samples_npz/2012/20120701_1536_HARP1806_NOAA11513.npz,20120701_1536_HARP1806_NOAA11513,2012-07-01 15:36:00,1806,11513,1,2012
test_2015,train,gs://suryabench-sharp-pipeline-bamidele/samples_npz/2013/20131201_0212_HARP3446_NOAA11911.npz,20131201_0212_HARP3446_NOAA11911,2013-12-01 02:12:00,3446,11911,0,2013
test_2015,train,gs://suryabench-sharp-pipeline-bamidele/samples_npz/2011/20110727_0612_HARP748_NOAA11265.npz,20110727_0612_HARP748_NOAA11265,2011-07-27 06:12:00,748,11265,0,2011
test_2015,train,gs://suryabench-sharp-pipeline-bamidele/samples_npz/2011/20110802_0800_HARP755_NOAA11264.npz,20110802_0800_HARP755_NOAA11264,2011-08-02 08:00:00,755,11264,0,2011
test_2015,train,gs://suryabench-sharp-pipeline-bamidele/samples_npz/2012/20120518_0648_HARP1653_NOAA11479.npz,20120518_0648_HARP1653_NOAA11479,2012-05-18 06:48:00,1653,11479,0,2012
test_2015,train,gs://suryabench-sharp-pipeline-bamidele/samples_npz/2013/20130508_0248_HARP2716_NOAA11738.npz,20130508_0248_HARP2716_NOAA11738,2013-05-08 02:48:00,2716,11738,0,2013
test_2015,train,gs://suryabench-sharp-pipeline-bamidele/samples_npz/2012/20121119_0736_HARP2193_NOAA11614.npz,20121119_0736_HARP2193_NOAA11614,2012-11-19 07:36:00,2193,11614,0,2012
test_2015,train,gs://suryabench-sharp-pipeline-bamidele/samples_npz/2011/20110628_1948_HARP686_NOAA11242.npz,20110628_1948_HARP686_NOAA11242,2011-06-28 19:48:00,686,11242,0,2011
test_2015,train,gs://suryabench-sharp-pipeline-bamidele/samples_npz/2012/20120309_1000_HARP1447_NOAA11428.npz,20120309_1000_HARP1447_NOAA11428,2012-03-09 10:00:00,1447,11428,0,2012
test_2015,train,gs://suryabench-sharp-pipeline-bamidele/samples_npz/2011/20110204_1700_HARP355_NOAA11150.npz,20110204_1700_HARP355_NOAA11150,2011-02-04 17:00:00,355,11150,0,2011
test_2015,train,gs://suryabench-sharp-pipeline-bamidele/samples_npz/2013/20130315_1324_HARP2546_NOAA11692.npz,20130315_1324_HARP2546_NOAA11692,2013-03-15 13:24:00,2546,11692,0,2013
test_2015,train,gs://suryabench-sharp-pipeline-bamidele/samples_npz/2013/20130421_2200_HARP2673_NOAA11726.npz,20130421_2200_HARP2673_NOAA11726,2013-04-21 22:00:00,2673,11726,1,2013
test_2015,train,gs://suryabench-sharp-pipeline-bamidele/samples_npz/2011/20111007_0200_HARP926_NOAA11311.npz,20111007_0200_HARP926_NOAA11311,2011-10-07 02:00:00,926,11311,0,2011
test_2015,train,gs://suryabench-sharp-pipeline-bamidele/samples_npz/2011/20110314_2148_HARP415_NOAA11171.npz,20110314_2148_HARP415_NOAA11171,2011-03-14 21:48:00,415,11171,0,2011
test_2015,train,gs://suryabench-sharp-pipeline-bamidele/samples_npz/2011/20111014_1348_HARP950_NOAA11316.npz,20111014_1348_HARP950_NOAA11316,2011-10-14 13:48:00,950,11316,0,2011
test_2015,train,gs://suryabench-sharp-pipeline-bamidele/samples_npz/2013/20131017_1812_HARP3293_NOAA11874.npz,20131017_1812_HARP3293_NOAA11874,2013-10-17 18:12:00,3293,11874,0,2013
test_2015,train,gs://suryabench-sharp-pipeline-bamidele/samples_npz/2013/20131127_1636_HARP3441_NOAA11910.npz,20131127_1636_HARP3441_NOAA11910,2013-11-27 16:36:00,3441,11910,0,2013
test_2015,train,gs://suryabench-sharp-pipeline-bamidele/samples_npz/2013/20130308_1636_HARP2511_NOAA11683.npz,20130308_1636_HARP2511_NOAA11683,2013-03-08 16:36:00,2511,11683,0,2013
test_2015,train,gs://suryabench-sharp-pipeline-bamidele/samples_npz/2013/20130419_0700_HARP2663_NOAA11723.npz,20130419_0700_HARP2663_NOAA11723,2013-04-19 07:00:00,2663,11723,0,2013
test_2015,train,gs://suryabench-sharp-pipeline-bamidele/samples_npz/2012/20120822_0836_HARP1952_NOAA11551.npz,20120822_0836_HARP1952_NOAA11551,2012-08-22 08:36:00,1952,11551,0,2012
test_2015,train,gs://suryabench-sharp-pipeline-bamidele/samples_npz/2010/20101120_0524_HARP259_NOAA11127.npz,20101120_0524_HARP259_NOAA11127,2010-11-20 05:24:00,259,11127,0,2010
test_2015,train,gs://suryabench-sharp-pipeline-bamidele/samples_npz/2013/20130720_2000_HARP2968_NOAA11793.npz,20130720_2000_HARP2968_NOAA11793,2013-07-20 20:00:00,2968,11793,0,2013
test_2015,train,gs://suryabench-sharp-pipeline-bamidele/samples_npz/2012/20121126_1512_HARP2227_NOAA11620.npz,20121126_1512_HARP2227_NOAA11620,2012-11-26 15:12:00,2227,11620,1,2012
test_2015,train,gs://suryabench-sharp-pipeline-bamidele/samples_npz/2012/20120723_1148_HARP1866_NOAA11524.npz,20120723_1148_HARP1866_NOAA11524,2012-07-23 11:48:00,1866,11524,0,2012
test_2015,train,gs://suryabench-sharp-pipeline-bamidele/samples_npz/2013/20130521_0924_HARP2748_NOAA11748.npz,20130521_0924_HARP2748_NOAA11748,2013-05-21 09:24:00,2748,11748,0,2013
test_2015,train,gs://suryabench-sharp-pipeline-bamidele/samples_npz/2010/20100808_0000_HARP116_NOAA11096.npz,20100808_0000_HARP116_NOAA11096,2010-08-08 00:00:00,116,11096,0,2010
test_2015,train,gs://suryabench-sharp-pipeline-bamidele/samples_npz/2011/20110817_1312_HARP799_NOAA11273.npz,20110817_1312_HARP799_NOAA11273,2011-08-17 13:12:00,799,11273,0,2011
test_2015,train,gs://suryabench-sharp-pipeline-bamidele/samples_npz/2013/20130720_0336_HARP2964_NOAA11795.npz,20130720_0336_HARP2964_NOAA11795,2013-07-20 03:36:00,2964,11795,0,2013
test_2015,train,gs://suryabench-sharp-pipeline-bamidele/samples_npz/2013/20130120_1800_HARP2401_NOAA11659.npz,20130120_1800_HARP2401_NOAA11659,2013-01-20 18:00:00,2401,11659,0,2013
test_2015,train,gs://suryabench-sharp-pipeline-bamidele/samples_npz/2013/20131230_0836_HARP3557_NOAA11938.npz,20131230_0836_HARP3557_NOAA11938,2013-12-30 08:36:00,3557,11938,0,2013
test_2015,train,gs://suryabench-sharp-pipeline-bamidele/samples_npz/2010/20101108_1736_HARP248_NOAA11122.npz,20101108_1736_HARP248_NOAA11122,2010-11-08 17:36:00,248,11122,0,2010
test_2015,train,gs://suryabench-sharp-pipeline-bamidele/samples_npz/2013/20131004_1036_HARP3250_NOAA11859.npz,20131004_1036_HARP3250_NOAA11859,2013-10-04 10:36:00,3250,11859,0,2013
test_2015,train,gs://suryabench-sharp-pipeline-bamidele/samples_npz/2011/20110426_0600_HARP540_NOAA11199.npz,20110426_0600_HARP540_NOAA11199,2011-04-26 06:00:00,540,11199,0,2011
test_2015,train,gs://suryabench-sharp-pipeline-bamidele/samples_npz/2012/20120515_1700_HARP1644_NOAA11477.npz,20120515_1700_HARP1644_NOAA11477,2012-05-15 17:00:00,1644,11477,0,2012
test_2015,train,gs://suryabench-sharp-pipeline-bamidele/samples_npz/2011/20110429_0548_HARP538_NOAA11200.npz,20110429_0548_HARP538_NOAA11200,2011-04-29 05:48:00,538,11200,0,2011
test_2015,train,gs://suryabench-sharp-pipeline-bamidele/samples_npz/2013/20130730_2136_HARP3019_NOAA11807.npz,20130730_2136_HARP3019_NOAA11807,2013-07-30 21:36:00,3019,11807,0,2013
test_2015,train,gs://suryabench-sharp-pipeline-bamidele/samples_npz/2011/20110801_2324_HARP750_NOAA11261.npz,20110801_2324_HARP750_NOAA11261,2011-08-01 23:24:00,750,11261,1,2011
test_2015,train,gs://suryabench-sharp-pipeline-bamidele/samples_npz/2013/20130815_1948_HARP3056_NOAA11818.npz,20130815_1948_HARP3056_NOAA11818,2013-08-15 19:48:00,3056,11818,1,2013
test_2015,train,gs://suryabench-sharp-pipeline-bamidele/samples_npz/2013/20131129_0236_HARP3441_NOAA11910.npz,20131129_0236_HARP3441_NOAA11910,2013-11-29 02:36:00,3441,11910,0,2013
test_2015,train,gs://suryabench-sharp-pipeline-bamidele/samples_npz/2011/20110624_0136_HARP674_NOAA11237.npz,20110624_0136_HARP674_NOAA11237,2011-06-24 01:36:00,674,11237,0,2011
test_2015,train,gs://suryabench-sharp-pipeline-bamidele/samples_npz/2010/20100528_1912_HARP40_NOAA11075.npz,20100528_1912_HARP40_NOAA11075,2010-05-28 19:12:00,40,11075,0,2010
test_2015,train,gs://suryabench-sharp-pipeline-bamidele/samples_npz/2013/20130604_0400_HARP2812_NOAA11766.npz,20130604_0400_HARP2812_NOAA11766,2013-06-04 04:00:00,2812,11766,0,2013
test_2015,train,gs://suryabench-sharp-pipeline-bamidele/samples_npz/2011/20111120_1612_HARP1079_NOAA11350.npz,20111120_1612_HARP1079_NOAA11350,2011-11-20 16:12:00,1079,11350,0,2011
test_2015,train,gs://suryabench-sharp-pipeline-bamidele/samples_npz/2013/20130608_2112_HARP2832_NOAA11768.npz,20130608_2112_HARP2832_NOAA11768,2013-06-08 21:12:00,2832,11768,0,2013
test_2015,train,gs://suryabench-sharp-pipeline-bamidele/samples_npz/2012/20120520_1012_HARP1662_NOAA11484.npz,20120520_1012_HARP1662_NOAA11484,2012-05-20 10:12:00,1662,11484,0,2012
test_2015,train,gs://suryabench-sharp-pipeline-bamidele/samples_npz/2013/20130702_0900_HARP2922_NOAA11784.npz,20130702_0900_HARP2922_NOAA11784,2013-07-02 09:00:00,2922,11784,0,2013
test_2015,train,gs://suryabench-sharp-pipeline-bamidele/samples_npz/2012/20120905_0124_HARP2007_NOAA11565.npz,20120905_0124_HARP2007_NOAA11565,2012-09-05 01:24:00,2007,11565,0,2012
test_2015,train,gs://suryabench-sharp-pipeline-bamidele/samples_npz/2012/20120114_1800_HARP1319_NOAA11400.npz,20120114_1800_HARP1319_NOAA11400,2012-01-14 18:00:00,1319,11400,0,2012
test_2015,train,gs://suryabench-sharp-pipeline-bamidele/samples_npz/2013/20130926_1424_HARP3220_NOAA11858.npz,20130926_1424_HARP3220_NOAA11858,2013-09-26 14:24:00,3220,11858,0,2013
test_2015,train,gs://suryabench-sharp-pipeline-bamidele/samples_npz/2013/20130802_1248_HARP3032_NOAA11811.npz,20130802_1248_HARP3032_NOAA11811,2013-08-02 12:48:00,3032,11811,0,2013
test_2015,train,gs://suryabench-sharp-pipeline-bamidele/samples_npz/2012/20120831_0100_HARP1998_NOAA11557.npz,20120831_0100_HARP1998_NOAA11557,2012-08-31 01:00:00,1998,11557,0,2012
test_2015,train,gs://suryabench-sharp-pipeline-bamidele/samples_npz/2012/20120117_0636_HARP1313_NOAA11403.npz,20120117_0636_HARP1313_NOAA11403,2012-01-17 06:36:00,1313,11403,0,2012
test_2015,train,gs://suryabench-sharp-pipeline-bamidele/samples_npz/2013/20130409_1812_HARP2634_NOAA11717.npz,20130409_1812_HARP2634_NOAA11717,2013-04-09 18:12:00,2634,11717,0,2013
test_2015,train,gs://suryabench-sharp-pipeline-bamidele/samples_npz/2013/20130106_0900_HARP2341_NOAA11642.npz,20130106_0900_HARP2341_NOAA11642,2013-01-06 09:00:00,2341,11642,0,2013
test_2015,train,gs://suryabench-sharp-pipeline-bamidele/samples_npz/2013/20130316_0212_HARP2546_NOAA11692.npz,20130316_0212_HARP2546_NOAA11692,2013-03-16 02:12:00,2546,11692,0,2013
test_2015,train,gs://suryabench-sharp-pipeline-bamidele/samples_npz/2013/20130703_0124_HARP2910_NOAA11782.npz,20130703_0124_HARP2910_NOAA11782,2013-07-03 01:24:00,2910,11782,0,2013
test_2015,train,gs://suryabench-sharp-pipeline-bamidele/samples_npz/2012/20120109_0824_HARP1278_NOAA11391.npz,20120109_0824_HARP1278_NOAA11391,2012-01-09 08:24:00,1278,11391,0,2012
test_2015,train,gs://suryabench-sharp-pipeline-bamidele/samples_npz/2012/20120907_1948_HARP1999_NOAA11563.npz,20120907_1948_HARP1999_NOAA11563,2012-09-07 19:48:00,1999,11563,0,2012
test_2015,train,gs://suryabench-sharp-pipeline-bamidele/samples_npz/2012/20120903_1500_HARP2007_NOAA11565.npz,20120903_1500_HARP2007_NOAA11565,2012-09-03 15:00:00,2007,11565,0,2012
test_2015,train,gs://suryabench-sharp-pipeline-bamidele/samples_npz/2012/20120330_0412_HARP1520_NOAA11449.npz,20120330_0412_HARP1520_NOAA11449,2012-03-30 04:12:00,1520,11449,0,2012
test_2015,train,gs://suryabench-sharp-pipeline-bamidele/samples_npz/2012/20120620_0712_HARP1783_NOAA11510.npz,20120620_0712_HARP1783_NOAA11510,2012-06-20 07:12:00,1783,11510,0,2012
test_2015,train,gs://suryabench-sharp-pipeline-bamidele/samples_npz/2011/20110414_2048_HARP495_NOAA11190.npz,20110414_2048_HARP495_NOAA11190,2011-04-14 20:48:00,495,11190,1,2011
test_2015,train,gs://suryabench-sharp-pipeline-bamidele/samples_npz/2012/20120519_1324_HARP1657_NOAA11481.npz,20120519_1324_HARP1657_NOAA11481,2012-05-19 13:24:00,1657,11481,0,2012
test_2015,train,gs://suryabench-sharp-pipeline-bamidele/samples_npz/2011/20110101_0912_HARP321_NOAA11139.npz,20110101_0912_HARP321_NOAA11139,2011-01-01 09:12:00,321,11139,0,2011
test_2015,train,gs://suryabench-sharp-pipeline-bamidele/samples_npz/2012/20120516_1212_HARP1644_NOAA11477.npz,20120516_1212_HARP1644_NOAA11477,2012-05-16 12:12:00,1644,11477,0,2012
test_2015,train,gs://suryabench-sharp-pipeline-bamidele/samples_npz/2013/20130716_0924_HARP2954_NOAA11792.npz,20130716_0924_HARP2954_NOAA11792,2013-07-16 09:24:00,2954,11792,0,2013
test_2015,train,gs://suryabench-sharp-pipeline-bamidele/samples_npz/2012/20120115_0248_HARP1303_NOAA11398.npz,20120115_0248_HARP1303_NOAA11398,2012-01-15 02:48:00,1303,11398,0,2012
test_2015,train,gs://suryabench-sharp-pipeline-bamidele/samples_npz/2011/20110727_0300_HARP748_NOAA11265.npz,20110727_0300_HARP748_NOAA11265,2011-07-27 03:00:00,748,11265,0,2011
test_2015,train,gs://suryabench-sharp-pipeline-bamidele/samples_npz/2013/20131104_0748_HARP3344_NOAA11891.npz,20131104_0748_HARP3344_NOAA11891,2013-11-04 07:48:00,3344,11891,0,2013
test_2015,train,gs://suryabench-sharp-pipeline-bamidele/samples_npz/2012/20120126_1412_HARP1339_NOAA11412.npz,20120126_1412_HARP1339_NOAA11412,2012-01-26 14:12:00,1339,11412,0,2012
test_2015,train,gs://suryabench-sharp-pipeline-bamidele/samples_npz/2013/20130919_0536_HARP3188_NOAA11853.npz,20130919_0536_HARP3188_NOAA11853,2013-09-19 05:36:00,3188,11853,0,2013
test_2015,train,gs://suryabench-sharp-pipeline-bamidele/samples_npz/2013/20131231_0424_HARP3542_NOAA11937.npz,20131231_0424_HARP3542_NOAA11937,2013-12-31 04:24:00,3542,11937,0,2013
test_2015,train,gs://suryabench-sharp-pipeline-bamidele/samples_npz/2011/20110620_1700_HARP677_NOAA11238.npz,20110620_1700_HARP677_NOAA11238,2011-06-20 17:00:00,677,11238,0,2011
test_2015,train,gs://suryabench-sharp-pipeline-bamidele/samples_npz/2012/20120724_0248_HARP1873_NOAA11526.npz,20120724_0248_HARP1873_NOAA11526,2012-07-24 02:48:00,1873,11526,0,2012
test_2015,train,gs://suryabench-sharp-pipeline-bamidele/samples_npz/2012/20120824_1024_HARP1942_NOAA11546.npz,20120824_1024_HARP1942_NOAA11546,2012-08-24 10:24:00,1942,11546,0,2012
test_2015,train,gs://suryabench-sharp-pipeline-bamidele/samples_npz/2012/20121120_0300_HARP2220_NOAA11618.npz,20121120_0300_HARP2220_NOAA11618,2012-11-20 03:00:00,2220,11618,1,2012
test_2015,train,gs://suryabench-sharp-pipeline-bamidele/samples_npz/2013/20131022_0136_HARP3291_NOAA11875.npz,20131022_0136_HARP3291_NOAA11875,2013-10-22 01:36:00,3291,11875,1,2013
test_2015,train,gs://suryabench-sharp-pipeline-bamidele/samples_npz/2013/20130407_2000_HARP2636_NOAA11718.npz,20130407_2000_HARP2636_NOAA11718,2013-04-07 20:00:00,2636,11718,0,2013
test_2015,train,gs://suryabench-sharp-pipeline-bamidele/samples_npz/2011/20111111_2236_HARP1038_NOAA11340.npz,20111111_2236_HARP1038_NOAA11340,2011-11-11 22:36:00,1038,11340,0,2011
test_2015,train,gs://suryabench-sharp-pipeline-bamidele/samples_npz/2013/20131117_0724_HARP3386_NOAA11902.npz,20131117_0724_HARP3386_NOAA11902,2013-11-17 07:24:00,3386,11902,0,2013
test_2015,train,gs://suryabench-sharp-pipeline-bamidele/samples_npz/2011/20110507_0300_HARP556_NOAA11203.npz,20110507_0300_HARP556_NOAA11203,2011-05-07 03:00:00,556,11203,0,2011
test_2015,train,gs://suryabench-sharp-pipeline-bamidele/samples_npz/2011/20110720_0936_HARP725_NOAA11254.npz,20110720_0936_HARP725_NOAA11254,2011-07-20 09:36:00,725,11254,0,2011
test_2015,train,gs://suryabench-sharp-pipeline-bamidele/samples_npz/2011/20111107_1748_HARP1026_NOAA11338.npz,20111107_1748_HARP1026_NOAA11338,2011-11-07 17:48:00,1026,11338,0,2011
test_2015,train,gs://suryabench-sharp-pipeline-bamidele/samples_npz/2012/20120528_1036_HARP1697_NOAA11489.npz,20120528_1036_HARP1697_NOAA11489,2012-05-28 10:36:00,1697,11489,0,2012
test_2015,train,gs://suryabench-sharp-pipeline-bamidele/samples_npz/2011/20110305_0648_HARP393_NOAA11164.npz,20110305_0648_HARP393_NOAA11164,2011-03-05 06:48:00,393,11164,1,2011
test_2015,train,gs://suryabench-sharp-pipeline-bamidele/samples_npz/2013/20131219_0912_HARP3497_NOAA11925.npz,20131219_0912_HARP3497_NOAA11925,2013-12-19 09:12:00,3497,11925,0,2013
test_2015,train,gs://suryabench-sharp-pipeline-bamidele/samples_npz/2013/20130808_0812_HARP3028_NOAA11809.npz,20130808_0812_HARP3028_NOAA11809,2013-08-08 08:12:00,3028,11809,0,2013
test_2015,train,gs://suryabench-sharp-pipeline-bamidele/samples_npz/2013/20130607_2324_HARP2825_NOAA11765.npz,20130607_2324_HARP2825_NOAA11765,2013-06-07 23:24:00,2825,11765,0,2013
test_2015,train,gs://suryabench-sharp-pipeline-bamidele/samples_npz/2012/20120925_0324_HARP2047_NOAA11578.npz,20120925_0324_HARP2047_NOAA11578,2012-09-25 03:24:00,2047,11578,0,2012
test_2015,train,gs://suryabench-sharp-pipeline-bamidele/samples_npz/2011/20111202_1924_HARP1119_NOAA11361.npz,20111202_1924_HARP1119_NOAA11361,2011-12-02 19:24:00,1119,11361,0,2011
test_2015,train,gs://suryabench-sharp-pipeline-bamidele/samples_npz/2013/20131201_2124_HARP3443_NOAA11914.npz,20131201_2124_HARP3443_NOAA11914,2013-12-01 21:24:00,3443,11914,0,2013
test_2015,train,gs://suryabench-sharp-pipeline-bamidele/samples_npz/2011/20110929_0012_HARP892_NOAA11302.npz,20110929_0012_HARP892_NOAA11302,2011-09-29 00:12:00,892,11302,0,2011
test_2015,train,gs://suryabench-sharp-pipeline-bamidele/samples_npz/2012/20120510_1548_HARP1638_NOAA11476.npz,20120510_1548_HARP1638_NOAA11476,2012-05-10 15:48:00,1638,11476,1,2012
test_2015,train,gs://suryabench-sharp-pipeline-bamidele/samples_npz/2013/20130219_1412_HARP2491_NOAA11675.npz,20130219_1412_HARP2491_NOAA11675,2013-02-19 14:12:00,2491,11675,0,2013
test_2015,train,gs://suryabench-sharp-pipeline-bamidele/samples_npz/2012/20120120_2348_HARP1318_NOAA11399.npz,20120120_2348_HARP1318_NOAA11399,2012-01-20 23:48:00,1318,11399,0,2012
test_2015,train,gs://suryabench-sharp-pipeline-bamidele/samples_npz/2012/20120212_0736_HARP1390_NOAA11418.npz,20120212_0736_HARP1390_NOAA11418,2012-02-12 07:36:00,1390,11418,0,2012
test_2015,train,gs://suryabench-sharp-pipeline-bamidele/samples_npz/2011/20110520_1600_HARP605_NOAA11216.npz,20110520_1600_HARP605_NOAA11216,2011-05-20 16:00:00,605,11216,0,2011
test_2015,train,gs://suryabench-sharp-pipeline-bamidele/samples_npz/2011/20110728_2036_HARP746_NOAA11260.npz,20110728_2036_HARP746_NOAA11260,2011-07-28 20:36:00,746,11260,0,2011
test_2015,train,gs://suryabench-sharp-pipeline-bamidele/samples_npz/2011/20110827_1836_HARP803_NOAA11274.npz,20110827_1836_HARP803_NOAA11274,2011-08-27 18:36:00,803,11274,0,2011
test_2015,train,gs://suryabench-sharp-pipeline-bamidele/samples_npz/2012/20120315_1612_HARP1464_NOAA11434.npz,20120315_1612_HARP1464_NOAA11434,2012-03-15 16:12:00,1464,11434,0,2012
test_2015,train,gs://suryabench-sharp-pipeline-bamidele/samples_npz/2011/20111010_2124_HARP932_NOAA11313.npz,20111010_2124_HARP932_NOAA11313,2011-10-10 21:24:00,932,11313,0,2011
test_2015,train,gs://suryabench-sharp-pipeline-bamidele/samples_npz/2012/20120222_1312_HARP1410_NOAA11421.npz,20120222_1312_HARP1410_NOAA11421,2012-02-22 13:12:00,1410,11421,0,2012
test_2015,train,gs://suryabench-sharp-pipeline-bamidele/samples_npz/2012/20120530_0548_HARP1697_NOAA11489.npz,20120530_0548_HARP1697_NOAA11489,2012-05-30 05:48:00,1697,11489,0,2012
test_2015,train,gs://suryabench-sharp-pipeline-bamidele/samples_npz/2010/20101227_0800_HARP318_NOAA11138.npz,20101227_0800_HARP318_NOAA11138,2010-12-27 08:00:00,318,11138,0,2010
test_2015,train,gs://suryabench-sharp-pipeline-bamidele/samples_npz/2012/20120114_0648_HARP1319_NOAA11400.npz,20120114_0648_HARP1319_NOAA11400,2012-01-14 06:48:00,1319,11400,0,2012
test_2015,train,gs://suryabench-sharp-pipeline-bamidele/samples_npz/2011/20110618_2048_HARP667_NOAA11236.npz,20110618_2048_HARP667_NOAA11236,2011-06-18 20:48:00,667,11236,0,2011
test_2015,train,gs://suryabench-sharp-pipeline-bamidele/samples_npz/2011/20110911_0000_HARP843_NOAA11287.npz,20110911_0000_HARP843_NOAA11287,2011-09-11 00:00:00,843,11287,0,2011
test_2015,train,gs://suryabench-sharp-pipeline-bamidele/samples_npz/2013/20130102_2312_HARP2331_NOAA11638.npz,20130102_2312_HARP2331_NOAA11638,2013-01-02 23:12:00,2331,11638,0,2013
test_2015,train,gs://suryabench-sharp-pipeline-bamidele/samples_npz/2012/20120321_0524_HARP1480_NOAA11437.npz,20120321_0524_HARP1480_NOAA11437,2012-03-21 05:24:00,1480,11437,0,2012
test_2015,train,gs://suryabench-sharp-pipeline-bamidele/samples_npz/2011/20111019_2236_HARP975_NOAA11321.npz,20111019_2236_HARP975_NOAA11321,2011-10-19 22:36:00,975,11321,0,2011
test_2015,train,gs://suryabench-sharp-pipeline-bamidele/samples_npz/2010/20100802_1724_HARP107_NOAA11094.npz,20100802_1724_HARP107_NOAA11094,2010-08-02 17:24:00,107,11094,0,2010
test_2015,train,gs://suryabench-sharp-pipeline-bamidele/samples_npz/2011/20110819_1000_HARP799_NOAA11273.npz,20110819_1000_HARP799_NOAA11273,2011-08-19 10:00:00,799,11273,0,2011
test_2015,train,gs://suryabench-sharp-pipeline-bamidele/samples_npz/2011/20111121_1636_HARP1092_NOAA11354.npz,20111121_1636_HARP1092_NOAA11354,2011-11-21 16:36:00,1092,11354,0,2011
test_2015,train,gs://suryabench-sharp-pipeline-bamidele/samples_npz/2012/20120428_0924_HARP1611_NOAA11469.npz,20120428_0924_HARP1611_NOAA11469,2012-04-28 09:24:00,1611,11469,0,2012
test_2015,train,gs://suryabench-sharp-pipeline-bamidele/samples_npz/2013/20130226_2248_HARP2504_NOAA11680.npz,20130226_2248_HARP2504_NOAA11680,2013-02-26 22:48:00,2504,11680,0,2013
test_2015,train,gs://suryabench-sharp-pipeline-bamidele/samples_npz/2010/20100813_0100_HARP131_NOAA11098.npz,20100813_0100_HARP131_NOAA11098,2010-08-13 01:00:00,131,11098,0,2010
test_2015,train,gs://suryabench-sharp-pipeline-bamidele/samples_npz/2011/20111006_0236_HARP926_NOAA11311.npz,20111006_0236_HARP926_NOAA11311,2011-10-06 02:36:00,926,11311,0,2011
test_2015,train,gs://suryabench-sharp-pipeline-bamidele/samples_npz/2011/20111224_1624_HARP1221_NOAA11383.npz,20111224_1624_HARP1221_NOAA11383,2011-12-24 16:24:00,1221,11383,0,2011
test_2015,train,gs://suryabench-sharp-pipeline-bamidele/samples_npz/2011/20110503_1700_HARP556_NOAA11203.npz,20110503_1700_HARP556_NOAA11203,2011-05-03 17:00:00,556,11203,0,2011
test_2015,train,gs://suryabench-sharp-pipeline-bamidele/samples_npz/2012/20120606_1700_HARP1724_NOAA11494.npz,20120606_1700_HARP1724_NOAA11494,2012-06-06 17:00:00,1724,11494,1,2012
test_2015,train,gs://suryabench-sharp-pipeline-bamidele/samples_npz/2011/20110731_1212_HARP750_NOAA11261.npz,20110731_1212_HARP750_NOAA11261,2011-07-31 12:12:00,750,11261,1,2011
test_2015,train,gs://suryabench-sharp-pipeline-bamidele/samples_npz/2013/20131006_0124_HARP3246_NOAA11866.npz,20131006_0124_HARP3246_NOAA11866,2013-10-06 01:24:00,3246,11866,0,2013
test_2015,train,gs://suryabench-sharp-pipeline-bamidele/samples_npz/2011/20110521_1248_HARP605_NOAA11216.npz,20110521_1248_HARP605_NOAA11216,2011-05-21 12:48:00,605,11216,0,2011
test_2015,train,gs://suryabench-sharp-pipeline-bamidele/samples_npz/2011/20111028_1912_HARP997_NOAA11330.npz,20111028_1912_HARP997_NOAA11330,2011-10-28 19:12:00,997,11330,0,2011
test_2015,train,gs://suryabench-sharp-pipeline-bamidele/samples_npz/2012/20121109_1712_HARP2177_NOAA11608.npz,20121109_1712_HARP2177_NOAA11608,2012-11-09 17:12:00,2177,11608,0,2012
test_2015,train,gs://suryabench-sharp-pipeline-bamidele/samples_npz/2012/20120421_1836_HARP1594_NOAA11464.npz,20120421_1836_HARP1594_NOAA11464,2012-04-21 18:36:00,1594,11464,0,2012
test_2015,train,gs://suryabench-sharp-pipeline-bamidele/samples_npz/2011/20110801_1700_HARP750_NOAA11261.npz,20110801_1700_HARP750_NOAA11261,2011-08-01 17:00:00,750,11261,1,2011
test_2015,train,gs://suryabench-sharp-pipeline-bamidele/samples_npz/2011/20111208_0200_HARP1165_NOAA11367.npz,20111208_0200_HARP1165_NOAA11367,2011-12-08 02:00:00,1165,11367,0,2011
test_2015,train,gs://suryabench-sharp-pipeline-bamidele/samples_npz/2012/20120215_2312_HARP1391_NOAA11417.npz,20120215_2312_HARP1391_NOAA11417,2012-02-15 23:12:00,1391,11417,0,2012
test_2015,train,gs://suryabench-sharp-pipeline-bamidele/samples_npz/2012/20120423_2048_HARP1582_NOAA11461.npz,20120423_2048_HARP1582_NOAA11461,2012-04-23 20:48:00,1582,11461,0,2012
test_2015,train,gs://suryabench-sharp-pipeline-bamidele/samples_npz/2012/20121102_0624_HARP2169_NOAA11603.npz,20121102_0624_HARP2169_NOAA11603,2012-11-02 06:24:00,2169,11603,0,2012
test_2015,train,gs://suryabench-sharp-pipeline-bamidele/samples_npz/2011/20111105_1436_HARP1026_NOAA11338.npz,20111105_1436_HARP1026_NOAA11338,2011-11-05 14:36:00,1026,11338,0,2011
test_2015,train,gs://suryabench-sharp-pipeline-bamidele/samples_npz/2011/20110715_0348_HARP713_NOAA11258.npz,20110715_0348_HARP713_NOAA11258,2011-07-15 03:48:00,713,11258,0,2011
test_2015,train,gs://suryabench-sharp-pipeline-bamidele/samples_npz/2012/20121101_0924_HARP2158_NOAA11601.npz,20121101_0924_HARP2158_NOAA11601,2012-11-01 09:24:00,2158,11601,0,2012
test_2015,train,gs://suryabench-sharp-pipeline-bamidele/samples_npz/2013/20130422_0424_HARP2673_NOAA11726.npz,20130422_0424_HARP2673_NOAA11726,2013-04-22 04:24:00,2673,11726,1,2013
test_2015,train,gs://suryabench-sharp-pipeline-bamidele/samples_npz/2013/20130111_2012_HARP2358_NOAA11649.npz,20130111_2012_HARP2358_NOAA11649,2013-01-11 20:12:00,2358,11649,0,2013
test_2015,train,gs://suryabench-sharp-pipeline-bamidele/samples_npz/2013/20130103_1348_HARP2331_NOAA11638.npz,20130103_1348_HARP2331_NOAA11638,2013-01-03 13:48:00,2331,11638,0,2013
test_2015,train,gs://suryabench-sharp-pipeline-bamidele/samples_npz/2013/20130102_0300_HARP2329_NOAA11639.npz,20130102_0300_HARP2329_NOAA11639,2013-01-02 03:00:00,2329,11639,0,2013
test_2015,train,gs://suryabench-sharp-pipeline-bamidele/samples_npz/2013/20130412_1512_HARP2635_NOAA11719.npz,20130412_1512_HARP2635_NOAA11719,2013-04-12 15:12:00,2635,11719,0,2013
test_2015,train,gs://suryabench-sharp-pipeline-bamidele/samples_npz/2013/20130829_0448_HARP3122_NOAA11835.npz,20130829_0448_HARP3122_NOAA11835,2013-08-29 04:48:00,3122,11835,0,2013
test_2015,train,gs://suryabench-sharp-pipeline-bamidele/samples_npz/2013/20130806_2336_HARP3049_NOAA11813.npz,20130806_2336_HARP3049_NOAA11813,2013-08-06 23:36:00,3049,11813,0,2013
test_2015,train,gs://suryabench-sharp-pipeline-bamidele/samples_npz/2011/20110303_0524_HARP393_NOAA11164.npz,20110303_0524_HARP393_NOAA11164,2011-03-03 05:24:00,393,11164,0,2011
test_2015,train,gs://suryabench-sharp-pipeline-bamidele/samples_npz/2012/20120915_1536_HARP2028_NOAA11571.npz,20120915_1536_HARP2028_NOAA11571,2012-09-15 15:36:00,2028,11571,0,2012
test_2015,train,gs://suryabench-sharp-pipeline-bamidele/samples_npz/2013/20130403_0500_HARP2597_NOAA11713.npz,20130403_0500_HARP2597_NOAA11713,2013-04-03 05:00:00,2597,11713,0,2013
test_2015,train,gs://suryabench-sharp-pipeline-bamidele/samples_npz/2012/20121110_1848_HARP2177_NOAA11608.npz,20121110_1848_HARP2177_NOAA11608,2012-11-10 18:48:00,2177,11608,0,2012
test_2015,train,gs://suryabench-sharp-pipeline-bamidele/samples_npz/2011/20110120_1024_HARP345_NOAA11147.npz,20110120_1024_HARP345_NOAA11147,2011-01-20 10:24:00,345,11147,0,2011
test_2015,train,gs://suryabench-sharp-pipeline-bamidele/samples_npz/2011/20110401_1412_HARP444_NOAA11180.npz,20110401_1412_HARP444_NOAA11180,2011-04-01 14:12:00,444,11180,0,2011
test_2015,train,gs://suryabench-sharp-pipeline-bamidele/samples_npz/2011/20110514_0948_HARP603_NOAA11215.npz,20110514_0948_HARP603_NOAA11215,2011-05-14 09:48:00,603,11215,0,2011
test_2015,train,gs://suryabench-sharp-pipeline-bamidele/samples_npz/2011/20110523_0300_HARP610_NOAA11218.npz,20110523_0300_HARP610_NOAA11218,2011-05-23 03:00:00,610,11218,0,2011
test_2015,train,gs://suryabench-sharp-pipeline-bamidele/samples_npz/2010/20100725_0448_HARP92_NOAA11089.npz,20100725_0448_HARP92_NOAA11089,2010-07-25 04:48:00,92,11089,0,2010
test_2015,train,gs://suryabench-sharp-pipeline-bamidele/samples_npz/2013/20130729_0948_HARP3011_NOAA11812.npz,20130729_0948_HARP3011_NOAA11812,2013-07-29 09:48:00,3011,11812,0,2013
test_2015,train,gs://suryabench-sharp-pipeline-bamidele/samples_npz/2012/20121106_0212_HARP2166_NOAA11602.npz,20121106_0212_HARP2166_NOAA11602,2012-11-06 02:12:00,2166,11602,0,2012
test_2015,train,gs://suryabench-sharp-pipeline-bamidele/samples_npz/2012/20121026_1548_HARP2137_NOAA11598.npz,20121026_1548_HARP2137_NOAA11598,2012-10-26 15:48:00,2137,11598,0,2012
test_2015,train,gs://suryabench-sharp-pipeline-bamidele/samples_npz/2011/20110412_0336_HARP494_NOAA11187.npz,20110412_0336_HARP494_NOAA11187,2011-04-12 03:36:00,494,11187,0,2011
test_2015,train,gs://suryabench-sharp-pipeline-bamidele/samples_npz/2011/20110911_1212_HARP847_NOAA11289.npz,20110911_1212_HARP847_NOAA11289,2011-09-11 12:12:00,847,11289,0,2011
test_2015,train,gs://suryabench-sharp-pipeline-bamidele/samples_npz/2013/20130411_1912_HARP2636_NOAA11718.npz,20130411_1912_HARP2636_NOAA11718,2013-04-11 19:12:00,2636,11718,1,2013
test_2015,train,gs://suryabench-sharp-pipeline-bamidele/samples_npz/2011/20110809_0700_HARP764_NOAA11267.npz,20110809_0700_HARP764_NOAA11267,2011-08-09 07:00:00,764,11267,0,2011
test_2015,train,gs://suryabench-sharp-pipeline-bamidele/samples_npz/2011/20110214_0600_HARP377_NOAA11158.npz,20110214_0600_HARP377_NOAA11158,2011-02-14 06:00:00,377,11158,1,2011
test_2015,train,gs://suryabench-sharp-pipeline-bamidele/samples_npz/2013/20130313_1548_HARP2543_NOAA11698.npz,20130313_1548_HARP2543_NOAA11698,2013-03-13 15:48:00,2543,11698,0,2013
test_2015,train,gs://suryabench-sharp-pipeline-bamidele/samples_npz/2010/20101111_0400_HARP245_NOAA11121.npz,20101111_0400_HARP245_NOAA11121,2010-11-11 04:00:00,245,11121,0,2010
test_2015,train,gs://suryabench-sharp-pipeline-bamidele/samples_npz/2013/20131230_0248_HARP3535_NOAA11936.npz,20131230_0248_HARP3535_NOAA11936,2013-12-30 02:48:00,3535,11936,1,2013
test_2015,train,gs://suryabench-sharp-pipeline-bamidele/samples_npz/2010/20101209_1836_HARP279_NOAA11131.npz,20101209_1836_HARP279_NOAA11131,2010-12-09 18:36:00,279,11131,0,2010
test_2015,train,gs://suryabench-sharp-pipeline-bamidele/samples_npz/2011/20110614_0300_HARP661_NOAA11234.npz,20110614_0300_HARP661_NOAA11234,2011-06-14 03:00:00,661,11234,0,2011
test_2015,train,gs://suryabench-sharp-pipeline-bamidele/samples_npz/2011/20110202_0548_HARP355_NOAA11150.npz,20110202_0548_HARP355_NOAA11150,2011-02-02 05:48:00,355,11150,0,2011
test_2015,train,gs://suryabench-sharp-pipeline-bamidele/samples_npz/2012/20120804_0212_HARP1903_NOAA11535.npz,20120804_0212_HARP1903_NOAA11535,2012-08-04 02:12:00,1903,11535,0,2012
test_2015,train,gs://suryabench-sharp-pipeline-bamidele/samples_npz/2011/20110215_1236_HARP371_NOAA11159.npz,20110215_1236_HARP371_NOAA11159,2011-02-15 12:36:00,371,11159,0,2011
test_2015,train,gs://suryabench-sharp-pipeline-bamidele/samples_npz/2012/20120416_2112_HARP1573_NOAA11462.npz,20120416_2112_HARP1573_NOAA11462,2012-04-16 21:12:00,1573,11462,0,2012
test_2015,train,gs://suryabench-sharp-pipeline-bamidele/samples_npz/2011/20111006_0724_HARP926_NOAA11311.npz,20111006_0724_HARP926_NOAA11311,2011-10-06 07:24:00,926,11311,0,2011
test_2015,train,gs://suryabench-sharp-pipeline-bamidele/samples_npz/2011/20110308_1936_HARP401_NOAA11166.npz,20110308_1936_HARP401_NOAA11166,2011-03-08 19:36:00,401,11166,1,2011
test_2015,train,gs://suryabench-sharp-pipeline-bamidele/samples_npz/2012/20120530_1024_HARP1705_NOAA11492.npz,20120530_1024_HARP1705_NOAA11492,2012-05-30 10:24:00,1705,11492,0,2012
test_2015,train,gs://suryabench-sharp-pipeline-bamidele/samples_npz/2013/20130313_1248_HARP2533_NOAA11690.npz,20130313_1248_HARP2533_NOAA11690,2013-03-13 12:48:00,2533,11690,0,2013
test_2015,train,gs://suryabench-sharp-pipeline-bamidele/samples_npz/2011/20110713_1112_HARP702_NOAA11249.npz,20110713_1112_HARP702_NOAA11249,2011-07-13 11:12:00,702,11249,0,2011
test_2015,train,gs://suryabench-sharp-pipeline-bamidele/samples_npz/2011/20110628_2300_HARP686_NOAA11242.npz,20110628_2300_HARP686_NOAA11242,2011-06-28 23:00:00,686,11242,0,2011
test_2015,train,gs://suryabench-sharp-pipeline-bamidele/samples_npz/2013/20131028_1100_HARP3323_NOAA11888.npz,20131028_1100_HARP3323_NOAA11888,2013-10-28 11:00:00,3323,11888,0,2013
test_2015,train,gs://suryabench-sharp-pipeline-bamidele/samples_npz/2011/20110215_0112_HARP377_NOAA11158.npz,20110215_0112_HARP377_NOAA11158,2011-02-15 01:12:00,377,11158,1,2011
test_2015,train,gs://suryabench-sharp-pipeline-bamidele/samples_npz/2013/20130728_1936_HARP2999_NOAA11801.npz,20130728_1936_HARP2999_NOAA11801,2013-07-28 19:36:00,2999,11801,0,2013
test_2015,train,gs://suryabench-sharp-pipeline-bamidele/samples_npz/2013/20131024_0200_HARP3291_NOAA11875.npz,20131024_0200_HARP3291_NOAA11875,2013-10-24 02:00:00,3291,11875,1,2013
test_2015,train,gs://suryabench-sharp-pipeline-bamidele/samples_npz/2013/20130504_0424_HARP2696_NOAA11732.npz,20130504_0424_HARP2696_NOAA11732,2013-05-04 04:24:00,2696,11732,0,2013
test_2015,train,gs://suryabench-sharp-pipeline-bamidele/samples_npz/2010/20101023_1400_HARP224_NOAA11119.npz,20101023_1400_HARP224_NOAA11119,2010-10-23 14:00:00,224,11119,0,2010
test_2015,train,gs://suryabench-sharp-pipeline-bamidele/samples_npz/2012/20120310_0448_HARP1449_NOAA11429.npz,20120310_0448_HARP1449_NOAA11429,2012-03-10 04:48:00,1449,11429,1,2012
test_2015,train,gs://suryabench-sharp-pipeline-bamidele/samples_npz/2011/20110426_0812_HARP514_NOAA11195.npz,20110426_0812_HARP514_NOAA11195,2011-04-26 08:12:00,514,11195,0,2011
test_2015,train,gs://suryabench-sharp-pipeline-bamidele/samples_npz/2012/20120126_1348_HARP1340_NOAA11409.npz,20120126_1348_HARP1340_NOAA11409,2012-01-26 13:48:00,1340,11409,0,2012
test_2015,train,gs://suryabench-sharp-pipeline-bamidele/samples_npz/2011/20110918_0448_HARP867_NOAA11299.npz,20110918_0448_HARP867_NOAA11299,2011-09-18 04:48:00,867,11299,0,2011
test_2015,train,gs://suryabench-sharp-pipeline-bamidele/samples_npz/2012/20120829_0848_HARP1970_NOAA11555.npz,20120829_0848_HARP1970_NOAA11555,2012-08-29 08:48:00,1970,11555,0,2012
test_2015,train,gs://suryabench-sharp-pipeline-bamidele/samples_npz/2013/20131012_2324_HARP3263_NOAA11861.npz,20131012_2324_HARP3263_NOAA11861,2013-10-12 23:24:00,3263,11861,0,2013
test_2015,train,gs://suryabench-sharp-pipeline-bamidele/samples_npz/2010/20100820_1936_HARP135_NOAA11100.npz,20100820_1936_HARP135_NOAA11100,2010-08-20 19:36:00,135,11100,0,2010
test_2015,train,gs://suryabench-sharp-pipeline-bamidele/samples_npz/2012/20120301_1712_HARP1422_NOAA11423.npz,20120301_1712_HARP1422_NOAA11423,2012-03-01 17:12:00,1422,11423,0,2012
test_2015,train,gs://suryabench-sharp-pipeline-bamidele/samples_npz/2011/20110615_2212_HARP661_NOAA11234.npz,20110615_2212_HARP661_NOAA11234,2011-06-15 22:12:00,661,11234,0,2011
test_2015,train,gs://suryabench-sharp-pipeline-bamidele/samples_npz/2013/20131030_0748_HARP3323_NOAA11888.npz,20131030_0748_HARP3323_NOAA11888,2013-10-30 07:48:00,3323,11888,0,2013
test_2015,train,gs://suryabench-sharp-pipeline-bamidele/samples_npz/2011/20110927_1412_HARP892_NOAA11302.npz,20110927_1412_HARP892_NOAA11302,2011-09-27 14:12:00,892,11302,1,2011
test_2015,train,gs://suryabench-sharp-pipeline-bamidele/samples_npz/2011/20110212_2200_HARP377_NOAA11158.npz,20110212_2200_HARP377_NOAA11158,2011-02-12 22:00:00,377,11158,1,2011
test_2015,train,gs://suryabench-sharp-pipeline-bamidele/samples_npz/2013/20131102_0848_HARP3321_NOAA11884.npz,20131102_0848_HARP3321_NOAA11884,2013-11-02 08:48:00,3321,11884,1,2013
test_2015,train,gs://suryabench-sharp-pipeline-bamidele/samples_npz/2013/20130703_2200_HARP2922_NOAA11784.npz,20130703_2200_HARP2922_NOAA11784,2013-07-03 22:00:00,2922,11784,0,2013
test_2015,train,gs://suryabench-sharp-pipeline-bamidele/samples_npz/2012/20121213_0112_HARP2262_NOAA11628.npz,20121213_0112_HARP2262_NOAA11628,2012-12-13 01:12:00,2262,11628,0,2012
test_2015,train,gs://suryabench-sharp-pipeline-bamidele/samples_npz/2011/20110311_0200_HARP401_NOAA11166.npz,20110311_0200_HARP401_NOAA11166,2011-03-11 02:00:00,401,11166,1,2011
test_2015,train,gs://suryabench-sharp-pipeline-bamidele/samples_npz/2012/20121126_2000_HARP2227_NOAA11620.npz,20121126_2000_HARP2227_NOAA11620,2012-11-26 20:00:00,2227,11620,1,2012
test_2015,train,gs://suryabench-sharp-pipeline-bamidele/samples_npz/2011/20111003_1848_HARP924_NOAA11310.npz,20111003_1848_HARP924_NOAA11310,2011-10-03 18:48:00,924,11310,0,2011
test_2015,train,gs://suryabench-sharp-pipeline-bamidele/samples_npz/2013/20130421_0248_HARP2673_NOAA11726.npz,20130421_0248_HARP2673_NOAA11726,2013-04-21 02:48:00,2673,11726,1,2013
test_2015,train,gs://suryabench-sharp-pipeline-bamidele/samples_npz/2012/20120203_1512_HARP1350_NOAA11410.npz,20120203_1512_HARP1350_NOAA11410,2012-02-03 15:12:00,1350,11410,0,2012
test_2015,train,gs://suryabench-sharp-pipeline-bamidele/samples_npz/2012/20120127_0048_HARP1339_NOAA11412.npz,20120127_0048_HARP1339_NOAA11412,2012-01-27 00:48:00,1339,11412,0,2012
test_2015,train,gs://suryabench-sharp-pipeline-bamidele/samples_npz/2012/20120430_0512_HARP1613_NOAA11467.npz,20120430_0512_HARP1613_NOAA11467,2012-04-30 05:12:00,1613,11467,0,2012
test_2015,train,gs://suryabench-sharp-pipeline-bamidele/samples_npz/2012/20120401_1948_HARP1528_NOAA11450.npz,20120401_1948_HARP1528_NOAA11450,2012-04-01 19:48:00,1528,11450,0,2012
test_2015,train,gs://suryabench-sharp-pipeline-bamidele/samples_npz/2011/20111205_0848_HARP1133_NOAA11365.npz,20111205_0848_HARP1133_NOAA11365,2011-12-05 08:48:00,1133,11365,0,2011
test_2015,train,gs://suryabench-sharp-pipeline-bamidele/samples_npz/2012/20121030_0036_HARP2143_NOAA11599.npz,20121030_0036_HARP2143_NOAA11599,2012-10-30 00:36:00,2143,11599,0,2012
test_2015,train,gs://suryabench-sharp-pipeline-bamidele/samples_npz/2011/20110828_2336_HARP812_NOAA11280.npz,20110828_2336_HARP812_NOAA11280,2011-08-28 23:36:00,812,11280,0,2011
test_2015,train,gs://suryabench-sharp-pipeline-bamidele/samples_npz/2011/20110726_1248_HARP744_NOAA11262.npz,20110726_1248_HARP744_NOAA11262,2011-07-26 12:48:00,744,11262,0,2011
test_2015,train,gs://suryabench-sharp-pipeline-bamidele/samples_npz/2011/20110901_1148_HARP814_NOAA11277.npz,20110901_1148_HARP814_NOAA11277,2011-09-01 11:48:00,814,11277,0,2011
test_2015,train,gs://suryabench-sharp-pipeline-bamidele/samples_npz/2013/20130302_2000_HARP2504_NOAA11680.npz,20130302_2000_HARP2504_NOAA11680,2013-03-02 20:00:00,2504,11680,0,2013
test_2015,train,gs://suryabench-sharp-pipeline-bamidele/samples_npz/2011/20110711_1248_HARP702_NOAA11249.npz,20110711_1248_HARP702_NOAA11249,2011-07-11 12:48:00,702,11249,0,2011
test_2015,train,gs://suryabench-sharp-pipeline-bamidele/samples_npz/2013/20131107_0112_HARP3344_NOAA11891.npz,20131107_0112_HARP3344_NOAA11891,2013-11-07 01:12:00,3344,11891,1,2013
test_2015,train,gs://suryabench-sharp-pipeline-bamidele/samples_npz/2012/20120125_0924_HARP1339_NOAA11412.npz,20120125_0924_HARP1339_NOAA11412,2012-01-25 09:24:00,1339,11412,0,2012
test_2015,train,gs://suryabench-sharp-pipeline-bamidele/samples_npz/2013/20130228_0536_HARP2504_NOAA11680.npz,20130228_0536_HARP2504_NOAA11680,2013-02-28 05:36:00,2504,11680,0,2013
test_2015,train,gs://suryabench-sharp-pipeline-bamidele/samples_npz/2012/20120926_1900_HARP2047_NOAA11578.npz,20120926_1900_HARP2047_NOAA11578,2012-09-26 19:00:00,2047,11578,0,2012
test_2015,train,gs://suryabench-sharp-pipeline-bamidele/samples_npz/2013/20131025_1748_HARP3291_NOAA11875.npz,20131025_1748_HARP3291_NOAA11875,2013-10-25 17:48:00,3291,11875,1,2013
test_2015,train,gs://suryabench-sharp-pipeline-bamidele/samples_npz/2011/20110426_0124_HARP536_NOAA11202.npz,20110426_0124_HARP536_NOAA11202,2011-04-26 01:24:00,536,11202,0,2011
test_2015,train,gs://suryabench-sharp-pipeline-bamidele/samples_npz/2013/20130811_1124_HARP3048_NOAA11814.npz,20130811_1124_HARP3048_NOAA11814,2013-08-11 11:24:00,3048,11814,0,2013
test_2015,train,gs://suryabench-sharp-pipeline-bamidele/samples_npz/2012/20121020_0948_HARP2121_NOAA11591.npz,20121020_0948_HARP2121_NOAA11591,2012-10-20 09:48:00,2121,11591,0,2012
test_2015,train,gs://suryabench-sharp-pipeline-bamidele/samples_npz/2013/20131213_0636_HARP3474_NOAA11927.npz,20131213_0636_HARP3474_NOAA11927,2013-12-13 06:36:00,3474,11927,0,2013
test_2015,train,gs://suryabench-sharp-pipeline-bamidele/samples_npz/2011/20111107_1100_HARP1028_NOAA11339.npz,20111107_1100_HARP1028_NOAA11339,2011-11-07 11:00:00,1028,11339,0,2011
test_2015,train,gs://suryabench-sharp-pipeline-bamidele/samples_npz/2012/20120322_0612_HARP1478_NOAA11436.npz,20120322_0612_HARP1478_NOAA11436,2012-03-22 06:12:00,1478,11436,0,2012
test_2015,train,gs://suryabench-sharp-pipeline-bamidele/samples_npz/2011/20111004_0612_HARP903_NOAA11306.npz,20111004_0612_HARP903_NOAA11306,2011-10-04 06:12:00,903,11306,0,2011
test_2015,train,gs://suryabench-sharp-pipeline-bamidele/samples_npz/2013/20130314_0812_HARP2541_NOAA11691.npz,20130314_0812_HARP2541_NOAA11691,2013-03-14 08:12:00,2541,11691,0,2013
test_2015,train,gs://suryabench-sharp-pipeline-bamidele/samples_npz/2011/20110410_0824_HARP480_NOAA11185.npz,20110410_0824_HARP480_NOAA11185,2011-04-10 08:24:00,480,11185,0,2011
test_2015,train,gs://suryabench-sharp-pipeline-bamidele/samples_npz/2013/20130218_0124_HARP2469_NOAA11671.npz,20130218_0124_HARP2469_NOAA11671,2013-02-18 01:24:00,2469,11671,0,2013
test_2015,train,gs://suryabench-sharp-pipeline-bamidele/samples_npz/2011/20111215_0412_HARP1168_NOAA11374.npz,20111215_0412_HARP1168_NOAA11374,2011-12-15 04:12:00,1168,11374,0,2011
test_2015,train,gs://suryabench-sharp-pipeline-bamidele/samples_npz/2011/20110307_0336_HARP401_NOAA11166.npz,20110307_0336_HARP401_NOAA11166,2011-03-07 03:36:00,401,11166,1,2011
test_2015,train,gs://suryabench-sharp-pipeline-bamidele/samples_npz/2011/20110820_1048_HARP798_NOAA11272.npz,20110820_1048_HARP798_NOAA11272,2011-08-20 10:48:00,798,11272,0,2011
test_2015,train,gs://suryabench-sharp-pipeline-bamidele/samples_npz/2011/20110304_2036_HARP392_NOAA11163.npz,20110304_2036_HARP392_NOAA11163,2011-03-04 20:36:00,392,11163,0,2011
test_2015,train,gs://suryabench-sharp-pipeline-bamidele/samples_npz/2010/20100801_1600_HARP104_NOAA11092.npz,20100801_1600_HARP104_NOAA11092,2010-08-01 16:00:00,104,11092,0,2010
test_2015,train,gs://suryabench-sharp-pipeline-bamidele/samples_npz/2011/20110605_2224_HARP637_NOAA11226.npz,20110605_2224_HARP637_NOAA11226,2011-06-05 22:24:00,637,11226,1,2011
test_2015,train,gs://suryabench-sharp-pipeline-bamidele/samples_npz/2013/20130923_2112_HARP3194_NOAA11845.npz,20130923_2112_HARP3194_NOAA11845,2013-09-23 21:12:00,3194,11845,0,2013
test_2015,train,gs://suryabench-sharp-pipeline-bamidele/samples_npz/2012/20120404_0524_HARP1528_NOAA11450.npz,20120404_0524_HARP1528_NOAA11450,2012-04-04 05:24:00,1528,11450,0,2012
test_2015,train,gs://suryabench-sharp-pipeline-bamidele/samples_npz/2011/20110210_0800_HARP366_NOAA11155.npz,20110210_0800_HARP366_NOAA11155,2011-02-10 08:00:00,366,11155,0,2011
test_2015,train,gs://suryabench-sharp-pipeline-bamidele/samples_npz/2010/20101226_1348_HARP317_NOAA11137.npz,20101226_1348_HARP317_NOAA11137,2010-12-26 13:48:00,317,11137,0,2010
test_2015,train,gs://suryabench-sharp-pipeline-bamidele/samples_npz/2013/20131127_1448_HARP3415_NOAA11906.npz,20131127_1448_HARP3415_NOAA11906,2013-11-27 14:48:00,3415,11906,0,2013
test_2015,train,gs://suryabench-sharp-pipeline-bamidele/samples_npz/2013/20130219_0748_HARP2491_NOAA11675.npz,20130219_0748_HARP2491_NOAA11675,2013-02-19 07:48:00,2491,11675,0,2013
test_2015,train,gs://suryabench-sharp-pipeline-bamidele/samples_npz/2013/20131207_0936_HARP3448_NOAA11916.npz,20131207_0936_HARP3448_NOAA11916,2013-12-07 09:36:00,3448,11916,0,2013
test_2015,train,gs://suryabench-sharp-pipeline-bamidele/samples_npz/2011/20110430_2036_HARP532_NOAA11201.npz,20110430_2036_HARP532_NOAA11201,2011-04-30 20:36:00,532,11201,0,2011
test_2015,train,gs://suryabench-sharp-pipeline-bamidele/samples_npz/2010/20101025_0536_HARP226_NOAA11117.npz,20101025_0536_HARP226_NOAA11117,2010-10-25 05:36:00,226,11117,0,2010
test_2015,train,gs://suryabench-sharp-pipeline-bamidele/samples_npz/2012/20120114_0200_HARP1319_NOAA11400.npz,20120114_0200_HARP1319_NOAA11400,2012-01-14 02:00:00,1319,11400,0,2012
test_2015,train,gs://suryabench-sharp-pipeline-bamidele/samples_npz/2012/20120821_0512_HARP1942_NOAA11546.npz,20120821_0512_HARP1942_NOAA11546,2012-08-21 05:12:00,1942,11546,0,2012
test_2015,train,gs://suryabench-sharp-pipeline-bamidele/samples_npz/2012/20120420_0936_HARP1594_NOAA11464.npz,20120420_0936_HARP1594_NOAA11464,2012-04-20 09:36:00,1594,11464,0,2012
test_2015,train,gs://suryabench-sharp-pipeline-bamidele/samples_npz/2011/20110709_1124_HARP695_NOAA11247.npz,20110709_1124_HARP695_NOAA11247,2011-07-09 11:24:00,695,11247,0,2011
test_2015,train,gs://suryabench-sharp-pipeline-bamidele/samples_npz/2013/20130723_1412_HARP2982_NOAA11798.npz,20130723_1412_HARP2982_NOAA11798,2013-07-23 14:12:00,2982,11798,0,2013
test_2015,train,gs://suryabench-sharp-pipeline-bamidele/samples_npz/2013/20131029_0348_HARP3311_NOAA11882.npz,20131029_0348_HARP3311_NOAA11882,2013-10-29 03:48:00,3311,11882,0,2013
test_2015,train,gs://suryabench-sharp-pipeline-bamidele/samples_npz/2012/20120402_1636_HARP1528_NOAA11450.npz,20120402_1636_HARP1528_NOAA11450,2012-04-02 16:36:00,1528,11450,0,2012
test_2015,train,gs://suryabench-sharp-pipeline-bamidele/samples_npz/2013/20130723_1724_HARP2981_NOAA11799.npz,20130723_1724_HARP2981_NOAA11799,2013-07-23 17:24:00,2981,11799,0,2013
test_2015,train,gs://suryabench-sharp-pipeline-bamidele/samples_npz/2013/20130404_1236_HARP2610_NOAA11712.npz,20130404_1236_HARP2610_NOAA11712,2013-04-04 12:36:00,2610,11712,0,2013
test_2015,train,gs://suryabench-sharp-pipeline-bamidele/samples_npz/2012/20120711_2048_HARP1834_NOAA11519.npz,20120711_2048_HARP1834_NOAA11519,2012-07-11 20:48:00,1834,11519,0,2012
test_2015,train,gs://suryabench-sharp-pipeline-bamidele/samples_npz/2012/20120123_1836_HARP1340_NOAA11409.npz,20120123_1836_HARP1340_NOAA11409,2012-01-23 18:36:00,1340,11409,0,2012
test_2015,train,gs://suryabench-sharp-pipeline-bamidele/samples_npz/2012/20120114_1624_HARP1319_NOAA11400.npz,20120114_1624_HARP1319_NOAA11400,2012-01-14 16:24:00,1319,11400,0,2012
test_2015,train,gs://suryabench-sharp-pipeline-bamidele/samples_npz/2011/20110112_0248_HARP338_NOAA11145.npz,20110112_0248_HARP338_NOAA11145,2011-01-12 02:48:00,338,11145,0,2011
test_2015,train,gs://suryabench-sharp-pipeline-bamidele/samples_npz/2013/20130111_2212_HARP2366_NOAA11653.npz,20130111_2212_HARP2366_NOAA11653,2013-01-11 22:12:00,2366,11653,0,2013
test_2015,train,gs://suryabench-sharp-pipeline-bamidele/samples_npz/2013/20130404_1700_HARP2599_NOAA11710.npz,20130404_1700_HARP2599_NOAA11710,2013-04-04 17:00:00,2599,11710,0,2013
test_2015,train,gs://suryabench-sharp-pipeline-bamidele/samples_npz/2011/20110217_1724_HARP384_NOAA11160.npz,20110217_1724_HARP384_NOAA11160,2011-02-17 17:24:00,384,11160,0,2011
test_2015,train,gs://suryabench-sharp-pipeline-bamidele/samples_npz/2011/20110604_1848_HARP639_NOAA11228.npz,20110604_1848_HARP639_NOAA11228,2011-06-04 18:48:00,639,11228,0,2011
test_2015,train,gs://suryabench-sharp-pipeline-bamidele/samples_npz/2013/20130516_0048_HARP2739_NOAA11745.npz,20130516_0048_HARP2739_NOAA11745,2013-05-16 00:48:00,2739,11745,0,2013
test_2015,train,gs://suryabench-sharp-pipeline-bamidele/samples_npz/2012/20120307_0424_HARP1447_NOAA11428.npz,20120307_0424_HARP1447_NOAA11428,2012-03-07 04:24:00,1447,11428,0,2012
test_2015,train,gs://suryabench-sharp-pipeline-bamidele/samples_npz/2011/20110914_1124_HARP854_NOAA11294.npz,20110914_1124_HARP854_NOAA11294,2011-09-14 11:24:00,854,11294,0,2011
test_2015,train,gs://suryabench-sharp-pipeline-bamidele/samples_npz/2013/20130729_0648_HARP2999_NOAA11801.npz,20130729_0648_HARP2999_NOAA11801,2013-07-29 06:48:00,2999,11801,0,2013
test_2015,train,gs://suryabench-sharp-pipeline-bamidele/samples_npz/2013/20130401_0024_HARP2599_NOAA11710.npz,20130401_0024_HARP2599_NOAA11710,2013-04-01 00:24:00,2599,11710,0,2013
test_2015,train,gs://suryabench-sharp-pipeline-bamidele/samples_npz/2011/20111229_1000_HARP1237_NOAA11386.npz,20111229_1000_HARP1237_NOAA11386,2011-12-29 10:00:00,1237,11386,0,2011
test_2015,train,gs://suryabench-sharp-pipeline-bamidele/samples_npz/2011/20111115_0648_HARP1046_NOAA11343.npz,20111115_0648_HARP1046_NOAA11343,2011-11-15 06:48:00,1046,11343,0,2011
test_2015,train,gs://suryabench-sharp-pipeline-bamidele/samples_npz/2013/20130406_1336_HARP2619_NOAA11714.npz,20130406_1336_HARP2619_NOAA11714,2013-04-06 13:36:00,2619,11714,0,2013
test_2015,train,gs://suryabench-sharp-pipeline-bamidele/samples_npz/2012/20120308_1124_HARP1447_NOAA11428.npz,20120308_1124_HARP1447_NOAA11428,2012-03-08 11:24:00,1447,11428,0,2012
test_2015,train,gs://suryabench-sharp-pipeline-bamidele/samples_npz/2013/20130228_0712_HARP2504_NOAA11680.npz,20130228_0712_HARP2504_NOAA11680,2013-02-28 07:12:00,2504,11680,0,2013
test_2015,train,gs://suryabench-sharp-pipeline-bamidele/samples_npz/2010/20101209_0524_HARP279_NOAA11131.npz,20101209_0524_HARP279_NOAA11131,2010-12-09 05:24:00,279,11131,0,2010
test_2015,train,gs://suryabench-sharp-pipeline-bamidele/samples_npz/2013/20130222_1224_HARP2492_NOAA11676.npz,20130222_1224_HARP2492_NOAA11676,2013-02-22 12:24:00,2492,11676,0,2013
test_2015,train,gs://suryabench-sharp-pipeline-bamidele/samples_npz/2013/20131209_1436_HARP3474_NOAA11927.npz,20131209_1436_HARP3474_NOAA11927,2013-12-09 14:36:00,3474,11927,0,2013
test_2015,train,gs://suryabench-sharp-pipeline-bamidele/samples_npz/2011/20110806_1812_HARP759_NOAA11266.npz,20110806_1812_HARP759_NOAA11266,2011-08-06 18:12:00,759,11266,0,2011
test_2015,train,gs://suryabench-sharp-pipeline-bamidele/samples_npz/2012/20121027_1548_HARP2137_NOAA11598.npz,20121027_1548_HARP2137_NOAA11598,2012-10-27 15:48:00,2137,11598,0,2012
test_2015,train,gs://suryabench-sharp-pipeline-bamidele/samples_npz/2012/20120807_1824_HARP1908_NOAA11537.npz,20120807_1824_HARP1908_NOAA11537,2012-08-07 18:24:00,1908,11537,0,2012
test_2015,train,gs://suryabench-sharp-pipeline-bamidele/samples_npz/2010/20101021_1324_HARP218_NOAA11113.npz,20101021_1324_HARP218_NOAA11113,2010-10-21 13:24:00,218,11113,0,2010
test_2015,train,gs://suryabench-sharp-pipeline-bamidele/samples_npz/2013/20130419_1400_HARP2673_NOAA11726.npz,20130419_1400_HARP2673_NOAA11726,2013-04-19 14:00:00,2673,11726,0,2013
test_2015,train,gs://suryabench-sharp-pipeline-bamidele/samples_npz/2012/20121028_2036_HARP2137_NOAA11598.npz,20121028_2036_HARP2137_NOAA11598,2012-10-28 20:36:00,2137,11598,0,2012
test_2015,train,gs://suryabench-sharp-pipeline-bamidele/samples_npz/2012/20120407_2236_HARP1527_NOAA11451.npz,20120407_2236_HARP1527_NOAA11451,2012-04-07 22:36:00,1527,11451,0,2012
test_2015,train,gs://suryabench-sharp-pipeline-bamidele/samples_npz/2013/20130111_2324_HARP2371_NOAA11657.npz,20130111_2324_HARP2371_NOAA11657,2013-01-11 23:24:00,2371,11657,0,2013
test_2015,train,gs://suryabench-sharp-pipeline-bamidele/samples_npz/2013/20130112_1848_HARP2372_NOAA11654.npz,20130112_1848_HARP2372_NOAA11654,2013-01-12 18:48:00,2372,11654,0,2013
test_2015,train,gs://suryabench-sharp-pipeline-bamidele/samples_npz/2012/20121104_1536_HARP2171_NOAA11605.npz,20121104_1536_HARP2171_NOAA11605,2012-11-04 15:36:00,2171,11605,0,2012
test_2015,train,gs://suryabench-sharp-pipeline-bamidele/samples_npz/2011/20110110_1648_HARP335_NOAA11143.npz,20110110_1648_HARP335_NOAA11143,2011-01-10 16:48:00,335,11143,0,2011
test_2015,train,gs://suryabench-sharp-pipeline-bamidele/samples_npz/2010/20100529_0624_HARP40_NOAA11075.npz,20100529_0624_HARP40_NOAA11075,2010-05-29 06:24:00,40,11075,0,2010
test_2015,train,gs://suryabench-sharp-pipeline-bamidele/samples_npz/2012/20120801_1800_HARP1879_NOAA11529.npz,20120801_1800_HARP1879_NOAA11529,2012-08-01 18:00:00,1879,11529,0,2012
test_2015,train,gs://suryabench-sharp-pipeline-bamidele/samples_npz/2010/20101024_2000_HARP223_NOAA11118.npz,20101024_2000_HARP223_NOAA11118,2010-10-24 20:00:00,223,11118,0,2010
test_2015,train,gs://suryabench-sharp-pipeline-bamidele/samples_npz/2012/20120529_0548_HARP1697_NOAA11489.npz,20120529_0548_HARP1697_NOAA11489,2012-05-29 05:48:00,1697,11489,0,2012
test_2015,train,gs://suryabench-sharp-pipeline-bamidele/samples_npz/2011/20110908_0924_HARP843_NOAA11287.npz,20110908_0924_HARP843_NOAA11287,2011-09-08 09:24:00,843,11287,0,2011
test_2015,train,gs://suryabench-sharp-pipeline-bamidele/samples_npz/2013/20130829_2048_HARP3119_NOAA11834.npz,20130829_2048_HARP3119_NOAA11834,2013-08-29 20:48:00,3119,11834,0,2013
test_2015,train,gs://suryabench-sharp-pipeline-bamidele/samples_npz/2011/20110523_0936_HARP605_NOAA11216.npz,20110523_0936_HARP605_NOAA11216,2011-05-23 09:36:00,605,11216,0,2011
test_2015,train,gs://suryabench-sharp-pipeline-bamidele/samples_npz/2013/20130801_2048_HARP3032_NOAA11811.npz,20130801_2048_HARP3032_NOAA11811,2013-08-01 20:48:00,3032,11811,0,2013
test_2015,train,gs://suryabench-sharp-pipeline-bamidele/samples_npz/2013/20130310_2100_HARP2533_NOAA11690.npz,20130310_2100_HARP2533_NOAA11690,2013-03-10 21:00:00,2533,11690,0,2013
test_2015,train,gs://suryabench-sharp-pipeline-bamidele/samples_npz/2012/20120903_1836_HARP1990_NOAA11562.npz,20120903_1836_HARP1990_NOAA11562,2012-09-03 18:36:00,1990,11562,0,2012
test_2015,train,gs://suryabench-sharp-pipeline-bamidele/samples_npz/2012/20120924_0812_HARP2044_NOAA11576.npz,20120924_0812_HARP2044_NOAA11576,2012-09-24 08:12:00,2044,11576,0,2012
test_2015,train,gs://suryabench-sharp-pipeline-bamidele/samples_npz/2013/20130420_0312_HARP2661_NOAA11724.npz,20130420_0312_HARP2661_NOAA11724,2013-04-20 03:12:00,2661,11724,0,2013
test_2015,train,gs://suryabench-sharp-pipeline-bamidele/samples_npz/2013/20130307_1800_HARP2511_NOAA11683.npz,20130307_1800_HARP2511_NOAA11683,2013-03-07 18:00:00,2511,11683,0,2013
test_2015,train,gs://suryabench-sharp-pipeline-bamidele/samples_npz/2011/20110913_2312_HARP847_NOAA11289.npz,20110913_2312_HARP847_NOAA11289,2011-09-13 23:12:00,847,11289,0,2011
test_2015,train,gs://suryabench-sharp-pipeline-bamidele/samples_npz/2012/20120831_1036_HARP1997_NOAA11561.npz,20120831_1036_HARP1997_NOAA11561,2012-08-31 10:36:00,1997,11561,0,2012
test_2015,train,gs://suryabench-sharp-pipeline-bamidele/samples_npz/2013/20130513_2024_HARP2733_NOAA11742.npz,20130513_2024_HARP2733_NOAA11742,2013-05-13 20:24:00,2733,11742,0,2013
test_2015,train,gs://suryabench-sharp-pipeline-bamidele/samples_npz/2013/20130422_1436_HARP2683_NOAA11729.npz,20130422_1436_HARP2683_NOAA11729,2013-04-22 14:36:00,2683,11729,0,2013
test_2015,train,gs://suryabench-sharp-pipeline-bamidele/samples_npz/2012/20120128_1112_HARP1348_NOAA11411.npz,20120128_1112_HARP1348_NOAA11411,2012-01-28 11:12:00,1348,11411,0,2012
test_2015,train,gs://suryabench-sharp-pipeline-bamidele/samples_npz/2013/20130815_0348_HARP3056_NOAA11818.npz,20130815_0348_HARP3056_NOAA11818,2013-08-15 03:48:00,3056,11818,0,2013
test_2015,train,gs://suryabench-sharp-pipeline-bamidele/samples_npz/2013/20131008_0948_HARP3259_NOAA11863.npz,20131008_0948_HARP3259_NOAA11863,2013-10-08 09:48:00,3259,11863,0,2013
test_2015,train,gs://suryabench-sharp-pipeline-bamidele/samples_npz/2013/20130515_0712_HARP2735_NOAA11744.npz,20130515_0712_HARP2735_NOAA11744,2013-05-15 07:12:00,2735,11744,0,2013
test_2015,train,gs://suryabench-sharp-pipeline-bamidele/samples_npz/2012/20120804_1336_HARP1908_NOAA11537.npz,20120804_1336_HARP1908_NOAA11537,2012-08-04 13:36:00,1908,11537,0,2012
test_2015,train,gs://suryabench-sharp-pipeline-bamidele/samples_npz/2011/20110508_2136_HARP576_NOAA11207.npz,20110508_2136_HARP576_NOAA11207,2011-05-08 21:36:00,576,11207,0,2011
test_2015,train,gs://suryabench-sharp-pipeline-bamidele/samples_npz/2013/20131004_2036_HARP3252_NOAA11862.npz,20131004_2036_HARP3252_NOAA11862,2013-10-04 20:36:00,3252,11862,0,2013
test_2015,train,gs://suryabench-sharp-pipeline-bamidele/samples_npz/2012/20121025_0836_HARP2137_NOAA11598.npz,20121025_0836_HARP2137_NOAA11598,2012-10-25 08:36:00,2137,11598,0,2012
test_2015,train,gs://suryabench-sharp-pipeline-bamidele/samples_npz/2012/20120902_2224_HARP1993_NOAA11560.npz,20120902_2224_HARP1993_NOAA11560,2012-09-02 22:24:00,1993,11560,0,2012
test_2015,train,gs://suryabench-sharp-pipeline-bamidele/samples_npz/2013/20130817_1912_HARP3066_NOAA11820.npz,20130817_1912_HARP3066_NOAA11820,2013-08-17 19:12:00,3066,11820,0,2013
test_2015,train,gs://suryabench-sharp-pipeline-bamidele/samples_npz/2012/20120404_2200_HARP1528_NOAA11450.npz,20120404_2200_HARP1528_NOAA11450,2012-04-04 22:00:00,1528,11450,0,2012
test_2015,train,gs://suryabench-sharp-pipeline-bamidele/samples_npz/2013/20130711_2024_HARP2948_NOAA11789.npz,20130711_2024_HARP2948_NOAA11789,2013-07-11 20:24:00,2948,11789,0,2013
test_2015,train,gs://suryabench-sharp-pipeline-bamidele/samples_npz/2013/20131222_2324_HARP3515_NOAA11930.npz,20131222_2324_HARP3515_NOAA11930,2013-12-22 23:24:00,3515,11930,0,2013
test_2015,train,gs://suryabench-sharp-pipeline-bamidele/samples_npz/2013/20131129_0536_HARP3415_NOAA11906.npz,20131129_0536_HARP3415_NOAA11906,2013-11-29 05:36:00,3415,11906,0,2013
test_2015,train,gs://suryabench-sharp-pipeline-bamidele/samples_npz/2011/20110308_0200_HARP401_NOAA11166.npz,20110308_0200_HARP401_NOAA11166,2011-03-08 02:00:00,401,11166,1,2011
test_2015,train,gs://suryabench-sharp-pipeline-bamidele/samples_npz/2013/20130817_1324_HARP3056_NOAA11818.npz,20130817_1324_HARP3056_NOAA11818,2013-08-17 13:24:00,3056,11818,1,2013
test_2015,train,gs://suryabench-sharp-pipeline-bamidele/samples_npz/2013/20130711_1536_HARP2945_NOAA11794.npz,20130711_1536_HARP2945_NOAA11794,2013-07-11 15:36:00,2945,11794,0,2013
test_2015,train,gs://suryabench-sharp-pipeline-bamidele/samples_npz/2010/20100702_0748_HARP71_NOAA11084.npz,20100702_0748_HARP71_NOAA11084,2010-07-02 07:48:00,71,11084,0,2010
test_2015,train,gs://suryabench-sharp-pipeline-bamidele/samples_npz/2011/20110714_0200_HARP713_NOAA11258.npz,20110714_0200_HARP713_NOAA11258,2011-07-14 02:00:00,713,11258,0,2011
test_2015,train,gs://suryabench-sharp-pipeline-bamidele/samples_npz/2010/20101023_0736_HARP224_NOAA11119.npz,20101023_0736_HARP224_NOAA11119,2010-10-23 07:36:00,224,11119,0,2010
test_2015,train,gs://suryabench-sharp-pipeline-bamidele/samples_npz/2011/20110917_0548_HARP856_NOAA11295.npz,20110917_0548_HARP856_NOAA11295,2011-09-17 05:48:00,856,11295,0,2011
test_2015,train,gs://suryabench-sharp-pipeline-bamidele/samples_npz/2011/20110409_2248_HARP480_NOAA11185.npz,20110409_2248_HARP480_NOAA11185,2011-04-09 22:48:00,480,11185,0,2011
test_2015,train,gs://suryabench-sharp-pipeline-bamidele/samples_npz/2012/20120801_0200_HARP1893_NOAA11534.npz,20120801_0200_HARP1893_NOAA11534,2012-08-01 02:00:00,1893,11534,0,2012
test_2015,train,gs://suryabench-sharp-pipeline-bamidele/samples_npz/2011/20110727_0124_HARP748_NOAA11265.npz,20110727_0124_HARP748_NOAA11265,2011-07-27 01:24:00,748,11265,0,2011
test_2015,train,gs://suryabench-sharp-pipeline-bamidele/samples_npz/2013/20130329_2236_HARP2595_NOAA11706.npz,20130329_2236_HARP2595_NOAA11706,2013-03-29 22:36:00,2595,11706,0,2013
test_2015,train,gs://suryabench-sharp-pipeline-bamidele/samples_npz/2011/20110213_2348_HARP371_NOAA11159.npz,20110213_2348_HARP371_NOAA11159,2011-02-13 23:48:00,371,11159,0,2011
test_2015,train,gs://suryabench-sharp-pipeline-bamidele/samples_npz/2011/20110801_1636_HARP753_NOAA11263.npz,20110801_1636_HARP753_NOAA11263,2011-08-01 16:36:00,753,11263,1,2011
test_2015,train,gs://suryabench-sharp-pipeline-bamidele/samples_npz/2012/20121203_0912_HARP2245_NOAA11623.npz,20121203_0912_HARP2245_NOAA11623,2012-12-03 09:12:00,2245,11623,0,2012
test_2015,train,gs://suryabench-sharp-pipeline-bamidele/samples_npz/2012/20120821_0700_HARP1952_NOAA11551.npz,20120821_0700_HARP1952_NOAA11551,2012-08-21 07:00:00,1952,11551,0,2012
test_2015,train,gs://suryabench-sharp-pipeline-bamidele/samples_npz/2013/20131106_0436_HARP3330_NOAA11887.npz,20131106_0436_HARP3330_NOAA11887,2013-11-06 04:36:00,3330,11887,0,2013
test_2015,train,gs://suryabench-sharp-pipeline-bamidele/samples_npz/2013/20130113_1400_HARP2362_NOAA11652.npz,20130113_1400_HARP2362_NOAA11652,2013-01-13 14:00:00,2362,11652,0,2013
test_2015,train,gs://suryabench-sharp-pipeline-bamidele/samples_npz/2013/20130601_1036_HARP2790_NOAA11758.npz,20130601_1036_HARP2790_NOAA11758,2013-06-01 10:36:00,2790,11758,0,2013
test_2015,train,gs://suryabench-sharp-pipeline-bamidele/samples_npz/2012/20120416_0236_HARP1569_NOAA11457.npz,20120416_0236_HARP1569_NOAA11457,2012-04-16 02:36:00,1569,11457,0,2012
test_2015,train,gs://suryabench-sharp-pipeline-bamidele/samples_npz/2010/20100916_0524_HARP175_NOAA11106.npz,20100916_0524_HARP175_NOAA11106,2010-09-16 05:24:00,175,11106,0,2010
test_2015,train,gs://suryabench-sharp-pipeline-bamidele/samples_npz/2011/20110820_0000_HARP794_NOAA11271.npz,20110820_0000_HARP794_NOAA11271,2011-08-20 00:00:00,794,11271,0,2011
test_2015,train,gs://suryabench-sharp-pipeline-bamidele/samples_npz/2013/20130508_1048_HARP2716_NOAA11738.npz,20130508_1048_HARP2716_NOAA11738,2013-05-08 10:48:00,2716,11738,0,2013
test_2015,train,gs://suryabench-sharp-pipeline-bamidele/samples_npz/2011/20110320_0412_HARP429_NOAA11173.npz,20110320_0412_HARP429_NOAA11173,2011-03-20 04:12:00,429,11173,0,2011
test_2015,train,gs://suryabench-sharp-pipeline-bamidele/samples_npz/2011/20110213_0112_HARP377_NOAA11158.npz,20110213_0112_HARP377_NOAA11158,2011-02-13 01:12:00,377,11158,1,2011
test_2015,train,gs://suryabench-sharp-pipeline-bamidele/samples_npz/2011/20111122_1000_HARP1093_NOAA11353.npz,20111122_1000_HARP1093_NOAA11353,2011-11-22 10:00:00,1093,11353,0,2011
test_2015,train,gs://suryabench-sharp-pipeline-bamidele/samples_npz/2011/20110322_0612_HARP429_NOAA11173.npz,20110322_0612_HARP429_NOAA11173,2011-03-22 06:12:00,429,11173,0,2011
test_2015,train,gs://suryabench-sharp-pipeline-bamidele/samples_npz/2011/20110716_1400_HARP714_NOAA11251.npz,20110716_1400_HARP714_NOAA11251,2011-07-16 14:00:00,714,11251,0,2011
test_2015,train,gs://suryabench-sharp-pipeline-bamidele/samples_npz/2013/20130320_0448_HARP2571_NOAA11700.npz,20130320_0448_HARP2571_NOAA11700,2013-03-20 04:48:00,2571,11700,0,2013
test_2015,train,gs://suryabench-sharp-pipeline-bamidele/samples_npz/2011/20111010_0948_HARP927_NOAA11312.npz,20111010_0948_HARP927_NOAA11312,2011-10-10 09:48:00,927,11312,0,2011
test_2015,train,gs://suryabench-sharp-pipeline-bamidele/samples_npz/2013/20131112_0400_HARP3353_NOAA11892.npz,20131112_0400_HARP3353_NOAA11892,2013-11-12 04:00:00,3353,11892,0,2013
test_2015,train,gs://suryabench-sharp-pipeline-bamidele/samples_npz/2011/20111120_1924_HARP1079_NOAA11350.npz,20111120_1924_HARP1079_NOAA11350,2011-11-20 19:24:00,1079,11350,0,2011
test_2015,train,gs://suryabench-sharp-pipeline-bamidele/samples_npz/2010/20100831_0800_HARP145_NOAA11101.npz,20100831_0800_HARP145_NOAA11101,2010-08-31 08:00:00,145,11101,0,2010
test_2015,train,gs://suryabench-sharp-pipeline-bamidele/samples_npz/2011/20110708_1924_HARP695_NOAA11247.npz,20110708_1924_HARP695_NOAA11247,2011-07-08 19:24:00,695,11247,0,2011
test_2015,train,gs://suryabench-sharp-pipeline-bamidele/samples_npz/2010/20100830_2248_HARP146_NOAA11102.npz,20100830_2248_HARP146_NOAA11102,2010-08-30 22:48:00,146,11102,0,2010
test_2015,train,gs://suryabench-sharp-pipeline-bamidele/samples_npz/2010/20100715_0136_HARP86_NOAA11087.npz,20100715_0136_HARP86_NOAA11087,2010-07-15 01:36:00,86,11087,0,2010
test_2015,train,gs://suryabench-sharp-pipeline-bamidele/samples_npz/2013/20131106_0312_HARP3344_NOAA11891.npz,20131106_0312_HARP3344_NOAA11891,2013-11-06 03:12:00,3344,11891,0,2013
test_2015,train,gs://suryabench-sharp-pipeline-bamidele/samples_npz/2013/20130510_1112_HARP2716_NOAA11738.npz,20130510_1112_HARP2716_NOAA11738,2013-05-10 11:12:00,2716,11738,0,2013
test_2015,train,gs://suryabench-sharp-pipeline-bamidele/samples_npz/2013/20130620_1636_HARP2875_NOAA11776.npz,20130620_1636_HARP2875_NOAA11776,2013-06-20 16:36:00,2875,11776,0,2013
test_2015,train,gs://suryabench-sharp-pipeline-bamidele/samples_npz/2011/20111221_1048_HARP1209_NOAA11380.npz,20111221_1048_HARP1209_NOAA11380,2011-12-21 10:48:00,1209,11380,0,2011
test_2015,train,gs://suryabench-sharp-pipeline-bamidele/samples_npz/2010/20101227_0448_HARP318_NOAA11138.npz,20101227_0448_HARP318_NOAA11138,2010-12-27 04:48:00,318,11138,0,2010
test_2015,train,gs://suryabench-sharp-pipeline-bamidele/samples_npz/2013/20130424_0024_HARP2683_NOAA11729.npz,20130424_0024_HARP2683_NOAA11729,2013-04-24 00:24:00,2683,11729,0,2013
test_2015,train,gs://suryabench-sharp-pipeline-bamidele/samples_npz/2011/20110828_1036_HARP817_NOAA11285.npz,20110828_1036_HARP817_NOAA11285,2011-08-28 10:36:00,817,11285,0,2011
test_2015,train,gs://suryabench-sharp-pipeline-bamidele/samples_npz/2011/20110625_2224_HARP674_NOAA11237.npz,20110625_2224_HARP674_NOAA11237,2011-06-25 22:24:00,674,11237,0,2011
test_2015,train,gs://suryabench-sharp-pipeline-bamidele/samples_npz/2013/20130507_0112_HARP2716_NOAA11738.npz,20130507_0112_HARP2716_NOAA11738,2013-05-07 01:12:00,2716,11738,0,2013
test_2015,train,gs://suryabench-sharp-pipeline-bamidele/samples_npz/2011/20110716_0348_HARP713_NOAA11258.npz,20110716_0348_HARP713_NOAA11258,2011-07-16 03:48:00,713,11258,0,2011
test_2015,train,gs://suryabench-sharp-pipeline-bamidele/samples_npz/2011/20110629_0336_HARP684_NOAA11244.npz,20110629_0336_HARP684_NOAA11244,2011-06-29 03:36:00,684,11244,0,2011
test_2015,train,gs://suryabench-sharp-pipeline-bamidele/samples_npz/2013/20131111_0812_HARP3367_NOAA11898.npz,20131111_0812_HARP3367_NOAA11898,2013-11-11 08:12:00,3367,11898,0,2013
test_2015,train,gs://suryabench-sharp-pipeline-bamidele/samples_npz/2013/20131205_0248_HARP3437_NOAA11909.npz,20131205_0248_HARP3437_NOAA11909,2013-12-05 02:48:00,3437,11909,0,2013
test_2015,train,gs://suryabench-sharp-pipeline-bamidele/samples_npz/2013/20130603_0724_HARP2790_NOAA11758.npz,20130603_0724_HARP2790_NOAA11758,2013-06-03 07:24:00,2790,11758,0,2013
test_2015,train,gs://suryabench-sharp-pipeline-bamidele/samples_npz/2013/20131130_0400_HARP3415_NOAA11906.npz,20131130_0400_HARP3415_NOAA11906,2013-11-30 04:00:00,3415,11906,0,2013
test_2015,train,gs://suryabench-sharp-pipeline-bamidele/samples_npz/2011/20110620_0412_HARP677_NOAA11238.npz,20110620_0412_HARP677_NOAA11238,2011-06-20 04:12:00,677,11238,0,2011
test_2015,train,gs://suryabench-sharp-pipeline-bamidele/samples_npz/2011/20111028_0448_HARP997_NOAA11330.npz,20111028_0448_HARP997_NOAA11330,2011-10-28 04:48:00,997,11330,0,2011
test_2015,train,gs://suryabench-sharp-pipeline-bamidele/samples_npz/2012/20120704_0924_HARP1806_NOAA11513.npz,20120704_0924_HARP1806_NOAA11513,2012-07-04 09:24:00,1806,11513,1,2012
test_2015,train,gs://suryabench-sharp-pipeline-bamidele/samples_npz/2013/20131108_1824_HARP3341_NOAA11890.npz,20131108_1824_HARP3341_NOAA11890,2013-11-08 18:24:00,3341,11890,1,2013
test_2015,train,gs://suryabench-sharp-pipeline-bamidele/samples_npz/2010/20100617_1436_HARP58_NOAA11083.npz,20100617_1436_HARP58_NOAA11083,2010-06-17 14:36:00,58,11083,0,2010
test_2015,train,gs://suryabench-sharp-pipeline-bamidele/samples_npz/2011/20110212_0912_HARP377_NOAA11158.npz,20110212_0912_HARP377_NOAA11158,2011-02-12 09:12:00,377,11158,1,2011
test_2015,train,gs://suryabench-sharp-pipeline-bamidele/samples_npz/2011/20110219_0612_HARP384_NOAA11160.npz,20110219_0612_HARP384_NOAA11160,2011-02-19 06:12:00,384,11160,0,2011
test_2015,train,gs://suryabench-sharp-pipeline-bamidele/samples_npz/2013/20131203_0812_HARP3443_NOAA11914.npz,20131203_0812_HARP3443_NOAA11914,2013-12-03 08:12:00,3443,11914,0,2013
test_2015,train,gs://suryabench-sharp-pipeline-bamidele/samples_npz/2013/20130112_0548_HARP2358_NOAA11649.npz,20130112_0548_HARP2358_NOAA11649,2013-01-12 05:48:00,2358,11649,0,2013
test_2015,train,gs://suryabench-sharp-pipeline-bamidele/samples_npz/2011/20110122_0736_HARP345_NOAA11147.npz,20110122_0736_HARP345_NOAA11147,2011-01-22 07:36:00,345,11147,0,2011
test_2015,train,gs://suryabench-sharp-pipeline-bamidele/samples_npz/2011/20111207_0424_HARP1149_NOAA11367.npz,20111207_0424_HARP1149_NOAA11367,2011-12-07 04:24:00,1149,11367,0,2011
test_2015,train,gs://suryabench-sharp-pipeline-bamidele/samples_npz/2012/20121018_2100_HARP2123_NOAA11594.npz,20121018_2100_HARP2123_NOAA11594,2012-10-18 21:00:00,2123,11594,0,2012
test_2015,train,gs://suryabench-sharp-pipeline-bamidele/samples_npz/2013/20130531_0448_HARP2779_NOAA11757.npz,20130531_0448_HARP2779_NOAA11757,2013-05-31 04:48:00,2779,11757,0,2013
test_2015,train,gs://suryabench-sharp-pipeline-bamidele/samples_npz/2013/20130819_0248_HARP3068_NOAA11825.npz,20130819_0248_HARP3068_NOAA11825,2013-08-19 02:48:00,3068,11825,0,2013
test_2015,train,gs://suryabench-sharp-pipeline-bamidele/samples_npz/2011/20111125_0348_HARP1092_NOAA11354.npz,20111125_0348_HARP1092_NOAA11354,2011-11-25 03:48:00,1092,11354,0,2011
test_2015,train,gs://suryabench-sharp-pipeline-bamidele/samples_npz/2013/20131203_0424_HARP3432_NOAA11908.npz,20131203_0424_HARP3432_NOAA11908,2013-12-03 04:24:00,3432,11908,0,2013
test_2015,train,gs://suryabench-sharp-pipeline-bamidele/samples_npz/2011/20110927_1724_HARP892_NOAA11302.npz,20110927_1724_HARP892_NOAA11302,2011-09-27 17:24:00,892,11302,1,2011
test_2015,train,gs://suryabench-sharp-pipeline-bamidele/samples_npz/2012/20120502_0100_HARP1628_NOAA11472.npz,20120502_0100_HARP1628_NOAA11472,2012-05-02 01:00:00,1628,11472,0,2012
test_2015,train,gs://suryabench-sharp-pipeline-bamidele/samples_npz/2013/20131031_0712_HARP3321_NOAA11884.npz,20131031_0712_HARP3321_NOAA11884,2013-10-31 07:12:00,3321,11884,1,2013
test_2015,train,gs://suryabench-sharp-pipeline-bamidele/samples_npz/2011/20110104_1224_HARP321_NOAA11139.npz,20110104_1224_HARP321_NOAA11139,2011-01-04 12:24:00,321,11139,0,2011
test_2015,train,gs://suryabench-sharp-pipeline-bamidele/samples_npz/2012/20120814_2036_HARP1930_NOAA11542.npz,20120814_2036_HARP1930_NOAA11542,2012-08-14 20:36:00,1930,11542,0,2012
test_2015,train,gs://suryabench-sharp-pipeline-bamidele/samples_npz/2012/20121026_1336_HARP2144_NOAA11600.npz,20121026_1336_HARP2144_NOAA11600,2012-10-26 13:36:00,2144,11600,0,2012
test_2015,train,gs://suryabench-sharp-pipeline-bamidele/samples_npz/2012/20121005_0312_HARP2069_NOAA11582.npz,20121005_0312_HARP2069_NOAA11582,2012-10-05 03:12:00,2069,11582,0,2012
test_2015,train,gs://suryabench-sharp-pipeline-bamidele/samples_npz/2011/20110326_1824_HARP438_NOAA11177.npz,20110326_1824_HARP438_NOAA11177,2011-03-26 18:24:00,438,11177,0,2011
test_2015,train,gs://suryabench-sharp-pipeline-bamidele/samples_npz/2013/20130111_0248_HARP2362_NOAA11652.npz,20130111_0248_HARP2362_NOAA11652,2013-01-11 02:48:00,2362,11652,1,2013
test_2015,train,gs://suryabench-sharp-pipeline-bamidele/samples_npz/2012/20120913_0124_HARP2021_NOAA11567.npz,20120913_0124_HARP2021_NOAA11567,2012-09-13 01:24:00,2021,11567,0,2012
test_2015,train,gs://suryabench-sharp-pipeline-bamidele/samples_npz/2012/20120705_0436_HARP1806_NOAA11513.npz,20120705_0436_HARP1806_NOAA11513,2012-07-05 04:36:00,1806,11513,0,2012
test_2015,train,gs://suryabench-sharp-pipeline-bamidele/samples_npz/2013/20130904_0400_HARP3129_NOAA11836.npz,20130904_0400_HARP3129_NOAA11836,2013-09-04 04:00:00,3129,11836,0,2013
test_2015,train,gs://suryabench-sharp-pipeline-bamidele/samples_npz/2011/20110318_2324_HARP421_NOAA11172.npz,20110318_2324_HARP421_NOAA11172,2011-03-18 23:24:00,421,11172,0,2011
test_2015,train,gs://suryabench-sharp-pipeline-bamidele/samples_npz/2013/20130702_2224_HARP2923_NOAA11786.npz,20130702_2224_HARP2923_NOAA11786,2013-07-02 22:24:00,2923,11786,0,2013
test_2015,train,gs://suryabench-sharp-pipeline-bamidele/samples_npz/2010/20100830_1236_HARP147_NOAA11104.npz,20100830_1236_HARP147_NOAA11104,2010-08-30 12:36:00,147,11104,0,2010
test_2015,train,gs://suryabench-sharp-pipeline-bamidele/samples_npz/2012/20121204_2112_HARP2259_NOAA11626.npz,20121204_2112_HARP2259_NOAA11626,2012-12-04 21:12:00,2259,11626,0,2012
test_2015,train,gs://suryabench-sharp-pipeline-bamidele/samples_npz/2012/20120131_0712_HARP1350_NOAA11410.npz,20120131_0712_HARP1350_NOAA11410,2012-01-31 07:12:00,1350,11410,0,2012
test_2015,train,gs://suryabench-sharp-pipeline-bamidele/samples_npz/2012/20121001_1424_HARP2061_NOAA11580.npz,20121001_1424_HARP2061_NOAA11580,2012-10-01 14:24:00,2061,11580,0,2012
test_2015,train,gs://suryabench-sharp-pipeline-bamidele/samples_npz/2011/20111122_0048_HARP1089_NOAA11352.npz,20111122_0048_HARP1089_NOAA11352,2011-11-22 00:48:00,1089,11352,0,2011
test_2015,train,gs://suryabench-sharp-pipeline-bamidele/samples_npz/2013/20130731_0024_HARP2999_NOAA11801.npz,20130731_0024_HARP2999_NOAA11801,2013-07-31 00:24:00,2999,11801,0,2013
test_2015,train,gs://suryabench-sharp-pipeline-bamidele/samples_npz/2012/20120109_1448_HARP1278_NOAA11391.npz,20120109_1448_HARP1278_NOAA11391,2012-01-09 14:48:00,1278,11391,0,2012
test_2015,train,gs://suryabench-sharp-pipeline-bamidele/samples_npz/2011/20110215_2024_HARP377_NOAA11158.npz,20110215_2024_HARP377_NOAA11158,2011-02-15 20:24:00,377,11158,1,2011
test_2015,train,gs://suryabench-sharp-pipeline-bamidele/samples_npz/2011/20110308_2112_HARP401_NOAA11166.npz,20110308_2112_HARP401_NOAA11166,2011-03-08 21:12:00,401,11166,1,2011
test_2015,train,gs://suryabench-sharp-pipeline-bamidele/samples_npz/2010/20101017_1924_HARP221_NOAA11116.npz,20101017_1924_HARP221_NOAA11116,2010-10-17 19:24:00,221,11116,0,2010
test_2015,train,gs://suryabench-sharp-pipeline-bamidele/samples_npz/2013/20131217_0712_HARP3497_NOAA11925.npz,20131217_0712_HARP3497_NOAA11925,2013-12-17 07:12:00,3497,11925,0,2013
test_2015,train,gs://suryabench-sharp-pipeline-bamidele/samples_npz/2013/20131201_0436_HARP3420_NOAA11905.npz,20131201_0436_HARP3420_NOAA11905,2013-12-01 04:36:00,3420,11905,0,2013
test_2015,train,gs://suryabench-sharp-pipeline-bamidele/samples_npz/2011/20110811_1212_HARP772_NOAA11269.npz,20110811_1212_HARP772_NOAA11269,2011-08-11 12:12:00,772,11269,0,2011
test_2015,train,gs://suryabench-sharp-pipeline-bamidele/samples_npz/2013/20130217_0736_HARP2471_NOAA11672.npz,20130217_0736_HARP2471_NOAA11672,2013-02-17 07:36:00,2471,11672,0,2013
test_2015,train,gs://suryabench-sharp-pipeline-bamidele/samples_npz/2011/20110212_0248_HARP377_NOAA11158.npz,20110212_0248_HARP377_NOAA11158,2011-02-12 02:48:00,377,11158,1,2011
test_2015,train,gs://suryabench-sharp-pipeline-bamidele/samples_npz/2013/20131013_1200_HARP3258_NOAA11861.npz,20131013_1200_HARP3258_NOAA11861,2013-10-13 12:00:00,3258,11861,0,2013
test_2015,train,gs://suryabench-sharp-pipeline-bamidele/samples_npz/2013/20130403_0148_HARP2597_NOAA11713.npz,20130403_0148_HARP2597_NOAA11713,2013-04-03 01:48:00,2597,11713,0,2013
test_2015,train,gs://suryabench-sharp-pipeline-bamidele/samples_npz/2011/20110425_1536_HARP540_NOAA11199.npz,20110425_1536_HARP540_NOAA11199,2011-04-25 15:36:00,540,11199,0,2011
test_2015,train,gs://suryabench-sharp-pipeline-bamidele/samples_npz/2013/20130408_1100_HARP2605_NOAA11711.npz,20130408_1100_HARP2605_NOAA11711,2013-04-08 11:00:00,2605,11711,0,2013
test_2015,train,gs://suryabench-sharp-pipeline-bamidele/samples_npz/2010/20100714_0648_HARP86_NOAA11087.npz,20100714_0648_HARP86_NOAA11087,2010-07-14 06:48:00,86,11087,0,2010
test_2015,train,gs://suryabench-sharp-pipeline-bamidele/samples_npz/2013/20130614_1348_HARP2839_NOAA11767.npz,20130614_1348_HARP2839_NOAA11767,2013-06-14 13:48:00,2839,11767,0,2013
test_2015,train,gs://suryabench-sharp-pipeline-bamidele/samples_npz/2011/20111012_0224_HARP932_NOAA11313.npz,20111012_0224_HARP932_NOAA11313,2011-10-12 02:24:00,932,11313,0,2011
test_2015,train,gs://suryabench-sharp-pipeline-bamidele/samples_npz/2013/20131021_0836_HARP3293_NOAA11874.npz,20131021_0836_HARP3293_NOAA11874,2013-10-21 08:36:00,3293,11874,0,2013
test_2015,train,gs://suryabench-sharp-pipeline-bamidele/samples_npz/2011/20110211_0436_HARP364_NOAA11157.npz,20110211_0436_HARP364_NOAA11157,2011-02-11 04:36:00,364,11157,0,2011
test_2015,train,gs://suryabench-sharp-pipeline-bamidele/samples_npz/2010/20101016_0148_HARP211_NOAA11112.npz,20101016_0148_HARP211_NOAA11112,2010-10-16 01:48:00,211,11112,1,2010
test_2015,train,gs://suryabench-sharp-pipeline-bamidele/samples_npz/2013/20130204_1036_HARP2433_NOAA11665.npz,20130204_1036_HARP2433_NOAA11665,2013-02-04 10:36:00,2433,11665,0,2013
test_2015,train,gs://suryabench-sharp-pipeline-bamidele/samples_npz/2012/20121128_2336_HARP2240_NOAA11621.npz,20121128_2336_HARP2240_NOAA11621,2012-11-28 23:36:00,2240,11621,0,2012
test_2015,train,gs://suryabench-sharp-pipeline-bamidele/samples_npz/2013/20131101_1512_HARP3321_NOAA11884.npz,20131101_1512_HARP3321_NOAA11884,2013-11-01 15:12:00,3321,11884,1,2013
test_2015,train,gs://suryabench-sharp-pipeline-bamidele/samples_npz/2011/20110927_2036_HARP892_NOAA11302.npz,20110927_2036_HARP892_NOAA11302,2011-09-27 20:36:00,892,11302,1,2011
test_2015,train,gs://suryabench-sharp-pipeline-bamidele/samples_npz/2010/20100626_1824_HARP67_NOAA11085.npz,20100626_1824_HARP67_NOAA11085,2010-06-26 18:24:00,67,11085,0,2010
test_2015,train,gs://suryabench-sharp-pipeline-bamidele/samples_npz/2012/20121118_1048_HARP2193_NOAA11614.npz,20121118_1048_HARP2193_NOAA11614,2012-11-18 10:48:00,2193,11614,0,2012
test_2015,train,gs://suryabench-sharp-pipeline-bamidele/samples_npz/2013/20130630_1012_HARP2898_NOAA11779.npz,20130630_1012_HARP2898_NOAA11779,2013-06-30 10:12:00,2898,11779,0,2013
test_2015,train,gs://suryabench-sharp-pipeline-bamidele/samples_npz/2012/20121113_0900_HARP2186_NOAA11611.npz,20121113_0900_HARP2186_NOAA11611,2012-11-13 09:00:00,2186,11611,0,2012
test_2015,train,gs://suryabench-sharp-pipeline-bamidele/samples_npz/2013/20130823_0512_HARP3082_NOAA11823.npz,20130823_0512_HARP3082_NOAA11823,2013-08-23 05:12:00,3082,11823,0,2013
test_2015,train,gs://suryabench-sharp-pipeline-bamidele/samples_npz/2012/20120906_1848_HARP2017_NOAA11568.npz,20120906_1848_HARP2017_NOAA11568,2012-09-06 18:48:00,2017,11568,0,2012
test_2015,train,gs://suryabench-sharp-pipeline-bamidele/samples_npz/2012/20120425_0000_HARP1596_NOAA11465.npz,20120425_0000_HARP1596_NOAA11465,2012-04-25 00:00:00,1596,11465,0,2012
test_2015,train,gs://suryabench-sharp-pipeline-bamidele/samples_npz/2011/20110828_1148_HARP805_NOAA11275.npz,20110828_1148_HARP805_NOAA11275,2011-08-28 11:48:00,805,11275,0,2011
test_2015,train,gs://suryabench-sharp-pipeline-bamidele/samples_npz/2011/20110214_1048_HARP377_NOAA11158.npz,20110214_1048_HARP377_NOAA11158,2011-02-14 10:48:00,377,11158,1,2011
test_2015,train,gs://suryabench-sharp-pipeline-bamidele/samples_npz/2011/20110408_1936_HARP480_NOAA11185.npz,20110408_1936_HARP480_NOAA11185,2011-04-08 19:36:00,480,11185,0,2011
test_2015,train,gs://suryabench-sharp-pipeline-bamidele/samples_npz/2013/20130223_1000_HARP2493_NOAA11677.npz,20130223_1000_HARP2493_NOAA11677,2013-02-23 10:00:00,2493,11677,0,2013
test_2015,train,gs://suryabench-sharp-pipeline-bamidele/samples_npz/2012/20120422_1048_HARP1574_NOAA11459.npz,20120422_1048_HARP1574_NOAA11459,2012-04-22 10:48:00,1574,11459,0,2012
test_2015,train,gs://suryabench-sharp-pipeline-bamidele/samples_npz/2013/20131010_0548_HARP3260_NOAA11860.npz,20131010_0548_HARP3260_NOAA11860,2013-10-10 05:48:00,3260,11860,0,2013
test_2015,train,gs://suryabench-sharp-pipeline-bamidele/samples_npz/2010/20100801_0436_HARP107_NOAA11094.npz,20100801_0436_HARP107_NOAA11094,2010-08-01 04:36:00,107,11094,0,2010
test_2015,train,gs://suryabench-sharp-pipeline-bamidele/samples_npz/2012/20121104_1948_HARP2166_NOAA11602.npz,20121104_1948_HARP2166_NOAA11602,2012-11-04 19:48:00,2166,11602,0,2012
test_2015,train,gs://suryabench-sharp-pipeline-bamidele/samples_npz/2013/20130922_0136_HARP3188_NOAA11853.npz,20130922_0136_HARP3188_NOAA11853,2013-09-22 01:36:00,3188,11853,0,2013
test_2015,train,gs://suryabench-sharp-pipeline-bamidele/samples_npz/2013/20130331_2212_HARP2598_NOAA11707.npz,20130331_2212_HARP2598_NOAA11707,2013-03-31 22:12:00,2598,11707,0,2013
test_2015,train,gs://suryabench-sharp-pipeline-bamidele/samples_npz/2011/20110502_1724_HARP532_NOAA11201.npz,20110502_1724_HARP532_NOAA11201,2011-05-02 17:24:00,532,11201,0,2011
test_2015,train,gs://suryabench-sharp-pipeline-bamidele/samples_npz/2011/20110331_2148_HARP443_NOAA11181.npz,20110331_2148_HARP443_NOAA11181,2011-03-31 21:48:00,443,11181,0,2011
test_2015,train,gs://suryabench-sharp-pipeline-bamidele/samples_npz/2013/20131001_2036_HARP3240_NOAA11854.npz,20131001_2036_HARP3240_NOAA11854,2013-10-01 20:36:00,3240,11854,0,2013
test_2015,train,gs://suryabench-sharp-pipeline-bamidele/samples_npz/2013/20130403_2000_HARP2626_NOAA11715.npz,20130403_2000_HARP2626_NOAA11715,2013-04-03 20:00:00,2626,11715,0,2013
test_2015,train,gs://suryabench-sharp-pipeline-bamidele/samples_npz/2012/20120814_0612_HARP1930_NOAA11542.npz,20120814_0612_HARP1930_NOAA11542,2012-08-14 06:12:00,1930,11542,0,2012
test_2015,train,gs://suryabench-sharp-pipeline-bamidele/samples_npz/2013/20130712_0424_HARP2948_NOAA11789.npz,20130712_0424_HARP2948_NOAA11789,2013-07-12 04:24:00,2948,11789,0,2013
test_2015,train,gs://suryabench-sharp-pipeline-bamidele/samples_npz/2012/20121213_1224_HARP2262_NOAA11628.npz,20121213_1224_HARP2262_NOAA11628,2012-12-13 12:24:00,2262,11628,0,2012
test_2015,train,gs://suryabench-sharp-pipeline-bamidele/samples_npz/2012/20120327_2324_HARP1488_NOAA11438.npz,20120327_2324_HARP1488_NOAA11438,2012-03-27 23:24:00,1488,11438,0,2012
test_2015,train,gs://suryabench-sharp-pipeline-bamidele/samples_npz/2013/20131214_0748_HARP3483_NOAA11920.npz,20131214_0748_HARP3483_NOAA11920,2013-12-14 07:48:00,3483,11920,0,2013
test_2015,train,gs://suryabench-sharp-pipeline-bamidele/samples_npz/2012/20120517_0812_HARP1658_NOAA11483.npz,20120517_0812_HARP1658_NOAA11483,2012-05-17 08:12:00,1658,11483,0,2012
test_2015,train,gs://suryabench-sharp-pipeline-bamidele/samples_npz/2013/20130804_2312_HARP3031_NOAA11810.npz,20130804_2312_HARP3031_NOAA11810,2013-08-04 23:12:00,3031,11810,0,2013
test_2015,train,gs://suryabench-sharp-pipeline-bamidele/samples_npz/2012/20120219_1524_HARP1399_NOAA11420.npz,20120219_1524_HARP1399_NOAA11420,2012-02-19 15:24:00,1399,11420,0,2012
test_2015,train,gs://suryabench-sharp-pipeline-bamidele/samples_npz/2013/20130516_0924_HARP2754_NOAA11752.npz,20130516_0924_HARP2754_NOAA11752,2013-05-16 09:24:00,2754,11752,0,2013
test_2015,train,gs://suryabench-sharp-pipeline-bamidele/samples_npz/2010/20100610_0136_HARP51_NOAA11080.npz,20100610_0136_HARP51_NOAA11080,2010-06-10 01:36:00,51,11080,0,2010
test_2015,train,gs://suryabench-sharp-pipeline-bamidele/samples_npz/2013/20130514_0348_HARP2749_NOAA11749.npz,20130514_0348_HARP2749_NOAA11749,2013-05-14 03:48:00,2749,11749,0,2013
test_2015,train,gs://suryabench-sharp-pipeline-bamidele/samples_npz/2013/20131213_0948_HARP3474_NOAA11927.npz,20131213_0948_HARP3474_NOAA11927,2013-12-13 09:48:00,3474,11927,0,2013
test_2015,train,gs://suryabench-sharp-pipeline-bamidele/samples_npz/2011/20110121_1712_HARP345_NOAA11147.npz,20110121_1712_HARP345_NOAA11147,2011-01-21 17:12:00,345,11147,0,2011
test_2015,train,gs://suryabench-sharp-pipeline-bamidele/samples_npz/2011/20110216_0112_HARP377_NOAA11158.npz,20110216_0112_HARP377_NOAA11158,2011-02-16 01:12:00,377,11158,1,2011
test_2015,train,gs://suryabench-sharp-pipeline-bamidele/samples_npz/2012/20120805_2136_HARP1908_NOAA11537.npz,20120805_2136_HARP1908_NOAA11537,2012-08-05 21:36:00,1908,11537,0,2012
test_2015,train,gs://suryabench-sharp-pipeline-bamidele/samples_npz/2011/20110907_1648_HARP833_NOAA11283.npz,20110907_1648_HARP833_NOAA11283,2011-09-07 16:48:00,833,11283,1,2011
test_2015,train,gs://suryabench-sharp-pipeline-bamidele/samples_npz/2011/20110713_1200_HARP700_NOAA11245.npz,20110713_1200_HARP700_NOAA11245,2011-07-13 12:00:00,700,11245,0,2011
test_2015,train,gs://suryabench-sharp-pipeline-bamidele/samples_npz/2011/20110219_1100_HARP384_NOAA11160.npz,20110219_1100_HARP384_NOAA11160,2011-02-19 11:00:00,384,11160,0,2011
test_2015,train,gs://suryabench-sharp-pipeline-bamidele/samples_npz/2013/20130622_0800_HARP2852_NOAA11769.npz,20130622_0800_HARP2852_NOAA11769,2013-06-22 08:00:00,2852,11769,0,2013
test_2015,train,gs://suryabench-sharp-pipeline-bamidele/samples_npz/2010/20100619_0636_HARP58_NOAA11083.npz,20100619_0636_HARP58_NOAA11083,2010-06-19 06:36:00,58,11083,0,2010
test_2015,train,gs://suryabench-sharp-pipeline-bamidele/samples_npz/2013/20130825_1900_HARP3103_NOAA11828.npz,20130825_1900_HARP3103_NOAA11828,2013-08-25 19:00:00,3103,11828,0,2013
test_2015,train,gs://suryabench-sharp-pipeline-bamidele/samples_npz/2011/20111113_2024_HARP1064_NOAA11349.npz,20111113_2024_HARP1064_NOAA11349,2011-11-13 20:24:00,1064,11349,0,2011
test_2015,train,gs://suryabench-sharp-pipeline-bamidele/samples_npz/2012/20121020_2100_HARP2123_NOAA11594.npz,20121020_2100_HARP2123_NOAA11594,2012-10-20 21:00:00,2123,11594,0,2012
test_2015,train,gs://suryabench-sharp-pipeline-bamidele/samples_npz/2011/20111110_0812_HARP1041_NOAA11341.npz,20111110_0812_HARP1041_NOAA11341,2011-11-10 08:12:00,1041,11341,0,2011
test_2015,train,gs://suryabench-sharp-pipeline-bamidele/samples_npz/2011/20110802_1812_HARP753_NOAA11263.npz,20110802_1812_HARP753_NOAA11263,2011-08-02 18:12:00,753,11263,1,2011
test_2015,train,gs://suryabench-sharp-pipeline-bamidele/samples_npz/2012/20120803_0212_HARP1903_NOAA11535.npz,20120803_0212_HARP1903_NOAA11535,2012-08-03 02:12:00,1903,11535,0,2012
test_2015,train,gs://suryabench-sharp-pipeline-bamidele/samples_npz/2013/20130112_1536_HARP2372_NOAA11654.npz,20130112_1536_HARP2372_NOAA11654,2013-01-12 15:36:00,2372,11654,0,2013
test_2015,train,gs://suryabench-sharp-pipeline-bamidele/samples_npz/2012/20120911_1624_HARP2021_NOAA11567.npz,20120911_1624_HARP2021_NOAA11567,2012-09-11 16:24:00,2021,11567,0,2012
test_2015,train,gs://suryabench-sharp-pipeline-bamidele/samples_npz/2011/20111209_0800_HARP1149_NOAA11367.npz,20111209_0800_HARP1149_NOAA11367,2011-12-09 08:00:00,1149,11367,0,2011
test_2015,train,gs://suryabench-sharp-pipeline-bamidele/samples_npz/2013/20131012_0236_HARP3263_NOAA11861.npz,20131012_0236_HARP3263_NOAA11861,2013-10-12 02:36:00,3263,11861,0,2013
test_2015,train,gs://suryabench-sharp-pipeline-bamidele/samples_npz/2012/20121026_2348_HARP2137_NOAA11598.npz,20121026_2348_HARP2137_NOAA11598,2012-10-26 23:48:00,2137,11598,0,2012
test_2015,train,gs://suryabench-sharp-pipeline-bamidele/samples_npz/2011/20110717_0912_HARP714_NOAA11251.npz,20110717_0912_HARP714_NOAA11251,2011-07-17 09:12:00,714,11251,0,2011
test_2015,train,gs://suryabench-sharp-pipeline-bamidele/samples_npz/2012/20120320_2124_HARP1480_NOAA11437.npz,20120320_2124_HARP1480_NOAA11437,2012-03-20 21:24:00,1480,11437,0,2012
test_2015,train,gs://suryabench-sharp-pipeline-bamidele/samples_npz/2013/20130517_2136_HARP2739_NOAA11745.npz,20130517_2136_HARP2739_NOAA11745,2013-05-17 21:36:00,2739,11745,0,2013
test_2015,train,gs://suryabench-sharp-pipeline-bamidele/samples_npz/2012/20120302_0412_HARP1425_NOAA11424.npz,20120302_0412_HARP1425_NOAA11424,2012-03-02 04:12:00,1425,11424,0,2012
test_2015,train,gs://suryabench-sharp-pipeline-bamidele/samples_npz/2011/20110906_2000_HARP833_NOAA11283.npz,20110906_2000_HARP833_NOAA11283,2011-09-06 20:00:00,833,11283,1,2011
test_2015,train,gs://suryabench-sharp-pipeline-bamidele/samples_npz/2013/20131211_1436_HARP3474_NOAA11927.npz,20131211_1436_HARP3474_NOAA11927,2013-12-11 14:36:00,3474,11927,0,2013
test_2015,train,gs://suryabench-sharp-pipeline-bamidele/samples_npz/2011/20110305_1448_HARP393_NOAA11164.npz,20110305_1448_HARP393_NOAA11164,2011-03-05 14:48:00,393,11164,1,2011
test_2015,train,gs://suryabench-sharp-pipeline-bamidele/samples_npz/2013/20130511_1300_HARP2718_NOAA11740.npz,20130511_1300_HARP2718_NOAA11740,2013-05-11 13:00:00,2718,11740,0,2013
test_2015,train,gs://suryabench-sharp-pipeline-bamidele/samples_npz/2012/20120309_0124_HARP1449_NOAA11429.npz,20120309_0124_HARP1449_NOAA11429,2012-03-09 01:24:00,1449,11429,1,2012
test_2015,train,gs://suryabench-sharp-pipeline-bamidele/samples_npz/2013/20130407_0624_HARP2625_NOAA11716.npz,20130407_0624_HARP2625_NOAA11716,2013-04-07 06:24:00,2625,11716,0,2013
test_2015,train,gs://suryabench-sharp-pipeline-bamidele/samples_npz/2013/20130831_0000_HARP3122_NOAA11835.npz,20130831_0000_HARP3122_NOAA11835,2013-08-31 00:00:00,3122,11835,0,2013
test_2015,train,gs://suryabench-sharp-pipeline-bamidele/samples_npz/2013/20131031_1024_HARP3311_NOAA11882.npz,20131031_1024_HARP3311_NOAA11882,2013-10-31 10:24:00,3311,11882,0,2013
test_2015,train,gs://suryabench-sharp-pipeline-bamidele/samples_npz/2012/20120319_1536_HARP1484_NOAA11440.npz,20120319_1536_HARP1484_NOAA11440,2012-03-19 15:36:00,1484,11440,0,2012
test_2015,train,gs://suryabench-sharp-pipeline-bamidele/samples_npz/2011/20110203_2224_HARP362_NOAA11153.npz,20110203_2224_HARP362_NOAA11153,2011-02-03 22:24:00,362,11153,0,2011
test_2015,train,gs://suryabench-sharp-pipeline-bamidele/samples_npz/2012/20120301_0236_HARP1424_NOAA11425.npz,20120301_0236_HARP1424_NOAA11425,2012-03-01 02:36:00,1424,11425,0,2012
test_2015,train,gs://suryabench-sharp-pipeline-bamidele/samples_npz/2012/20120116_0324_HARP1313_NOAA11403.npz,20120116_0324_HARP1313_NOAA11403,2012-01-16 03:24:00,1313,11403,0,2012
test_2015,train,gs://suryabench-sharp-pipeline-bamidele/samples_npz/2012/20120513_0036_HARP1638_NOAA11476.npz,20120513_0036_HARP1638_NOAA11476,2012-05-13 00:36:00,1638,11476,0,2012
test_2015,train,gs://suryabench-sharp-pipeline-bamidele/samples_npz/2013/20131021_0100_HARP3288_NOAA11873.npz,20131021_0100_HARP3288_NOAA11873,2013-10-21 01:00:00,3288,11873,0,2013
test_2015,train,gs://suryabench-sharp-pipeline-bamidele/samples_npz/2012/20121006_0624_HARP2098_NOAA11585.npz,20121006_0624_HARP2098_NOAA11585,2012-10-06 06:24:00,2098,11585,0,2012
test_2015,train,gs://suryabench-sharp-pipeline-bamidele/samples_npz/2011/20110319_1848_HARP421_NOAA11172.npz,20110319_1848_HARP421_NOAA11172,2011-03-19 18:48:00,421,11172,0,2011
test_2015,train,gs://suryabench-sharp-pipeline-bamidele/samples_npz/2011/20111106_0924_HARP1028_NOAA11339.npz,20111106_0924_HARP1028_NOAA11339,2011-11-06 09:24:00,1028,11339,0,2011
test_2015,train,gs://suryabench-sharp-pipeline-bamidele/samples_npz/2010/20100917_0312_HARP175_NOAA11106.npz,20100917_0312_HARP175_NOAA11106,2010-09-17 03:12:00,175,11106,0,2010
test_2015,train,gs://suryabench-sharp-pipeline-bamidele/samples_npz/2013/20131228_2024_HARP3535_NOAA11936.npz,20131228_2024_HARP3535_NOAA11936,2013-12-28 20:24:00,3535,11936,1,2013
test_2015,train,gs://suryabench-sharp-pipeline-bamidele/samples_npz/2011/20111205_1848_HARP1149_NOAA11367.npz,20111205_1848_HARP1149_NOAA11367,2011-12-05 18:48:00,1149,11367,0,2011
test_2015,train,gs://suryabench-sharp-pipeline-bamidele/samples_npz/2013/20130302_1336_HARP2504_NOAA11680.npz,20130302_1336_HARP2504_NOAA11680,2013-03-02 13:36:00,2504,11680,0,2013
test_2015,train,gs://suryabench-sharp-pipeline-bamidele/samples_npz/2012/20121230_1212_HARP2322_NOAA11636.npz,20121230_1212_HARP2322_NOAA11636,2012-12-30 12:12:00,2322,11636,0,2012
test_2015,train,gs://suryabench-sharp-pipeline-bamidele/samples_npz/2013/20130823_1000_HARP3116_NOAA11833.npz,20130823_1000_HARP3116_NOAA11833,2013-08-23 10:00:00,3116,11833,0,2013
test_2015,train,gs://suryabench-sharp-pipeline-bamidele/samples_npz/2011/20110926_0500_HARP878_NOAA11301.npz,20110926_0500_HARP878_NOAA11301,2011-09-26 05:00:00,878,11301,0,2011
test_2015,train,gs://suryabench-sharp-pipeline-bamidele/samples_npz/2013/20131026_1212_HARP3295_NOAA11877.npz,20131026_1212_HARP3295_NOAA11877,2013-10-26 12:12:00,3295,11877,1,2013
test_2015,train,gs://suryabench-sharp-pipeline-bamidele/samples_npz/2011/20110729_1948_HARP748_NOAA11265.npz,20110729_1948_HARP748_NOAA11265,2011-07-29 19:48:00,748,11265,0,2011
test_2015,train,gs://suryabench-sharp-pipeline-bamidele/samples_npz/2012/20120818_2200_HARP1948_NOAA11549.npz,20120818_2200_HARP1948_NOAA11549,2012-08-18 22:00:00,1948,11549,0,2012
test_2015,train,gs://suryabench-sharp-pipeline-bamidele/samples_npz/2013/20130114_0100_HARP2371_NOAA11657.npz,20130114_0100_HARP2371_NOAA11657,2013-01-14 01:00:00,2371,11657,0,2013
test_2015,train,gs://suryabench-sharp-pipeline-bamidele/samples_npz/2013/20130824_2212_HARP3098_NOAA11827.npz,20130824_2212_HARP3098_NOAA11827,2013-08-24 22:12:00,3098,11827,0,2013
test_2015,train,gs://suryabench-sharp-pipeline-bamidele/samples_npz/2013/20131030_2136_HARP3321_NOAA11884.npz,20131030_2136_HARP3321_NOAA11884,2013-10-30 21:36:00,3321,11884,1,2013
test_2015,train,gs://suryabench-sharp-pipeline-bamidele/samples_npz/2013/20130107_0024_HARP2352_NOAA11648.npz,20130107_0024_HARP2352_NOAA11648,2013-01-07 00:24:00,2352,11648,0,2013
test_2015,train,gs://suryabench-sharp-pipeline-bamidele/samples_npz/2012/20120531_1236_HARP1715_NOAA11495.npz,20120531_1236_HARP1715_NOAA11495,2012-05-31 12:36:00,1715,11495,0,2012
test_2015,train,gs://suryabench-sharp-pipeline-bamidele/samples_npz/2011/20110509_0900_HARP580_NOAA11210.npz,20110509_0900_HARP580_NOAA11210,2011-05-09 09:00:00,580,11210,0,2011
test_2015,train,gs://suryabench-sharp-pipeline-bamidele/samples_npz/2013/20130629_0036_HARP2898_NOAA11779.npz,20130629_0036_HARP2898_NOAA11779,2013-06-29 00:36:00,2898,11779,0,2013
test_2015,train,gs://suryabench-sharp-pipeline-bamidele/samples_npz/2013/20130208_1524_HARP2450_NOAA11669.npz,20130208_1524_HARP2450_NOAA11669,2013-02-08 15:24:00,2450,11669,0,2013
test_2015,train,gs://suryabench-sharp-pipeline-bamidele/samples_npz/2010/20101019_1436_HARP218_NOAA11113.npz,20101019_1436_HARP218_NOAA11113,2010-10-19 14:36:00,218,11113,0,2010
test_2015,train,gs://suryabench-sharp-pipeline-bamidele/samples_npz/2010/20101016_1612_HARP211_NOAA11112.npz,20101016_1612_HARP211_NOAA11112,2010-10-16 16:12:00,211,11112,1,2010
test_2015,train,gs://suryabench-sharp-pipeline-bamidele/samples_npz/2011/20110501_0900_HARP538_NOAA11200.npz,20110501_0900_HARP538_NOAA11200,2011-05-01 09:00:00,538,11200,0,2011
test_2015,train,gs://suryabench-sharp-pipeline-bamidele/samples_npz/2013/20131007_1236_HARP3248_NOAA11856.npz,20131007_1236_HARP3248_NOAA11856,2013-10-07 12:36:00,3248,11856,0,2013
test_2015,train,gs://suryabench-sharp-pipeline-bamidele/samples_npz/2011/20110314_0424_HARP415_NOAA11171.npz,20110314_0424_HARP415_NOAA11171,2011-03-14 04:24:00,415,11171,0,2011
test_2015,train,gs://suryabench-sharp-pipeline-bamidele/samples_npz/2010/20100821_0336_HARP135_NOAA11100.npz,20100821_0336_HARP135_NOAA11100,2010-08-21 03:36:00,135,11100,0,2010
test_2015,train,gs://suryabench-sharp-pipeline-bamidele/samples_npz/2012/20120324_2312_HARP1488_NOAA11438.npz,20120324_2312_HARP1488_NOAA11438,2012-03-24 23:12:00,1488,11438,0,2012
test_2015,train,gs://suryabench-sharp-pipeline-bamidele/samples_npz/2010/20101018_0148_HARP218_NOAA11113.npz,20101018_0148_HARP218_NOAA11113,2010-10-18 01:48:00,218,11113,0,2010
test_2015,train,gs://suryabench-sharp-pipeline-bamidele/samples_npz/2011/20110804_1700_HARP753_NOAA11263.npz,20110804_1700_HARP753_NOAA11263,2011-08-04 17:00:00,753,11263,0,2011
test_2015,train,gs://suryabench-sharp-pipeline-bamidele/samples_npz/2012/20121222_1036_HARP2306_NOAA11633.npz,20121222_1036_HARP2306_NOAA11633,2012-12-22 10:36:00,2306,11633,0,2012
test_2015,train,gs://suryabench-sharp-pipeline-bamidele/samples_npz/2012/20121201_1924_HARP2240_NOAA11621.npz,20121201_1924_HARP2240_NOAA11621,2012-12-01 19:24:00,2240,11621,0,2012
test_2015,train,gs://suryabench-sharp-pipeline-bamidele/samples_npz/2011/20111026_0912_HARP997_NOAA11330.npz,20111026_0912_HARP997_NOAA11330,2011-10-26 09:12:00,997,11330,0,2011
test_2015,train,gs://suryabench-sharp-pipeline-bamidele/samples_npz/2012/20120113_2336_HARP1309_NOAA11396.npz,20120113_2336_HARP1309_NOAA11396,2012-01-13 23:36:00,1309,11396,0,2012
test_2015,train,gs://suryabench-sharp-pipeline-bamidele/samples_npz/2012/20120204_0400_HARP1367_NOAA11415.npz,20120204_0400_HARP1367_NOAA11415,2012-02-04 04:00:00,1367,11415,0,2012
test_2015,train,gs://suryabench-sharp-pipeline-bamidele/samples_npz/2013/20130309_0600_HARP2522_NOAA11689.npz,20130309_0600_HARP2522_NOAA11689,2013-03-09 06:00:00,2522,11689,0,2013
test_2015,train,gs://suryabench-sharp-pipeline-bamidele/samples_npz/2011/20110412_0512_HARP494_NOAA11187.npz,20110412_0512_HARP494_NOAA11187,2011-04-12 05:12:00,494,11187,0,2011
test_2015,train,gs://suryabench-sharp-pipeline-bamidele/samples_npz/2011/20110903_2000_HARP833_NOAA11283.npz,20110903_2000_HARP833_NOAA11283,2011-09-03 20:00:00,833,11283,0,2011
test_2015,train,gs://suryabench-sharp-pipeline-bamidele/samples_npz/2013/20130815_2248_HARP3048_NOAA11814.npz,20130815_2248_HARP3048_NOAA11814,2013-08-15 22:48:00,3048,11814,0,2013
test_2015,train,gs://suryabench-sharp-pipeline-bamidele/samples_npz/2013/20131201_0836_HARP3446_NOAA11911.npz,20131201_0836_HARP3446_NOAA11911,2013-12-01 08:36:00,3446,11911,0,2013
test_2015,train,gs://suryabench-sharp-pipeline-bamidele/samples_npz/2013/20131021_2048_HARP3291_NOAA11875.npz,20131021_2048_HARP3291_NOAA11875,2013-10-21 20:48:00,3291,11875,1,2013
test_2015,train,gs://suryabench-sharp-pipeline-bamidele/samples_npz/2012/20121210_1236_HARP2270_NOAA11630.npz,20121210_1236_HARP2270_NOAA11630,2012-12-10 12:36:00,2270,11630,0,2012
test_2015,train,gs://suryabench-sharp-pipeline-bamidele/samples_npz/2012/20120517_1936_HARP1653_NOAA11479.npz,20120517_1936_HARP1653_NOAA11479,2012-05-17 19:36:00,1653,11479,0,2012
test_2015,train,gs://suryabench-sharp-pipeline-bamidele/samples_npz/2012/20120605_0724_HARP1724_NOAA11494.npz,20120605_0724_HARP1724_NOAA11494,2012-06-05 07:24:00,1724,11494,1,2012
test_2015,train,gs://suryabench-sharp-pipeline-bamidele/samples_npz/2011/20110515_1200_HARP595_NOAA11212.npz,20110515_1200_HARP595_NOAA11212,2011-05-15 12:00:00,595,11212,0,2011
test_2015,train,gs://suryabench-sharp-pipeline-bamidele/samples_npz/2013/20131212_0948_HARP3474_NOAA11927.npz,20131212_0948_HARP3474_NOAA11927,2013-12-12 09:48:00,3474,11927,0,2013
test_2015,train,gs://suryabench-sharp-pipeline-bamidele/samples_npz/2011/20111014_0224_HARP940_NOAA11314.npz,20111014_0224_HARP940_NOAA11314,2011-10-14 02:24:00,940,11314,0,2011
test_2015,train,gs://suryabench-sharp-pipeline-bamidele/samples_npz/2013/20130523_2300_HARP2760_NOAA11753.npz,20130523_2300_HARP2760_NOAA11753,2013-05-23 23:00:00,2760,11753,0,2013
test_2015,train,gs://suryabench-sharp-pipeline-bamidele/samples_npz/2011/20110715_1936_HARP712_NOAA11250.npz,20110715_1936_HARP712_NOAA11250,2011-07-15 19:36:00,712,11250,0,2011
test_2015,train,gs://suryabench-sharp-pipeline-bamidele/samples_npz/2013/20131209_1812_HARP3457_NOAA11912.npz,20131209_1812_HARP3457_NOAA11912,2013-12-09 18:12:00,3457,11912,0,2013
test_2015,train,gs://suryabench-sharp-pipeline-bamidele/samples_npz/2012/20120111_0336_HARP1278_NOAA11391.npz,20120111_0336_HARP1278_NOAA11391,2012-01-11 03:36:00,1278,11391,0,2012
test_2015,train,gs://suryabench-sharp-pipeline-bamidele/samples_npz/2013/20130417_1136_HARP2661_NOAA11724.npz,20130417_1136_HARP2661_NOAA11724,2013-04-17 11:36:00,2661,11724,0,2013
test_2015,train,gs://suryabench-sharp-pipeline-bamidele/samples_npz/2011/20111230_0200_HARP1237_NOAA11386.npz,20111230_0200_HARP1237_NOAA11386,2011-12-30 02:00:00,1237,11386,0,2011
test_2015,train,gs://suryabench-sharp-pipeline-bamidele/samples_npz/2013/20131024_0024_HARP3291_NOAA11875.npz,20131024_0024_HARP3291_NOAA11875,2013-10-24 00:24:00,3291,11875,1,2013
test_2015,train,gs://suryabench-sharp-pipeline-bamidele/samples_npz/2011/20111205_0048_HARP1133_NOAA11365.npz,20111205_0048_HARP1133_NOAA11365,2011-12-05 00:48:00,1133,11365,0,2011
test_2015,train,gs://suryabench-sharp-pipeline-bamidele/samples_npz/2011/20110803_1700_HARP750_NOAA11261.npz,20110803_1700_HARP750_NOAA11261,2011-08-03 17:00:00,750,11261,1,2011
test_2015,train,gs://suryabench-sharp-pipeline-bamidele/samples_npz/2013/20130819_0612_HARP3108_NOAA11826.npz,20130819_0612_HARP3108_NOAA11826,2013-08-19 06:12:00,3108,11826,0,2013
test_2015,train,gs://suryabench-sharp-pipeline-bamidele/samples_npz/2012/20120413_0212_HARP1564_NOAA11456.npz,20120413_0212_HARP1564_NOAA11456,2012-04-13 02:12:00,1564,11456,0,2012
test_2015,train,gs://suryabench-sharp-pipeline-bamidele/samples_npz/2011/20110531_1000_HARP632_NOAA11225.npz,20110531_1000_HARP632_NOAA11225,2011-05-31 10:00:00,632,11225,0,2011
test_2015,train,gs://suryabench-sharp-pipeline-bamidele/samples_npz/2010/20101218_0924_HARP297_NOAA11135.npz,20101218_0924_HARP297_NOAA11135,2010-12-18 09:24:00,297,11135,0,2010
test_2015,train,gs://suryabench-sharp-pipeline-bamidele/samples_npz/2010/20101023_0112_HARP224_NOAA11119.npz,20101023_0112_HARP224_NOAA11119,2010-10-23 01:12:00,224,11119,0,2010
test_2015,train,gs://suryabench-sharp-pipeline-bamidele/samples_npz/2012/20120509_1948_HARP1634_NOAA11475.npz,20120509_1948_HARP1634_NOAA11475,2012-05-09 19:48:00,1634,11475,0,2012
test_2015,train,gs://suryabench-sharp-pipeline-bamidele/samples_npz/2013/20130701_0836_HARP2898_NOAA11779.npz,20130701_0836_HARP2898_NOAA11779,2013-07-01 08:36:00,2898,11779,0,2013
test_2015,train,gs://suryabench-sharp-pipeline-bamidele/samples_npz/2013/20130808_0636_HARP3028_NOAA11809.npz,20130808_0636_HARP3028_NOAA11809,2013-08-08 06:36:00,3028,11809,0,2013
test_2015,train,gs://suryabench-sharp-pipeline-bamidele/samples_npz/2010/20100716_0512_HARP86_NOAA11087.npz,20100716_0512_HARP86_NOAA11087,2010-07-16 05:12:00,86,11087,0,2010
test_2015,train,gs://suryabench-sharp-pipeline-bamidele/samples_npz/2011/20111023_2200_HARP982_NOAA11327.npz,20111023_2200_HARP982_NOAA11327,2011-10-23 22:00:00,982,11327,0,2011
test_2015,train,gs://suryabench-sharp-pipeline-bamidele/samples_npz/2012/20120911_2012_HARP2029_NOAA11570.npz,20120911_2012_HARP2029_NOAA11570,2012-09-11 20:12:00,2029,11570,0,2012
test_2015,train,gs://suryabench-sharp-pipeline-bamidele/samples_npz/2012/20120325_1024_HARP1492_NOAA11442.npz,20120325_1024_HARP1492_NOAA11442,2012-03-25 10:24:00,1492,11442,0,2012
test_2015,train,gs://suryabench-sharp-pipeline-bamidele/samples_npz/2010/20101022_1724_HARP220_NOAA11115.npz,20101022_1724_HARP220_NOAA11115,2010-10-22 17:24:00,220,11115,0,2010
test_2015,train,gs://suryabench-sharp-pipeline-bamidele/samples_npz/2010/20101123_1812_HARP259_NOAA11127.npz,20101123_1812_HARP259_NOAA11127,2010-11-23 18:12:00,259,11127,0,2010
test_2015,train,gs://suryabench-sharp-pipeline-bamidele/samples_npz/2011/20110924_0100_HARP878_NOAA11301.npz,20110924_0100_HARP878_NOAA11301,2011-09-24 01:00:00,878,11301,0,2011
test_2015,train,gs://suryabench-sharp-pipeline-bamidele/samples_npz/2011/20111112_0200_HARP1046_NOAA11343.npz,20111112_0200_HARP1046_NOAA11343,2011-11-12 02:00:00,1046,11343,0,2011
test_2015,train,gs://suryabench-sharp-pipeline-bamidele/samples_npz/2013/20131031_1648_HARP3321_NOAA11884.npz,20131031_1648_HARP3321_NOAA11884,2013-10-31 16:48:00,3321,11884,1,2013
test_2015,train,gs://suryabench-sharp-pipeline-bamidele/samples_npz/2011/20110712_0436_HARP705_NOAA11248.npz,20110712_0436_HARP705_NOAA11248,2011-07-12 04:36:00,705,11248,0,2011
test_2015,train,gs://suryabench-sharp-pipeline-bamidele/samples_npz/2012/20120417_1800_HARP1573_NOAA11462.npz,20120417_1800_HARP1573_NOAA11462,2012-04-17 18:00:00,1573,11462,0,2012
test_2015,train,gs://suryabench-sharp-pipeline-bamidele/samples_npz/2012/20121121_0348_HARP2203_NOAA11616.npz,20121121_0348_HARP2203_NOAA11616,2012-11-21 03:48:00,2203,11616,0,2012
test_2015,train,gs://suryabench-sharp-pipeline-bamidele/samples_npz/2013/20130712_1048_HARP2948_NOAA11789.npz,20130712_1048_HARP2948_NOAA11789,2013-07-12 10:48:00,2948,11789,0,2013
test_2015,train,gs://suryabench-sharp-pipeline-bamidele/samples_npz/2012/20120115_1624_HARP1319_NOAA11400.npz,20120115_1624_HARP1319_NOAA11400,2012-01-15 16:24:00,1319,11400,0,2012
test_2015,train,gs://suryabench-sharp-pipeline-bamidele/samples_npz/2011/20111023_0336_HARP976_NOAA11324.npz,20111023_0336_HARP976_NOAA11324,2011-10-23 03:36:00,976,11324,0,2011
test_2015,train,gs://suryabench-sharp-pipeline-bamidele/samples_npz/2013/20130707_2212_HARP2920_NOAA11785.npz,20130707_2212_HARP2920_NOAA11785,2013-07-07 22:12:00,2920,11785,0,2013
test_2015,train,gs://suryabench-sharp-pipeline-bamidele/samples_npz/2012/20121214_1124_HARP2291_NOAA11631.npz,20121214_1124_HARP2291_NOAA11631,2012-12-14 11:24:00,2291,11631,0,2012
test_2015,train,gs://suryabench-sharp-pipeline-bamidele/samples_npz/2011/20110401_1824_HARP443_NOAA11181.npz,20110401_1824_HARP443_NOAA11181,2011-04-01 18:24:00,443,11181,0,2011
test_2015,train,gs://suryabench-sharp-pipeline-bamidele/samples_npz/2013/20130730_1024_HARP3012_NOAA11806.npz,20130730_1024_HARP3012_NOAA11806,2013-07-30 10:24:00,3012,11806,0,2013
test_2015,train,gs://suryabench-sharp-pipeline-bamidele/samples_npz/2013/20130117_0936_HARP2387_NOAA11658.npz,20130117_0936_HARP2387_NOAA11658,2013-01-17 09:36:00,2387,11658,0,2013
test_2015,train,gs://suryabench-sharp-pipeline-bamidele/samples_npz/2012/20120221_0800_HARP1410_NOAA11421.npz,20120221_0800_HARP1410_NOAA11421,2012-02-21 08:00:00,1410,11421,0,2012
test_2015,train,gs://suryabench-sharp-pipeline-bamidele/samples_npz/2011/20110107_1148_HARP323_NOAA11140.npz,20110107_1148_HARP323_NOAA11140,2011-01-07 11:48:00,323,11140,0,2011
test_2015,train,gs://suryabench-sharp-pipeline-bamidele/samples_npz/2012/20120510_0600_HARP1634_NOAA11475.npz,20120510_0600_HARP1634_NOAA11475,2012-05-10 06:00:00,1634,11475,0,2012
test_2015,train,gs://suryabench-sharp-pipeline-bamidele/samples_npz/2013/20131222_1812_HARP3513_NOAA11929.npz,20131222_1812_HARP3513_NOAA11929,2013-12-22 18:12:00,3513,11929,0,2013
test_2015,train,gs://suryabench-sharp-pipeline-bamidele/samples_npz/2013/20130723_0924_HARP2982_NOAA11798.npz,20130723_0924_HARP2982_NOAA11798,2013-07-23 09:24:00,2982,11798,0,2013
test_2015,train,gs://suryabench-sharp-pipeline-bamidele/samples_npz/2011/20111230_1936_HARP1237_NOAA11386.npz,20111230_1936_HARP1237_NOAA11386,2011-12-30 19:36:00,1237,11386,0,2011
test_2015,train,gs://suryabench-sharp-pipeline-bamidele/samples_npz/2010/20100816_0648_HARP128_NOAA11097.npz,20100816_0648_HARP128_NOAA11097,2010-08-16 06:48:00,128,11097,0,2010
test_2015,train,gs://suryabench-sharp-pipeline-bamidele/samples_npz/2012/20121126_0848_HARP2227_NOAA11620.npz,20121126_0848_HARP2227_NOAA11620,2012-11-26 08:48:00,2227,11620,1,2012
test_2015,train,gs://suryabench-sharp-pipeline-bamidele/samples_npz/2012/20120519_0912_HARP1669_NOAA11485.npz,20120519_0912_HARP1669_NOAA11485,2012-05-19 09:12:00,1669,11485,0,2012
test_2015,train,gs://suryabench-sharp-pipeline-bamidele/samples_npz/2011/20110527_1336_HARP622_NOAA11219.npz,20110527_1336_HARP622_NOAA11219,2011-05-27 13:36:00,622,11219,0,2011
test_2015,train,gs://suryabench-sharp-pipeline-bamidele/samples_npz/2012/20120628_1836_HARP1795_NOAA11512.npz,20120628_1836_HARP1795_NOAA11512,2012-06-28 18:36:00,1795,11512,0,2012
test_2015,train,gs://suryabench-sharp-pipeline-bamidele/samples_npz/2013/20131014_1336_HARP3258_NOAA11861.npz,20131014_1336_HARP3258_NOAA11861,2013-10-14 13:36:00,3258,11861,0,2013
test_2015,train,gs://suryabench-sharp-pipeline-bamidele/samples_npz/2012/20121109_1148_HARP2173_NOAA11604.npz,20121109_1148_HARP2173_NOAA11604,2012-11-09 11:48:00,2173,11604,0,2012
test_2015,train,gs://suryabench-sharp-pipeline-bamidele/samples_npz/2012/20121128_0100_HARP2239_NOAA11622.npz,20121128_0100_HARP2239_NOAA11622,2012-11-28 01:00:00,2239,11622,0,2012
test_2015,train,gs://suryabench-sharp-pipeline-bamidele/samples_npz/2011/20110826_1700_HARP819_NOAA11284.npz,20110826_1700_HARP819_NOAA11284,2011-08-26 17:00:00,819,11284,0,2011
test_2015,train,gs://suryabench-sharp-pipeline-bamidele/samples_npz/2013/20130514_0836_HARP2749_NOAA11749.npz,20130514_0836_HARP2749_NOAA11749,2013-05-14 08:36:00,2749,11749,0,2013
test_2015,train,gs://suryabench-sharp-pipeline-bamidele/samples_npz/2013/20130114_0548_HARP2380_NOAA11656.npz,20130114_0548_HARP2380_NOAA11656,2013-01-14 05:48:00,2380,11656,0,2013
test_2015,train,gs://suryabench-sharp-pipeline-bamidele/samples_npz/2013/20130308_2300_HARP2511_NOAA11683.npz,20130308_2300_HARP2511_NOAA11683,2013-03-08 23:00:00,2511,11683,0,2013
test_2015,train,gs://suryabench-sharp-pipeline-bamidele/samples_npz/2010/20100821_0200_HARP135_NOAA11100.npz,20100821_0200_HARP135_NOAA11100,2010-08-21 02:00:00,135,11100,0,2010
test_2015,train,gs://suryabench-sharp-pipeline-bamidele/samples_npz/2013/20130506_2212_HARP2732_NOAA11736.npz,20130506_2212_HARP2732_NOAA11736,2013-05-06 22:12:00,2732,11736,0,2013
test_2015,train,gs://suryabench-sharp-pipeline-bamidele/samples_npz/2012/20120908_0524_HARP1999_NOAA11563.npz,20120908_0524_HARP1999_NOAA11563,2012-09-08 05:24:00,1999,11563,0,2012
test_2015,train,gs://suryabench-sharp-pipeline-bamidele/samples_npz/2013/20130118_1300_HARP2380_NOAA11656.npz,20130118_1300_HARP2380_NOAA11656,2013-01-18 13:00:00,2380,11656,0,2013
test_2015,train,gs://suryabench-sharp-pipeline-bamidele/samples_npz/2013/20130112_1224_HARP2372_NOAA11654.npz,20130112_1224_HARP2372_NOAA11654,2013-01-12 12:24:00,2372,11654,0,2013
test_2015,train,gs://suryabench-sharp-pipeline-bamidele/samples_npz/2013/20130601_1824_HARP2809_NOAA11760.npz,20130601_1824_HARP2809_NOAA11760,2013-06-01 18:24:00,2809,11760,0,2013
test_2015,train,gs://suryabench-sharp-pipeline-bamidele/samples_npz/2012/20120907_2312_HARP2011_NOAA11566.npz,20120907_2312_HARP2011_NOAA11566,2012-09-07 23:12:00,2011,11566,0,2012
test_2015,train,gs://suryabench-sharp-pipeline-bamidele/samples_npz/2013/20131107_1512_HARP3362_NOAA11894.npz,20131107_1512_HARP3362_NOAA11894,2013-11-07 15:12:00,3362,11894,0,2013
test_2015,train,gs://suryabench-sharp-pipeline-bamidele/samples_npz/2013/20130327_1300_HARP2587_NOAA11704.npz,20130327_1300_HARP2587_NOAA11704,2013-03-27 13:00:00,2587,11704,0,2013
test_2015,train,gs://suryabench-sharp-pipeline-bamidele/samples_npz/2013/20130528_0036_HARP2760_NOAA11753.npz,20130528_0036_HARP2760_NOAA11753,2013-05-28 00:36:00,2760,11753,0,2013
test_2015,train,gs://suryabench-sharp-pipeline-bamidele/samples_npz/2013/20130415_1724_HARP2651_NOAA11721.npz,20130415_1724_HARP2651_NOAA11721,2013-04-15 17:24:00,2651,11721,0,2013
test_2015,train,gs://suryabench-sharp-pipeline-bamidele/samples_npz/2013/20130513_0048_HARP2727_NOAA11741.npz,20130513_0048_HARP2727_NOAA11741,2013-05-13 00:48:00,2727,11741,0,2013
test_2015,train,gs://suryabench-sharp-pipeline-bamidele/samples_npz/2011/20110728_0436_HARP748_NOAA11265.npz,20110728_0436_HARP748_NOAA11265,2011-07-28 04:36:00,748,11265,0,2011
test_2015,train,gs://suryabench-sharp-pipeline-bamidele/samples_npz/2012/20120511_1248_HARP1638_NOAA11476.npz,20120511_1248_HARP1638_NOAA11476,2012-05-11 12:48:00,1638,11476,0,2012
test_2015,train,gs://suryabench-sharp-pipeline-bamidele/samples_npz/2011/20110502_1348_HARP538_NOAA11200.npz,20110502_1348_HARP538_NOAA11200,2011-05-02 13:48:00,538,11200,0,2011
test_2015,train,gs://suryabench-sharp-pipeline-bamidele/samples_npz/2013/20131115_2148_HARP3364_NOAA11893.npz,20131115_2148_HARP3364_NOAA11893,2013-11-15 21:48:00,3364,11893,0,2013
test_2015,train,gs://suryabench-sharp-pipeline-bamidele/samples_npz/2011/20110507_2036_HARP556_NOAA11203.npz,20110507_2036_HARP556_NOAA11203,2011-05-07 20:36:00,556,11203,0,2011
test_2015,train,gs://suryabench-sharp-pipeline-bamidele/samples_npz/2013/20130629_1748_HARP2904_NOAA11780.npz,20130629_1748_HARP2904_NOAA11780,2013-06-29 17:48:00,2904,11780,0,2013
test_2015,train,gs://suryabench-sharp-pipeline-bamidele/samples_npz/2012/20120528_0200_HARP1688_NOAA11488.npz,20120528_0200_HARP1688_NOAA11488,2012-05-28 02:00:00,1688,11488,0,2012
test_2015,train,gs://suryabench-sharp-pipeline-bamidele/samples_npz/2012/20120530_0224_HARP1701_NOAA11490.npz,20120530_0224_HARP1701_NOAA11490,2012-05-30 02:24:00,1701,11490,0,2012
test_2015,train,gs://suryabench-sharp-pipeline-bamidele/samples_npz/2012/20120417_1648_HARP1557_NOAA11454.npz,20120417_1648_HARP1557_NOAA11454,2012-04-17 16:48:00,1557,11454,0,2012
test_2015,train,gs://suryabench-sharp-pipeline-bamidele/samples_npz/2012/20121101_1248_HARP2169_NOAA11603.npz,20121101_1248_HARP2169_NOAA11603,2012-11-01 12:48:00,2169,11603,0,2012
test_2015,train,gs://suryabench-sharp-pipeline-bamidele/samples_npz/2011/20111208_2224_HARP1149_NOAA11367.npz,20111208_2224_HARP1149_NOAA11367,2011-12-08 22:24:00,1149,11367,0,2011
test_2015,train,gs://suryabench-sharp-pipeline-bamidele/samples_npz/2010/20100701_0436_HARP71_NOAA11084.npz,20100701_0436_HARP71_NOAA11084,2010-07-01 04:36:00,71,11084,0,2010
test_2015,train,gs://suryabench-sharp-pipeline-bamidele/samples_npz/2010/20101019_0548_HARP220_NOAA11115.npz,20101019_0548_HARP220_NOAA11115,2010-10-19 05:48:00,220,11115,0,2010
test_2015,train,gs://suryabench-sharp-pipeline-bamidele/samples_npz/2011/20110829_0548_HARP817_NOAA11285.npz,20110829_0548_HARP817_NOAA11285,2011-08-29 05:48:00,817,11285,0,2011
test_2015,train,gs://suryabench-sharp-pipeline-bamidele/samples_npz/2013/20130630_1936_HARP2887_NOAA11778.npz,20130630_1936_HARP2887_NOAA11778,2013-06-30 19:36:00,2887,11778,0,2013
test_2015,train,gs://suryabench-sharp-pipeline-bamidele/samples_npz/2011/20111008_2300_HARP932_NOAA11313.npz,20111008_2300_HARP932_NOAA11313,2011-10-08 23:00:00,932,11313,0,2011
test_2015,train,gs://suryabench-sharp-pipeline-bamidele/samples_npz/2011/20110712_1236_HARP712_NOAA11250.npz,20110712_1236_HARP712_NOAA11250,2011-07-12 12:36:00,712,11250,0,2011
test_2015,train,gs://suryabench-sharp-pipeline-bamidele/samples_npz/2013/20131223_0512_HARP3520_NOAA11931.npz,20131223_0512_HARP3520_NOAA11931,2013-12-23 05:12:00,3520,11931,0,2013
test_2015,train,gs://suryabench-sharp-pipeline-bamidele/samples_npz/2010/20100802_1112_HARP104_NOAA11092.npz,20100802_1112_HARP104_NOAA11092,2010-08-02 11:12:00,104,11092,0,2010
test_2015,train,gs://suryabench-sharp-pipeline-bamidele/samples_npz/2013/20131231_1224_HARP3535_NOAA11936.npz,20131231_1224_HARP3535_NOAA11936,2013-12-31 12:24:00,3535,11936,1,2013
test_2015,train,gs://suryabench-sharp-pipeline-bamidele/samples_npz/2012/20120529_0848_HARP1705_NOAA11492.npz,20120529_0848_HARP1705_NOAA11492,2012-05-29 08:48:00,1705,11492,0,2012
test_2015,train,gs://suryabench-sharp-pipeline-bamidele/samples_npz/2013/20130913_0548_HARP3154_NOAA11838.npz,20130913_0548_HARP3154_NOAA11838,2013-09-13 05:48:00,3154,11838,0,2013
test_2015,train,gs://suryabench-sharp-pipeline-bamidele/samples_npz/2013/20130106_0648_HARP2344_NOAA11644.npz,20130106_0648_HARP2344_NOAA11644,2013-01-06 06:48:00,2344,11644,0,2013
test_2015,train,gs://suryabench-sharp-pipeline-bamidele/samples_npz/2012/20121203_1536_HARP2245_NOAA11623.npz,20121203_1536_HARP2245_NOAA11623,2012-12-03 15:36:00,2245,11623,0,2012
test_2015,train,gs://suryabench-sharp-pipeline-bamidele/samples_npz/2012/20120630_2148_HARP1795_NOAA11512.npz,20120630_2148_HARP1795_NOAA11512,2012-06-30 21:48:00,1795,11512,0,2012
test_2015,train,gs://suryabench-sharp-pipeline-bamidele/samples_npz/2013/20130531_2148_HARP2790_NOAA11758.npz,20130531_2148_HARP2790_NOAA11758,2013-05-31 21:48:00,2790,11758,0,2013
test_2015,train,gs://suryabench-sharp-pipeline-bamidele/samples_npz/2011/20110908_0536_HARP833_NOAA11283.npz,20110908_0536_HARP833_NOAA11283,2011-09-08 05:36:00,833,11283,1,2011
test_2015,train,gs://suryabench-sharp-pipeline-bamidele/samples_npz/2011/20111225_0212_HARP1209_NOAA11380.npz,20111225_0212_HARP1209_NOAA11380,2011-12-25 02:12:00,1209,11380,0,2011
test_2015,train,gs://suryabench-sharp-pipeline-bamidele/samples_npz/2010/20101019_0500_HARP218_NOAA11113.npz,20101019_0500_HARP218_NOAA11113,2010-10-19 05:00:00,218,11113,0,2010
test_2015,train,gs://suryabench-sharp-pipeline-bamidele/samples_npz/2010/20101022_0748_HARP220_NOAA11115.npz,20101022_0748_HARP220_NOAA11115,2010-10-22 07:48:00,220,11115,0,2010
test_2015,train,gs://suryabench-sharp-pipeline-bamidele/samples_npz/2013/20130718_1600_HARP2966_NOAA11797.npz,20130718_1600_HARP2966_NOAA11797,2013-07-18 16:00:00,2966,11797,0,2013
test_2015,train,gs://suryabench-sharp-pipeline-bamidele/samples_npz/2011/20110320_1048_HARP429_NOAA11173.npz,20110320_1048_HARP429_NOAA11173,2011-03-20 10:48:00,429,11173,0,2011
test_2015,train,gs://suryabench-sharp-pipeline-bamidele/samples_npz/2013/20130410_0024_HARP2635_NOAA11719.npz,20130410_0024_HARP2635_NOAA11719,2013-04-10 00:24:00,2635,11719,1,2013
test_2015,train,gs://suryabench-sharp-pipeline-bamidele/samples_npz/2013/20130327_1648_HARP2595_NOAA11706.npz,20130327_1648_HARP2595_NOAA11706,2013-03-27 16:48:00,2595,11706,0,2013
test_2015,train,gs://suryabench-sharp-pipeline-bamidele/samples_npz/2012/20120731_1624_HARP1893_NOAA11534.npz,20120731_1624_HARP1893_NOAA11534,2012-07-31 16:24:00,1893,11534,0,2012
test_2015,train,gs://suryabench-sharp-pipeline-bamidele/samples_npz/2013/20131007_0748_HARP3246_NOAA11866.npz,20131007_0748_HARP3246_NOAA11866,2013-10-07 07:48:00,3246,11866,0,2013
test_2015,train,gs://suryabench-sharp-pipeline-bamidele/samples_npz/2010/20100809_1148_HARP116_NOAA11096.npz,20100809_1148_HARP116_NOAA11096,2010-08-09 11:48:00,116,11096,0,2010
test_2015,train,gs://suryabench-sharp-pipeline-bamidele/samples_npz/2011/20111129_1312_HARP1113_NOAA11358.npz,20111129_1312_HARP1113_NOAA11358,2011-11-29 13:12:00,1113,11358,0,2011
test_2015,train,gs://suryabench-sharp-pipeline-bamidele/samples_npz/2012/20120115_1548_HARP1300_NOAA11395.npz,20120115_1548_HARP1300_NOAA11395,2012-01-15 15:48:00,1300,11395,0,2012
test_2015,train,gs://suryabench-sharp-pipeline-bamidele/samples_npz/2010/20100828_0512_HARP146_NOAA11102.npz,20100828_0512_HARP146_NOAA11102,2010-08-28 05:12:00,146,11102,0,2010
test_2015,train,gs://suryabench-sharp-pipeline-bamidele/samples_npz/2013/20130107_0336_HARP2352_NOAA11648.npz,20130107_0336_HARP2352_NOAA11648,2013-01-07 03:36:00,2352,11648,0,2013
test_2015,train,gs://suryabench-sharp-pipeline-bamidele/samples_npz/2012/20120316_0500_HARP1464_NOAA11434.npz,20120316_0500_HARP1464_NOAA11434,2012-03-16 05:00:00,1464,11434,1,2012
test_2015,train,gs://suryabench-sharp-pipeline-bamidele/samples_npz/2011/20110313_2336_HARP415_NOAA11171.npz,20110313_2336_HARP415_NOAA11171,2011-03-13 23:36:00,415,11171,0,2011
test_2015,train,gs://suryabench-sharp-pipeline-bamidele/samples_npz/2013/20130729_1612_HARP3011_NOAA11812.npz,20130729_1612_HARP3011_NOAA11812,2013-07-29 16:12:00,3011,11812,0,2013
test_2015,train,gs://suryabench-sharp-pipeline-bamidele/samples_npz/2011/20110703_0536_HARP693_NOAA11246.npz,20110703_0536_HARP693_NOAA11246,2011-07-03 05:36:00,693,11246,0,2011
test_2015,train,gs://suryabench-sharp-pipeline-bamidele/samples_npz/2013/20130315_0448_HARP2546_NOAA11692.npz,20130315_0448_HARP2546_NOAA11692,2013-03-15 04:48:00,2546,11692,1,2013
test_2015,train,gs://suryabench-sharp-pipeline-bamidele/samples_npz/2013/20130314_2024_HARP2533_NOAA11690.npz,20130314_2024_HARP2533_NOAA11690,2013-03-14 20:24:00,2533,11690,0,2013
test_2015,train,gs://suryabench-sharp-pipeline-bamidele/samples_npz/2013/20130411_1700_HARP2634_NOAA11717.npz,20130411_1700_HARP2634_NOAA11717,2013-04-11 17:00:00,2634,11717,0,2013
test_2015,train,gs://suryabench-sharp-pipeline-bamidele/samples_npz/2011/20110308_0824_HARP401_NOAA11166.npz,20110308_0824_HARP401_NOAA11166,2011-03-08 08:24:00,401,11166,1,2011
test_2015,train,gs://suryabench-sharp-pipeline-bamidele/samples_npz/2011/20110307_1136_HARP401_NOAA11166.npz,20110307_1136_HARP401_NOAA11166,2011-03-07 11:36:00,401,11166,1,2011
test_2015,train,gs://suryabench-sharp-pipeline-bamidele/samples_npz/2012/20120724_0424_HARP1873_NOAA11526.npz,20120724_0424_HARP1873_NOAA11526,2012-07-24 04:24:00,1873,11526,0,2012
test_2015,train,gs://suryabench-sharp-pipeline-bamidele/samples_npz/2012/20120701_0124_HARP1807_NOAA11514.npz,20120701_0124_HARP1807_NOAA11514,2012-07-01 01:24:00,1807,11514,0,2012
test_2015,train,gs://suryabench-sharp-pipeline-bamidele/samples_npz/2010/20101015_0436_HARP211_NOAA11112.npz,20101015_0436_HARP211_NOAA11112,2010-10-15 04:36:00,211,11112,1,2010
test_2015,train,gs://suryabench-sharp-pipeline-bamidele/samples_npz/2012/20120930_1424_HARP2061_NOAA11580.npz,20120930_1424_HARP2061_NOAA11580,2012-09-30 14:24:00,2061,11580,0,2012
test_2015,train,gs://suryabench-sharp-pipeline-bamidele/samples_npz/2012/20120116_0312_HARP1312_NOAA11397.npz,20120116_0312_HARP1312_NOAA11397,2012-01-16 03:12:00,1312,11397,0,2012
test_2015,train,gs://suryabench-sharp-pipeline-bamidele/samples_npz/2013/20130222_0512_HARP2493_NOAA11677.npz,20130222_0512_HARP2493_NOAA11677,2013-02-22 05:12:00,2493,11677,0,2013
test_2015,train,gs://suryabench-sharp-pipeline-bamidele/samples_npz/2012/20120417_1000_HARP1573_NOAA11462.npz,20120417_1000_HARP1573_NOAA11462,2012-04-17 10:00:00,1573,11462,0,2012
test_2015,train,gs://suryabench-sharp-pipeline-bamidele/samples_npz/2012/20120703_2348_HARP1806_NOAA11513.npz,20120703_2348_HARP1806_NOAA11513,2012-07-03 23:48:00,1806,11513,1,2012
test_2015,train,gs://suryabench-sharp-pipeline-bamidele/samples_npz/2012/20121202_1612_HARP2240_NOAA11621.npz,20121202_1612_HARP2240_NOAA11621,2012-12-02 16:12:00,2240,11621,0,2012
test_2015,train,gs://suryabench-sharp-pipeline-bamidele/samples_npz/2011/20110312_0912_HARP407_NOAA11169.npz,20110312_0912_HARP407_NOAA11169,2011-03-12 09:12:00,407,11169,0,2011
test_2015,train,gs://suryabench-sharp-pipeline-bamidele/samples_npz/2012/20120214_0424_HARP1390_NOAA11418.npz,20120214_0424_HARP1390_NOAA11418,2012-02-14 04:24:00,1390,11418,0,2012
test_2015,train,gs://suryabench-sharp-pipeline-bamidele/samples_npz/2012/20120809_1912_HARP1907_NOAA11538.npz,20120809_1912_HARP1907_NOAA11538,2012-08-09 19:12:00,1907,11538,0,2012
test_2015,train,gs://suryabench-sharp-pipeline-bamidele/samples_npz/2011/20110817_1448_HARP799_NOAA11273.npz,20110817_1448_HARP799_NOAA11273,2011-08-17 14:48:00,799,11273,0,2011
test_2015,train,gs://suryabench-sharp-pipeline-bamidele/samples_npz/2013/20130618_1936_HARP2861_NOAA11773.npz,20130618_1936_HARP2861_NOAA11773,2013-06-18 19:36:00,2861,11773,0,2013
test_2015,train,gs://suryabench-sharp-pipeline-bamidele/samples_npz/2011/20111206_0000_HARP1124_NOAA11363.npz,20111206_0000_HARP1124_NOAA11363,2011-12-06 00:00:00,1124,11363,0,2011
test_2015,train,gs://suryabench-sharp-pipeline-bamidele/samples_npz/2012/20120510_2200_HARP1634_NOAA11475.npz,20120510_2200_HARP1634_NOAA11475,2012-05-10 22:00:00,1634,11475,0,2012
test_2015,train,gs://suryabench-sharp-pipeline-bamidele/samples_npz/2011/20110826_1948_HARP805_NOAA11275.npz,20110826_1948_HARP805_NOAA11275,2011-08-26 19:48:00,805,11275,0,2011
test_2015,train,gs://suryabench-sharp-pipeline-bamidele/samples_npz/2013/20131117_2036_HARP3366_NOAA11895.npz,20131117_2036_HARP3366_NOAA11895,2013-11-17 20:36:00,3366,11895,0,2013
test_2015,train,gs://suryabench-sharp-pipeline-bamidele/samples_npz/2011/20110504_0800_HARP572_NOAA11206.npz,20110504_0800_HARP572_NOAA11206,2011-05-04 08:00:00,572,11206,0,2011
test_2015,train,gs://suryabench-sharp-pipeline-bamidele/samples_npz/2012/20120303_1700_HARP1425_NOAA11424.npz,20120303_1700_HARP1425_NOAA11424,2012-03-03 17:00:00,1425,11424,0,2012
test_2015,train,gs://suryabench-sharp-pipeline-bamidele/samples_npz/2011/20110911_0624_HARP843_NOAA11287.npz,20110911_0624_HARP843_NOAA11287,2011-09-11 06:24:00,843,11287,0,2011
test_2015,train,gs://suryabench-sharp-pipeline-bamidele/samples_npz/2013/20130405_1724_HARP2605_NOAA11711.npz,20130405_1724_HARP2605_NOAA11711,2013-04-05 17:24:00,2605,11711,0,2013
test_2015,train,gs://suryabench-sharp-pipeline-bamidele/samples_npz/2012/20121124_0148_HARP2220_NOAA11618.npz,20121124_0148_HARP2220_NOAA11618,2012-11-24 01:48:00,2220,11618,0,2012
test_2015,train,gs://suryabench-sharp-pipeline-bamidele/samples_npz/2010/20101022_2024_HARP224_NOAA11119.npz,20101022_2024_HARP224_NOAA11119,2010-10-22 20:24:00,224,11119,0,2010
test_2015,train,gs://suryabench-sharp-pipeline-bamidele/samples_npz/2011/20110701_1336_HARP684_NOAA11244.npz,20110701_1336_HARP684_NOAA11244,2011-07-01 13:36:00,684,11244,0,2011
test_2015,train,gs://suryabench-sharp-pipeline-bamidele/samples_npz/2013/20130111_1348_HARP2358_NOAA11649.npz,20130111_1348_HARP2358_NOAA11649,2013-01-11 13:48:00,2358,11649,0,2013
test_2015,train,gs://suryabench-sharp-pipeline-bamidele/samples_npz/2013/20130917_0512_HARP3176_NOAA11841.npz,20130917_0512_HARP3176_NOAA11841,2013-09-17 05:12:00,3176,11841,0,2013
test_2015,train,gs://suryabench-sharp-pipeline-bamidele/samples_npz/2011/20110102_1524_HARP327_NOAA11142.npz,20110102_1524_HARP327_NOAA11142,2011-01-02 15:24:00,327,11142,0,2011
test_2015,train,gs://suryabench-sharp-pipeline-bamidele/samples_npz/2012/20120308_0200_HARP1447_NOAA11428.npz,20120308_0200_HARP1447_NOAA11428,2012-03-08 02:00:00,1447,11428,0,2012
test_2015,train,gs://suryabench-sharp-pipeline-bamidele/samples_npz/2013/20130412_1348_HARP2634_NOAA11717.npz,20130412_1348_HARP2634_NOAA11717,2013-04-12 13:48:00,2634,11717,0,2013
test_2015,train,gs://suryabench-sharp-pipeline-bamidele/samples_npz/2012/20121211_1536_HARP2262_NOAA11628.npz,20121211_1536_HARP2262_NOAA11628,2012-12-11 15:36:00,2262,11628,0,2012
test_2015,train,gs://suryabench-sharp-pipeline-bamidele/samples_npz/2011/20110414_2224_HARP495_NOAA11190.npz,20110414_2224_HARP495_NOAA11190,2011-04-14 22:24:00,495,11190,1,2011
test_2015,train,gs://suryabench-sharp-pipeline-bamidele/samples_npz/2011/20110705_0712_HARP693_NOAA11246.npz,20110705_0712_HARP693_NOAA11246,2011-07-05 07:12:00,693,11246,0,2011
test_2015,train,gs://suryabench-sharp-pipeline-bamidele/samples_npz/2012/20120501_1236_HARP1611_NOAA11469.npz,20120501_1236_HARP1611_NOAA11469,2012-05-01 12:36:00,1611,11469,0,2012
test_2015,train,gs://suryabench-sharp-pipeline-bamidele/samples_npz/2013/20130624_2112_HARP2878_NOAA11777.npz,20130624_2112_HARP2878_NOAA11777,2013-06-24 21:12:00,2878,11777,0,2013
test_2015,train,gs://suryabench-sharp-pipeline-bamidele/samples_npz/2010/20100811_2048_HARP115_NOAA11093.npz,20100811_2048_HARP115_NOAA11093,2010-08-11 20:48:00,115,11093,0,2010
test_2015,train,gs://suryabench-sharp-pipeline-bamidele/samples_npz/2013/20130721_1824_HARP2968_NOAA11793.npz,20130721_1824_HARP2968_NOAA11793,2013-07-21 18:24:00,2968,11793,0,2013
test_2015,train,gs://suryabench-sharp-pipeline-bamidele/samples_npz/2011/20110608_0224_HARP650_NOAA11232.npz,20110608_0224_HARP650_NOAA11232,2011-06-08 02:24:00,650,11232,0,2011
test_2015,train,gs://suryabench-sharp-pipeline-bamidele/samples_npz/2013/20130921_1536_HARP3212_NOAA11845.npz,20130921_1536_HARP3212_NOAA11845,2013-09-21 15:36:00,3212,11845,0,2013
test_2015,train,gs://suryabench-sharp-pipeline-bamidele/samples_npz/2011/20110309_1000_HARP401_NOAA11166.npz,20110309_1000_HARP401_NOAA11166,2011-03-09 10:00:00,401,11166,1,2011
test_2015,train,gs://suryabench-sharp-pipeline-bamidele/samples_npz/2011/20110516_2312_HARP595_NOAA11212.npz,20110516_2312_HARP595_NOAA11212,2011-05-16 23:12:00,595,11212,0,2011
test_2015,train,gs://suryabench-sharp-pipeline-bamidele/samples_npz/2012/20120417_0224_HARP1557_NOAA11454.npz,20120417_0224_HARP1557_NOAA11454,2012-04-17 02:24:00,1557,11454,0,2012
test_2015,train,gs://suryabench-sharp-pipeline-bamidele/samples_npz/2012/20120927_0948_HARP2040_NOAA11575.npz,20120927_0948_HARP2040_NOAA11575,2012-09-27 09:48:00,2040,11575,0,2012
test_2015,train,gs://suryabench-sharp-pipeline-bamidele/samples_npz/2012/20120510_0124_HARP1638_NOAA11476.npz,20120510_0124_HARP1638_NOAA11476,2012-05-10 01:24:00,1638,11476,1,2012
test_2015,train,gs://suryabench-sharp-pipeline-bamidele/samples_npz/2013/20130417_0412_HARP2663_NOAA11723.npz,20130417_0412_HARP2663_NOAA11723,2013-04-17 04:12:00,2663,11723,0,2013
test_2015,train,gs://suryabench-sharp-pipeline-bamidele/samples_npz/2012/20120218_0536_HARP1405_NOAA11422.npz,20120218_0536_HARP1405_NOAA11422,2012-02-18 05:36:00,1405,11422,0,2012
test_2015,train,gs://suryabench-sharp-pipeline-bamidele/samples_npz/2011/20111225_0612_HARP1221_NOAA11383.npz,20111225_0612_HARP1221_NOAA11383,2011-12-25 06:12:00,1221,11383,0,2011
test_2015,train,gs://suryabench-sharp-pipeline-bamidele/samples_npz/2011/20110409_1312_HARP480_NOAA11185.npz,20110409_1312_HARP480_NOAA11185,2011-04-09 13:12:00,480,11185,0,2011
test_2015,train,gs://suryabench-sharp-pipeline-bamidele/samples_npz/2013/20131021_1248_HARP3291_NOAA11875.npz,20131021_1248_HARP3291_NOAA11875,2013-10-21 12:48:00,3291,11875,1,2013
test_2015,train,gs://suryabench-sharp-pipeline-bamidele/samples_npz/2013/20130511_0948_HARP2718_NOAA11740.npz,20130511_0948_HARP2718_NOAA11740,2013-05-11 09:48:00,2718,11740,0,2013
test_2015,train,gs://suryabench-sharp-pipeline-bamidele/samples_npz/2013/20130110_0048_HARP2360_NOAA11650.npz,20130110_0048_HARP2360_NOAA11650,2013-01-10 00:48:00,2360,11650,0,2013
test_2015,train,gs://suryabench-sharp-pipeline-bamidele/samples_npz/2011/20110602_0648_HARP632_NOAA11225.npz,20110602_0648_HARP632_NOAA11225,2011-06-02 06:48:00,632,11225,0,2011
test_2015,train,gs://suryabench-sharp-pipeline-bamidele/samples_npz/2010/20100922_2124_HARP185_NOAA11108.npz,20100922_2124_HARP185_NOAA11108,2010-09-22 21:24:00,185,11108,0,2010
test_2015,train,gs://suryabench-sharp-pipeline-bamidele/samples_npz/2013/20130110_0536_HARP2360_NOAA11650.npz,20130110_0536_HARP2360_NOAA11650,2013-01-10 05:36:00,2360,11650,0,2013
test_2015,train,gs://suryabench-sharp-pipeline-bamidele/samples_npz/2012/20120317_1548_HARP1464_NOAA11434.npz,20120317_1548_HARP1464_NOAA11434,2012-03-17 15:48:00,1464,11434,1,2012
test_2015,train,gs://suryabench-sharp-pipeline-bamidele/samples_npz/2013/20130214_1236_HARP2469_NOAA11671.npz,20130214_1236_HARP2469_NOAA11671,2013-02-14 12:36:00,2469,11671,0,2013
test_2015,train,gs://suryabench-sharp-pipeline-bamidele/samples_npz/2012/20120412_0800_HARP1549_NOAA11455.npz,20120412_0800_HARP1549_NOAA11455,2012-04-12 08:00:00,1549,11455,0,2012
test_2015,train,gs://suryabench-sharp-pipeline-bamidele/samples_npz/2012/20121025_0312_HARP2144_NOAA11600.npz,20121025_0312_HARP2144_NOAA11600,2012-10-25 03:12:00,2144,11600,0,2012
test_2015,train,gs://suryabench-sharp-pipeline-bamidele/samples_npz/2012/20121020_0812_HARP2121_NOAA11591.npz,20121020_0812_HARP2121_NOAA11591,2012-10-20 08:12:00,2121,11591,0,2012
test_2015,train,gs://suryabench-sharp-pipeline-bamidele/samples_npz/2013/20130603_0536_HARP2809_NOAA11760.npz,20130603_0536_HARP2809_NOAA11760,2013-06-03 05:36:00,2809,11760,0,2013
test_2015,train,gs://suryabench-sharp-pipeline-bamidele/samples_npz/2012/20120312_2200_HARP1461_NOAA11432.npz,20120312_2200_HARP1461_NOAA11432,2012-03-12 22:00:00,1461,11432,1,2012
test_2015,train,gs://suryabench-sharp-pipeline-bamidele/samples_npz/2012/20120116_0424_HARP1309_NOAA11396.npz,20120116_0424_HARP1309_NOAA11396,2012-01-16 04:24:00,1309,11396,0,2012
test_2015,train,gs://suryabench-sharp-pipeline-bamidele/samples_npz/2011/20110509_0536_HARP576_NOAA11207.npz,20110509_0536_HARP576_NOAA11207,2011-05-09 05:36:00,576,11207,0,2011
test_2015,train,gs://suryabench-sharp-pipeline-bamidele/samples_npz/2012/20120525_0848_HARP1677_NOAA11486.npz,20120525_0848_HARP1677_NOAA11486,2012-05-25 08:48:00,1677,11486,0,2012
test_2015,train,gs://suryabench-sharp-pipeline-bamidele/samples_npz/2013/20130310_0400_HARP2541_NOAA11691.npz,20130310_0400_HARP2541_NOAA11691,2013-03-10 04:00:00,2541,11691,0,2013
test_2015,train,gs://suryabench-sharp-pipeline-bamidele/samples_npz/2011/20110408_1600_HARP488_NOAA11188.npz,20110408_1600_HARP488_NOAA11188,2011-04-08 16:00:00,488,11188,0,2011
test_2015,train,gs://suryabench-sharp-pipeline-bamidele/samples_npz/2010/20101210_0200_HARP284_NOAA11133.npz,20101210_0200_HARP284_NOAA11133,2010-12-10 02:00:00,284,11133,0,2010
test_2015,train,gs://suryabench-sharp-pipeline-bamidele/samples_npz/2010/20101121_1500_HARP259_NOAA11127.npz,20101121_1500_HARP259_NOAA11127,2010-11-21 15:00:00,259,11127,0,2010
test_2015,train,gs://suryabench-sharp-pipeline-bamidele/samples_npz/2011/20110205_1912_HARP362_NOAA11153.npz,20110205_1912_HARP362_NOAA11153,2011-02-05 19:12:00,362,11153,0,2011
test_2015,train,gs://suryabench-sharp-pipeline-bamidele/samples_npz/2013/20130410_0348_HARP2634_NOAA11717.npz,20130410_0348_HARP2634_NOAA11717,2013-04-10 03:48:00,2634,11717,0,2013
test_2015,train,gs://suryabench-sharp-pipeline-bamidele/samples_npz/2013/20130815_0200_HARP3048_NOAA11814.npz,20130815_0200_HARP3048_NOAA11814,2013-08-15 02:00:00,3048,11814,0,2013
test_2015,train,gs://suryabench-sharp-pipeline-bamidele/samples_npz/2012/20121030_2348_HARP2158_NOAA11601.npz,20121030_2348_HARP2158_NOAA11601,2012-10-30 23:48:00,2158,11601,0,2012
test_2015,train,gs://suryabench-sharp-pipeline-bamidele/samples_npz/2013/20130816_0700_HARP3056_NOAA11818.npz,20130816_0700_HARP3056_NOAA11818,2013-08-16 07:00:00,3056,11818,1,2013
test_2015,train,gs://suryabench-sharp-pipeline-bamidele/samples_npz/2011/20110806_1500_HARP759_NOAA11266.npz,20110806_1500_HARP759_NOAA11266,2011-08-06 15:00:00,759,11266,0,2011
test_2015,train,gs://suryabench-sharp-pipeline-bamidele/samples_npz/2010/20100901_0936_HARP145_NOAA11101.npz,20100901_0936_HARP145_NOAA11101,2010-09-01 09:36:00,145,11101,0,2010
test_2015,train,gs://suryabench-sharp-pipeline-bamidele/samples_npz/2013/20130901_1736_HARP3119_NOAA11834.npz,20130901_1736_HARP3119_NOAA11834,2013-09-01 17:36:00,3119,11834,0,2013
test_2015,train,gs://suryabench-sharp-pipeline-bamidele/samples_npz/2011/20110602_0648_HARP643_NOAA11229.npz,20110602_0648_HARP643_NOAA11229,2011-06-02 06:48:00,643,11229,0,2011
test_2015,train,gs://suryabench-sharp-pipeline-bamidele/samples_npz/2011/20110525_2012_HARP631_NOAA11222.npz,20110525_2012_HARP631_NOAA11222,2011-05-25 20:12:00,631,11222,0,2011
test_2015,train,gs://suryabench-sharp-pipeline-bamidele/samples_npz/2011/20110612_0748_HARP661_NOAA11234.npz,20110612_0748_HARP661_NOAA11234,2011-06-12 07:48:00,661,11234,0,2011
test_2015,train,gs://suryabench-sharp-pipeline-bamidele/samples_npz/2011/20111118_0800_HARP1080_NOAA11357.npz,20111118_0800_HARP1080_NOAA11357,2011-11-18 08:00:00,1080,11357,0,2011
test_2015,train,gs://suryabench-sharp-pipeline-bamidele/samples_npz/2013/20131116_0236_HARP3364_NOAA11893.npz,20131116_0236_HARP3364_NOAA11893,2013-11-16 02:36:00,3364,11893,0,2013
test_2015,train,gs://suryabench-sharp-pipeline-bamidele/samples_npz/2010/20100816_1312_HARP128_NOAA11097.npz,20100816_1312_HARP128_NOAA11097,2010-08-16 13:12:00,128,11097,0,2010
test_2015,train,gs://suryabench-sharp-pipeline-bamidele/samples_npz/2013/20131213_0036_HARP3473_NOAA11917.npz,20131213_0036_HARP3473_NOAA11917,2013-12-13 00:36:00,3473,11917,0,2013
test_2015,train,gs://suryabench-sharp-pipeline-bamidele/samples_npz/2012/20120403_1948_HARP1528_NOAA11450.npz,20120403_1948_HARP1528_NOAA11450,2012-04-03 19:48:00,1528,11450,0,2012
test_2015,train,gs://suryabench-sharp-pipeline-bamidele/samples_npz/2010/20101124_0212_HARP259_NOAA11127.npz,20101124_0212_HARP259_NOAA11127,2010-11-24 02:12:00,259,11127,0,2010
test_2015,train,gs://suryabench-sharp-pipeline-bamidele/samples_npz/2012/20121023_2000_HARP2130_NOAA11596.npz,20121023_2000_HARP2130_NOAA11596,2012-10-23 20:00:00,2130,11596,0,2012
test_2015,train,gs://suryabench-sharp-pipeline-bamidele/samples_npz/2011/20111112_0700_HARP1041_NOAA11341.npz,20111112_0700_HARP1041_NOAA11341,2011-11-12 07:00:00,1041,11341,0,2011
test_2015,train,gs://suryabench-sharp-pipeline-bamidele/samples_npz/2011/20110929_0148_HARP892_NOAA11302.npz,20110929_0148_HARP892_NOAA11302,2011-09-29 01:48:00,892,11302,0,2011
test_2015,train,gs://suryabench-sharp-pipeline-bamidele/samples_npz/2010/20100807_1848_HARP114_NOAA11095.npz,20100807_1848_HARP114_NOAA11095,2010-08-07 18:48:00,114,11095,0,2010
test_2015,train,gs://suryabench-sharp-pipeline-bamidele/samples_npz/2011/20110305_0924_HARP403_NOAA11167.npz,20110305_0924_HARP403_NOAA11167,2011-03-05 09:24:00,403,11167,0,2011
test_2015,train,gs://suryabench-sharp-pipeline-bamidele/samples_npz/2013/20130912_1036_HARP3154_NOAA11838.npz,20130912_1036_HARP3154_NOAA11838,2013-09-12 10:36:00,3154,11838,0,2013
test_2015,train,gs://suryabench-sharp-pipeline-bamidele/samples_npz/2011/20110717_0736_HARP714_NOAA11251.npz,20110717_0736_HARP714_NOAA11251,2011-07-17 07:36:00,714,11251,0,2011
test_2015,train,gs://suryabench-sharp-pipeline-bamidele/samples_npz/2013/20131107_1136_HARP3341_NOAA11890.npz,20131107_1136_HARP3341_NOAA11890,2013-11-07 11:36:00,3341,11890,1,2013
test_2015,train,gs://suryabench-sharp-pipeline-bamidele/samples_npz/2011/20111029_1600_HARP997_NOAA11330.npz,20111029_1600_HARP997_NOAA11330,2011-10-29 16:00:00,997,11330,0,2011
test_2015,train,gs://suryabench-sharp-pipeline-bamidele/samples_npz/2012/20120804_2136_HARP1908_NOAA11537.npz,20120804_2136_HARP1908_NOAA11537,2012-08-04 21:36:00,1908,11537,0,2012
test_2015,train,gs://suryabench-sharp-pipeline-bamidele/samples_npz/2010/20101207_1000_HARP279_NOAA11131.npz,20101207_1000_HARP279_NOAA11131,2010-12-07 10:00:00,279,11131,0,2010
test_2015,train,gs://suryabench-sharp-pipeline-bamidele/samples_npz/2013/20130822_2348_HARP3098_NOAA11827.npz,20130822_2348_HARP3098_NOAA11827,2013-08-22 23:48:00,3098,11827,0,2013
test_2015,train,gs://suryabench-sharp-pipeline-bamidele/samples_npz/2013/20130824_1900_HARP3098_NOAA11827.npz,20130824_1900_HARP3098_NOAA11827,2013-08-24 19:00:00,3098,11827,0,2013
test_2015,train,gs://suryabench-sharp-pipeline-bamidele/samples_npz/2012/20120228_0112_HARP1422_NOAA11423.npz,20120228_0112_HARP1422_NOAA11423,2012-02-28 01:12:00,1422,11423,0,2012
test_2015,train,gs://suryabench-sharp-pipeline-bamidele/samples_npz/2011/20111101_0224_HARP1021_NOAA11334.npz,20111101_0224_HARP1021_NOAA11334,2011-11-01 02:24:00,1021,11334,0,2011
test_2015,train,gs://suryabench-sharp-pipeline-bamidele/samples_npz/2010/20101226_0548_HARP317_NOAA11137.npz,20101226_0548_HARP317_NOAA11137,2010-12-26 05:48:00,317,11137,0,2010
test_2015,train,gs://suryabench-sharp-pipeline-bamidele/samples_npz/2012/20120430_1000_HARP1613_NOAA11467.npz,20120430_1000_HARP1613_NOAA11467,2012-04-30 10:00:00,1613,11467,0,2012
test_2015,train,gs://suryabench-sharp-pipeline-bamidele/samples_npz/2011/20111017_1948_HARP975_NOAA11321.npz,20111017_1948_HARP975_NOAA11321,2011-10-17 19:48:00,975,11321,0,2011
test_2015,train,gs://suryabench-sharp-pipeline-bamidele/samples_npz/2013/20130922_1336_HARP3194_NOAA11845.npz,20130922_1336_HARP3194_NOAA11845,2013-09-22 13:36:00,3194,11845,0,2013
test_2015,train,gs://suryabench-sharp-pipeline-bamidele/samples_npz/2011/20110807_1324_HARP764_NOAA11267.npz,20110807_1324_HARP764_NOAA11267,2011-08-07 13:24:00,764,11267,0,2011
test_2015,train,gs://suryabench-sharp-pipeline-bamidele/samples_npz/2011/20111110_1100_HARP1038_NOAA11340.npz,20111110_1100_HARP1038_NOAA11340,2011-11-10 11:00:00,1038,11340,0,2011
test_2015,train,gs://suryabench-sharp-pipeline-bamidele/samples_npz/2011/20110403_0200_HARP443_NOAA11181.npz,20110403_0200_HARP443_NOAA11181,2011-04-03 02:00:00,443,11181,0,2011
test_2015,train,gs://suryabench-sharp-pipeline-bamidele/samples_npz/2013/20130820_1100_HARP3082_NOAA11823.npz,20130820_1100_HARP3082_NOAA11823,2013-08-20 11:00:00,3082,11823,0,2013
test_2015,train,gs://suryabench-sharp-pipeline-bamidele/samples_npz/2010/20101217_1548_HARP297_NOAA11135.npz,20101217_1548_HARP297_NOAA11135,2010-12-17 15:48:00,297,11135,0,2010
test_2015,train,gs://suryabench-sharp-pipeline-bamidele/samples_npz/2011/20110716_1636_HARP713_NOAA11258.npz,20110716_1636_HARP713_NOAA11258,2011-07-16 16:36:00,713,11258,0,2011
test_2015,train,gs://suryabench-sharp-pipeline-bamidele/samples_npz/2011/20111105_0448_HARP1019_NOAA11336.npz,20111105_0448_HARP1019_NOAA11336,2011-11-05 04:48:00,1019,11336,0,2011
test_2015,train,gs://suryabench-sharp-pipeline-bamidele/samples_npz/2013/20130720_0800_HARP2966_NOAA11797.npz,20130720_0800_HARP2966_NOAA11797,2013-07-20 08:00:00,2966,11797,0,2013
test_2015,train,gs://suryabench-sharp-pipeline-bamidele/samples_npz/2010/20101202_0600_HARP270_NOAA11128.npz,20101202_0600_HARP270_NOAA11128,2010-12-02 06:00:00,270,11128,0,2010
test_2015,train,gs://suryabench-sharp-pipeline-bamidele/samples_npz/2013/20130630_0912_HARP2910_NOAA11782.npz,20130630_0912_HARP2910_NOAA11782,2013-06-30 09:12:00,2910,11782,0,2013
test_2015,train,gs://suryabench-sharp-pipeline-bamidele/samples_npz/2010/20101231_0400_HARP325_NOAA11141.npz,20101231_0400_HARP325_NOAA11141,2010-12-31 04:00:00,325,11141,0,2010
test_2015,train,gs://suryabench-sharp-pipeline-bamidele/samples_npz/2013/20130930_0036_HARP3217_NOAA11851.npz,20130930_0036_HARP3217_NOAA11851,2013-09-30 00:36:00,3217,11851,0,2013
test_2015,train,gs://suryabench-sharp-pipeline-bamidele/samples_npz/2011/20110701_0400_HARP684_NOAA11244.npz,20110701_0400_HARP684_NOAA11244,2011-07-01 04:00:00,684,11244,0,2011
test_2015,train,gs://suryabench-sharp-pipeline-bamidele/samples_npz/2013/20130510_0800_HARP2716_NOAA11738.npz,20130510_0800_HARP2716_NOAA11738,2013-05-10 08:00:00,2716,11738,0,2013
test_2015,train,gs://suryabench-sharp-pipeline-bamidele/samples_npz/2012/20121001_0900_HARP2069_NOAA11582.npz,20121001_0900_HARP2069_NOAA11582,2012-10-01 09:00:00,2069,11582,0,2012
test_2015,train,gs://suryabench-sharp-pipeline-bamidele/samples_npz/2010/20100924_1712_HARP185_NOAA11108.npz,20100924_1712_HARP185_NOAA11108,2010-09-24 17:12:00,185,11108,0,2010
test_2015,train,gs://suryabench-sharp-pipeline-bamidele/samples_npz/2011/20111116_1824_HARP1075_NOAA11347.npz,20111116_1824_HARP1075_NOAA11347,2011-11-16 18:24:00,1075,11347,0,2011
test_2015,train,gs://suryabench-sharp-pipeline-bamidele/samples_npz/2010/20100830_0124_HARP147_NOAA11104.npz,20100830_0124_HARP147_NOAA11104,2010-08-30 01:24:00,147,11104,0,2010
test_2015,train,gs://suryabench-sharp-pipeline-bamidele/samples_npz/2012/20120510_0300_HARP1638_NOAA11476.npz,20120510_0300_HARP1638_NOAA11476,2012-05-10 03:00:00,1638,11476,1,2012
test_2015,train,gs://suryabench-sharp-pipeline-bamidele/samples_npz/2013/20130517_1024_HARP2739_NOAA11745.npz,20130517_1024_HARP2739_NOAA11745,2013-05-17 10:24:00,2739,11745,0,2013
test_2015,train,gs://suryabench-sharp-pipeline-bamidele/samples_npz/2013/20130416_0124_HARP2651_NOAA11721.npz,20130416_0124_HARP2651_NOAA11721,2013-04-16 01:24:00,2651,11721,0,2013
test_2015,train,gs://suryabench-sharp-pipeline-bamidele/samples_npz/2013/20130510_0636_HARP2718_NOAA11740.npz,20130510_0636_HARP2718_NOAA11740,2013-05-10 06:36:00,2718,11740,0,2013
test_2015,train,gs://suryabench-sharp-pipeline-bamidele/samples_npz/2011/20110819_0200_HARP799_NOAA11273.npz,20110819_0200_HARP799_NOAA11273,2011-08-19 02:00:00,799,11273,0,2011
test_2015,train,gs://suryabench-sharp-pipeline-bamidele/samples_npz/2013/20130301_0712_HARP2504_NOAA11680.npz,20130301_0712_HARP2504_NOAA11680,2013-03-01 07:12:00,2504,11680,0,2013
test_2015,train,gs://suryabench-sharp-pipeline-bamidele/samples_npz/2010/20100802_1412_HARP107_NOAA11094.npz,20100802_1412_HARP107_NOAA11094,2010-08-02 14:12:00,107,11094,0,2010
test_2015,train,gs://suryabench-sharp-pipeline-bamidele/samples_npz/2012/20120905_2224_HARP1996_NOAA11563.npz,20120905_2224_HARP1996_NOAA11563,2012-09-05 22:24:00,1996,11563,0,2012
test_2015,train,gs://suryabench-sharp-pipeline-bamidele/samples_npz/2011/20110715_0024_HARP705_NOAA11248.npz,20110715_0024_HARP705_NOAA11248,2011-07-15 00:24:00,705,11248,0,2011
test_2015,train,gs://suryabench-sharp-pipeline-bamidele/samples_npz/2012/20120910_1736_HARP2011_NOAA11566.npz,20120910_1736_HARP2011_NOAA11566,2012-09-10 17:36:00,2011,11566,0,2012
test_2015,train,gs://suryabench-sharp-pipeline-bamidele/samples_npz/2012/20120219_0236_HARP1399_NOAA11420.npz,20120219_0236_HARP1399_NOAA11420,2012-02-19 02:36:00,1399,11420,0,2012
test_2015,train,gs://suryabench-sharp-pipeline-bamidele/samples_npz/2011/20110609_0712_HARP650_NOAA11232.npz,20110609_0712_HARP650_NOAA11232,2011-06-09 07:12:00,650,11232,0,2011
test_2015,train,gs://suryabench-sharp-pipeline-bamidele/samples_npz/2011/20110328_1200_HARP437_NOAA11176.npz,20110328_1200_HARP437_NOAA11176,2011-03-28 12:00:00,437,11176,0,2011
test_2015,train,gs://suryabench-sharp-pipeline-bamidele/samples_npz/2013/20130817_0624_HARP3066_NOAA11820.npz,20130817_0624_HARP3066_NOAA11820,2013-08-17 06:24:00,3066,11820,0,2013
test_2015,train,gs://suryabench-sharp-pipeline-bamidele/samples_npz/2011/20110415_0936_HARP495_NOAA11190.npz,20110415_0936_HARP495_NOAA11190,2011-04-15 09:36:00,495,11190,1,2011
test_2015,train,gs://suryabench-sharp-pipeline-bamidele/samples_npz/2010/20101208_0024_HARP279_NOAA11131.npz,20101208_0024_HARP279_NOAA11131,2010-12-08 00:24:00,279,11131,0,2010
test_2015,train,gs://suryabench-sharp-pipeline-bamidele/samples_npz/2012/20120504_1048_HARP1621_NOAA11470.npz,20120504_1048_HARP1621_NOAA11470,2012-05-04 10:48:00,1621,11470,0,2012
test_2015,train,gs://suryabench-sharp-pipeline-bamidele/samples_npz/2013/20130103_0124_HARP2338_NOAA11641.npz,20130103_0124_HARP2338_NOAA11641,2013-01-03 01:24:00,2338,11641,0,2013
test_2015,train,gs://suryabench-sharp-pipeline-bamidele/samples_npz/2012/20120820_0512_HARP1942_NOAA11546.npz,20120820_0512_HARP1942_NOAA11546,2012-08-20 05:12:00,1942,11546,0,2012
test_2015,train,gs://suryabench-sharp-pipeline-bamidele/samples_npz/2011/20110802_1948_HARP753_NOAA11263.npz,20110802_1948_HARP753_NOAA11263,2011-08-02 19:48:00,753,11263,1,2011
test_2015,train,gs://suryabench-sharp-pipeline-bamidele/samples_npz/2011/20110105_0548_HARP327_NOAA11142.npz,20110105_0548_HARP327_NOAA11142,2011-01-05 05:48:00,327,11142,0,2011
test_2015,train,gs://suryabench-sharp-pipeline-bamidele/samples_npz/2012/20121002_0948_HARP2059_NOAA11579.npz,20121002_0948_HARP2059_NOAA11579,2012-10-02 09:48:00,2059,11579,0,2012
test_2015,train,gs://suryabench-sharp-pipeline-bamidele/samples_npz/2013/20130512_0536_HARP2727_NOAA11741.npz,20130512_0536_HARP2727_NOAA11741,2013-05-12 05:36:00,2727,11741,0,2013
test_2015,train,gs://suryabench-sharp-pipeline-bamidele/samples_npz/2011/20111118_1600_HARP1080_NOAA11357.npz,20111118_1600_HARP1080_NOAA11357,2011-11-18 16:00:00,1080,11357,0,2011
test_2015,train,gs://suryabench-sharp-pipeline-bamidele/samples_npz/2013/20130801_0248_HARP3022_NOAA11808.npz,20130801_0248_HARP3022_NOAA11808,2013-08-01 02:48:00,3022,11808,0,2013
test_2015,train,gs://suryabench-sharp-pipeline-bamidele/samples_npz/2012/20120606_1524_HARP1724_NOAA11494.npz,20120606_1524_HARP1724_NOAA11494,2012-06-06 15:24:00,1724,11494,1,2012
test_2015,train,gs://suryabench-sharp-pipeline-bamidele/samples_npz/2013/20130621_0348_HARP2875_NOAA11776.npz,20130621_0348_HARP2875_NOAA11776,2013-06-21 03:48:00,2875,11776,0,2013
test_2015,train,gs://suryabench-sharp-pipeline-bamidele/samples_npz/2013/20131107_0912_HARP3344_NOAA11891.npz,20131107_0912_HARP3344_NOAA11891,2013-11-07 09:12:00,3344,11891,1,2013
test_2015,train,gs://suryabench-sharp-pipeline-bamidele/samples_npz/2011/20111114_0212_HARP1041_NOAA11341.npz,20111114_0212_HARP1041_NOAA11341,2011-11-14 02:12:00,1041,11341,0,2011
test_2015,train,gs://suryabench-sharp-pipeline-bamidele/samples_npz/2010/20101113_1024_HARP245_NOAA11121.npz,20101113_1024_HARP245_NOAA11121,2010-11-13 10:24:00,245,11121,0,2010
test_2015,train,gs://suryabench-sharp-pipeline-bamidele/samples_npz/2012/20120423_0736_HARP1574_NOAA11459.npz,20120423_0736_HARP1574_NOAA11459,2012-04-23 07:36:00,1574,11459,0,2012
test_2015,train,gs://suryabench-sharp-pipeline-bamidele/samples_npz/2011/20110516_1412_HARP602_NOAA11214.npz,20110516_1412_HARP602_NOAA11214,2011-05-16 14:12:00,602,11214,0,2011
test_2015,train,gs://suryabench-sharp-pipeline-bamidele/samples_npz/2011/20111008_0948_HARP913_NOAA11308.npz,20111008_0948_HARP913_NOAA11308,2011-10-08 09:48:00,913,11308,0,2011
test_2015,train,gs://suryabench-sharp-pipeline-bamidele/samples_npz/2012/20120727_2336_HARP1873_NOAA11526.npz,20120727_2336_HARP1873_NOAA11526,2012-07-27 23:36:00,1873,11526,0,2012
test_2015,train,gs://suryabench-sharp-pipeline-bamidele/samples_npz/2011/20110427_0012_HARP514_NOAA11195.npz,20110427_0012_HARP514_NOAA11195,2011-04-27 00:12:00,514,11195,0,2011
test_2015,train,gs://suryabench-sharp-pipeline-bamidele/samples_npz/2013/20130120_1248_HARP2387_NOAA11658.npz,20130120_1248_HARP2387_NOAA11658,2013-01-20 12:48:00,2387,11658,0,2013
test_2015,train,gs://suryabench-sharp-pipeline-bamidele/samples_npz/2013/20131130_0212_HARP3446_NOAA11911.npz,20131130_0212_HARP3446_NOAA11911,2013-11-30 02:12:00,3446,11911,0,2013
test_2015,train,gs://suryabench-sharp-pipeline-bamidele/samples_npz/2011/20110605_1436_HARP651_NOAA11231.npz,20110605_1436_HARP651_NOAA11231,2011-06-05 14:36:00,651,11231,0,2011
test_2015,train,gs://suryabench-sharp-pipeline-bamidele/samples_npz/2012/20120418_2048_HARP1578_NOAA11460.npz,20120418_2048_HARP1578_NOAA11460,2012-04-18 20:48:00,1578,11460,0,2012
test_2015,train,gs://suryabench-sharp-pipeline-bamidele/samples_npz/2012/20120105_0012_HARP1256_NOAA11388.npz,20120105_0012_HARP1256_NOAA11388,2012-01-05 00:12:00,1256,11388,0,2012
test_2015,train,gs://suryabench-sharp-pipeline-bamidele/samples_npz/2012/20121108_1948_HARP2173_NOAA11604.npz,20121108_1948_HARP2173_NOAA11604,2012-11-08 19:48:00,2173,11604,0,2012
test_2015,train,gs://suryabench-sharp-pipeline-bamidele/samples_npz/2010/20100812_1912_HARP115_NOAA11093.npz,20100812_1912_HARP115_NOAA11093,2010-08-12 19:12:00,115,11093,0,2010
test_2015,train,gs://suryabench-sharp-pipeline-bamidele/samples_npz/2012/20120516_1924_HARP1658_NOAA11483.npz,20120516_1924_HARP1658_NOAA11483,2012-05-16 19:24:00,1658,11483,0,2012
test_2015,train,gs://suryabench-sharp-pipeline-bamidele/samples_npz/2010/20100616_0436_HARP58_NOAA11083.npz,20100616_0436_HARP58_NOAA11083,2010-06-16 04:36:00,58,11083,0,2010
test_2015,train,gs://suryabench-sharp-pipeline-bamidele/samples_npz/2013/20130812_1748_HARP3048_NOAA11814.npz,20130812_1748_HARP3048_NOAA11814,2013-08-12 17:48:00,3048,11814,0,2013
test_2015,train,gs://suryabench-sharp-pipeline-bamidele/samples_npz/2013/20130407_1236_HARP2605_NOAA11711.npz,20130407_1236_HARP2605_NOAA11711,2013-04-07 12:36:00,2605,11711,0,2013
test_2015,train,gs://suryabench-sharp-pipeline-bamidele/samples_npz/2012/20121025_1636_HARP2144_NOAA11600.npz,20121025_1636_HARP2144_NOAA11600,2012-10-25 16:36:00,2144,11600,0,2012
test_2015,train,gs://suryabench-sharp-pipeline-bamidele/samples_npz/2013/20130506_1036_HARP2711_NOAA11737.npz,20130506_1036_HARP2711_NOAA11737,2013-05-06 10:36:00,2711,11737,0,2013
test_2015,train,gs://suryabench-sharp-pipeline-bamidele/samples_npz/2012/20120422_2048_HARP1582_NOAA11461.npz,20120422_2048_HARP1582_NOAA11461,2012-04-22 20:48:00,1582,11461,0,2012
test_2015,train,gs://suryabench-sharp-pipeline-bamidele/samples_npz/2012/20120914_0224_HARP2026_NOAA11569.npz,20120914_0224_HARP2026_NOAA11569,2012-09-14 02:24:00,2026,11569,0,2012
test_2015,train,gs://suryabench-sharp-pipeline-bamidele/samples_npz/2010/20101016_0500_HARP211_NOAA11112.npz,20101016_0500_HARP211_NOAA11112,2010-10-16 05:00:00,211,11112,1,2010
test_2015,train,gs://suryabench-sharp-pipeline-bamidele/samples_npz/2012/20120116_1424_HARP1312_NOAA11397.npz,20120116_1424_HARP1312_NOAA11397,2012-01-16 14:24:00,1312,11397,0,2012
test_2015,train,gs://suryabench-sharp-pipeline-bamidele/samples_npz/2013/20130803_0500_HARP3012_NOAA11806.npz,20130803_0500_HARP3012_NOAA11806,2013-08-03 05:00:00,3012,11806,0,2013
test_2015,train,gs://suryabench-sharp-pipeline-bamidele/samples_npz/2011/20111103_1600_HARP1019_NOAA11336.npz,20111103_1600_HARP1019_NOAA11336,2011-11-03 16:00:00,1019,11336,0,2011
test_2015,train,gs://suryabench-sharp-pipeline-bamidele/samples_npz/2013/20130831_1248_HARP3119_NOAA11834.npz,20130831_1248_HARP3119_NOAA11834,2013-08-31 12:48:00,3119,11834,0,2013
test_2015,train,gs://suryabench-sharp-pipeline-bamidele/samples_npz/2011/20110107_1636_HARP323_NOAA11140.npz,20110107_1636_HARP323_NOAA11140,2011-01-07 16:36:00,323,11140,0,2011
test_2015,train,gs://suryabench-sharp-pipeline-bamidele/samples_npz/2012/20120916_1836_HARP2039_NOAA11574.npz,20120916_1836_HARP2039_NOAA11574,2012-09-16 18:36:00,2039,11574,0,2012
test_2015,train,gs://suryabench-sharp-pipeline-bamidele/samples_npz/2013/20130327_0712_HARP2595_NOAA11706.npz,20130327_0712_HARP2595_NOAA11706,2013-03-27 07:12:00,2595,11706,0,2013
test_2015,train,gs://suryabench-sharp-pipeline-bamidele/samples_npz/2011/20110507_1200_HARP576_NOAA11207.npz,20110507_1200_HARP576_NOAA11207,2011-05-07 12:00:00,576,11207,0,2011
test_2015,train,gs://suryabench-sharp-pipeline-bamidele/samples_npz/2013/20130921_2136_HARP3194_NOAA11845.npz,20130921_2136_HARP3194_NOAA11845,2013-09-21 21:36:00,3194,11845,0,2013
test_2015,train,gs://suryabench-sharp-pipeline-bamidele/samples_npz/2013/20130525_0236_HARP2758_NOAA11754.npz,20130525_0236_HARP2758_NOAA11754,2013-05-25 02:36:00,2758,11754,0,2013
test_2015,train,gs://suryabench-sharp-pipeline-bamidele/samples_npz/2013/20131101_0712_HARP3311_NOAA11882.npz,20131101_0712_HARP3311_NOAA11882,2013-11-01 07:12:00,3311,11882,0,2013
test_2015,train,gs://suryabench-sharp-pipeline-bamidele/samples_npz/2012/20120607_1200_HARP1735_NOAA11502.npz,20120607_1200_HARP1735_NOAA11502,2012-06-07 12:00:00,1735,11502,0,2012
test_2015,train,gs://suryabench-sharp-pipeline-bamidele/samples_npz/2011/20110801_1148_HARP753_NOAA11263.npz,20110801_1148_HARP753_NOAA11263,2011-08-01 11:48:00,753,11263,1,2011
test_2015,train,gs://suryabench-sharp-pipeline-bamidele/samples_npz/2010/20101211_0836_HARP284_NOAA11133.npz,20101211_0836_HARP284_NOAA11133,2010-12-11 08:36:00,284,11133,0,2010
test_2015,train,gs://suryabench-sharp-pipeline-bamidele/samples_npz/2011/20110111_0848_HARP335_NOAA11143.npz,20110111_0848_HARP335_NOAA11143,2011-01-11 08:48:00,335,11143,0,2011
test_2015,train,gs://suryabench-sharp-pipeline-bamidele/samples_npz/2012/20120201_0712_HARP1350_NOAA11410.npz,20120201_0712_HARP1350_NOAA11410,2012-02-01 07:12:00,1350,11410,0,2012
test_2015,train,gs://suryabench-sharp-pipeline-bamidele/samples_npz/2012/20120901_1348_HARP1979_NOAA11558.npz,20120901_1348_HARP1979_NOAA11558,2012-09-01 13:48:00,1979,11558,0,2012
test_2015,train,gs://suryabench-sharp-pipeline-bamidele/samples_npz/2011/20110510_2136_HARP576_NOAA11207.npz,20110510_2136_HARP576_NOAA11207,2011-05-10 21:36:00,576,11207,0,2011
test_2015,train,gs://suryabench-sharp-pipeline-bamidele/samples_npz/2013/20130619_1100_HARP2852_NOAA11769.npz,20130619_1100_HARP2852_NOAA11769,2013-06-19 11:00:00,2852,11769,0,2013
test_2015,train,gs://suryabench-sharp-pipeline-bamidele/samples_npz/2012/20120907_2024_HARP2007_NOAA11565.npz,20120907_2024_HARP2007_NOAA11565,2012-09-07 20:24:00,2007,11565,0,2012
test_2015,train,gs://suryabench-sharp-pipeline-bamidele/samples_npz/2011/20110330_1900_HARP437_NOAA11176.npz,20110330_1900_HARP437_NOAA11176,2011-03-30 19:00:00,437,11176,0,2011
test_2015,train,gs://suryabench-sharp-pipeline-bamidele/samples_npz/2011/20110308_1800_HARP401_NOAA11166.npz,20110308_1800_HARP401_NOAA11166,2011-03-08 18:00:00,401,11166,1,2011
test_2015,train,gs://suryabench-sharp-pipeline-bamidele/samples_npz/2013/20130405_2000_HARP2597_NOAA11713.npz,20130405_2000_HARP2597_NOAA11713,2013-04-05 20:00:00,2597,11713,0,2013
test_2015,train,gs://suryabench-sharp-pipeline-bamidele/samples_npz/2012/20121202_2100_HARP2240_NOAA11621.npz,20121202_2100_HARP2240_NOAA11621,2012-12-02 21:00:00,2240,11621,0,2012
test_2015,train,gs://suryabench-sharp-pipeline-bamidele/samples_npz/2011/20111218_0812_HARP1186_NOAA11378.npz,20111218_0812_HARP1186_NOAA11378,2011-12-18 08:12:00,1186,11378,0,2011
test_2015,train,gs://suryabench-sharp-pipeline-bamidele/samples_npz/2013/20130717_1048_HARP2966_NOAA11797.npz,20130717_1048_HARP2966_NOAA11797,2013-07-17 10:48:00,2966,11797,0,2013
test_2015,train,gs://suryabench-sharp-pipeline-bamidele/samples_npz/2012/20120115_1324_HARP1327_NOAA11404.npz,20120115_1324_HARP1327_NOAA11404,2012-01-15 13:24:00,1327,11404,0,2012
test_2015,train,gs://suryabench-sharp-pipeline-bamidele/samples_npz/2013/20131220_0736_HARP3497_NOAA11925.npz,20131220_0736_HARP3497_NOAA11925,2013-12-20 07:36:00,3497,11925,0,2013
test_2015,train,gs://suryabench-sharp-pipeline-bamidele/samples_npz/2011/20110205_1600_HARP362_NOAA11153.npz,20110205_1600_HARP362_NOAA11153,2011-02-05 16:00:00,362,11153,0,2011
test_2015,train,gs://suryabench-sharp-pipeline-bamidele/samples_npz/2012/20121018_0812_HARP2114_NOAA11592.npz,20121018_0812_HARP2114_NOAA11592,2012-10-18 08:12:00,2114,11592,0,2012
test_2015,train,gs://suryabench-sharp-pipeline-bamidele/samples_npz/2012/20121129_1612_HARP2240_NOAA11621.npz,20121129_1612_HARP2240_NOAA11621,2012-11-29 16:12:00,2240,11621,0,2012
test_2015,train,gs://suryabench-sharp-pipeline-bamidele/samples_npz/2012/20120512_1448_HARP1651_NOAA11480.npz,20120512_1448_HARP1651_NOAA11480,2012-05-12 14:48:00,1651,11480,0,2012
test_2015,train,gs://suryabench-sharp-pipeline-bamidele/samples_npz/2011/20110812_1412_HARP772_NOAA11269.npz,20110812_1412_HARP772_NOAA11269,2011-08-12 14:12:00,772,11269,0,2011
test_2015,train,gs://suryabench-sharp-pipeline-bamidele/samples_npz/2012/20120807_0536_HARP1908_NOAA11537.npz,20120807_0536_HARP1908_NOAA11537,2012-08-07 05:36:00,1908,11537,0,2012
test_2015,train,gs://suryabench-sharp-pipeline-bamidele/samples_npz/2013/20130916_0448_HARP3176_NOAA11841.npz,20130916_0448_HARP3176_NOAA11841,2013-09-16 04:48:00,3176,11841,0,2013
test_2015,train,gs://suryabench-sharp-pipeline-bamidele/samples_npz/2011/20110903_1748_HARP824_NOAA11281.npz,20110903_1748_HARP824_NOAA11281,2011-09-03 17:48:00,824,11281,0,2011
test_2015,train,gs://suryabench-sharp-pipeline-bamidele/samples_npz/2012/20121107_1624_HARP2176_NOAA11606.npz,20121107_1624_HARP2176_NOAA11606,2012-11-07 16:24:00,2176,11606,0,2012
test_2015,train,gs://suryabench-sharp-pipeline-bamidele/samples_npz/2013/20131103_2224_HARP3344_NOAA11891.npz,20131103_2224_HARP3344_NOAA11891,2013-11-03 22:24:00,3344,11891,0,2013
test_2015,train,gs://suryabench-sharp-pipeline-bamidele/samples_npz/2010/20101209_1700_HARP279_NOAA11131.npz,20101209_1700_HARP279_NOAA11131,2010-12-09 17:00:00,279,11131,0,2010
test_2015,train,gs://suryabench-sharp-pipeline-bamidele/samples_npz/2012/20120705_0312_HARP1807_NOAA11514.npz,20120705_0312_HARP1807_NOAA11514,2012-07-05 03:12:00,1807,11514,0,2012
test_2015,train,gs://suryabench-sharp-pipeline-bamidele/samples_npz/2013/20131229_2200_HARP3535_NOAA11936.npz,20131229_2200_HARP3535_NOAA11936,2013-12-29 22:00:00,3535,11936,1,2013
test_2015,train,gs://suryabench-sharp-pipeline-bamidele/samples_npz/2011/20110529_1024_HARP625_NOAA11223.npz,20110529_1024_HARP625_NOAA11223,2011-05-29 10:24:00,625,11223,0,2011
test_2015,train,gs://suryabench-sharp-pipeline-bamidele/samples_npz/2011/20110606_2100_HARP651_NOAA11231.npz,20110606_2100_HARP651_NOAA11231,2011-06-06 21:00:00,651,11231,0,2011
test_2015,train,gs://suryabench-sharp-pipeline-bamidele/samples_npz/2013/20130511_0500_HARP2718_NOAA11740.npz,20130511_0500_HARP2718_NOAA11740,2013-05-11 05:00:00,2718,11740,0,2013
test_2015,train,gs://suryabench-sharp-pipeline-bamidele/samples_npz/2011/20110920_1424_HARP856_NOAA11295.npz,20110920_1424_HARP856_NOAA11295,2011-09-20 14:24:00,856,11295,0,2011
test_2015,train,gs://suryabench-sharp-pipeline-bamidele/samples_npz/2012/20120927_0036_HARP2047_NOAA11578.npz,20120927_0036_HARP2047_NOAA11578,2012-09-27 00:36:00,2047,11578,0,2012
test_2015,train,gs://suryabench-sharp-pipeline-bamidele/samples_npz/2011/20111109_0300_HARP1028_NOAA11339.npz,20111109_0300_HARP1028_NOAA11339,2011-11-09 03:00:00,1028,11339,0,2011
test_2015,train,gs://suryabench-sharp-pipeline-bamidele/samples_npz/2012/20121106_1112_HARP2173_NOAA11604.npz,20121106_1112_HARP2173_NOAA11604,2012-11-06 11:12:00,2173,11604,0,2012
test_2015,train,gs://suryabench-sharp-pipeline-bamidele/samples_npz/2013/20131104_1736_HARP3344_NOAA11891.npz,20131104_1736_HARP3344_NOAA11891,2013-11-04 17:36:00,3344,11891,0,2013
test_2015,train,gs://suryabench-sharp-pipeline-bamidele/samples_npz/2011/20110517_0924_HARP602_NOAA11214.npz,20110517_0924_HARP602_NOAA11214,2011-05-17 09:24:00,602,11214,0,2011
test_2015,train,gs://suryabench-sharp-pipeline-bamidele/samples_npz/2013/20130222_1312_HARP2493_NOAA11677.npz,20130222_1312_HARP2493_NOAA11677,2013-02-22 13:12:00,2493,11677,0,2013
test_2015,train,gs://suryabench-sharp-pipeline-bamidele/samples_npz/2011/20111204_2048_HARP1124_NOAA11363.npz,20111204_2048_HARP1124_NOAA11363,2011-12-04 20:48:00,1124,11363,0,2011
test_2015,train,gs://suryabench-sharp-pipeline-bamidele/samples_npz/2012/20120603_2112_HARP1727_NOAA11497.npz,20120603_2112_HARP1727_NOAA11497,2012-06-03 21:12:00,1727,11497,0,2012
test_2015,train,gs://suryabench-sharp-pipeline-bamidele/samples_npz/2011/20110909_1736_HARP843_NOAA11287.npz,20110909_1736_HARP843_NOAA11287,2011-09-09 17:36:00,843,11287,0,2011
test_2015,train,gs://suryabench-sharp-pipeline-bamidele/samples_npz/2011/20110107_2124_HARP323_NOAA11140.npz,20110107_2124_HARP323_NOAA11140,2011-01-07 21:24:00,323,11140,0,2011
test_2015,train,gs://suryabench-sharp-pipeline-bamidele/samples_npz/2012/20120308_0000_HARP1449_NOAA11429.npz,20120308_0000_HARP1449_NOAA11429,2012-03-08 00:00:00,1449,11429,1,2012
test_2015,train,gs://suryabench-sharp-pipeline-bamidele/samples_npz/2011/20110714_0348_HARP713_NOAA11258.npz,20110714_0348_HARP713_NOAA11258,2011-07-14 03:48:00,713,11258,0,2011
test_2015,train,gs://suryabench-sharp-pipeline-bamidele/samples_npz/2013/20130329_1100_HARP2598_NOAA11707.npz,20130329_1100_HARP2598_NOAA11707,2013-03-29 11:00:00,2598,11707,0,2013
test_2015,train,gs://suryabench-sharp-pipeline-bamidele/samples_npz/2011/20111006_1024_HARP913_NOAA11308.npz,20111006_1024_HARP913_NOAA11308,2011-10-06 10:24:00,913,11308,0,2011
test_2015,train,gs://suryabench-sharp-pipeline-bamidele/samples_npz/2012/20120107_2248_HARP1278_NOAA11391.npz,20120107_2248_HARP1278_NOAA11391,2012-01-07 22:48:00,1278,11391,0,2012
test_2015,train,gs://suryabench-sharp-pipeline-bamidele/samples_npz/2012/20120114_1412_HARP1300_NOAA11395.npz,20120114_1412_HARP1300_NOAA11395,2012-01-14 14:12:00,1300,11395,0,2012
test_2015,train,gs://suryabench-sharp-pipeline-bamidele/samples_npz/2012/20120823_1136_HARP1942_NOAA11546.npz,20120823_1136_HARP1942_NOAA11546,2012-08-23 11:36:00,1942,11546,0,2012
test_2015,train,gs://suryabench-sharp-pipeline-bamidele/samples_npz/2011/20110306_1236_HARP403_NOAA11167.npz,20110306_1236_HARP403_NOAA11167,2011-03-06 12:36:00,403,11167,0,2011
test_2015,train,gs://suryabench-sharp-pipeline-bamidele/samples_npz/2012/20121106_2048_HARP2173_NOAA11604.npz,20121106_2048_HARP2173_NOAA11604,2012-11-06 20:48:00,2173,11604,0,2012
test_2015,train,gs://suryabench-sharp-pipeline-bamidele/samples_npz/2013/20130330_0112_HARP2587_NOAA11704.npz,20130330_0112_HARP2587_NOAA11704,2013-03-30 01:12:00,2587,11704,0,2013
test_2015,train,gs://suryabench-sharp-pipeline-bamidele/samples_npz/2012/20120715_2000_HARP1863_NOAA11523.npz,20120715_2000_HARP1863_NOAA11523,2012-07-15 20:00:00,1863,11523,0,2012
test_2015,train,gs://suryabench-sharp-pipeline-bamidele/samples_npz/2011/20110808_1500_HARP764_NOAA11267.npz,20110808_1500_HARP764_NOAA11267,2011-08-08 15:00:00,764,11267,0,2011
test_2015,train,gs://suryabench-sharp-pipeline-bamidele/samples_npz/2013/20130911_1048_HARP3154_NOAA11838.npz,20130911_1048_HARP3154_NOAA11838,2013-09-11 10:48:00,3154,11838,0,2013
test_2015,train,gs://suryabench-sharp-pipeline-bamidele/samples_npz/2013/20130331_0648_HARP2599_NOAA11710.npz,20130331_0648_HARP2599_NOAA11710,2013-03-31 06:48:00,2599,11710,0,2013
test_2015,train,gs://suryabench-sharp-pipeline-bamidele/samples_npz/2013/20130513_0536_HARP2735_NOAA11744.npz,20130513_0536_HARP2735_NOAA11744,2013-05-13 05:36:00,2735,11744,0,2013
test_2015,train,gs://suryabench-sharp-pipeline-bamidele/samples_npz/2013/20130621_1600_HARP2852_NOAA11769.npz,20130621_1600_HARP2852_NOAA11769,2013-06-21 16:00:00,2852,11769,0,2013
test_2015,train,gs://suryabench-sharp-pipeline-bamidele/samples_npz/2011/20110706_0848_HARP693_NOAA11246.npz,20110706_0848_HARP693_NOAA11246,2011-07-06 08:48:00,693,11246,0,2011
test_2015,train,gs://suryabench-sharp-pipeline-bamidele/samples_npz/2012/20120524_0248_HARP1677_NOAA11486.npz,20120524_0248_HARP1677_NOAA11486,2012-05-24 02:48:00,1677,11486,0,2012
test_2015,train,gs://suryabench-sharp-pipeline-bamidele/samples_npz/2013/20130517_2348_HARP2748_NOAA11748.npz,20130517_2348_HARP2748_NOAA11748,2013-05-17 23:48:00,2748,11748,0,2013
test_2015,train,gs://suryabench-sharp-pipeline-bamidele/samples_npz/2012/20121102_1912_HARP2169_NOAA11603.npz,20121102_1912_HARP2169_NOAA11603,2012-11-02 19:12:00,2169,11603,0,2012
test_2015,train,gs://suryabench-sharp-pipeline-bamidele/samples_npz/2012/20120904_1312_HARP1996_NOAA11563.npz,20120904_1312_HARP1996_NOAA11563,2012-09-04 13:12:00,1996,11563,0,2012
test_2015,train,gs://suryabench-sharp-pipeline-bamidele/samples_npz/2012/20120330_1736_HARP1500_NOAA11445.npz,20120330_1736_HARP1500_NOAA11445,2012-03-30 17:36:00,1500,11445,0,2012
test_2015,train,gs://suryabench-sharp-pipeline-bamidele/samples_npz/2012/20120927_0224_HARP2044_NOAA11576.npz,20120927_0224_HARP2044_NOAA11576,2012-09-27 02:24:00,2044,11576,0,2012
test_2015,train,gs://suryabench-sharp-pipeline-bamidele/samples_npz/2010/20101208_1136_HARP279_NOAA11131.npz,20101208_1136_HARP279_NOAA11131,2010-12-08 11:36:00,279,11131,0,2010
test_2015,train,gs://suryabench-sharp-pipeline-bamidele/samples_npz/2011/20110311_1424_HARP407_NOAA11169.npz,20110311_1424_HARP407_NOAA11169,2011-03-11 14:24:00,407,11169,0,2011
test_2015,train,gs://suryabench-sharp-pipeline-bamidele/samples_npz/2013/20130419_1112_HARP2661_NOAA11724.npz,20130419_1112_HARP2661_NOAA11724,2013-04-19 11:12:00,2661,11724,0,2013
test_2015,train,gs://suryabench-sharp-pipeline-bamidele/samples_npz/2013/20130715_1812_HARP2976_NOAA11796.npz,20130715_1812_HARP2976_NOAA11796,2013-07-15 18:12:00,2976,11796,0,2013
test_2015,train,gs://suryabench-sharp-pipeline-bamidele/samples_npz/2010/20100727_1036_HARP98_NOAA11090.npz,20100727_1036_HARP98_NOAA11090,2010-07-27 10:36:00,98,11090,0,2010
test_2015,train,gs://suryabench-sharp-pipeline-bamidele/samples_npz/2012/20120925_1848_HARP2047_NOAA11578.npz,20120925_1848_HARP2047_NOAA11578,2012-09-25 18:48:00,2047,11578,0,2012
test_2015,train,gs://suryabench-sharp-pipeline-bamidele/samples_npz/2011/20111017_1036_HARP950_NOAA11316.npz,20111017_1036_HARP950_NOAA11316,2011-10-17 10:36:00,950,11316,0,2011
test_2015,train,gs://suryabench-sharp-pipeline-bamidele/samples_npz/2013/20130731_1336_HARP3012_NOAA11806.npz,20130731_1336_HARP3012_NOAA11806,2013-07-31 13:36:00,3012,11806,0,2013
test_2015,train,gs://suryabench-sharp-pipeline-bamidele/samples_npz/2013/20131022_0100_HARP3288_NOAA11873.npz,20131022_0100_HARP3288_NOAA11873,2013-10-22 01:00:00,3288,11873,0,2013
test_2015,train,gs://suryabench-sharp-pipeline-bamidele/samples_npz/2013/20130107_0724_HARP2341_NOAA11642.npz,20130107_0724_HARP2341_NOAA11642,2013-01-07 07:24:00,2341,11642,0,2013
test_2015,train,gs://suryabench-sharp-pipeline-bamidele/samples_npz/2012/20120726_2048_HARP1877_NOAA11527.npz,20120726_2048_HARP1877_NOAA11527,2012-07-26 20:48:00,1877,11527,0,2012
test_2015,train,gs://suryabench-sharp-pipeline-bamidele/samples_npz/2013/20130709_0600_HARP2945_NOAA11794.npz,20130709_0600_HARP2945_NOAA11794,2013-07-09 06:00:00,2945,11794,0,2013
test_2015,train,gs://suryabench-sharp-pipeline-bamidele/samples_npz/2012/20120419_1124_HARP1574_NOAA11459.npz,20120419_1124_HARP1574_NOAA11459,2012-04-19 11:24:00,1574,11459,0,2012
test_2015,train,gs://suryabench-sharp-pipeline-bamidele/samples_npz/2011/20110310_1800_HARP401_NOAA11166.npz,20110310_1800_HARP401_NOAA11166,2011-03-10 18:00:00,401,11166,1,2011
test_2015,train,gs://suryabench-sharp-pipeline-bamidele/samples_npz/2013/20130301_2000_HARP2504_NOAA11680.npz,20130301_2000_HARP2504_NOAA11680,2013-03-01 20:00:00,2504,11680,0,2013
test_2015,train,gs://suryabench-sharp-pipeline-bamidele/samples_npz/2013/20131127_0336_HARP3415_NOAA11906.npz,20131127_0336_HARP3415_NOAA11906,2013-11-27 03:36:00,3415,11906,0,2013
test_2015,train,gs://suryabench-sharp-pipeline-bamidele/samples_npz/2013/20131026_0436_HARP3309_NOAA11881.npz,20131026_0436_HARP3309_NOAA11881,2013-10-26 04:36:00,3309,11881,0,2013
test_2015,train,gs://suryabench-sharp-pipeline-bamidele/samples_npz/2011/20111113_1000_HARP1046_NOAA11343.npz,20111113_1000_HARP1046_NOAA11343,2011-11-13 10:00:00,1046,11343,0,2011
test_2015,train,gs://suryabench-sharp-pipeline-bamidele/samples_npz/2013/20131211_1500_HARP3473_NOAA11917.npz,20131211_1500_HARP3473_NOAA11917,2013-12-11 15:00:00,3473,11917,0,2013
test_2015,train,gs://suryabench-sharp-pipeline-bamidele/samples_npz/2013/20130412_0724_HARP2634_NOAA11717.npz,20130412_0724_HARP2634_NOAA11717,2013-04-12 07:24:00,2634,11717,0,2013
test_2015,train,gs://suryabench-sharp-pipeline-bamidele/samples_npz/2013/20131112_2324_HARP3364_NOAA11893.npz,20131112_2324_HARP3364_NOAA11893,2013-11-12 23:24:00,3364,11893,0,2013
test_2015,train,gs://suryabench-sharp-pipeline-bamidele/samples_npz/2011/20110901_0148_HARP824_NOAA11281.npz,20110901_0148_HARP824_NOAA11281,2011-09-01 01:48:00,824,11281,0,2011
test_2015,train,gs://suryabench-sharp-pipeline-bamidele/samples_npz/2012/20120709_2336_HARP1834_NOAA11519.npz,20120709_2336_HARP1834_NOAA11519,2012-07-09 23:36:00,1834,11519,0,2012
test_2015,train,gs://suryabench-sharp-pipeline-bamidele/samples_npz/2011/20110907_1100_HARP843_NOAA11287.npz,20110907_1100_HARP843_NOAA11287,2011-09-07 11:00:00,843,11287,0,2011
test_2015,train,gs://suryabench-sharp-pipeline-bamidele/samples_npz/2013/20130314_1512_HARP2569_NOAA11697.npz,20130314_1512_HARP2569_NOAA11697,2013-03-14 15:12:00,2569,11697,0,2013
test_2015,train,gs://suryabench-sharp-pipeline-bamidele/samples_npz/2011/20110910_2112_HARP851_NOAA11291.npz,20110910_2112_HARP851_NOAA11291,2011-09-10 21:12:00,851,11291,0,2011
test_2015,train,gs://suryabench-sharp-pipeline-bamidele/samples_npz/2012/20120102_0036_HARP1249_NOAA11390.npz,20120102_0036_HARP1249_NOAA11390,2012-01-02 00:36:00,1249,11390,0,2012
test_2015,train,gs://suryabench-sharp-pipeline-bamidele/samples_npz/2012/20120420_1248_HARP1578_NOAA11460.npz,20120420_1248_HARP1578_NOAA11460,2012-04-20 12:48:00,1578,11460,0,2012
test_2015,train,gs://suryabench-sharp-pipeline-bamidele/samples_npz/2013/20131107_0600_HARP3344_NOAA11891.npz,20131107_0600_HARP3344_NOAA11891,2013-11-07 06:00:00,3344,11891,1,2013
test_2015,train,gs://suryabench-sharp-pipeline-bamidele/samples_npz/2011/20110201_2012_HARP355_NOAA11150.npz,20110201_2012_HARP355_NOAA11150,2011-02-01 20:12:00,355,11150,0,2011
test_2015,train,gs://suryabench-sharp-pipeline-bamidele/samples_npz/2012/20120113_0548_HARP1303_NOAA11398.npz,20120113_0548_HARP1303_NOAA11398,2012-01-13 05:48:00,1303,11398,0,2012
test_2015,train,gs://suryabench-sharp-pipeline-bamidele/samples_npz/2013/20130730_0948_HARP3011_NOAA11812.npz,20130730_0948_HARP3011_NOAA11812,2013-07-30 09:48:00,3011,11812,0,2013
test_2015,train,gs://suryabench-sharp-pipeline-bamidele/samples_npz/2013/20130923_1048_HARP3188_NOAA11853.npz,20130923_1048_HARP3188_NOAA11853,2013-09-23 10:48:00,3188,11853,0,2013
test_2015,train,gs://suryabench-sharp-pipeline-bamidele/samples_npz/2013/20130723_0400_HARP2984_NOAA11799.npz,20130723_0400_HARP2984_NOAA11799,2013-07-23 04:00:00,2984,11799,0,2013
test_2015,train,gs://suryabench-sharp-pipeline-bamidele/samples_npz/2013/20131023_0936_HARP3291_NOAA11875.npz,20131023_0936_HARP3291_NOAA11875,2013-10-23 09:36:00,3291,11875,1,2013
test_2015,train,gs://suryabench-sharp-pipeline-bamidele/samples_npz/2012/20120403_0524_HARP1528_NOAA11450.npz,20120403_0524_HARP1528_NOAA11450,2012-04-03 05:24:00,1528,11450,0,2012
test_2015,train,gs://suryabench-sharp-pipeline-bamidele/samples_npz/2011/20110306_0336_HARP393_NOAA11164.npz,20110306_0336_HARP393_NOAA11164,2011-03-06 03:36:00,393,11164,1,2011
test_2015,train,gs://suryabench-sharp-pipeline-bamidele/samples_npz/2013/20130228_1812_HARP2501_NOAA11682.npz,20130228_1812_HARP2501_NOAA11682,2013-02-28 18:12:00,2501,11682,0,2013
test_2015,train,gs://suryabench-sharp-pipeline-bamidele/samples_npz/2013/20131224_1636_HARP3513_NOAA11929.npz,20131224_1636_HARP3513_NOAA11929,2013-12-24 16:36:00,3513,11929,0,2013
test_2015,train,gs://suryabench-sharp-pipeline-bamidele/samples_npz/2010/20100803_1912_HARP104_NOAA11092.npz,20100803_1912_HARP104_NOAA11092,2010-08-03 19:12:00,104,11092,0,2010
test_2015,train,gs://suryabench-sharp-pipeline-bamidele/samples_npz/2012/20121209_1224_HARP2262_NOAA11628.npz,20121209_1224_HARP2262_NOAA11628,2012-12-09 12:24:00,2262,11628,0,2012
test_2015,train,gs://suryabench-sharp-pipeline-bamidele/samples_npz/2012/20120513_1312_HARP1651_NOAA11480.npz,20120513_1312_HARP1651_NOAA11480,2012-05-13 13:12:00,1651,11480,0,2012
test_2015,train,gs://suryabench-sharp-pipeline-bamidele/samples_npz/2011/20110720_0736_HARP714_NOAA11251.npz,20110720_0736_HARP714_NOAA11251,2011-07-20 07:36:00,714,11251,0,2011
test_2015,train,gs://suryabench-sharp-pipeline-bamidele/samples_npz/2011/20110604_1936_HARP643_NOAA11229.npz,20110604_1936_HARP643_NOAA11229,2011-06-04 19:36:00,643,11229,0,2011
test_2015,train,gs://suryabench-sharp-pipeline-bamidele/samples_npz/2011/20110410_1424_HARP488_NOAA11188.npz,20110410_1424_HARP488_NOAA11188,2011-04-10 14:24:00,488,11188,0,2011
test_2015,train,gs://suryabench-sharp-pipeline-bamidele/samples_npz/2013/20130901_1836_HARP3129_NOAA11836.npz,20130901_1836_HARP3129_NOAA11836,2013-09-01 18:36:00,3129,11836,0,2013
test_2015,train,gs://suryabench-sharp-pipeline-bamidele/samples_npz/2011/20110305_1136_HARP393_NOAA11164.npz,20110305_1136_HARP393_NOAA11164,2011-03-05 11:36:00,393,11164,1,2011
test_2015,train,gs://suryabench-sharp-pipeline-bamidele/samples_npz/2013/20130620_0036_HARP2861_NOAA11773.npz,20130620_0036_HARP2861_NOAA11773,2013-06-20 00:36:00,2861,11773,0,2013
test_2015,train,gs://suryabench-sharp-pipeline-bamidele/samples_npz/2011/20110430_1548_HARP532_NOAA11201.npz,20110430_1548_HARP532_NOAA11201,2011-04-30 15:48:00,532,11201,0,2011
test_2015,train,gs://suryabench-sharp-pipeline-bamidele/samples_npz/2013/20131108_0112_HARP3362_NOAA11894.npz,20131108_0112_HARP3362_NOAA11894,2013-11-08 01:12:00,3362,11894,0,2013
test_2015,train,gs://suryabench-sharp-pipeline-bamidele/samples_npz/2010/20100602_1836_HARP43_NOAA11076.npz,20100602_1836_HARP43_NOAA11076,2010-06-02 18:36:00,43,11076,0,2010
test_2015,train,gs://suryabench-sharp-pipeline-bamidele/samples_npz/2011/20110307_2348_HARP403_NOAA11167.npz,20110307_2348_HARP403_NOAA11167,2011-03-07 23:48:00,403,11167,0,2011
test_2015,train,gs://suryabench-sharp-pipeline-bamidele/samples_npz/2013/20130510_2236_HARP2718_NOAA11740.npz,20130510_2236_HARP2718_NOAA11740,2013-05-10 22:36:00,2718,11740,0,2013
test_2015,train,gs://suryabench-sharp-pipeline-bamidele/samples_npz/2013/20130103_2348_HARP2331_NOAA11638.npz,20130103_2348_HARP2331_NOAA11638,2013-01-03 23:48:00,2331,11638,0,2013
test_2015,train,gs://suryabench-sharp-pipeline-bamidele/samples_npz/2012/20120607_1512_HARP1735_NOAA11502.npz,20120607_1512_HARP1735_NOAA11502,2012-06-07 15:12:00,1735,11502,0,2012
test_2015,train,gs://suryabench-sharp-pipeline-bamidele/samples_npz/2013/20131211_1424_HARP3481_NOAA11923.npz,20131211_1424_HARP3481_NOAA11923,2013-12-11 14:24:00,3481,11923,0,2013
test_2015,train,gs://suryabench-sharp-pipeline-bamidele/samples_npz/2013/20130502_1012_HARP2693_NOAA11731.npz,20130502_1012_HARP2693_NOAA11731,2013-05-02 10:12:00,2693,11731,1,2013
test_2015,train,gs://suryabench-sharp-pipeline-bamidele/samples_npz/2011/20110621_2224_HARP667_NOAA11236.npz,20110621_2224_HARP667_NOAA11236,2011-06-21 22:24:00,667,11236,0,2011
test_2015,train,gs://suryabench-sharp-pipeline-bamidele/samples_npz/2011/20111107_0300_HARP1028_NOAA11339.npz,20111107_0300_HARP1028_NOAA11339,2011-11-07 03:00:00,1028,11339,0,2011
test_2015,train,gs://suryabench-sharp-pipeline-bamidele/samples_npz/2012/20120818_0324_HARP1943_NOAA11547.npz,20120818_0324_HARP1943_NOAA11547,2012-08-18 03:24:00,1943,11547,0,2012
test_2015,train,gs://suryabench-sharp-pipeline-bamidele/samples_npz/2013/20130912_0524_HARP3154_NOAA11838.npz,20130912_0524_HARP3154_NOAA11838,2013-09-12 05:24:00,3154,11838,0,2013
test_2015,train,gs://suryabench-sharp-pipeline-bamidele/samples_npz/2011/20110725_2036_HARP748_NOAA11265.npz,20110725_2036_HARP748_NOAA11265,2011-07-25 20:36:00,748,11265,0,2011
test_2015,train,gs://suryabench-sharp-pipeline-bamidele/samples_npz/2011/20110411_0200_HARP480_NOAA11185.npz,20110411_0200_HARP480_NOAA11185,2011-04-11 02:00:00,480,11185,0,2011
test_2015,train,gs://suryabench-sharp-pipeline-bamidele/samples_npz/2010/20101015_2236_HARP211_NOAA11112.npz,20101015_2236_HARP211_NOAA11112,2010-10-15 22:36:00,211,11112,1,2010
test_2015,train,gs://suryabench-sharp-pipeline-bamidele/samples_npz/2012/20120521_0048_HARP1662_NOAA11484.npz,20120521_0048_HARP1662_NOAA11484,2012-05-21 00:48:00,1662,11484,0,2012
test_2015,train,gs://suryabench-sharp-pipeline-bamidele/samples_npz/2013/20131228_1712_HARP3535_NOAA11936.npz,20131228_1712_HARP3535_NOAA11936,2013-12-28 17:12:00,3535,11936,1,2013
test_2015,train,gs://suryabench-sharp-pipeline-bamidele/samples_npz/2011/20110409_1800_HARP480_NOAA11185.npz,20110409_1800_HARP480_NOAA11185,2011-04-09 18:00:00,480,11185,0,2011
test_2015,train,gs://suryabench-sharp-pipeline-bamidele/samples_npz/2011/20110628_1148_HARP686_NOAA11242.npz,20110628_1148_HARP686_NOAA11242,2011-06-28 11:48:00,686,11242,0,2011
test_2015,train,gs://suryabench-sharp-pipeline-bamidele/samples_npz/2010/20101226_0236_HARP317_NOAA11137.npz,20101226_0236_HARP317_NOAA11137,2010-12-26 02:36:00,317,11137,0,2010
test_2015,train,gs://suryabench-sharp-pipeline-bamidele/samples_npz/2013/20130107_0124_HARP2348_NOAA11651.npz,20130107_0124_HARP2348_NOAA11651,2013-01-07 01:24:00,2348,11651,0,2013
test_2015,train,gs://suryabench-sharp-pipeline-bamidele/samples_npz/2011/20110723_0724_HARP744_NOAA11262.npz,20110723_0724_HARP744_NOAA11262,2011-07-23 07:24:00,744,11262,0,2011
test_2015,train,gs://suryabench-sharp-pipeline-bamidele/samples_npz/2011/20111219_0648_HARP1210_NOAA11381.npz,20111219_0648_HARP1210_NOAA11381,2011-12-19 06:48:00,1210,11381,0,2011
test_2015,train,gs://suryabench-sharp-pipeline-bamidele/samples_npz/2013/20130120_1600_HARP2400_NOAA11660.npz,20130120_1600_HARP2400_NOAA11660,2013-01-20 16:00:00,2400,11660,0,2013
test_2015,train,gs://suryabench-sharp-pipeline-bamidele/samples_npz/2011/20110716_0512_HARP712_NOAA11250.npz,20110716_0512_HARP712_NOAA11250,2011-07-16 05:12:00,712,11250,0,2011
test_2015,train,gs://suryabench-sharp-pipeline-bamidele/samples_npz/2013/20130930_1324_HARP3244_NOAA11855.npz,20130930_1324_HARP3244_NOAA11855,2013-09-30 13:24:00,3244,11855,0,2013
test_2015,train,gs://suryabench-sharp-pipeline-bamidele/samples_npz/2012/20120327_0900_HARP1492_NOAA11442.npz,20120327_0900_HARP1492_NOAA11442,2012-03-27 09:00:00,1492,11442,0,2012
test_2015,train,gs://suryabench-sharp-pipeline-bamidele/samples_npz/2013/20130923_2000_HARP3192_NOAA11847.npz,20130923_2000_HARP3192_NOAA11847,2013-09-23 20:00:00,3192,11847,0,2013
test_2015,train,gs://suryabench-sharp-pipeline-bamidele/samples_npz/2013/20130922_2000_HARP3194_NOAA11845.npz,20130922_2000_HARP3194_NOAA11845,2013-09-22 20:00:00,3194,11845,0,2013
test_2015,train,gs://suryabench-sharp-pipeline-bamidele/samples_npz/2011/20110730_2048_HARP755_NOAA11264.npz,20110730_2048_HARP755_NOAA11264,2011-07-30 20:48:00,755,11264,0,2011
test_2015,train,gs://suryabench-sharp-pipeline-bamidele/samples_npz/2012/20120109_1136_HARP1278_NOAA11391.npz,20120109_1136_HARP1278_NOAA11391,2012-01-09 11:36:00,1278,11391,0,2012
test_2015,train,gs://suryabench-sharp-pipeline-bamidele/samples_npz/2012/20120119_0612_HARP1318_NOAA11399.npz,20120119_0612_HARP1318_NOAA11399,2012-01-19 06:12:00,1318,11399,0,2012
test_2015,train,gs://suryabench-sharp-pipeline-bamidele/samples_npz/2012/20120310_0948_HARP1449_NOAA11429.npz,20120310_0948_HARP1449_NOAA11429,2012-03-10 09:48:00,1449,11429,1,2012
test_2015,train,gs://suryabench-sharp-pipeline-bamidele/samples_npz/2011/20110330_1724_HARP444_NOAA11180.npz,20110330_1724_HARP444_NOAA11180,2011-03-30 17:24:00,444,11180,0,2011
test_2015,train,gs://suryabench-sharp-pipeline-bamidele/samples_npz/2012/20120629_1700_HARP1795_NOAA11512.npz,20120629_1700_HARP1795_NOAA11512,2012-06-29 17:00:00,1795,11512,0,2012
test_2015,train,gs://suryabench-sharp-pipeline-bamidele/samples_npz/2012/20120329_0900_HARP1500_NOAA11445.npz,20120329_0900_HARP1500_NOAA11445,2012-03-29 09:00:00,1500,11445,0,2012
test_2015,train,gs://suryabench-sharp-pipeline-bamidele/samples_npz/2013/20130604_1648_HARP2812_NOAA11766.npz,20130604_1648_HARP2812_NOAA11766,2013-06-04 16:48:00,2812,11766,0,2013
test_2015,train,gs://suryabench-sharp-pipeline-bamidele/samples_npz/2011/20110930_0324_HARP902_NOAA11305.npz,20110930_0324_HARP902_NOAA11305,2011-09-30 03:24:00,902,11305,1,2011
test_2015,train,gs://suryabench-sharp-pipeline-bamidele/samples_npz/2011/20111208_0336_HARP1165_NOAA11367.npz,20111208_0336_HARP1165_NOAA11367,2011-12-08 03:36:00,1165,11367,0,2011
test_2015,train,gs://suryabench-sharp-pipeline-bamidele/samples_npz/2012/20120116_1624_HARP1319_NOAA11400.npz,20120116_1624_HARP1319_NOAA11400,2012-01-16 16:24:00,1319,11400,0,2012
test_2015,train,gs://suryabench-sharp-pipeline-bamidele/samples_npz/2013/20130102_1536_HARP2338_NOAA11641.npz,20130102_1536_HARP2338_NOAA11641,2013-01-02 15:36:00,2338,11641,0,2013
test_2015,train,gs://suryabench-sharp-pipeline-bamidele/samples_npz/2011/20110511_0800_HARP587_NOAA11208.npz,20110511_0800_HARP587_NOAA11208,2011-05-11 08:00:00,587,11208,0,2011
test_2015,train,gs://suryabench-sharp-pipeline-bamidele/samples_npz/2013/20131115_1900_HARP3368_NOAA11896.npz,20131115_1900_HARP3368_NOAA11896,2013-11-15 19:00:00,3368,11896,0,2013
test_2015,train,gs://suryabench-sharp-pipeline-bamidele/samples_npz/2011/20111106_1248_HARP1019_NOAA11336.npz,20111106_1248_HARP1019_NOAA11336,2011-11-06 12:48:00,1019,11336,0,2011
test_2015,train,gs://suryabench-sharp-pipeline-bamidele/samples_npz/2011/20111023_0248_HARP970_NOAA11323.npz,20111023_0248_HARP970_NOAA11323,2011-10-23 02:48:00,970,11323,0,2011
test_2015,train,gs://suryabench-sharp-pipeline-bamidele/samples_npz/2013/20130904_1636_HARP3129_NOAA11836.npz,20130904_1636_HARP3129_NOAA11836,2013-09-04 16:36:00,3129,11836,0,2013
test_2015,train,gs://suryabench-sharp-pipeline-bamidele/samples_npz/2011/20110727_1100_HARP748_NOAA11265.npz,20110727_1100_HARP748_NOAA11265,2011-07-27 11:00:00,748,11265,0,2011
test_2015,train,gs://suryabench-sharp-pipeline-bamidele/samples_npz/2011/20111219_0648_HARP1183_NOAA11376.npz,20111219_0648_HARP1183_NOAA11376,2011-12-19 06:48:00,1183,11376,0,2011
test_2015,train,gs://suryabench-sharp-pipeline-bamidele/samples_npz/2010/20101024_1824_HARP226_NOAA11117.npz,20101024_1824_HARP226_NOAA11117,2010-10-24 18:24:00,226,11117,0,2010
test_2015,train,gs://suryabench-sharp-pipeline-bamidele/samples_npz/2011/20110910_1824_HARP850_NOAA11290.npz,20110910_1824_HARP850_NOAA11290,2011-09-10 18:24:00,850,11290,0,2011
test_2015,train,gs://suryabench-sharp-pipeline-bamidele/samples_npz/2013/20130420_2336_HARP2673_NOAA11726.npz,20130420_2336_HARP2673_NOAA11726,2013-04-20 23:36:00,2673,11726,1,2013
test_2015,train,gs://suryabench-sharp-pipeline-bamidele/samples_npz/2010/20100921_0812_HARP185_NOAA11108.npz,20100921_0812_HARP185_NOAA11108,2010-09-21 08:12:00,185,11108,0,2010
test_2015,train,gs://suryabench-sharp-pipeline-bamidele/samples_npz/2012/20121129_0112_HARP2240_NOAA11621.npz,20121129_0112_HARP2240_NOAA11621,2012-11-29 01:12:00,2240,11621,0,2012
test_2015,train,gs://suryabench-sharp-pipeline-bamidele/samples_npz/2011/20111231_0336_HARP1237_NOAA11386.npz,20111231_0336_HARP1237_NOAA11386,2011-12-31 03:36:00,1237,11386,0,2011
test_2015,train,gs://suryabench-sharp-pipeline-bamidele/samples_npz/2013/20130117_0136_HARP2387_NOAA11658.npz,20130117_0136_HARP2387_NOAA11658,2013-01-17 01:36:00,2387,11658,0,2013
test_2015,train,gs://suryabench-sharp-pipeline-bamidele/samples_npz/2012/20120910_1012_HARP2021_NOAA11567.npz,20120910_1012_HARP2021_NOAA11567,2012-09-10 10:12:00,2021,11567,0,2012
test_2015,train,gs://suryabench-sharp-pipeline-bamidele/samples_npz/2012/20120906_0912_HARP2017_NOAA11568.npz,20120906_0912_HARP2017_NOAA11568,2012-09-06 09:12:00,2017,11568,0,2012
test_2015,train,gs://suryabench-sharp-pipeline-bamidele/samples_npz/2011/20111225_1024_HARP1232_NOAA11385.npz,20111225_1024_HARP1232_NOAA11385,2011-12-25 10:24:00,1232,11385,0,2011
test_2015,train,gs://suryabench-sharp-pipeline-bamidele/samples_npz/2012/20120925_0148_HARP2047_NOAA11578.npz,20120925_0148_HARP2047_NOAA11578,2012-09-25 01:48:00,2047,11578,0,2012
test_2015,train,gs://suryabench-sharp-pipeline-bamidele/samples_npz/2010/20100602_0100_HARP43_NOAA11076.npz,20100602_0100_HARP43_NOAA11076,2010-06-02 01:00:00,43,11076,0,2010
test_2015,train,gs://suryabench-sharp-pipeline-bamidele/samples_npz/2011/20110415_0624_HARP495_NOAA11190.npz,20110415_0624_HARP495_NOAA11190,2011-04-15 06:24:00,495,11190,1,2011
test_2015,train,gs://suryabench-sharp-pipeline-bamidele/samples_npz/2013/20130708_2336_HARP2945_NOAA11794.npz,20130708_2336_HARP2945_NOAA11794,2013-07-08 23:36:00,2945,11794,0,2013
test_2015,train,gs://suryabench-sharp-pipeline-bamidele/samples_npz/2012/20120831_1248_HARP1993_NOAA11560.npz,20120831_1248_HARP1993_NOAA11560,2012-08-31 12:48:00,1993,11560,0,2012
test_2015,train,gs://suryabench-sharp-pipeline-bamidele/samples_npz/2013/20130702_1212_HARP2922_NOAA11784.npz,20130702_1212_HARP2922_NOAA11784,2013-07-02 12:12:00,2922,11784,0,2013
test_2015,train,gs://suryabench-sharp-pipeline-bamidele/samples_npz/2011/20111204_0236_HARP1126_NOAA11364.npz,20111204_0236_HARP1126_NOAA11364,2011-12-04 02:36:00,1126,11364,0,2011
test_2015,train,gs://suryabench-sharp-pipeline-bamidele/samples_npz/2013/20130419_0312_HARP2661_NOAA11724.npz,20130419_0312_HARP2661_NOAA11724,2013-04-19 03:12:00,2661,11724,0,2013
test_2015,train,gs://suryabench-sharp-pipeline-bamidele/samples_npz/2011/20111223_2336_HARP1209_NOAA11380.npz,20111223_2336_HARP1209_NOAA11380,2011-12-23 23:36:00,1209,11380,0,2011
test_2015,train,gs://suryabench-sharp-pipeline-bamidele/samples_npz/2011/20111129_1136_HARP1113_NOAA11358.npz,20111129_1136_HARP1113_NOAA11358,2011-11-29 11:36:00,1113,11358,0,2011
test_2015,train,gs://suryabench-sharp-pipeline-bamidele/samples_npz/2012/20120901_1212_HARP1997_NOAA11561.npz,20120901_1212_HARP1997_NOAA11561,2012-09-01 12:12:00,1997,11561,0,2012
test_2015,train,gs://suryabench-sharp-pipeline-bamidele/samples_npz/2013/20130122_0000_HARP2400_NOAA11660.npz,20130122_0000_HARP2400_NOAA11660,2013-01-22 00:00:00,2400,11660,0,2013
test_2015,train,gs://suryabench-sharp-pipeline-bamidele/samples_npz/2012/20120319_2348_HARP1480_NOAA11437.npz,20120319_2348_HARP1480_NOAA11437,2012-03-19 23:48:00,1480,11437,0,2012
test_2015,train,gs://suryabench-sharp-pipeline-bamidele/samples_npz/2013/20131031_0800_HARP3323_NOAA11888.npz,20131031_0800_HARP3323_NOAA11888,2013-10-31 08:00:00,3323,11888,0,2013
test_2015,train,gs://suryabench-sharp-pipeline-bamidele/samples_npz/2012/20120515_2048_HARP1653_NOAA11479.npz,20120515_2048_HARP1653_NOAA11479,2012-05-15 20:48:00,1653,11479,0,2012
test_2015,train,gs://suryabench-sharp-pipeline-bamidele/samples_npz/2012/20121019_1436_HARP2123_NOAA11594.npz,20121019_1436_HARP2123_NOAA11594,2012-10-19 14:36:00,2123,11594,0,2012
test_2015,train,gs://suryabench-sharp-pipeline-bamidele/samples_npz/2011/20110815_1100_HARP772_NOAA11269.npz,20110815_1100_HARP772_NOAA11269,2011-08-15 11:00:00,772,11269,0,2011
test_2015,train,gs://suryabench-sharp-pipeline-bamidele/samples_npz/2012/20120902_0436_HARP1990_NOAA11562.npz,20120902_0436_HARP1990_NOAA11562,2012-09-02 04:36:00,1990,11562,0,2012
test_2015,train,gs://suryabench-sharp-pipeline-bamidele/samples_npz/2011/20110906_0712_HARP833_NOAA11283.npz,20110906_0712_HARP833_NOAA11283,2011-09-06 07:12:00,833,11283,1,2011
test_2015,train,gs://suryabench-sharp-pipeline-bamidele/samples_npz/2013/20131101_1648_HARP3321_NOAA11884.npz,20131101_1648_HARP3321_NOAA11884,2013-11-01 16:48:00,3321,11884,1,2013
test_2015,train,gs://suryabench-sharp-pipeline-bamidele/samples_npz/2013/20131202_1148_HARP3443_NOAA11914.npz,20131202_1148_HARP3443_NOAA11914,2013-12-02 11:48:00,3443,11914,0,2013
test_2015,train,gs://suryabench-sharp-pipeline-bamidele/samples_npz/2010/20100730_2212_HARP107_NOAA11094.npz,20100730_2212_HARP107_NOAA11094,2010-07-30 22:12:00,107,11094,0,2010
test_2015,train,gs://suryabench-sharp-pipeline-bamidele/samples_npz/2012/20120617_0124_HARP1756_NOAA11506.npz,20120617_0124_HARP1756_NOAA11506,2012-06-17 01:24:00,1756,11506,0,2012
test_2015,train,gs://suryabench-sharp-pipeline-bamidele/samples_npz/2012/20120506_1324_HARP1632_NOAA11474.npz,20120506_1324_HARP1632_NOAA11474,2012-05-06 13:24:00,1632,11474,0,2012
test_2015,train,gs://suryabench-sharp-pipeline-bamidele/samples_npz/2013/20130112_2200_HARP2362_NOAA11652.npz,20130112_2200_HARP2362_NOAA11652,2013-01-12 22:00:00,2362,11652,1,2013
test_2015,train,gs://suryabench-sharp-pipeline-bamidele/samples_npz/2013/20130314_0112_HARP2546_NOAA11692.npz,20130314_0112_HARP2546_NOAA11692,2013-03-14 01:12:00,2546,11692,1,2013
test_2015,train,gs://suryabench-sharp-pipeline-bamidele/samples_npz/2011/20110804_1348_HARP753_NOAA11263.npz,20110804_1348_HARP753_NOAA11263,2011-08-04 13:48:00,753,11263,0,2011
test_2015,train,gs://suryabench-sharp-pipeline-bamidele/samples_npz/2013/20130831_0300_HARP3149_NOAA11837.npz,20130831_0300_HARP3149_NOAA11837,2013-08-31 03:00:00,3149,11837,0,2013
test_2015,train,gs://suryabench-sharp-pipeline-bamidele/samples_npz/2013/20131030_1536_HARP3320_NOAA11883.npz,20131030_1536_HARP3320_NOAA11883,2013-10-30 15:36:00,3320,11883,0,2013
test_2015,train,gs://suryabench-sharp-pipeline-bamidele/samples_npz/2013/20131012_2012_HARP3267_NOAA11867.npz,20131012_2012_HARP3267_NOAA11867,2013-10-12 20:12:00,3267,11867,0,2013
test_2015,train,gs://suryabench-sharp-pipeline-bamidele/samples_npz/2012/20120730_1236_HARP1892_NOAA11533.npz,20120730_1236_HARP1892_NOAA11533,2012-07-30 12:36:00,1892,11533,0,2012
test_2015,train,gs://suryabench-sharp-pipeline-bamidele/samples_npz/2013/20130518_0224_HARP2739_NOAA11745.npz,20130518_0224_HARP2739_NOAA11745,2013-05-18 02:24:00,2739,11745,0,2013
test_2015,train,gs://suryabench-sharp-pipeline-bamidele/samples_npz/2012/20120301_1400_HARP1422_NOAA11423.npz,20120301_1400_HARP1422_NOAA11423,2012-03-01 14:00:00,1422,11423,0,2012
test_2015,train,gs://suryabench-sharp-pipeline-bamidele/samples_npz/2011/20110205_0100_HARP361_NOAA11152.npz,20110205_0100_HARP361_NOAA11152,2011-02-05 01:00:00,361,11152,0,2011
test_2015,train,gs://suryabench-sharp-pipeline-bamidele/samples_npz/2011/20110718_1424_HARP725_NOAA11254.npz,20110718_1424_HARP725_NOAA11254,2011-07-18 14:24:00,725,11254,0,2011
test_2015,train,gs://suryabench-sharp-pipeline-bamidele/samples_npz/2011/20110830_1148_HARP814_NOAA11277.npz,20110830_1148_HARP814_NOAA11277,2011-08-30 11:48:00,814,11277,0,2011
test_2015,train,gs://suryabench-sharp-pipeline-bamidele/samples_npz/2012/20121115_0412_HARP2186_NOAA11611.npz,20121115_0412_HARP2186_NOAA11611,2012-11-15 04:12:00,2186,11611,0,2012
test_2015,train,gs://suryabench-sharp-pipeline-bamidele/samples_npz/2011/20111013_1224_HARP927_NOAA11312.npz,20111013_1224_HARP927_NOAA11312,2011-10-13 12:24:00,927,11312,0,2011
test_2015,train,gs://suryabench-sharp-pipeline-bamidele/samples_npz/2013/20130310_1612_HARP2533_NOAA11690.npz,20130310_1612_HARP2533_NOAA11690,2013-03-10 16:12:00,2533,11690,0,2013
test_2015,train,gs://suryabench-sharp-pipeline-bamidele/samples_npz/2012/20120903_1948_HARP1979_NOAA11558.npz,20120903_1948_HARP1979_NOAA11558,2012-09-03 19:48:00,1979,11558,0,2012
test_2015,train,gs://suryabench-sharp-pipeline-bamidele/samples_npz/2011/20110213_1048_HARP377_NOAA11158.npz,20110213_1048_HARP377_NOAA11158,2011-02-13 10:48:00,377,11158,1,2011
test_2015,train,gs://suryabench-sharp-pipeline-bamidele/samples_npz/2012/20120907_2300_HARP1999_NOAA11563.npz,20120907_2300_HARP1999_NOAA11563,2012-09-07 23:00:00,1999,11563,0,2012
test_2015,train,gs://suryabench-sharp-pipeline-bamidele/samples_npz/2012/20120323_1848_HARP1497_NOAA11446.npz,20120323_1848_HARP1497_NOAA11446,2012-03-23 18:48:00,1497,11446,0,2012
test_2015,train,gs://suryabench-sharp-pipeline-bamidele/samples_npz/2013/20131230_0036_HARP3557_NOAA11938.npz,20131230_0036_HARP3557_NOAA11938,2013-12-30 00:36:00,3557,11938,0,2013
test_2015,train,gs://suryabench-sharp-pipeline-bamidele/samples_npz/2011/20111202_0948_HARP1119_NOAA11361.npz,20111202_0948_HARP1119_NOAA11361,2011-12-02 09:48:00,1119,11361,0,2011
test_2015,train,gs://suryabench-sharp-pipeline-bamidele/samples_npz/2012/20120327_1036_HARP1488_NOAA11438.npz,20120327_1036_HARP1488_NOAA11438,2012-03-27 10:36:00,1488,11438,0,2012
test_2015,train,gs://suryabench-sharp-pipeline-bamidele/samples_npz/2013/20131113_2324_HARP3364_NOAA11893.npz,20131113_2324_HARP3364_NOAA11893,2013-11-13 23:24:00,3364,11893,0,2013
test_2015,train,gs://suryabench-sharp-pipeline-bamidele/samples_npz/2013/20130624_0512_HARP2878_NOAA11777.npz,20130624_0512_HARP2878_NOAA11777,2013-06-24 05:12:00,2878,11777,0,2013
test_2015,train,gs://suryabench-sharp-pipeline-bamidele/samples_npz/2011/20111030_1248_HARP997_NOAA11330.npz,20111030_1248_HARP997_NOAA11330,2011-10-30 12:48:00,997,11330,0,2011
test_2015,train,gs://suryabench-sharp-pipeline-bamidele/samples_npz/2011/20110908_0048_HARP833_NOAA11283.npz,20110908_0048_HARP833_NOAA11283,2011-09-08 00:48:00,833,11283,1,2011
test_2015,train,gs://suryabench-sharp-pipeline-bamidele/samples_npz/2013/20131213_1248_HARP3481_NOAA11923.npz,20131213_1248_HARP3481_NOAA11923,2013-12-13 12:48:00,3481,11923,0,2013
test_2015,train,gs://suryabench-sharp-pipeline-bamidele/samples_npz/2013/20130927_1812_HARP3217_NOAA11851.npz,20130927_1812_HARP3217_NOAA11851,2013-09-27 18:12:00,3217,11851,0,2013
test_2015,train,gs://suryabench-sharp-pipeline-bamidele/samples_npz/2013/20130316_1736_HARP2557_NOAA11695.npz,20130316_1736_HARP2557_NOAA11695,2013-03-16 17:36:00,2557,11695,0,2013
test_2015,train,gs://suryabench-sharp-pipeline-bamidele/samples_npz/2013/20130523_0900_HARP2758_NOAA11754.npz,20130523_0900_HARP2758_NOAA11754,2013-05-23 09:00:00,2758,11754,0,2013
test_2015,train,gs://suryabench-sharp-pipeline-bamidele/samples_npz/2011/20111222_0512_HARP1210_NOAA11381.npz,20111222_0512_HARP1210_NOAA11381,2011-12-22 05:12:00,1210,11381,0,2011
test_2015,train,gs://suryabench-sharp-pipeline-bamidele/samples_npz/2013/20130519_0824_HARP2737_NOAA11746.npz,20130519_0824_HARP2737_NOAA11746,2013-05-19 08:24:00,2737,11746,0,2013
test_2015,train,gs://suryabench-sharp-pipeline-bamidele/samples_npz/2012/20120713_0624_HARP1834_NOAA11519.npz,20120713_0624_HARP1834_NOAA11519,2012-07-13 06:24:00,1834,11519,0,2012
test_2015,train,gs://suryabench-sharp-pipeline-bamidele/samples_npz/2013/20131204_0400_HARP3437_NOAA11909.npz,20131204_0400_HARP3437_NOAA11909,2013-12-04 04:00:00,3437,11909,0,2013
test_2015,train,gs://suryabench-sharp-pipeline-bamidele/samples_npz/2013/20130629_0024_HARP2887_NOAA11778.npz,20130629_0024_HARP2887_NOAA11778,2013-06-29 00:24:00,2887,11778,0,2013
test_2015,train,gs://suryabench-sharp-pipeline-bamidele/samples_npz/2012/20121004_0448_HARP2069_NOAA11582.npz,20121004_0448_HARP2069_NOAA11582,2012-10-04 04:48:00,2069,11582,0,2012
test_2015,train,gs://suryabench-sharp-pipeline-bamidele/samples_npz/2013/20131202_0700_HARP3443_NOAA11914.npz,20131202_0700_HARP3443_NOAA11914,2013-12-02 07:00:00,3443,11914,0,2013
test_2015,train,gs://suryabench-sharp-pipeline-bamidele/samples_npz/2011/20111018_2124_HARP975_NOAA11321.npz,20111018_2124_HARP975_NOAA11321,2011-10-18 21:24:00,975,11321,0,2011
test_2015,train,gs://suryabench-sharp-pipeline-bamidele/samples_npz/2013/20130620_1500_HARP2861_NOAA11773.npz,20130620_1500_HARP2861_NOAA11773,2013-06-20 15:00:00,2861,11773,0,2013
test_2015,train,gs://suryabench-sharp-pipeline-bamidele/samples_npz/2013/20130925_1236_HARP3199_NOAA11850.npz,20130925_1236_HARP3199_NOAA11850,2013-09-25 12:36:00,3199,11850,0,2013
test_2015,train,gs://suryabench-sharp-pipeline-bamidele/samples_npz/2012/20120528_1700_HARP1697_NOAA11489.npz,20120528_1700_HARP1697_NOAA11489,2012-05-28 17:00:00,1697,11489,0,2012
test_2015,train,gs://suryabench-sharp-pipeline-bamidele/samples_npz/2012/20120415_1224_HARP1558_NOAA11463.npz,20120415_1224_HARP1558_NOAA11463,2012-04-15 12:24:00,1558,11463,0,2012
test_2015,train,gs://suryabench-sharp-pipeline-bamidele/samples_npz/2011/20110726_1224_HARP740_NOAA11259.npz,20110726_1224_HARP740_NOAA11259,2011-07-26 12:24:00,740,11259,0,2011
test_2015,train,gs://suryabench-sharp-pipeline-bamidele/samples_npz/2013/20130815_0012_HARP3079_NOAA11821.npz,20130815_0012_HARP3079_NOAA11821,2013-08-15 00:12:00,3079,11821,0,2013
test_2015,train,gs://suryabench-sharp-pipeline-bamidele/samples_npz/2013/20130504_2012_HARP2711_NOAA11737.npz,20130504_2012_HARP2711_NOAA11737,2013-05-04 20:12:00,2711,11737,0,2013
test_2015,train,gs://suryabench-sharp-pipeline-bamidele/samples_npz/2012/20120413_1324_HARP1564_NOAA11456.npz,20120413_1324_HARP1564_NOAA11456,2012-04-13 13:24:00,1564,11456,0,2012
test_2015,train,gs://suryabench-sharp-pipeline-bamidele/samples_npz/2012/20120111_1000_HARP1278_NOAA11391.npz,20120111_1000_HARP1278_NOAA11391,2012-01-11 10:00:00,1278,11391,0,2012
test_2015,train,gs://suryabench-sharp-pipeline-bamidele/samples_npz/2011/20110620_2148_HARP677_NOAA11238.npz,20110620_2148_HARP677_NOAA11238,2011-06-20 21:48:00,677,11238,0,2011
test_2015,train,gs://suryabench-sharp-pipeline-bamidele/samples_npz/2012/20120929_1248_HARP2061_NOAA11580.npz,20120929_1248_HARP2061_NOAA11580,2012-09-29 12:48:00,2061,11580,0,2012
test_2015,train,gs://suryabench-sharp-pipeline-bamidele/samples_npz/2011/20110215_1848_HARP377_NOAA11158.npz,20110215_1848_HARP377_NOAA11158,2011-02-15 18:48:00,377,11158,1,2011
test_2015,train,gs://suryabench-sharp-pipeline-bamidele/samples_npz/2011/20111122_1148_HARP1092_NOAA11354.npz,20111122_1148_HARP1092_NOAA11354,2011-11-22 11:48:00,1092,11354,0,2011
test_2015,train,gs://suryabench-sharp-pipeline-bamidele/samples_npz/2013/20130805_0936_HARP3032_NOAA11811.npz,20130805_0936_HARP3032_NOAA11811,2013-08-05 09:36:00,3032,11811,0,2013
test_2015,train,gs://suryabench-sharp-pipeline-bamidele/samples_npz/2011/20111009_1948_HARP918_NOAA11309.npz,20111009_1948_HARP918_NOAA11309,2011-10-09 19:48:00,918,11309,0,2011
test_2015,train,gs://suryabench-sharp-pipeline-bamidele/samples_npz/2013/20131113_1224_HARP3371_NOAA11901.npz,20131113_1224_HARP3371_NOAA11901,2013-11-13 12:24:00,3371,11901,0,2013
test_2015,train,gs://suryabench-sharp-pipeline-bamidele/samples_npz/2013/20130831_0612_HARP3149_NOAA11837.npz,20130831_0612_HARP3149_NOAA11837,2013-08-31 06:12:00,3149,11837,0,2013
test_2015,train,gs://suryabench-sharp-pipeline-bamidele/samples_npz/2013/20130820_0124_HARP3108_NOAA11826.npz,20130820_0124_HARP3108_NOAA11826,2013-08-20 01:24:00,3108,11826,0,2013
test_2015,train,gs://suryabench-sharp-pipeline-bamidele/samples_npz/2011/20110216_1724_HARP371_NOAA11159.npz,20110216_1724_HARP371_NOAA11159,2011-02-16 17:24:00,371,11159,0,2011
test_2015,train,gs://suryabench-sharp-pipeline-bamidele/samples_npz/2012/20120418_0400_HARP1557_NOAA11454.npz,20120418_0400_HARP1557_NOAA11454,2012-04-18 04:00:00,1557,11454,0,2012
test_2015,train,gs://suryabench-sharp-pipeline-bamidele/samples_npz/2013/20131018_0036_HARP3293_NOAA11874.npz,20131018_0036_HARP3293_NOAA11874,2013-10-18 00:36:00,3293,11874,0,2013
test_2015,train,gs://suryabench-sharp-pipeline-bamidele/samples_npz/2011/20110909_0800_HARP843_NOAA11287.npz,20110909_0800_HARP843_NOAA11287,2011-09-09 08:00:00,843,11287,0,2011
test_2015,train,gs://suryabench-sharp-pipeline-bamidele/samples_npz/2011/20111015_0048_HARP940_NOAA11314.npz,20111015_0048_HARP940_NOAA11314,2011-10-15 00:48:00,940,11314,0,2011
test_2015,train,gs://suryabench-sharp-pipeline-bamidele/samples_npz/2012/20120702_0248_HARP1806_NOAA11513.npz,20120702_0248_HARP1806_NOAA11513,2012-07-02 02:48:00,1806,11513,0,2012
test_2015,train,gs://suryabench-sharp-pipeline-bamidele/samples_npz/2013/20130331_2036_HARP2598_NOAA11707.npz,20130331_2036_HARP2598_NOAA11707,2013-03-31 20:36:00,2598,11707,0,2013
test_2015,train,gs://suryabench-sharp-pipeline-bamidele/samples_npz/2013/20130408_1600_HARP2625_NOAA11716.npz,20130408_1600_HARP2625_NOAA11716,2013-04-08 16:00:00,2625,11716,0,2013
test_2015,train,gs://suryabench-sharp-pipeline-bamidele/samples_npz/2013/20131216_0036_HARP3473_NOAA11917.npz,20131216_0036_HARP3473_NOAA11917,2013-12-16 00:36:00,3473,11917,0,2013
test_2015,train,gs://suryabench-sharp-pipeline-bamidele/samples_npz/2011/20111115_2312_HARP1075_NOAA11347.npz,20111115_2312_HARP1075_NOAA11347,2011-11-15 23:12:00,1075,11347,0,2011
test_2015,train,gs://suryabench-sharp-pipeline-bamidele/samples_npz/2011/20110310_0512_HARP401_NOAA11166.npz,20110310_0512_HARP401_NOAA11166,2011-03-10 05:12:00,401,11166,1,2011
test_2015,train,gs://suryabench-sharp-pipeline-bamidele/samples_npz/2012/20121231_0124_HARP2329_NOAA11639.npz,20121231_0124_HARP2329_NOAA11639,2012-12-31 01:24:00,2329,11639,0,2012
test_2015,train,gs://suryabench-sharp-pipeline-bamidele/samples_npz/2013/20130510_0936_HARP2716_NOAA11738.npz,20130510_0936_HARP2716_NOAA11738,2013-05-10 09:36:00,2716,11738,0,2013
test_2015,train,gs://suryabench-sharp-pipeline-bamidele/samples_npz/2013/20130113_0924_HARP2366_NOAA11653.npz,20130113_0924_HARP2366_NOAA11653,2013-01-13 09:24:00,2366,11653,0,2013
test_2015,train,gs://suryabench-sharp-pipeline-bamidele/samples_npz/2013/20131106_2036_HARP3336_NOAA11889.npz,20131106_2036_HARP3336_NOAA11889,2013-11-06 20:36:00,3336,11889,0,2013
test_2015,train,gs://suryabench-sharp-pipeline-bamidele/samples_npz/2011/20110514_2000_HARP595_NOAA11212.npz,20110514_2000_HARP595_NOAA11212,2011-05-14 20:00:00,595,11212,0,2011
test_2015,train,gs://suryabench-sharp-pipeline-bamidele/samples_npz/2010/20100603_1348_HARP43_NOAA11076.npz,20100603_1348_HARP43_NOAA11076,2010-06-03 13:48:00,43,11076,0,2010
test_2015,train,gs://suryabench-sharp-pipeline-bamidele/samples_npz/2011/20110622_1024_HARP676_NOAA11239.npz,20110622_1024_HARP676_NOAA11239,2011-06-22 10:24:00,676,11239,0,2011
test_2015,train,gs://suryabench-sharp-pipeline-bamidele/samples_npz/2012/20120607_1336_HARP1735_NOAA11502.npz,20120607_1336_HARP1735_NOAA11502,2012-06-07 13:36:00,1735,11502,0,2012
test_2015,train,gs://suryabench-sharp-pipeline-bamidele/samples_npz/2013/20130308_0912_HARP2525_NOAA11693.npz,20130308_0912_HARP2525_NOAA11693,2013-03-08 09:12:00,2525,11693,0,2013
test_2015,train,gs://suryabench-sharp-pipeline-bamidele/samples_npz/2011/20110517_0124_HARP602_NOAA11214.npz,20110517_0124_HARP602_NOAA11214,2011-05-17 01:24:00,602,11214,0,2011
test_2015,train,gs://suryabench-sharp-pipeline-bamidele/samples_npz/2013/20131028_0924_HARP3309_NOAA11881.npz,20131028_0924_HARP3309_NOAA11881,2013-10-28 09:24:00,3309,11881,0,2013
test_2015,train,gs://suryabench-sharp-pipeline-bamidele/samples_npz/2012/20120817_1300_HARP1943_NOAA11547.npz,20120817_1300_HARP1943_NOAA11547,2012-08-17 13:00:00,1943,11547,0,2012
test_2015,train,gs://suryabench-sharp-pipeline-bamidele/samples_npz/2013/20131010_0748_HARP3247_NOAA11857.npz,20131010_0748_HARP3247_NOAA11857,2013-10-10 07:48:00,3247,11857,0,2013
test_2015,train,gs://suryabench-sharp-pipeline-bamidele/samples_npz/2011/20110710_1600_HARP702_NOAA11249.npz,20110710_1600_HARP702_NOAA11249,2011-07-10 16:00:00,702,11249,0,2011
test_2015,train,gs://suryabench-sharp-pipeline-bamidele/samples_npz/2013/20131105_0748_HARP3330_NOAA11887.npz,20131105_0748_HARP3330_NOAA11887,2013-11-05 07:48:00,3330,11887,0,2013
test_2015,train,gs://suryabench-sharp-pipeline-bamidele/samples_npz/2011/20111026_0512_HARP976_NOAA11324.npz,20111026_0512_HARP976_NOAA11324,2011-10-26 05:12:00,976,11324,0,2011
test_2015,train,gs://suryabench-sharp-pipeline-bamidele/samples_npz/2010/20101113_0224_HARP245_NOAA11121.npz,20101113_0224_HARP245_NOAA11121,2010-11-13 02:24:00,245,11121,0,2010
test_2015,train,gs://suryabench-sharp-pipeline-bamidele/samples_npz/2012/20121027_1648_HARP2144_NOAA11600.npz,20121027_1648_HARP2144_NOAA11600,2012-10-27 16:48:00,2144,11600,0,2012
test_2015,train,gs://suryabench-sharp-pipeline-bamidele/samples_npz/2012/20120116_0524_HARP1327_NOAA11404.npz,20120116_0524_HARP1327_NOAA11404,2012-01-16 05:24:00,1327,11404,0,2012
test_2015,train,gs://suryabench-sharp-pipeline-bamidele/samples_npz/2010/20101216_2212_HARP297_NOAA11135.npz,20101216_2212_HARP297_NOAA11135,2010-12-16 22:12:00,297,11135,0,2010
test_2015,train,gs://suryabench-sharp-pipeline-bamidele/samples_npz/2012/20120630_2036_HARP1807_NOAA11514.npz,20120630_2036_HARP1807_NOAA11514,2012-06-30 20:36:00,1807,11514,0,2012
test_2015,train,gs://suryabench-sharp-pipeline-bamidele/samples_npz/2012/20120228_1700_HARP1425_NOAA11424.npz,20120228_1700_HARP1425_NOAA11424,2012-02-28 17:00:00,1425,11424,0,2012
test_2015,train,gs://suryabench-sharp-pipeline-bamidele/samples_npz/2012/20120104_0348_HARP1271_NOAA11392.npz,20120104_0348_HARP1271_NOAA11392,2012-01-04 03:48:00,1271,11392,0,2012
test_2015,train,gs://suryabench-sharp-pipeline-bamidele/samples_npz/2013/20130515_0424_HARP2733_NOAA11742.npz,20130515_0424_HARP2733_NOAA11742,2013-05-15 04:24:00,2733,11742,0,2013
test_2015,train,gs://suryabench-sharp-pipeline-bamidele/samples_npz/2011/20111220_0648_HARP1210_NOAA11381.npz,20111220_0648_HARP1210_NOAA11381,2011-12-20 06:48:00,1210,11381,0,2011
test_2015,train,gs://suryabench-sharp-pipeline-bamidele/samples_npz/2013/20131021_0348_HARP3293_NOAA11874.npz,20131021_0348_HARP3293_NOAA11874,2013-10-21 03:48:00,3293,11874,0,2013
test_2015,train,gs://suryabench-sharp-pipeline-bamidele/samples_npz/2012/20120307_0536_HARP1449_NOAA11429.npz,20120307_0536_HARP1449_NOAA11429,2012-03-07 05:36:00,1449,11429,1,2012
test_2015,train,gs://suryabench-sharp-pipeline-bamidele/samples_npz/2012/20121210_0736_HARP2262_NOAA11628.npz,20121210_0736_HARP2262_NOAA11628,2012-12-10 07:36:00,2262,11628,0,2012
test_2015,train,gs://suryabench-sharp-pipeline-bamidele/samples_npz/2012/20120417_1936_HARP1578_NOAA11460.npz,20120417_1936_HARP1578_NOAA11460,2012-04-17 19:36:00,1578,11460,0,2012
test_2015,train,gs://suryabench-sharp-pipeline-bamidele/samples_npz/2013/20131009_0012_HARP3248_NOAA11856.npz,20131009_0012_HARP3248_NOAA11856,2013-10-09 00:12:00,3248,11856,0,2013
test_2015,train,gs://suryabench-sharp-pipeline-bamidele/samples_npz/2013/20131026_2036_HARP3309_NOAA11881.npz,20131026_2036_HARP3309_NOAA11881,2013-10-26 20:36:00,3309,11881,0,2013
test_2015,train,gs://suryabench-sharp-pipeline-bamidele/samples_npz/2011/20110629_1812_HARP686_NOAA11242.npz,20110629_1812_HARP686_NOAA11242,2011-06-29 18:12:00,686,11242,0,2011
test_2015,train,gs://suryabench-sharp-pipeline-bamidele/samples_npz/2010/20100523_0212_HARP26_NOAA11072.npz,20100523_0212_HARP26_NOAA11072,2010-05-23 02:12:00,26,11072,0,2010
test_2015,train,gs://suryabench-sharp-pipeline-bamidele/samples_npz/2012/20120315_0436_HARP1464_NOAA11434.npz,20120315_0436_HARP1464_NOAA11434,2012-03-15 04:36:00,1464,11434,0,2012
test_2015,train,gs://suryabench-sharp-pipeline-bamidele/samples_npz/2013/20130801_0912_HARP3022_NOAA11808.npz,20130801_0912_HARP3022_NOAA11808,2013-08-01 09:12:00,3022,11808,0,2013
test_2015,train,gs://suryabench-sharp-pipeline-bamidele/samples_npz/2013/20130921_1400_HARP3192_NOAA11847.npz,20130921_1400_HARP3192_NOAA11847,2013-09-21 14:00:00,3192,11847,0,2013
test_2015,train,gs://suryabench-sharp-pipeline-bamidele/samples_npz/2012/20120116_1312_HARP1319_NOAA11400.npz,20120116_1312_HARP1319_NOAA11400,2012-01-16 13:12:00,1319,11400,0,2012
test_2015,train,gs://suryabench-sharp-pipeline-bamidele/samples_npz/2011/20110512_1036_HARP580_NOAA11210.npz,20110512_1036_HARP580_NOAA11210,2011-05-12 10:36:00,580,11210,0,2011
test_2015,train,gs://suryabench-sharp-pipeline-bamidele/samples_npz/2011/20110304_0624_HARP392_NOAA11163.npz,20110304_0624_HARP392_NOAA11163,2011-03-04 06:24:00,392,11163,0,2011
test_2015,train,gs://suryabench-sharp-pipeline-bamidele/samples_npz/2011/20110904_1612_HARP824_NOAA11281.npz,20110904_1612_HARP824_NOAA11281,2011-09-04 16:12:00,824,11281,0,2011
test_2015,train,gs://suryabench-sharp-pipeline-bamidele/samples_npz/2011/20111113_2248_HARP1046_NOAA11343.npz,20111113_2248_HARP1046_NOAA11343,2011-11-13 22:48:00,1046,11343,0,2011
test_2015,train,gs://suryabench-sharp-pipeline-bamidele/samples_npz/2012/20120518_1124_HARP1658_NOAA11483.npz,20120518_1124_HARP1658_NOAA11483,2012-05-18 11:24:00,1658,11483,0,2012
test_2015,train,gs://suryabench-sharp-pipeline-bamidele/samples_npz/2013/20131015_1700_HARP3263_NOAA11861.npz,20131015_1700_HARP3263_NOAA11861,2013-10-15 17:00:00,3263,11861,1,2013
test_2015,train,gs://suryabench-sharp-pipeline-bamidele/samples_npz/2013/20130604_1336_HARP2809_NOAA11760.npz,20130604_1336_HARP2809_NOAA11760,2013-06-04 13:36:00,2809,11760,0,2013
test_2015,train,gs://suryabench-sharp-pipeline-bamidele/samples_npz/2010/20100823_0112_HARP135_NOAA11100.npz,20100823_0112_HARP135_NOAA11100,2010-08-23 01:12:00,135,11100,0,2010
test_2015,train,gs://suryabench-sharp-pipeline-bamidele/samples_npz/2013/20130208_0548_HARP2450_NOAA11669.npz,20130208_0548_HARP2450_NOAA11669,2013-02-08 05:48:00,2450,11669,0,2013
test_2015,train,gs://suryabench-sharp-pipeline-bamidele/samples_npz/2012/20120805_2048_HARP1907_NOAA11538.npz,20120805_2048_HARP1907_NOAA11538,2012-08-05 20:48:00,1907,11538,0,2012
test_2015,train,gs://suryabench-sharp-pipeline-bamidele/samples_npz/2011/20110618_1600_HARP667_NOAA11236.npz,20110618_1600_HARP667_NOAA11236,2011-06-18 16:00:00,667,11236,0,2011
test_2015,train,gs://suryabench-sharp-pipeline-bamidele/samples_npz/2013/20130328_0324_HARP2587_NOAA11704.npz,20130328_0324_HARP2587_NOAA11704,2013-03-28 03:24:00,2587,11704,0,2013
test_2015,train,gs://suryabench-sharp-pipeline-bamidele/samples_npz/2012/20120308_0312_HARP1449_NOAA11429.npz,20120308_0312_HARP1449_NOAA11429,2012-03-08 03:12:00,1449,11429,1,2012
test_2015,train,gs://suryabench-sharp-pipeline-bamidele/samples_npz/2010/20100618_0148_HARP58_NOAA11083.npz,20100618_0148_HARP58_NOAA11083,2010-06-18 01:48:00,58,11083,0,2010
test_2015,train,gs://suryabench-sharp-pipeline-bamidele/samples_npz/2013/20130915_0924_HARP3176_NOAA11841.npz,20130915_0924_HARP3176_NOAA11841,2013-09-15 09:24:00,3176,11841,0,2013
test_2015,train,gs://suryabench-sharp-pipeline-bamidele/samples_npz/2013/20130522_1500_HARP2758_NOAA11754.npz,20130522_1500_HARP2758_NOAA11754,2013-05-22 15:00:00,2758,11754,0,2013
test_2015,train,gs://suryabench-sharp-pipeline-bamidele/samples_npz/2013/20130414_2212_HARP2651_NOAA11721.npz,20130414_2212_HARP2651_NOAA11721,2013-04-14 22:12:00,2651,11721,0,2013
test_2015,train,gs://suryabench-sharp-pipeline-bamidele/samples_npz/2011/20110110_0712_HARP335_NOAA11143.npz,20110110_0712_HARP335_NOAA11143,2011-01-10 07:12:00,335,11143,0,2011
test_2015,train,gs://suryabench-sharp-pipeline-bamidele/samples_npz/2012/20120321_2300_HARP1484_NOAA11440.npz,20120321_2300_HARP1484_NOAA11440,2012-03-21 23:00:00,1484,11440,0,2012
test_2015,train,gs://suryabench-sharp-pipeline-bamidele/samples_npz/2013/20131102_0048_HARP3321_NOAA11884.npz,20131102_0048_HARP3321_NOAA11884,2013-11-02 00:48:00,3321,11884,1,2013
test_2015,train,gs://suryabench-sharp-pipeline-bamidele/samples_npz/2011/20110412_1136_HARP494_NOAA11187.npz,20110412_1136_HARP494_NOAA11187,2011-04-12 11:36:00,494,11187,0,2011
test_2015,train,gs://suryabench-sharp-pipeline-bamidele/samples_npz/2011/20110905_1648_HARP833_NOAA11283.npz,20110905_1648_HARP833_NOAA11283,2011-09-05 16:48:00,833,11283,1,2011
test_2015,train,gs://suryabench-sharp-pipeline-bamidele/samples_npz/2011/20110818_0412_HARP781_NOAA11270.npz,20110818_0412_HARP781_NOAA11270,2011-08-18 04:12:00,781,11270,0,2011
test_2015,train,gs://suryabench-sharp-pipeline-bamidele/samples_npz/2013/20130821_1136_HARP3114_NOAA11832.npz,20130821_1136_HARP3114_NOAA11832,2013-08-21 11:36:00,3114,11832,0,2013
test_2015,train,gs://suryabench-sharp-pipeline-bamidele/samples_npz/2012/20120404_0248_HARP1527_NOAA11451.npz,20120404_0248_HARP1527_NOAA11451,2012-04-04 02:48:00,1527,11451,0,2012
test_2015,train,gs://suryabench-sharp-pipeline-bamidele/samples_npz/2013/20131023_0400_HARP3295_NOAA11877.npz,20131023_0400_HARP3295_NOAA11877,2013-10-23 04:00:00,3295,11877,1,2013
test_2015,train,gs://suryabench-sharp-pipeline-bamidele/samples_npz/2012/20120307_1600_HARP1449_NOAA11429.npz,20120307_1600_HARP1449_NOAA11429,2012-03-07 16:00:00,1449,11429,1,2012
test_2015,train,gs://suryabench-sharp-pipeline-bamidele/samples_npz/2013/20130223_1048_HARP2492_NOAA11676.npz,20130223_1048_HARP2492_NOAA11676,2013-02-23 10:48:00,2492,11676,0,2013
test_2015,train,gs://suryabench-sharp-pipeline-bamidele/samples_npz/2011/20110513_2312_HARP595_NOAA11212.npz,20110513_2312_HARP595_NOAA11212,2011-05-13 23:12:00,595,11212,0,2011
test_2015,train,gs://suryabench-sharp-pipeline-bamidele/samples_npz/2012/20120530_0724_HARP1697_NOAA11489.npz,20120530_0724_HARP1697_NOAA11489,2012-05-30 07:24:00,1697,11489,0,2012
test_2015,train,gs://suryabench-sharp-pipeline-bamidele/samples_npz/2013/20131007_0124_HARP3252_NOAA11862.npz,20131007_0124_HARP3252_NOAA11862,2013-10-07 01:24:00,3252,11862,0,2013
test_2015,train,gs://suryabench-sharp-pipeline-bamidele/samples_npz/2012/20120328_0912_HARP1520_NOAA11449.npz,20120328_0912_HARP1520_NOAA11449,2012-03-28 09:12:00,1520,11449,0,2012
test_2015,train,gs://suryabench-sharp-pipeline-bamidele/samples_npz/2013/20131226_0512_HARP3520_NOAA11931.npz,20131226_0512_HARP3520_NOAA11931,2013-12-26 05:12:00,3520,11931,0,2013
test_2015,train,gs://suryabench-sharp-pipeline-bamidele/samples_npz/2013/20130310_0536_HARP2541_NOAA11691.npz,20130310_0536_HARP2541_NOAA11691,2013-03-10 05:36:00,2541,11691,0,2013
test_2015,train,gs://suryabench-sharp-pipeline-bamidele/samples_npz/2011/20110401_1036_HARP451_NOAA11183.npz,20110401_1036_HARP451_NOAA11183,2011-04-01 10:36:00,451,11183,0,2011
test_2015,train,gs://suryabench-sharp-pipeline-bamidele/samples_npz/2013/20130228_1200_HARP2504_NOAA11680.npz,20130228_1200_HARP2504_NOAA11680,2013-02-28 12:00:00,2504,11680,0,2013
test_2015,train,gs://suryabench-sharp-pipeline-bamidele/samples_npz/2011/20110814_1700_HARP781_NOAA11270.npz,20110814_1700_HARP781_NOAA11270,2011-08-14 17:00:00,781,11270,0,2011
test_2015,train,gs://suryabench-sharp-pipeline-bamidele/samples_npz/2011/20110822_0112_HARP798_NOAA11272.npz,20110822_0112_HARP798_NOAA11272,2011-08-22 01:12:00,798,11272,0,2011
test_2015,train,gs://suryabench-sharp-pipeline-bamidele/samples_npz/2012/20120804_1824_HARP1908_NOAA11537.npz,20120804_1824_HARP1908_NOAA11537,2012-08-04 18:24:00,1908,11537,0,2012
test_2015,train,gs://suryabench-sharp-pipeline-bamidele/samples_npz/2012/20120821_0812_HARP1943_NOAA11547.npz,20120821_0812_HARP1943_NOAA11547,2012-08-21 08:12:00,1943,11547,0,2012
test_2015,train,gs://suryabench-sharp-pipeline-bamidele/samples_npz/2013/20131013_2136_HARP3258_NOAA11861.npz,20131013_2136_HARP3258_NOAA11861,2013-10-13 21:36:00,3258,11861,0,2013
test_2015,train,gs://suryabench-sharp-pipeline-bamidele/samples_npz/2013/20130503_0036_HARP2693_NOAA11731.npz,20130503_0036_HARP2693_NOAA11731,2013-05-03 00:36:00,2693,11731,1,2013
test_2015,train,gs://suryabench-sharp-pipeline-bamidele/samples_npz/2012/20120310_1612_HARP1449_NOAA11429.npz,20120310_1612_HARP1449_NOAA11429,2012-03-10 16:12:00,1449,11429,1,2012
test_2015,train,gs://suryabench-sharp-pipeline-bamidele/samples_npz/2013/20130722_1648_HARP2982_NOAA11798.npz,20130722_1648_HARP2982_NOAA11798,2013-07-22 16:48:00,2982,11798,0,2013
test_2015,train,gs://suryabench-sharp-pipeline-bamidele/samples_npz/2011/20110929_2100_HARP902_NOAA11305.npz,20110929_2100_HARP902_NOAA11305,2011-09-29 21:00:00,902,11305,1,2011
test_2015,train,gs://suryabench-sharp-pipeline-bamidele/samples_npz/2012/20120807_0624_HARP1907_NOAA11538.npz,20120807_0624_HARP1907_NOAA11538,2012-08-07 06:24:00,1907,11538,0,2012
test_2015,train,gs://suryabench-sharp-pipeline-bamidele/samples_npz/2012/20120606_2336_HARP1724_NOAA11494.npz,20120606_2336_HARP1724_NOAA11494,2012-06-06 23:36:00,1724,11494,0,2012
test_2015,train,gs://suryabench-sharp-pipeline-bamidele/samples_npz/2011/20110304_0448_HARP392_NOAA11163.npz,20110304_0448_HARP392_NOAA11163,2011-03-04 04:48:00,392,11163,0,2011
test_2015,train,gs://suryabench-sharp-pipeline-bamidele/samples_npz/2011/20110926_1148_HARP892_NOAA11302.npz,20110926_1148_HARP892_NOAA11302,2011-09-26 11:48:00,892,11302,1,2011
test_2015,train,gs://suryabench-sharp-pipeline-bamidele/samples_npz/2011/20110103_0112_HARP321_NOAA11139.npz,20110103_0112_HARP321_NOAA11139,2011-01-03 01:12:00,321,11139,0,2011
test_2015,train,gs://suryabench-sharp-pipeline-bamidele/samples_npz/2012/20120422_1912_HARP1596_NOAA11465.npz,20120422_1912_HARP1596_NOAA11465,2012-04-22 19:12:00,1596,11465,0,2012
test_2015,train,gs://suryabench-sharp-pipeline-bamidele/samples_npz/2013/20131202_2136_HARP3437_NOAA11909.npz,20131202_2136_HARP3437_NOAA11909,2013-12-02 21:36:00,3437,11909,0,2013
test_2015,train,gs://suryabench-sharp-pipeline-bamidele/samples_npz/2012/20120220_0236_HARP1396_NOAA11419.npz,20120220_0236_HARP1396_NOAA11419,2012-02-20 02:36:00,1396,11419,0,2012
test_2015,train,gs://suryabench-sharp-pipeline-bamidele/samples_npz/2013/20131222_0724_HARP3515_NOAA11930.npz,20131222_0724_HARP3515_NOAA11930,2013-12-22 07:24:00,3515,11930,0,2013
test_2015,train,gs://suryabench-sharp-pipeline-bamidele/samples_npz/2012/20120116_0112_HARP1309_NOAA11396.npz,20120116_0112_HARP1309_NOAA11396,2012-01-16 01:12:00,1309,11396,0,2012
test_2015,train,gs://suryabench-sharp-pipeline-bamidele/samples_npz/2011/20110515_0436_HARP602_NOAA11214.npz,20110515_0436_HARP602_NOAA11214,2011-05-15 04:36:00,602,11214,0,2011
test_2015,train,gs://suryabench-sharp-pipeline-bamidele/samples_npz/2013/20130922_1200_HARP3194_NOAA11845.npz,20130922_1200_HARP3194_NOAA11845,2013-09-22 12:00:00,3194,11845,0,2013
test_2015,train,gs://suryabench-sharp-pipeline-bamidele/samples_npz/2011/20110215_1224_HARP377_NOAA11158.npz,20110215_1224_HARP377_NOAA11158,2011-02-15 12:24:00,377,11158,1,2011
test_2015,train,gs://suryabench-sharp-pipeline-bamidele/samples_npz/2012/20121105_2200_HARP2171_NOAA11605.npz,20121105_2200_HARP2171_NOAA11605,2012-11-05 22:00:00,2171,11605,0,2012
test_2015,train,gs://suryabench-sharp-pipeline-bamidele/samples_npz/2013/20130108_0512_HARP2352_NOAA11648.npz,20130108_0512_HARP2352_NOAA11648,2013-01-08 05:12:00,2352,11648,0,2013
test_2015,train,gs://suryabench-sharp-pipeline-bamidele/samples_npz/2013/20130711_0112_HARP2945_NOAA11794.npz,20130711_0112_HARP2945_NOAA11794,2013-07-11 01:12:00,2945,11794,0,2013
test_2015,train,gs://suryabench-sharp-pipeline-bamidele/samples_npz/2013/20130108_0900_HARP2342_NOAA11643.npz,20130108_0900_HARP2342_NOAA11643,2013-01-08 09:00:00,2342,11643,0,2013
test_2015,train,gs://suryabench-sharp-pipeline-bamidele/samples_npz/2011/20110718_0136_HARP725_NOAA11254.npz,20110718_0136_HARP725_NOAA11254,2011-07-18 01:36:00,725,11254,0,2011
test_2015,train,gs://suryabench-sharp-pipeline-bamidele/samples_npz/2011/20110506_0924_HARP556_NOAA11203.npz,20110506_0924_HARP556_NOAA11203,2011-05-06 09:24:00,556,11203,0,2011
test_2015,train,gs://suryabench-sharp-pipeline-bamidele/samples_npz/2012/20120908_0348_HARP1999_NOAA11563.npz,20120908_0348_HARP1999_NOAA11563,2012-09-08 03:48:00,1999,11563,0,2012
test_2015,train,gs://suryabench-sharp-pipeline-bamidele/samples_npz/2013/20130721_1824_HARP2982_NOAA11798.npz,20130721_1824_HARP2982_NOAA11798,2013-07-21 18:24:00,2982,11798,0,2013
test_2015,train,gs://suryabench-sharp-pipeline-bamidele/samples_npz/2012/20120825_2324_HARP1946_NOAA11548.npz,20120825_2324_HARP1946_NOAA11548,2012-08-25 23:24:00,1946,11548,0,2012
test_2015,train,gs://suryabench-sharp-pipeline-bamidele/samples_npz/2013/20130502_0524_HARP2693_NOAA11731.npz,20130502_0524_HARP2693_NOAA11731,2013-05-02 05:24:00,2693,11731,1,2013
test_2015,train,gs://suryabench-sharp-pipeline-bamidele/samples_npz/2013/20130321_2336_HARP2571_NOAA11700.npz,20130321_2336_HARP2571_NOAA11700,2013-03-21 23:36:00,2571,11700,0,2013
test_2015,train,gs://suryabench-sharp-pipeline-bamidele/samples_npz/2012/20120118_0000_HARP1312_NOAA11397.npz,20120118_0000_HARP1312_NOAA11397,2012-01-18 00:00:00,1312,11397,0,2012
test_2015,train,gs://suryabench-sharp-pipeline-bamidele/samples_npz/2010/20100603_1200_HARP46_NOAA11078.npz,20100603_1200_HARP46_NOAA11078,2010-06-03 12:00:00,46,11078,0,2010
test_2015,train,gs://suryabench-sharp-pipeline-bamidele/samples_npz/2011/20111001_0824_HARP902_NOAA11305.npz,20111001_0824_HARP902_NOAA11305,2011-10-01 08:24:00,902,11305,1,2011
test_2015,train,gs://suryabench-sharp-pipeline-bamidele/samples_npz/2010/20101105_1436_HARP241_NOAA11120.npz,20101105_1436_HARP241_NOAA11120,2010-11-05 14:36:00,241,11120,0,2010
test_2015,train,gs://suryabench-sharp-pipeline-bamidele/samples_npz/2011/20111221_1312_HARP1210_NOAA11381.npz,20111221_1312_HARP1210_NOAA11381,2011-12-21 13:12:00,1210,11381,0,2011
test_2015,train,gs://suryabench-sharp-pipeline-bamidele/samples_npz/2012/20120821_0200_HARP1942_NOAA11546.npz,20120821_0200_HARP1942_NOAA11546,2012-08-21 02:00:00,1942,11546,0,2012
test_2015,train,gs://suryabench-sharp-pipeline-bamidele/samples_npz/2013/20130718_1024_HARP2954_NOAA11792.npz,20130718_1024_HARP2954_NOAA11792,2013-07-18 10:24:00,2954,11792,0,2013
test_2015,train,gs://suryabench-sharp-pipeline-bamidele/samples_npz/2011/20110114_2312_HARP338_NOAA11145.npz,20110114_2312_HARP338_NOAA11145,2011-01-14 23:12:00,338,11145,0,2011
test_2015,train,gs://suryabench-sharp-pipeline-bamidele/samples_npz/2013/20130421_1400_HARP2673_NOAA11726.npz,20130421_1400_HARP2673_NOAA11726,2013-04-21 14:00:00,2673,11726,1,2013
test_2015,train,gs://suryabench-sharp-pipeline-bamidele/samples_npz/2012/20120421_2224_HARP1596_NOAA11465.npz,20120421_2224_HARP1596_NOAA11465,2012-04-21 22:24:00,1596,11465,0,2012
test_2015,train,gs://suryabench-sharp-pipeline-bamidele/samples_npz/2012/20121204_0912_HARP2245_NOAA11623.npz,20121204_0912_HARP2245_NOAA11623,2012-12-04 09:12:00,2245,11623,0,2012
test_2015,train,gs://suryabench-sharp-pipeline-bamidele/samples_npz/2013/20130825_2248_HARP3116_NOAA11833.npz,20130825_2248_HARP3116_NOAA11833,2013-08-25 22:48:00,3116,11833,0,2013
test_2015,train,gs://suryabench-sharp-pipeline-bamidele/samples_npz/2013/20130420_0600_HARP2673_NOAA11726.npz,20130420_0600_HARP2673_NOAA11726,2013-04-20 06:00:00,2673,11726,0,2013
test_2015,train,gs://suryabench-sharp-pipeline-bamidele/samples_npz/2012/20120925_0124_HARP2040_NOAA11575.npz,20120925_0124_HARP2040_NOAA11575,2012-09-25 01:24:00,2040,11575,0,2012
test_2015,train,gs://suryabench-sharp-pipeline-bamidele/samples_npz/2013/20131202_1612_HARP3446_NOAA11911.npz,20131202_1612_HARP3446_NOAA11911,2013-12-02 16:12:00,3446,11911,0,2013
test_2015,train,gs://suryabench-sharp-pipeline-bamidele/samples_npz/2012/20121229_1348_HARP2322_NOAA11636.npz,20121229_1348_HARP2322_NOAA11636,2012-12-29 13:48:00,2322,11636,0,2012
test_2015,train,gs://suryabench-sharp-pipeline-bamidele/samples_npz/2010/20101226_0724_HARP317_NOAA11137.npz,20101226_0724_HARP317_NOAA11137,2010-12-26 07:24:00,317,11137,0,2010
test_2015,train,gs://suryabench-sharp-pipeline-bamidele/samples_npz/2013/20130213_1700_HARP2471_NOAA11672.npz,20130213_1700_HARP2471_NOAA11672,2013-02-13 17:00:00,2471,11672,0,2013
test_2015,train,gs://suryabench-sharp-pipeline-bamidele/samples_npz/2011/20110925_2100_HARP878_NOAA11301.npz,20110925_2100_HARP878_NOAA11301,2011-09-25 21:00:00,878,11301,0,2011
test_2015,train,gs://suryabench-sharp-pipeline-bamidele/samples_npz/2011/20111216_1624_HARP1183_NOAA11376.npz,20111216_1624_HARP1183_NOAA11376,2011-12-16 16:24:00,1183,11376,0,2011
test_2015,train,gs://suryabench-sharp-pipeline-bamidele/samples_npz/2012/20121121_1236_HARP2220_NOAA11618.npz,20121121_1236_HARP2220_NOAA11618,2012-11-21 12:36:00,2220,11618,1,2012
test_2015,train,gs://suryabench-sharp-pipeline-bamidele/samples_npz/2011/20111209_0436_HARP1164_NOAA11368.npz,20111209_0436_HARP1164_NOAA11368,2011-12-09 04:36:00,1164,11368,0,2011
test_2015,train,gs://suryabench-sharp-pipeline-bamidele/samples_npz/2011/20110717_1148_HARP713_NOAA11258.npz,20110717_1148_HARP713_NOAA11258,2011-07-17 11:48:00,713,11258,0,2011
test_2015,train,gs://suryabench-sharp-pipeline-bamidele/samples_npz/2012/20120225_1312_HARP1410_NOAA11421.npz,20120225_1312_HARP1410_NOAA11421,2012-02-25 13:12:00,1410,11421,0,2012
test_2015,train,gs://suryabench-sharp-pipeline-bamidele/samples_npz/2011/20111210_0436_HARP1126_NOAA11364.npz,20111210_0436_HARP1126_NOAA11364,2011-12-10 04:36:00,1126,11364,0,2011
test_2015,train,gs://suryabench-sharp-pipeline-bamidele/samples_npz/2011/20110803_0524_HARP753_NOAA11263.npz,20110803_0524_HARP753_NOAA11263,2011-08-03 05:24:00,753,11263,0,2011
test_2015,train,gs://suryabench-sharp-pipeline-bamidele/samples_npz/2011/20110401_1900_HARP444_NOAA11180.npz,20110401_1900_HARP444_NOAA11180,2011-04-01 19:00:00,444,11180,0,2011
test_2015,train,gs://suryabench-sharp-pipeline-bamidele/samples_npz/2013/20131105_1436_HARP3336_NOAA11889.npz,20131105_1436_HARP3336_NOAA11889,2013-11-05 14:36:00,3336,11889,0,2013
test_2015,train,gs://suryabench-sharp-pipeline-bamidele/samples_npz/2012/20120811_0324_HARP1939_NOAA11545.npz,20120811_0324_HARP1939_NOAA11545,2012-08-11 03:24:00,1939,11545,0,2012
test_2015,train,gs://suryabench-sharp-pipeline-bamidele/samples_npz/2013/20130110_0548_HARP2358_NOAA11649.npz,20130110_0548_HARP2358_NOAA11649,2013-01-10 05:48:00,2358,11649,0,2013
test_2015,train,gs://suryabench-sharp-pipeline-bamidele/samples_npz/2012/20120529_0724_HARP1697_NOAA11489.npz,20120529_0724_HARP1697_NOAA11489,2012-05-29 07:24:00,1697,11489,0,2012
test_2015,train,gs://suryabench-sharp-pipeline-bamidele/samples_npz/2011/20110819_0336_HARP799_NOAA11273.npz,20110819_0336_HARP799_NOAA11273,2011-08-19 03:36:00,799,11273,0,2011
test_2015,train,gs://suryabench-sharp-pipeline-bamidele/samples_npz/2011/20111207_2212_HARP1164_NOAA11368.npz,20111207_2212_HARP1164_NOAA11368,2011-12-07 22:12:00,1164,11368,0,2011
test_2015,train,gs://suryabench-sharp-pipeline-bamidele/samples_npz/2012/20120804_2124_HARP1903_NOAA11535.npz,20120804_2124_HARP1903_NOAA11535,2012-08-04 21:24:00,1903,11535,0,2012
test_2015,train,gs://suryabench-sharp-pipeline-bamidele/samples_npz/2012/20120402_1736_HARP1514_NOAA11448.npz,20120402_1736_HARP1514_NOAA11448,2012-04-02 17:36:00,1514,11448,0,2012
test_2015,train,gs://suryabench-sharp-pipeline-bamidele/samples_npz/2013/20130105_0636_HARP2338_NOAA11641.npz,20130105_0636_HARP2338_NOAA11641,2013-01-05 06:36:00,2338,11641,0,2013
test_2015,train,gs://suryabench-sharp-pipeline-bamidele/samples_npz/2013/20130314_0424_HARP2546_NOAA11692.npz,20130314_0424_HARP2546_NOAA11692,2013-03-14 04:24:00,2546,11692,1,2013
test_2015,train,gs://suryabench-sharp-pipeline-bamidele/samples_npz/2010/20100829_2348_HARP147_NOAA11104.npz,20100829_2348_HARP147_NOAA11104,2010-08-29 23:48:00,147,11104,0,2010
test_2015,train,gs://suryabench-sharp-pipeline-bamidele/samples_npz/2013/20131110_0224_HARP3341_NOAA11890.npz,20131110_0224_HARP3341_NOAA11890,2013-11-10 02:24:00,3341,11890,1,2013
test_2015,train,gs://suryabench-sharp-pipeline-bamidele/samples_npz/2010/20100603_1836_HARP46_NOAA11078.npz,20100603_1836_HARP46_NOAA11078,2010-06-03 18:36:00,46,11078,0,2010
test_2015,train,gs://suryabench-sharp-pipeline-bamidele/samples_npz/2011/20110710_2048_HARP702_NOAA11249.npz,20110710_2048_HARP702_NOAA11249,2011-07-10 20:48:00,702,11249,0,2011
test_2015,train,gs://suryabench-sharp-pipeline-bamidele/samples_npz/2010/20101107_0624_HARP248_NOAA11122.npz,20101107_0624_HARP248_NOAA11122,2010-11-07 06:24:00,248,11122,0,2010
test_2015,train,gs://suryabench-sharp-pipeline-bamidele/samples_npz/2010/20100926_2336_HARP187_NOAA11109.npz,20100926_2336_HARP187_NOAA11109,2010-09-26 23:36:00,187,11109,0,2010
test_2015,train,gs://suryabench-sharp-pipeline-bamidele/samples_npz/2012/20120918_1012_HARP2028_NOAA11571.npz,20120918_1012_HARP2028_NOAA11571,2012-09-18 10:12:00,2028,11571,0,2012
test_2015,train,gs://suryabench-sharp-pipeline-bamidele/samples_npz/2010/20101228_0800_HARP318_NOAA11138.npz,20101228_0800_HARP318_NOAA11138,2010-12-28 08:00:00,318,11138,0,2010
test_2015,train,gs://suryabench-sharp-pipeline-bamidele/samples_npz/2011/20110808_0000_HARP765_NOAA11268.npz,20110808_0000_HARP765_NOAA11268,2011-08-08 00:00:00,765,11268,0,2011
test_2015,train,gs://suryabench-sharp-pipeline-bamidele/samples_npz/2012/20120316_0824_HARP1464_NOAA11434.npz,20120316_0824_HARP1464_NOAA11434,2012-03-16 08:24:00,1464,11434,1,2012
test_2015,train,gs://suryabench-sharp-pipeline-bamidele/samples_npz/2011/20110412_1136_HARP480_NOAA11185.npz,20110412_1136_HARP480_NOAA11185,2011-04-12 11:36:00,480,11185,0,2011
test_2015,train,gs://suryabench-sharp-pipeline-bamidele/samples_npz/2011/20110213_1236_HARP371_NOAA11159.npz,20110213_1236_HARP371_NOAA11159,2011-02-13 12:36:00,371,11159,0,2011
test_2015,train,gs://suryabench-sharp-pipeline-bamidele/samples_npz/2012/20120905_0612_HARP2007_NOAA11565.npz,20120905_0612_HARP2007_NOAA11565,2012-09-05 06:12:00,2007,11565,0,2012
test_2015,train,gs://suryabench-sharp-pipeline-bamidele/samples_npz/2010/20101118_0100_HARP256_NOAA11126.npz,20101118_0100_HARP256_NOAA11126,2010-11-18 01:00:00,256,11126,0,2010
test_2015,train,gs://suryabench-sharp-pipeline-bamidele/samples_npz/2013/20130216_2024_HARP2471_NOAA11672.npz,20130216_2024_HARP2471_NOAA11672,2013-02-16 20:24:00,2471,11672,0,2013
test_2015,train,gs://suryabench-sharp-pipeline-bamidele/samples_npz/2013/20130817_0700_HARP3056_NOAA11818.npz,20130817_0700_HARP3056_NOAA11818,2013-08-17 07:00:00,3056,11818,1,2013
test_2015,train,gs://suryabench-sharp-pipeline-bamidele/samples_npz/2011/20111203_0848_HARP1120_NOAA11362.npz,20111203_0848_HARP1120_NOAA11362,2011-12-03 08:48:00,1120,11362,0,2011
test_2015,train,gs://suryabench-sharp-pipeline-bamidele/samples_npz/2013/20130805_0248_HARP3022_NOAA11808.npz,20130805_0248_HARP3022_NOAA11808,2013-08-05 02:48:00,3022,11808,0,2013
test_2015,train,gs://suryabench-sharp-pipeline-bamidele/samples_npz/2012/20120328_2024_HARP1520_NOAA11449.npz,20120328_2024_HARP1520_NOAA11449,2012-03-28 20:24:00,1520,11449,0,2012
test_2015,train,gs://suryabench-sharp-pipeline-bamidele/samples_npz/2013/20130411_0900_HARP2634_NOAA11717.npz,20130411_0900_HARP2634_NOAA11717,2013-04-11 09:00:00,2634,11717,0,2013
test_2015,train,gs://suryabench-sharp-pipeline-bamidele/samples_npz/2013/20131004_2212_HARP3246_NOAA11866.npz,20131004_2212_HARP3246_NOAA11866,2013-10-04 22:12:00,3246,11866,0,2013
test_2015,train,gs://suryabench-sharp-pipeline-bamidele/samples_npz/2012/20120825_2024_HARP1962_NOAA11554.npz,20120825_2024_HARP1962_NOAA11554,2012-08-25 20:24:00,1962,11554,0,2012
test_2015,train,gs://suryabench-sharp-pipeline-bamidele/samples_npz/2013/20130721_1800_HARP2964_NOAA11795.npz,20130721_1800_HARP2964_NOAA11795,2013-07-21 18:00:00,2964,11795,0,2013
test_2015,train,gs://suryabench-sharp-pipeline-bamidele/samples_npz/2013/20130620_1948_HARP2861_NOAA11773.npz,20130620_1948_HARP2861_NOAA11773,2013-06-20 19:48:00,2861,11773,0,2013
test_2015,train,gs://suryabench-sharp-pipeline-bamidele/samples_npz/2013/20131008_2236_HARP3248_NOAA11856.npz,20131008_2236_HARP3248_NOAA11856,2013-10-08 22:36:00,3248,11856,0,2013
test_2015,train,gs://suryabench-sharp-pipeline-bamidele/samples_npz/2012/20121019_0636_HARP2121_NOAA11591.npz,20121019_0636_HARP2121_NOAA11591,2012-10-19 06:36:00,2121,11591,0,2012
test_2015,train,gs://suryabench-sharp-pipeline-bamidele/samples_npz/2013/20130215_1412_HARP2469_NOAA11671.npz,20130215_1412_HARP2469_NOAA11671,2013-02-15 14:12:00,2469,11671,0,2013
test_2015,train,gs://suryabench-sharp-pipeline-bamidele/samples_npz/2013/20130531_0412_HARP2790_NOAA11758.npz,20130531_0412_HARP2790_NOAA11758,2013-05-31 04:12:00,2790,11758,0,2013
test_2015,train,gs://suryabench-sharp-pipeline-bamidele/samples_npz/2012/20120221_1936_HARP1410_NOAA11421.npz,20120221_1936_HARP1410_NOAA11421,2012-02-21 19:36:00,1410,11421,0,2012
test_2015,train,gs://suryabench-sharp-pipeline-bamidele/samples_npz/2013/20130329_0336_HARP2585_NOAA11705.npz,20130329_0336_HARP2585_NOAA11705,2013-03-29 03:36:00,2585,11705,0,2013
test_2015,train,gs://suryabench-sharp-pipeline-bamidele/samples_npz/2013/20130107_0724_HARP2342_NOAA11643.npz,20130107_0724_HARP2342_NOAA11643,2013-01-07 07:24:00,2342,11643,0,2013
test_2015,train,gs://suryabench-sharp-pipeline-bamidele/samples_npz/2013/20131017_1324_HARP3293_NOAA11874.npz,20131017_1324_HARP3293_NOAA11874,2013-10-17 13:24:00,3293,11874,0,2013
test_2015,train,gs://suryabench-sharp-pipeline-bamidele/samples_npz/2011/20110430_1212_HARP538_NOAA11200.npz,20110430_1212_HARP538_NOAA11200,2011-04-30 12:12:00,538,11200,0,2011
test_2015,train,gs://suryabench-sharp-pipeline-bamidele/samples_npz/2010/20100917_2212_HARP175_NOAA11106.npz,20100917_2212_HARP175_NOAA11106,2010-09-17 22:12:00,175,11106,0,2010
test_2015,train,gs://suryabench-sharp-pipeline-bamidele/samples_npz/2012/20121126_0224_HARP2227_NOAA11620.npz,20121126_0224_HARP2227_NOAA11620,2012-11-26 02:24:00,2227,11620,1,2012
test_2015,train,gs://suryabench-sharp-pipeline-bamidele/samples_npz/2012/20120804_2000_HARP1908_NOAA11537.npz,20120804_2000_HARP1908_NOAA11537,2012-08-04 20:00:00,1908,11537,0,2012
test_2015,train,gs://suryabench-sharp-pipeline-bamidele/samples_npz/2012/20121118_0700_HARP2203_NOAA11616.npz,20121118_0700_HARP2203_NOAA11616,2012-11-18 07:00:00,2203,11616,0,2012
test_2015,train,gs://suryabench-sharp-pipeline-bamidele/samples_npz/2012/20120526_1800_HARP1688_NOAA11488.npz,20120526_1800_HARP1688_NOAA11488,2012-05-26 18:00:00,1688,11488,0,2012
test_2015,train,gs://suryabench-sharp-pipeline-bamidele/samples_npz/2011/20110621_2000_HARP676_NOAA11239.npz,20110621_2000_HARP676_NOAA11239,2011-06-21 20:00:00,676,11239,0,2011
test_2015,train,gs://suryabench-sharp-pipeline-bamidele/samples_npz/2013/20131029_1948_HARP3311_NOAA11882.npz,20131029_1948_HARP3311_NOAA11882,2013-10-29 19:48:00,3311,11882,0,2013
test_2015,train,gs://suryabench-sharp-pipeline-bamidele/samples_npz/2013/20130509_1648_HARP2727_NOAA11741.npz,20130509_1648_HARP2727_NOAA11741,2013-05-09 16:48:00,2727,11741,0,2013
test_2015,train,gs://suryabench-sharp-pipeline-bamidele/samples_npz/2012/20121111_0736_HARP2181_NOAA11609.npz,20121111_0736_HARP2181_NOAA11609,2012-11-11 07:36:00,2181,11609,0,2012
test_2015,train,gs://suryabench-sharp-pipeline-bamidele/samples_npz/2011/20110907_2136_HARP846_NOAA11288.npz,20110907_2136_HARP846_NOAA11288,2011-09-07 21:36:00,846,11288,0,2011
test_2015,train,gs://suryabench-sharp-pipeline-bamidele/samples_npz/2011/20110930_0148_HARP902_NOAA11305.npz,20110930_0148_HARP902_NOAA11305,2011-09-30 01:48:00,902,11305,1,2011
test_2015,train,gs://suryabench-sharp-pipeline-bamidele/samples_npz/2012/20121213_0600_HARP2262_NOAA11628.npz,20121213_0600_HARP2262_NOAA11628,2012-12-13 06:00:00,2262,11628,0,2012
test_2015,train,gs://suryabench-sharp-pipeline-bamidele/samples_npz/2011/20111010_1500_HARP918_NOAA11309.npz,20111010_1500_HARP918_NOAA11309,2011-10-10 15:00:00,918,11309,0,2011
test_2015,train,gs://suryabench-sharp-pipeline-bamidele/samples_npz/2013/20131222_2300_HARP3513_NOAA11929.npz,20131222_2300_HARP3513_NOAA11929,2013-12-22 23:00:00,3513,11929,0,2013
test_2015,train,gs://suryabench-sharp-pipeline-bamidele/samples_npz/2013/20130104_0812_HARP2338_NOAA11641.npz,20130104_0812_HARP2338_NOAA11641,2013-01-04 08:12:00,2338,11641,0,2013
test_2015,train,gs://suryabench-sharp-pipeline-bamidele/samples_npz/2013/20131211_1800_HARP3490_NOAA11922.npz,20131211_1800_HARP3490_NOAA11922,2013-12-11 18:00:00,3490,11922,0,2013
test_2015,train,gs://suryabench-sharp-pipeline-bamidele/samples_npz/2011/20110827_1348_HARP819_NOAA11284.npz,20110827_1348_HARP819_NOAA11284,2011-08-27 13:48:00,819,11284,0,2011
test_2015,train,gs://suryabench-sharp-pipeline-bamidele/samples_npz/2012/20120310_1748_HARP1449_NOAA11429.npz,20120310_1748_HARP1449_NOAA11429,2012-03-10 17:48:00,1449,11429,0,2012
test_2015,train,gs://suryabench-sharp-pipeline-bamidele/samples_npz/2013/20130304_1348_HARP2502_NOAA11681.npz,20130304_1348_HARP2502_NOAA11681,2013-03-04 13:48:00,2502,11681,0,2013
test_2015,train,gs://suryabench-sharp-pipeline-bamidele/samples_npz/2012/20121110_2024_HARP2177_NOAA11608.npz,20121110_2024_HARP2177_NOAA11608,2012-11-10 20:24:00,2177,11608,0,2012
test_2015,train,gs://suryabench-sharp-pipeline-bamidele/samples_npz/2013/20131102_1648_HARP3321_NOAA11884.npz,20131102_1648_HARP3321_NOAA11884,2013-11-02 16:48:00,3321,11884,1,2013
test_2015,train,gs://suryabench-sharp-pipeline-bamidele/samples_npz/2012/20121018_2224_HARP2131_NOAA11597.npz,20121018_2224_HARP2131_NOAA11597,2012-10-18 22:24:00,2131,11597,0,2012
test_2015,train,gs://suryabench-sharp-pipeline-bamidele/samples_npz/2012/20120708_2200_HARP1832_NOAA11518.npz,20120708_2200_HARP1832_NOAA11518,2012-07-08 22:00:00,1832,11518,0,2012
test_2015,train,gs://suryabench-sharp-pipeline-bamidele/samples_npz/2013/20130602_1024_HARP2812_NOAA11766.npz,20130602_1024_HARP2812_NOAA11766,2013-06-02 10:24:00,2812,11766,0,2013
test_2015,train,gs://suryabench-sharp-pipeline-bamidele/samples_npz/2011/20110907_1024_HARP846_NOAA11288.npz,20110907_1024_HARP846_NOAA11288,2011-09-07 10:24:00,846,11288,0,2011
test_2015,train,gs://suryabench-sharp-pipeline-bamidele/samples_npz/2011/20110828_0212_HARP805_NOAA11275.npz,20110828_0212_HARP805_NOAA11275,2011-08-28 02:12:00,805,11275,0,2011
test_2015,train,gs://suryabench-sharp-pipeline-bamidele/samples_npz/2013/20130703_0300_HARP2910_NOAA11782.npz,20130703_0300_HARP2910_NOAA11782,2013-07-03 03:00:00,2910,11782,0,2013
test_2015,train,gs://suryabench-sharp-pipeline-bamidele/samples_npz/2011/20111026_0424_HARP997_NOAA11330.npz,20111026_0424_HARP997_NOAA11330,2011-10-26 04:24:00,997,11330,0,2011
test_2015,train,gs://suryabench-sharp-pipeline-bamidele/samples_npz/2012/20121204_0748_HARP2260_NOAA11627.npz,20121204_0748_HARP2260_NOAA11627,2012-12-04 07:48:00,2260,11627,0,2012
test_2015,train,gs://suryabench-sharp-pipeline-bamidele/samples_npz/2012/20121118_1524_HARP2191_NOAA11613.npz,20121118_1524_HARP2191_NOAA11613,2012-11-18 15:24:00,2191,11613,0,2012
test_2015,train,gs://suryabench-sharp-pipeline-bamidele/samples_npz/2011/20111208_0724_HARP1170_NOAA11373.npz,20111208_0724_HARP1170_NOAA11373,2011-12-08 07:24:00,1170,11373,0,2011
test_2015,train,gs://suryabench-sharp-pipeline-bamidele/samples_npz/2013/20130202_0724_HARP2436_NOAA11668.npz,20130202_0724_HARP2436_NOAA11668,2013-02-02 07:24:00,2436,11668,0,2013
test_2015,train,gs://suryabench-sharp-pipeline-bamidele/samples_npz/2013/20130404_1200_HARP2626_NOAA11715.npz,20130404_1200_HARP2626_NOAA11715,2013-04-04 12:00:00,2626,11715,0,2013
test_2015,train,gs://suryabench-sharp-pipeline-bamidele/samples_npz/2012/20121115_2012_HARP2191_NOAA11613.npz,20121115_2012_HARP2191_NOAA11613,2012-11-15 20:12:00,2191,11613,0,2012
test_2015,train,gs://suryabench-sharp-pipeline-bamidele/samples_npz/2010/20100928_0248_HARP190_NOAA11110.npz,20100928_0248_HARP190_NOAA11110,2010-09-28 02:48:00,190,11110,0,2010
test_2015,train,gs://suryabench-sharp-pipeline-bamidele/samples_npz/2013/20130301_0224_HARP2504_NOAA11680.npz,20130301_0224_HARP2504_NOAA11680,2013-03-01 02:24:00,2504,11680,0,2013
test_2015,train,gs://suryabench-sharp-pipeline-bamidele/samples_npz/2012/20121020_0636_HARP2117_NOAA11593.npz,20121020_0636_HARP2117_NOAA11593,2012-10-20 06:36:00,2117,11593,0,2012
test_2015,train,gs://suryabench-sharp-pipeline-bamidele/samples_npz/2011/20110727_2036_HARP748_NOAA11265.npz,20110727_2036_HARP748_NOAA11265,2011-07-27 20:36:00,748,11265,0,2011
test_2015,train,gs://suryabench-sharp-pipeline-bamidele/samples_npz/2011/20110412_1800_HARP495_NOAA11190.npz,20110412_1800_HARP495_NOAA11190,2011-04-12 18:00:00,495,11190,0,2011
test_2015,train,gs://suryabench-sharp-pipeline-bamidele/samples_npz/2012/20120317_0548_HARP1464_NOAA11434.npz,20120317_0548_HARP1464_NOAA11434,2012-03-17 05:48:00,1464,11434,1,2012
test_2015,train,gs://suryabench-sharp-pipeline-bamidele/samples_npz/2011/20111002_0200_HARP903_NOAA11306.npz,20111002_0200_HARP903_NOAA11306,2011-10-02 02:00:00,903,11306,0,2011
test_2015,train,gs://suryabench-sharp-pipeline-bamidele/samples_npz/2011/20111204_0400_HARP1120_NOAA11362.npz,20111204_0400_HARP1120_NOAA11362,2011-12-04 04:00:00,1120,11362,0,2011
test_2015,train,gs://suryabench-sharp-pipeline-bamidele/samples_npz/2012/20120530_1512_HARP1705_NOAA11492.npz,20120530_1512_HARP1705_NOAA11492,2012-05-30 15:12:00,1705,11492,0,2012
test_2015,train,gs://suryabench-sharp-pipeline-bamidele/samples_npz/2012/20120807_2312_HARP1908_NOAA11537.npz,20120807_2312_HARP1908_NOAA11537,2012-08-07 23:12:00,1908,11537,0,2012
test_2015,train,gs://suryabench-sharp-pipeline-bamidele/samples_npz/2010/20100917_0912_HARP182_NOAA11107.npz,20100917_0912_HARP182_NOAA11107,2010-09-17 09:12:00,182,11107,0,2010
test_2015,train,gs://suryabench-sharp-pipeline-bamidele/samples_npz/2013/20131015_1300_HARP3287_NOAA11876.npz,20131015_1300_HARP3287_NOAA11876,2013-10-15 13:00:00,3287,11876,0,2013
test_2015,train,gs://suryabench-sharp-pipeline-bamidele/samples_npz/2010/20101025_2000_HARP223_NOAA11118.npz,20101025_2000_HARP223_NOAA11118,2010-10-25 20:00:00,223,11118,0,2010
test_2015,train,gs://suryabench-sharp-pipeline-bamidele/samples_npz/2012/20120401_1424_HARP1514_NOAA11448.npz,20120401_1424_HARP1514_NOAA11448,2012-04-01 14:24:00,1514,11448,0,2012
test_2015,train,gs://suryabench-sharp-pipeline-bamidele/samples_npz/2012/20120229_1836_HARP1424_NOAA11425.npz,20120229_1836_HARP1424_NOAA11425,2012-02-29 18:36:00,1424,11425,0,2012
test_2015,train,gs://suryabench-sharp-pipeline-bamidele/samples_npz/2012/20120419_0212_HARP1569_NOAA11457.npz,20120419_0212_HARP1569_NOAA11457,2012-04-19 02:12:00,1569,11457,0,2012
test_2015,train,gs://suryabench-sharp-pipeline-bamidele/samples_npz/2013/20130403_2312_HARP2626_NOAA11715.npz,20130403_2312_HARP2626_NOAA11715,2013-04-03 23:12:00,2626,11715,0,2013
test_2015,train,gs://suryabench-sharp-pipeline-bamidele/samples_npz/2013/20130405_0436_HARP2605_NOAA11711.npz,20130405_0436_HARP2605_NOAA11711,2013-04-05 04:36:00,2605,11711,0,2013
test_2015,train,gs://suryabench-sharp-pipeline-bamidele/samples_npz/2012/20120421_2224_HARP1582_NOAA11461.npz,20120421_2224_HARP1582_NOAA11461,2012-04-21 22:24:00,1582,11461,0,2012
test_2015,train,gs://suryabench-sharp-pipeline-bamidele/samples_npz/2013/20131221_2324_HARP3515_NOAA11930.npz,20131221_2324_HARP3515_NOAA11930,2013-12-21 23:24:00,3515,11930,0,2013
test_2015,train,gs://suryabench-sharp-pipeline-bamidele/samples_npz/2012/20121120_1100_HARP2220_NOAA11618.npz,20121120_1100_HARP2220_NOAA11618,2012-11-20 11:00:00,2220,11618,1,2012
test_2015,train,gs://suryabench-sharp-pipeline-bamidele/samples_npz/2011/20110112_1224_HARP342_NOAA11146.npz,20110112_1224_HARP342_NOAA11146,2011-01-12 12:24:00,342,11146,0,2011
test_2015,train,gs://suryabench-sharp-pipeline-bamidele/samples_npz/2013/20130710_0300_HARP2920_NOAA11785.npz,20130710_0300_HARP2920_NOAA11785,2013-07-10 03:00:00,2920,11785,0,2013
test_2015,train,gs://suryabench-sharp-pipeline-bamidele/samples_npz/2011/20110829_0348_HARP805_NOAA11275.npz,20110829_0348_HARP805_NOAA11275,2011-08-29 03:48:00,805,11275,0,2011
test_2015,train,gs://suryabench-sharp-pipeline-bamidele/samples_npz/2013/20130503_0112_HARP2696_NOAA11732.npz,20130503_0112_HARP2696_NOAA11732,2013-05-03 01:12:00,2696,11732,0,2013
test_2015,train,gs://suryabench-sharp-pipeline-bamidele/samples_npz/2012/20120121_2036_HARP1318_NOAA11399.npz,20120121_2036_HARP1318_NOAA11399,2012-01-21 20:36:00,1318,11399,0,2012
test_2015,train,gs://suryabench-sharp-pipeline-bamidele/samples_npz/2013/20130113_0248_HARP2362_NOAA11652.npz,20130113_0248_HARP2362_NOAA11652,2013-01-13 02:48:00,2362,11652,1,2013
test_2015,train,gs://suryabench-sharp-pipeline-bamidele/samples_npz/2013/20130421_1736_HARP2661_NOAA11724.npz,20130421_1736_HARP2661_NOAA11724,2013-04-21 17:36:00,2661,11724,0,2013
test_2015,train,gs://suryabench-sharp-pipeline-bamidele/samples_npz/2011/20110908_1412_HARP843_NOAA11287.npz,20110908_1412_HARP843_NOAA11287,2011-09-08 14:12:00,843,11287,0,2011
test_2015,train,gs://suryabench-sharp-pipeline-bamidele/samples_npz/2011/20110316_0848_HARP421_NOAA11172.npz,20110316_0848_HARP421_NOAA11172,2011-03-16 08:48:00,421,11172,0,2011
test_2015,train,gs://suryabench-sharp-pipeline-bamidele/samples_npz/2011/20110926_1948_HARP892_NOAA11302.npz,20110926_1948_HARP892_NOAA11302,2011-09-26 19:48:00,892,11302,1,2011
test_2015,train,gs://suryabench-sharp-pipeline-bamidele/samples_npz/2012/20121002_0624_HARP2061_NOAA11580.npz,20121002_0624_HARP2061_NOAA11580,2012-10-02 06:24:00,2061,11580,0,2012
test_2015,train,gs://suryabench-sharp-pipeline-bamidele/samples_npz/2012/20120117_0312_HARP1312_NOAA11397.npz,20120117_0312_HARP1312_NOAA11397,2012-01-17 03:12:00,1312,11397,0,2012
test_2015,train,gs://suryabench-sharp-pipeline-bamidele/samples_npz/2012/20120923_2336_HARP2040_NOAA11575.npz,20120923_2336_HARP2040_NOAA11575,2012-09-23 23:36:00,2040,11575,0,2012
test_2015,train,gs://suryabench-sharp-pipeline-bamidele/samples_npz/2013/20130313_0236_HARP2543_NOAA11698.npz,20130313_0236_HARP2543_NOAA11698,2013-03-13 02:36:00,2543,11698,0,2013
test_2015,train,gs://suryabench-sharp-pipeline-bamidele/samples_npz/2010/20101206_0248_HARP279_NOAA11131.npz,20101206_0248_HARP279_NOAA11131,2010-12-06 02:48:00,279,11131,0,2010
test_2015,train,gs://suryabench-sharp-pipeline-bamidele/samples_npz/2010/20100828_1524_HARP145_NOAA11101.npz,20100828_1524_HARP145_NOAA11101,2010-08-28 15:24:00,145,11101,0,2010
test_2015,train,gs://suryabench-sharp-pipeline-bamidele/samples_npz/2011/20110928_0300_HARP892_NOAA11302.npz,20110928_0300_HARP892_NOAA11302,2011-09-28 03:00:00,892,11302,1,2011
test_2015,train,gs://suryabench-sharp-pipeline-bamidele/samples_npz/2013/20130311_1824_HARP2533_NOAA11690.npz,20130311_1824_HARP2533_NOAA11690,2013-03-11 18:24:00,2533,11690,0,2013
test_2015,train,gs://suryabench-sharp-pipeline-bamidele/samples_npz/2012/20120705_0624_HARP1807_NOAA11514.npz,20120705_0624_HARP1807_NOAA11514,2012-07-05 06:24:00,1807,11514,0,2012
test_2015,train,gs://suryabench-sharp-pipeline-bamidele/samples_npz/2012/20120425_1600_HARP1596_NOAA11465.npz,20120425_1600_HARP1596_NOAA11465,2012-04-25 16:00:00,1596,11465,0,2012
test_2015,train,gs://suryabench-sharp-pipeline-bamidele/samples_npz/2013/20131124_0812_HARP3400_NOAA11903.npz,20131124_0812_HARP3400_NOAA11903,2013-11-24 08:12:00,3400,11903,0,2013
test_2015,train,gs://suryabench-sharp-pipeline-bamidele/samples_npz/2012/20120606_0724_HARP1724_NOAA11494.npz,20120606_0724_HARP1724_NOAA11494,2012-06-06 07:24:00,1724,11494,1,2012
test_2015,train,gs://suryabench-sharp-pipeline-bamidele/samples_npz/2010/20100903_0212_HARP156_NOAA11105.npz,20100903_0212_HARP156_NOAA11105,2010-09-03 02:12:00,156,11105,0,2010
test_2015,train,gs://suryabench-sharp-pipeline-bamidele/samples_npz/2011/20110822_2336_HARP798_NOAA11272.npz,20110822_2336_HARP798_NOAA11272,2011-08-22 23:36:00,798,11272,0,2011
test_2015,train,gs://suryabench-sharp-pipeline-bamidele/samples_npz/2010/20100626_1200_HARP67_NOAA11085.npz,20100626_1200_HARP67_NOAA11085,2010-06-26 12:00:00,67,11085,0,2010
test_2015,train,gs://suryabench-sharp-pipeline-bamidele/samples_npz/2011/20110809_0212_HARP764_NOAA11267.npz,20110809_0212_HARP764_NOAA11267,2011-08-09 02:12:00,764,11267,0,2011
test_2015,train,gs://suryabench-sharp-pipeline-bamidele/samples_npz/2010/20100603_1648_HARP38_NOAA11073.npz,20100603_1648_HARP38_NOAA11073,2010-06-03 16:48:00,38,11073,0,2010
test_2015,train,gs://suryabench-sharp-pipeline-bamidele/samples_npz/2011/20110423_1612_HARP514_NOAA11195.npz,20110423_1612_HARP514_NOAA11195,2011-04-23 16:12:00,514,11195,0,2011
test_2015,train,gs://suryabench-sharp-pipeline-bamidele/samples_npz/2011/20110303_1148_HARP393_NOAA11164.npz,20110303_1148_HARP393_NOAA11164,2011-03-03 11:48:00,393,11164,0,2011
test_2015,train,gs://suryabench-sharp-pipeline-bamidele/samples_npz/2012/20121018_0312_HARP2131_NOAA11597.npz,20121018_0312_HARP2131_NOAA11597,2012-10-18 03:12:00,2131,11597,0,2012
test_2015,train,gs://suryabench-sharp-pipeline-bamidele/samples_npz/2012/20120830_1136_HARP1997_NOAA11561.npz,20120830_1136_HARP1997_NOAA11561,2012-08-30 11:36:00,1997,11561,0,2012
test_2015,train,gs://suryabench-sharp-pipeline-bamidele/samples_npz/2011/20111111_2124_HARP1041_NOAA11341.npz,20111111_2124_HARP1041_NOAA11341,2011-11-11 21:24:00,1041,11341,0,2011
test_2015,train,gs://suryabench-sharp-pipeline-bamidele/samples_npz/2013/20131028_1500_HARP3311_NOAA11882.npz,20131028_1500_HARP3311_NOAA11882,2013-10-28 15:00:00,3311,11882,1,2013
test_2015,train,gs://suryabench-sharp-pipeline-bamidele/samples_npz/2011/20111217_2112_HARP1183_NOAA11376.npz,20111217_2112_HARP1183_NOAA11376,2011-12-17 21:12:00,1183,11376,0,2011
test_2015,train,gs://suryabench-sharp-pipeline-bamidele/samples_npz/2011/20110430_2212_HARP532_NOAA11201.npz,20110430_2212_HARP532_NOAA11201,2011-04-30 22:12:00,532,11201,0,2011
test_2015,train,gs://suryabench-sharp-pipeline-bamidele/samples_npz/2013/20130410_0200_HARP2635_NOAA11719.npz,20130410_0200_HARP2635_NOAA11719,2013-04-10 02:00:00,2635,11719,1,2013
test_2015,train,gs://suryabench-sharp-pipeline-bamidele/samples_npz/2010/20100622_1012_HARP57_NOAA11082.npz,20100622_1012_HARP57_NOAA11082,2010-06-22 10:12:00,57,11082,0,2010
test_2015,train,gs://suryabench-sharp-pipeline-bamidele/samples_npz/2011/20110418_1324_HARP504_NOAA11191.npz,20110418_1324_HARP504_NOAA11191,2011-04-18 13:24:00,504,11191,0,2011
test_2015,train,gs://suryabench-sharp-pipeline-bamidele/samples_npz/2013/20130331_1448_HARP2599_NOAA11710.npz,20130331_1448_HARP2599_NOAA11710,2013-03-31 14:48:00,2599,11710,0,2013
test_2015,train,gs://suryabench-sharp-pipeline-bamidele/samples_npz/2011/20110501_0436_HARP532_NOAA11201.npz,20110501_0436_HARP532_NOAA11201,2011-05-01 04:36:00,532,11201,0,2011
test_2015,train,gs://suryabench-sharp-pipeline-bamidele/samples_npz/2013/20131027_1236_HARP3309_NOAA11881.npz,20131027_1236_HARP3309_NOAA11881,2013-10-27 12:36:00,3309,11881,0,2013
test_2015,train,gs://suryabench-sharp-pipeline-bamidele/samples_npz/2010/20100828_1624_HARP146_NOAA11102.npz,20100828_1624_HARP146_NOAA11102,2010-08-28 16:24:00,146,11102,0,2010
test_2015,train,gs://suryabench-sharp-pipeline-bamidele/samples_npz/2011/20110703_2136_HARP693_NOAA11246.npz,20110703_2136_HARP693_NOAA11246,2011-07-03 21:36:00,693,11246,0,2011
test_2015,train,gs://suryabench-sharp-pipeline-bamidele/samples_npz/2010/20101106_2012_HARP241_NOAA11120.npz,20101106_2012_HARP241_NOAA11120,2010-11-06 20:12:00,241,11120,0,2010
test_2015,train,gs://suryabench-sharp-pipeline-bamidele/samples_npz/2012/20120119_1624_HARP1321_NOAA11401.npz,20120119_1624_HARP1321_NOAA11401,2012-01-19 16:24:00,1321,11401,0,2012
test_2015,train,gs://suryabench-sharp-pipeline-bamidele/samples_npz/2013/20130328_1824_HARP2594_NOAA11709.npz,20130328_1824_HARP2594_NOAA11709,2013-03-28 18:24:00,2594,11709,0,2013
test_2015,train,gs://suryabench-sharp-pipeline-bamidele/samples_npz/2013/20130929_0936_HARP3220_NOAA11858.npz,20130929_0936_HARP3220_NOAA11858,2013-09-29 09:36:00,3220,11858,0,2013
test_2015,train,gs://suryabench-sharp-pipeline-bamidele/samples_npz/2011/20110917_0348_HARP875_NOAA11300.npz,20110917_0348_HARP875_NOAA11300,2011-09-17 03:48:00,875,11300,0,2011
test_2015,train,gs://suryabench-sharp-pipeline-bamidele/samples_npz/2013/20130115_1212_HARP2371_NOAA11657.npz,20130115_1212_HARP2371_NOAA11657,2013-01-15 12:12:00,2371,11657,0,2013
test_2015,train,gs://suryabench-sharp-pipeline-bamidele/samples_npz/2012/20120912_1900_HARP2021_NOAA11567.npz,20120912_1900_HARP2021_NOAA11567,2012-09-12 19:00:00,2021,11567,0,2012
test_2015,train,gs://suryabench-sharp-pipeline-bamidele/samples_npz/2012/20120102_0636_HARP1256_NOAA11388.npz,20120102_0636_HARP1256_NOAA11388,2012-01-02 06:36:00,1256,11388,0,2012
test_2015,train,gs://suryabench-sharp-pipeline-bamidele/samples_npz/2013/20130804_2112_HARP3028_NOAA11809.npz,20130804_2112_HARP3028_NOAA11809,2013-08-04 21:12:00,3028,11809,0,2013
test_2015,train,gs://suryabench-sharp-pipeline-bamidele/samples_npz/2013/20130121_0448_HARP2400_NOAA11660.npz,20130121_0448_HARP2400_NOAA11660,2013-01-21 04:48:00,2400,11660,0,2013
test_2015,train,gs://suryabench-sharp-pipeline-bamidele/samples_npz/2013/20130121_0936_HARP2400_NOAA11660.npz,20130121_0936_HARP2400_NOAA11660,2013-01-21 09:36:00,2400,11660,0,2013
test_2015,train,gs://suryabench-sharp-pipeline-bamidele/samples_npz/2011/20110821_1112_HARP794_NOAA11271.npz,20110821_1112_HARP794_NOAA11271,2011-08-21 11:12:00,794,11271,0,2011
test_2015,train,gs://suryabench-sharp-pipeline-bamidele/samples_npz/2011/20110214_1548_HARP371_NOAA11159.npz,20110214_1548_HARP371_NOAA11159,2011-02-14 15:48:00,371,11159,0,2011
test_2015,train,gs://suryabench-sharp-pipeline-bamidele/samples_npz/2010/20100918_1100_HARP175_NOAA11106.npz,20100918_1100_HARP175_NOAA11106,2010-09-18 11:00:00,175,11106,0,2010
test_2015,train,gs://suryabench-sharp-pipeline-bamidele/samples_npz/2012/20120630_0236_HARP1795_NOAA11512.npz,20120630_0236_HARP1795_NOAA11512,2012-06-30 02:36:00,1795,11512,0,2012
test_2015,train,gs://suryabench-sharp-pipeline-bamidele/samples_npz/2012/20121111_1848_HARP2181_NOAA11609.npz,20121111_1848_HARP2181_NOAA11609,2012-11-11 18:48:00,2181,11609,0,2012
test_2015,train,gs://suryabench-sharp-pipeline-bamidele/samples_npz/2013/20130731_2236_HARP3012_NOAA11806.npz,20130731_2236_HARP3012_NOAA11806,2013-07-31 22:36:00,3012,11806,0,2013
test_2015,train,gs://suryabench-sharp-pipeline-bamidele/samples_npz/2012/20120916_0600_HARP2028_NOAA11571.npz,20120916_0600_HARP2028_NOAA11571,2012-09-16 06:00:00,2028,11571,0,2012
test_2015,train,gs://suryabench-sharp-pipeline-bamidele/samples_npz/2011/20110203_2148_HARP355_NOAA11150.npz,20110203_2148_HARP355_NOAA11150,2011-02-03 21:48:00,355,11150,0,2011
test_2015,train,gs://suryabench-sharp-pipeline-bamidele/samples_npz/2012/20120831_0924_HARP1970_NOAA11555.npz,20120831_0924_HARP1970_NOAA11555,2012-08-31 09:24:00,1970,11555,0,2012
test_2015,train,gs://suryabench-sharp-pipeline-bamidele/samples_npz/2010/20100918_0612_HARP175_NOAA11106.npz,20100918_0612_HARP175_NOAA11106,2010-09-18 06:12:00,175,11106,0,2010
test_2015,train,gs://suryabench-sharp-pipeline-bamidele/samples_npz/2013/20130107_2348_HARP2348_NOAA11651.npz,20130107_2348_HARP2348_NOAA11651,2013-01-07 23:48:00,2348,11651,0,2013
test_2015,train,gs://suryabench-sharp-pipeline-bamidele/samples_npz/2013/20131019_1012_HARP3293_NOAA11874.npz,20131019_1012_HARP3293_NOAA11874,2013-10-19 10:12:00,3293,11874,0,2013
test_2015,train,gs://suryabench-sharp-pipeline-bamidele/samples_npz/2013/20130820_0936_HARP3066_NOAA11820.npz,20130820_0936_HARP3066_NOAA11820,2013-08-20 09:36:00,3066,11820,0,2013
test_2015,train,gs://suryabench-sharp-pipeline-bamidele/samples_npz/2013/20130111_1700_HARP2371_NOAA11657.npz,20130111_1700_HARP2371_NOAA11657,2013-01-11 17:00:00,2371,11657,0,2013
test_2015,train,gs://suryabench-sharp-pipeline-bamidele/samples_npz/2012/20120603_1036_HARP1737_NOAA11500.npz,20120603_1036_HARP1737_NOAA11500,2012-06-03 10:36:00,1737,11500,0,2012
test_2015,train,gs://suryabench-sharp-pipeline-bamidele/samples_npz/2013/20130307_1048_HARP2525_NOAA11693.npz,20130307_1048_HARP2525_NOAA11693,2013-03-07 10:48:00,2525,11693,0,2013
test_2015,train,gs://suryabench-sharp-pipeline-bamidele/samples_npz/2013/20130819_0736_HARP3068_NOAA11825.npz,20130819_0736_HARP3068_NOAA11825,2013-08-19 07:36:00,3068,11825,0,2013
test_2015,train,gs://suryabench-sharp-pipeline-bamidele/samples_npz/2011/20110310_1936_HARP401_NOAA11166.npz,20110310_1936_HARP401_NOAA11166,2011-03-10 19:36:00,401,11166,1,2011
test_2015,train,gs://suryabench-sharp-pipeline-bamidele/samples_npz/2011/20110511_1912_HARP587_NOAA11208.npz,20110511_1912_HARP587_NOAA11208,2011-05-11 19:12:00,587,11208,0,2011
test_2015,train,gs://suryabench-sharp-pipeline-bamidele/samples_npz/2012/20120331_1912_HARP1500_NOAA11445.npz,20120331_1912_HARP1500_NOAA11445,2012-03-31 19:12:00,1500,11445,0,2012
test_2015,train,gs://suryabench-sharp-pipeline-bamidele/samples_npz/2013/20131029_2300_HARP3311_NOAA11882.npz,20131029_2300_HARP3311_NOAA11882,2013-10-29 23:00:00,3311,11882,0,2013
test_2015,train,gs://suryabench-sharp-pipeline-bamidele/samples_npz/2011/20110817_0100_HARP781_NOAA11270.npz,20110817_0100_HARP781_NOAA11270,2011-08-17 01:00:00,781,11270,0,2011
test_2015,train,gs://suryabench-sharp-pipeline-bamidele/samples_npz/2013/20130526_0900_HARP2758_NOAA11754.npz,20130526_0900_HARP2758_NOAA11754,2013-05-26 09:00:00,2758,11754,0,2013
test_2015,train,gs://suryabench-sharp-pipeline-bamidele/samples_npz/2012/20120115_2112_HARP1319_NOAA11400.npz,20120115_2112_HARP1319_NOAA11400,2012-01-15 21:12:00,1319,11400,0,2012
test_2015,train,gs://suryabench-sharp-pipeline-bamidele/samples_npz/2011/20110725_0448_HARP744_NOAA11262.npz,20110725_0448_HARP744_NOAA11262,2011-07-25 04:48:00,744,11262,0,2011
test_2015,train,gs://suryabench-sharp-pipeline-bamidele/samples_npz/2013/20130113_0112_HARP2362_NOAA11652.npz,20130113_0112_HARP2362_NOAA11652,2013-01-13 01:12:00,2362,11652,1,2013
test_2015,train,gs://suryabench-sharp-pipeline-bamidele/samples_npz/2012/20120417_1512_HARP1557_NOAA11454.npz,20120417_1512_HARP1557_NOAA11454,2012-04-17 15:12:00,1557,11454,0,2012
test_2015,train,gs://suryabench-sharp-pipeline-bamidele/samples_npz/2012/20120809_1600_HARP1907_NOAA11538.npz,20120809_1600_HARP1907_NOAA11538,2012-08-09 16:00:00,1907,11538,0,2012
test_2015,train,gs://suryabench-sharp-pipeline-bamidele/samples_npz/2012/20120229_0100_HARP1424_NOAA11425.npz,20120229_0100_HARP1424_NOAA11425,2012-02-29 01:00:00,1424,11425,0,2012
test_2015,train,gs://suryabench-sharp-pipeline-bamidele/samples_npz/2013/20130819_0424_HARP3068_NOAA11825.npz,20130819_0424_HARP3068_NOAA11825,2013-08-19 04:24:00,3068,11825,0,2013
test_2015,train,gs://suryabench-sharp-pipeline-bamidele/samples_npz/2012/20121020_0148_HARP2123_NOAA11594.npz,20121020_0148_HARP2123_NOAA11594,2012-10-20 01:48:00,2123,11594,0,2012
test_2015,train,gs://suryabench-sharp-pipeline-bamidele/samples_npz/2012/20121210_1712_HARP2262_NOAA11628.npz,20121210_1712_HARP2262_NOAA11628,2012-12-10 17:12:00,2262,11628,0,2012
test_2015,train,gs://suryabench-sharp-pipeline-bamidele/samples_npz/2013/20130216_1712_HARP2471_NOAA11672.npz,20130216_1712_HARP2471_NOAA11672,2013-02-16 17:12:00,2471,11672,0,2013
test_2015,train,gs://suryabench-sharp-pipeline-bamidele/samples_npz/2011/20110310_0824_HARP401_NOAA11166.npz,20110310_0824_HARP401_NOAA11166,2011-03-10 08:24:00,401,11166,1,2011
test_2015,train,gs://suryabench-sharp-pipeline-bamidele/samples_npz/2011/20110730_1748_HARP746_NOAA11260.npz,20110730_1748_HARP746_NOAA11260,2011-07-30 17:48:00,746,11260,0,2011
test_2015,train,gs://suryabench-sharp-pipeline-bamidele/samples_npz/2011/20110606_1400_HARP639_NOAA11228.npz,20110606_1400_HARP639_NOAA11228,2011-06-06 14:00:00,639,11228,0,2011
test_2015,train,gs://suryabench-sharp-pipeline-bamidele/samples_npz/2010/20100628_1824_HARP67_NOAA11085.npz,20100628_1824_HARP67_NOAA11085,2010-06-28 18:24:00,67,11085,0,2010
test_2015,train,gs://suryabench-sharp-pipeline-bamidele/samples_npz/2011/20110803_0836_HARP753_NOAA11263.npz,20110803_0836_HARP753_NOAA11263,2011-08-03 08:36:00,753,11263,0,2011
test_2015,train,gs://suryabench-sharp-pipeline-bamidele/samples_npz/2012/20121203_2024_HARP2245_NOAA11623.npz,20121203_2024_HARP2245_NOAA11623,2012-12-03 20:24:00,2245,11623,0,2012
test_2015,train,gs://suryabench-sharp-pipeline-bamidele/samples_npz/2011/20110719_2100_HARP728_NOAA11256.npz,20110719_2100_HARP728_NOAA11256,2011-07-19 21:00:00,728,11256,0,2011
test_2015,train,gs://suryabench-sharp-pipeline-bamidele/samples_npz/2012/20120115_0800_HARP1312_NOAA11397.npz,20120115_0800_HARP1312_NOAA11397,2012-01-15 08:00:00,1312,11397,0,2012
test_2015,train,gs://suryabench-sharp-pipeline-bamidele/samples_npz/2012/20120615_2112_HARP1750_NOAA11504.npz,20120615_2112_HARP1750_NOAA11504,2012-06-15 21:12:00,1750,11504,0,2012
test_2015,train,gs://suryabench-sharp-pipeline-bamidele/samples_npz/2013/20130502_1712_HARP2696_NOAA11732.npz,20130502_1712_HARP2696_NOAA11732,2013-05-02 17:12:00,2696,11732,0,2013
test_2015,train,gs://suryabench-sharp-pipeline-bamidele/samples_npz/2011/20110211_2336_HARP367_NOAA11156.npz,20110211_2336_HARP367_NOAA11156,2011-02-11 23:36:00,367,11156,0,2011
test_2015,train,gs://suryabench-sharp-pipeline-bamidele/samples_npz/2011/20111208_1548_HARP1164_NOAA11368.npz,20111208_1548_HARP1164_NOAA11368,2011-12-08 15:48:00,1164,11368,0,2011
test_2015,train,gs://suryabench-sharp-pipeline-bamidele/samples_npz/2012/20120419_1612_HARP1574_NOAA11459.npz,20120419_1612_HARP1574_NOAA11459,2012-04-19 16:12:00,1574,11459,0,2012
test_2015,train,gs://suryabench-sharp-pipeline-bamidele/samples_npz/2013/20130624_0200_HARP2878_NOAA11777.npz,20130624_0200_HARP2878_NOAA11777,2013-06-24 02:00:00,2878,11777,0,2013
test_2015,train,gs://suryabench-sharp-pipeline-bamidele/samples_npz/2011/20110914_2100_HARP854_NOAA11294.npz,20110914_2100_HARP854_NOAA11294,2011-09-14 21:00:00,854,11294,0,2011
test_2015,train,gs://suryabench-sharp-pipeline-bamidele/samples_npz/2011/20110522_1100_HARP610_NOAA11218.npz,20110522_1100_HARP610_NOAA11218,2011-05-22 11:00:00,610,11218,0,2011
test_2015,train,gs://suryabench-sharp-pipeline-bamidele/samples_npz/2011/20110621_1912_HARP674_NOAA11237.npz,20110621_1912_HARP674_NOAA11237,2011-06-21 19:12:00,674,11237,0,2011
test_2015,train,gs://suryabench-sharp-pipeline-bamidele/samples_npz/2011/20110608_1436_HARP651_NOAA11231.npz,20110608_1436_HARP651_NOAA11231,2011-06-08 14:36:00,651,11231,0,2011
test_2015,train,gs://suryabench-sharp-pipeline-bamidele/samples_npz/2011/20111020_1712_HARP970_NOAA11323.npz,20111020_1712_HARP970_NOAA11323,2011-10-20 17:12:00,970,11323,0,2011
test_2015,train,gs://suryabench-sharp-pipeline-bamidele/samples_npz/2012/20121020_0636_HARP2123_NOAA11594.npz,20121020_0636_HARP2123_NOAA11594,2012-10-20 06:36:00,2123,11594,0,2012
test_2015,train,gs://suryabench-sharp-pipeline-bamidele/samples_npz/2011/20110915_2248_HARP853_NOAA11292.npz,20110915_2248_HARP853_NOAA11292,2011-09-15 22:48:00,853,11292,0,2011
test_2015,train,gs://suryabench-sharp-pipeline-bamidele/samples_npz/2013/20131223_1448_HARP3520_NOAA11931.npz,20131223_1448_HARP3520_NOAA11931,2013-12-23 14:48:00,3520,11931,0,2013
test_2015,train,gs://suryabench-sharp-pipeline-bamidele/samples_npz/2012/20120103_2236_HARP1275_NOAA11393.npz,20120103_2236_HARP1275_NOAA11393,2012-01-03 22:36:00,1275,11393,0,2012
test_2015,train,gs://suryabench-sharp-pipeline-bamidele/samples_npz/2013/20131226_1800_HARP3520_NOAA11931.npz,20131226_1800_HARP3520_NOAA11931,2013-12-26 18:00:00,3520,11931,0,2013
test_2015,train,gs://suryabench-sharp-pipeline-bamidele/samples_npz/2011/20111029_1912_HARP997_NOAA11330.npz,20111029_1912_HARP997_NOAA11330,2011-10-29 19:12:00,997,11330,0,2011
test_2015,train,gs://suryabench-sharp-pipeline-bamidele/samples_npz/2013/20130923_0112_HARP3192_NOAA11847.npz,20130923_0112_HARP3192_NOAA11847,2013-09-23 01:12:00,3192,11847,0,2013
test_2015,train,gs://suryabench-sharp-pipeline-bamidele/samples_npz/2011/20110214_1224_HARP377_NOAA11158.npz,20110214_1224_HARP377_NOAA11158,2011-02-14 12:24:00,377,11158,1,2011
test_2015,train,gs://suryabench-sharp-pipeline-bamidele/samples_npz/2012/20120506_0212_HARP1632_NOAA11474.npz,20120506_0212_HARP1632_NOAA11474,2012-05-06 02:12:00,1632,11474,0,2012
test_2015,train,gs://suryabench-sharp-pipeline-bamidele/samples_npz/2011/20110718_0212_HARP713_NOAA11258.npz,20110718_0212_HARP713_NOAA11258,2011-07-18 02:12:00,713,11258,0,2011
test_2015,train,gs://suryabench-sharp-pipeline-bamidele/samples_npz/2012/20120510_1724_HARP1638_NOAA11476.npz,20120510_1724_HARP1638_NOAA11476,2012-05-10 17:24:00,1638,11476,1,2012
test_2015,train,gs://suryabench-sharp-pipeline-bamidele/samples_npz/2013/20130625_1000_HARP2878_NOAA11777.npz,20130625_1000_HARP2878_NOAA11777,2013-06-25 10:00:00,2878,11777,0,2013
test_2015,train,gs://suryabench-sharp-pipeline-bamidele/samples_npz/2013/20131120_2300_HARP3376_NOAA11899.npz,20131120_2300_HARP3376_NOAA11899,2013-11-20 23:00:00,3376,11899,0,2013
test_2015,train,gs://suryabench-sharp-pipeline-bamidele/samples_npz/2012/20120407_0012_HARP1527_NOAA11451.npz,20120407_0012_HARP1527_NOAA11451,2012-04-07 00:12:00,1527,11451,0,2012
test_2015,train,gs://suryabench-sharp-pipeline-bamidele/samples_npz/2012/20120315_0524_HARP1461_NOAA11432.npz,20120315_0524_HARP1461_NOAA11432,2012-03-15 05:24:00,1461,11432,1,2012
test_2015,train,gs://suryabench-sharp-pipeline-bamidele/samples_npz/2011/20110828_2148_HARP819_NOAA11284.npz,20110828_2148_HARP819_NOAA11284,2011-08-28 21:48:00,819,11284,0,2011
test_2015,train,gs://suryabench-sharp-pipeline-bamidele/samples_npz/2013/20131105_0800_HARP3344_NOAA11891.npz,20131105_0800_HARP3344_NOAA11891,2013-11-05 08:00:00,3344,11891,0,2013
test_2015,train,gs://suryabench-sharp-pipeline-bamidele/samples_npz/2012/20120522_1724_HARP1669_NOAA11485.npz,20120522_1724_HARP1669_NOAA11485,2012-05-22 17:24:00,1669,11485,0,2012
test_2015,train,gs://suryabench-sharp-pipeline-bamidele/samples_npz/2010/20101026_1936_HARP226_NOAA11117.npz,20101026_1936_HARP226_NOAA11117,2010-10-26 19:36:00,226,11117,0,2010
test_2015,train,gs://suryabench-sharp-pipeline-bamidele/samples_npz/2012/20120827_1636_HARP1951_NOAA11552.npz,20120827_1636_HARP1951_NOAA11552,2012-08-27 16:36:00,1951,11552,0,2012
test_2015,train,gs://suryabench-sharp-pipeline-bamidele/samples_npz/2013/20131027_0236_HARP3295_NOAA11877.npz,20131027_0236_HARP3295_NOAA11877,2013-10-27 02:36:00,3295,11877,1,2013
test_2015,train,gs://suryabench-sharp-pipeline-bamidele/samples_npz/2013/20131113_0236_HARP3364_NOAA11893.npz,20131113_0236_HARP3364_NOAA11893,2013-11-13 02:36:00,3364,11893,0,2013
test_2015,train,gs://suryabench-sharp-pipeline-bamidele/samples_npz/2013/20130504_2024_HARP2696_NOAA11732.npz,20130504_2024_HARP2696_NOAA11732,2013-05-04 20:24:00,2696,11732,0,2013
test_2015,train,gs://suryabench-sharp-pipeline-bamidele/samples_npz/2010/20101016_0012_HARP211_NOAA11112.npz,20101016_0012_HARP211_NOAA11112,2010-10-16 00:12:00,211,11112,1,2010
test_2015,train,gs://suryabench-sharp-pipeline-bamidele/samples_npz/2011/20110905_0848_HARP833_NOAA11283.npz,20110905_0848_HARP833_NOAA11283,2011-09-05 08:48:00,833,11283,1,2011
test_2015,train,gs://suryabench-sharp-pipeline-bamidele/samples_npz/2013/20130624_1936_HARP2878_NOAA11777.npz,20130624_1936_HARP2878_NOAA11777,2013-06-24 19:36:00,2878,11777,0,2013
test_2015,train,gs://suryabench-sharp-pipeline-bamidele/samples_npz/2012/20120701_1900_HARP1807_NOAA11514.npz,20120701_1900_HARP1807_NOAA11514,2012-07-01 19:00:00,1807,11514,0,2012
test_2015,train,gs://suryabench-sharp-pipeline-bamidele/samples_npz/2013/20131112_0900_HARP3364_NOAA11893.npz,20131112_0900_HARP3364_NOAA11893,2013-11-12 09:00:00,3364,11893,0,2013
test_2015,train,gs://suryabench-sharp-pipeline-bamidele/samples_npz/2012/20120518_1948_HARP1662_NOAA11484.npz,20120518_1948_HARP1662_NOAA11484,2012-05-18 19:48:00,1662,11484,0,2012
test_2015,train,gs://suryabench-sharp-pipeline-bamidele/samples_npz/2013/20130309_2036_HARP2522_NOAA11689.npz,20130309_2036_HARP2522_NOAA11689,2013-03-09 20:36:00,2522,11689,0,2013
test_2015,train,gs://suryabench-sharp-pipeline-bamidele/samples_npz/2013/20130512_0112_HARP2733_NOAA11742.npz,20130512_0112_HARP2733_NOAA11742,2013-05-12 01:12:00,2733,11742,0,2013
test_2015,train,gs://suryabench-sharp-pipeline-bamidele/samples_npz/2013/20131114_2236_HARP3367_NOAA11898.npz,20131114_2236_HARP3367_NOAA11898,2013-11-14 22:36:00,3367,11898,0,2013
test_2015,train,gs://suryabench-sharp-pipeline-bamidele/samples_npz/2013/20131022_0900_HARP3288_NOAA11873.npz,20131022_0900_HARP3288_NOAA11873,2013-10-22 09:00:00,3288,11873,0,2013
test_2015,train,gs://suryabench-sharp-pipeline-bamidele/samples_npz/2010/20100629_2000_HARP67_NOAA11085.npz,20100629_2000_HARP67_NOAA11085,2010-06-29 20:00:00,67,11085,0,2010
test_2015,train,gs://suryabench-sharp-pipeline-bamidele/samples_npz/2012/20120225_0824_HARP1410_NOAA11421.npz,20120225_0824_HARP1410_NOAA11421,2012-02-25 08:24:00,1410,11421,0,2012
test_2015,train,gs://suryabench-sharp-pipeline-bamidele/samples_npz/2012/20120517_2300_HARP1657_NOAA11481.npz,20120517_2300_HARP1657_NOAA11481,2012-05-17 23:00:00,1657,11481,0,2012
test_2015,train,gs://suryabench-sharp-pipeline-bamidele/samples_npz/2012/20120228_0900_HARP1426_NOAA11426.npz,20120228_0900_HARP1426_NOAA11426,2012-02-28 09:00:00,1426,11426,0,2012
test_2015,train,gs://suryabench-sharp-pipeline-bamidele/samples_npz/2013/20131113_1300_HARP3367_NOAA11898.npz,20131113_1300_HARP3367_NOAA11898,2013-11-13 13:00:00,3367,11898,0,2013
test_2015,train,gs://suryabench-sharp-pipeline-bamidele/samples_npz/2011/20110108_0700_HARP323_NOAA11140.npz,20110108_0700_HARP323_NOAA11140,2011-01-08 07:00:00,323,11140,0,2011
test_2015,train,gs://suryabench-sharp-pipeline-bamidele/samples_npz/2012/20120907_0600_HARP2017_NOAA11568.npz,20120907_0600_HARP2017_NOAA11568,2012-09-07 06:00:00,2017,11568,0,2012
test_2015,train,gs://suryabench-sharp-pipeline-bamidele/samples_npz/2013/20131108_0536_HARP3341_NOAA11890.npz,20131108_0536_HARP3341_NOAA11890,2013-11-08 05:36:00,3341,11890,1,2013
test_2015,train,gs://suryabench-sharp-pipeline-bamidele/samples_npz/2011/20110311_0648_HARP401_NOAA11166.npz,20110311_0648_HARP401_NOAA11166,2011-03-11 06:48:00,401,11166,1,2011
test_2015,train,gs://suryabench-sharp-pipeline-bamidele/samples_npz/2013/20131115_0412_HARP3364_NOAA11893.npz,20131115_0412_HARP3364_NOAA11893,2013-11-15 04:12:00,3364,11893,0,2013
test_2015,train,gs://suryabench-sharp-pipeline-bamidele/samples_npz/2013/20130226_0148_HARP2501_NOAA11682.npz,20130226_0148_HARP2501_NOAA11682,2013-02-26 01:48:00,2501,11682,0,2013
test_2015,train,gs://suryabench-sharp-pipeline-bamidele/samples_npz/2012/20120708_0248_HARP1832_NOAA11518.npz,20120708_0248_HARP1832_NOAA11518,2012-07-08 02:48:00,1832,11518,0,2012
test_2015,train,gs://suryabench-sharp-pipeline-bamidele/samples_npz/2011/20111204_0848_HARP1120_NOAA11362.npz,20111204_0848_HARP1120_NOAA11362,2011-12-04 08:48:00,1120,11362,0,2011
test_2015,train,gs://suryabench-sharp-pipeline-bamidele/samples_npz/2011/20110909_0512_HARP851_NOAA11291.npz,20110909_0512_HARP851_NOAA11291,2011-09-09 05:12:00,851,11291,0,2011
test_2015,train,gs://suryabench-sharp-pipeline-bamidele/samples_npz/2013/20130115_0548_HARP2380_NOAA11656.npz,20130115_0548_HARP2380_NOAA11656,2013-01-15 05:48:00,2380,11656,0,2013
test_2015,train,gs://suryabench-sharp-pipeline-bamidele/samples_npz/2013/20130921_1512_HARP3194_NOAA11845.npz,20130921_1512_HARP3194_NOAA11845,2013-09-21 15:12:00,3194,11845,0,2013
test_2015,train,gs://suryabench-sharp-pipeline-bamidele/samples_npz/2011/20111123_0224_HARP1089_NOAA11352.npz,20111123_0224_HARP1089_NOAA11352,2011-11-23 02:24:00,1089,11352,0,2011
test_2015,train,gs://suryabench-sharp-pipeline-bamidele/samples_npz/2013/20131103_2236_HARP3336_NOAA11889.npz,20131103_2236_HARP3336_NOAA11889,2013-11-03 22:36:00,3336,11889,0,2013
test_2015,train,gs://suryabench-sharp-pipeline-bamidele/samples_npz/2011/20111213_0724_HARP1168_NOAA11374.npz,20111213_0724_HARP1168_NOAA11374,2011-12-13 07:24:00,1168,11374,0,2011
test_2015,train,gs://suryabench-sharp-pipeline-bamidele/samples_npz/2012/20120602_0024_HARP1715_NOAA11495.npz,20120602_0024_HARP1715_NOAA11495,2012-06-02 00:24:00,1715,11495,0,2012
test_2015,train,gs://suryabench-sharp-pipeline-bamidele/samples_npz/2012/20121104_0036_HARP2166_NOAA11602.npz,20121104_0036_HARP2166_NOAA11602,2012-11-04 00:36:00,2166,11602,0,2012
test_2015,train,gs://suryabench-sharp-pipeline-bamidele/samples_npz/2012/20120317_0236_HARP1464_NOAA11434.npz,20120317_0236_HARP1464_NOAA11434,2012-03-17 02:36:00,1464,11434,1,2012
test_2015,train,gs://suryabench-sharp-pipeline-bamidele/samples_npz/2013/20130219_1724_HARP2491_NOAA11675.npz,20130219_1724_HARP2491_NOAA11675,2013-02-19 17:24:00,2491,11675,0,2013
test_2015,train,gs://suryabench-sharp-pipeline-bamidele/samples_npz/2011/20111128_1948_HARP1119_NOAA11361.npz,20111128_1948_HARP1119_NOAA11361,2011-11-28 19:48:00,1119,11361,0,2011
test_2015,train,gs://suryabench-sharp-pipeline-bamidele/samples_npz/2013/20131126_1448_HARP3415_NOAA11906.npz,20131126_1448_HARP3415_NOAA11906,2013-11-26 14:48:00,3415,11906,0,2013
test_2015,train,gs://suryabench-sharp-pipeline-bamidele/samples_npz/2011/20111125_1624_HARP1093_NOAA11353.npz,20111125_1624_HARP1093_NOAA11353,2011-11-25 16:24:00,1093,11353,0,2011
test_2015,train,gs://suryabench-sharp-pipeline-bamidele/samples_npz/2012/20121009_1436_HARP2098_NOAA11585.npz,20121009_1436_HARP2098_NOAA11585,2012-10-09 14:36:00,2098,11585,0,2012
test_2015,train,gs://suryabench-sharp-pipeline-bamidele/samples_npz/2012/20120905_1724_HARP2007_NOAA11565.npz,20120905_1724_HARP2007_NOAA11565,2012-09-05 17:24:00,2007,11565,0,2012
test_2015,train,gs://suryabench-sharp-pipeline-bamidele/samples_npz/2012/20120502_2324_HARP1628_NOAA11472.npz,20120502_2324_HARP1628_NOAA11472,2012-05-02 23:24:00,1628,11472,0,2012
test_2015,train,gs://suryabench-sharp-pipeline-bamidele/samples_npz/2013/20130612_0700_HARP2832_NOAA11768.npz,20130612_0700_HARP2832_NOAA11768,2013-06-12 07:00:00,2832,11768,0,2013
test_2015,train,gs://suryabench-sharp-pipeline-bamidele/samples_npz/2012/20120425_0936_HARP1603_NOAA11466.npz,20120425_0936_HARP1603_NOAA11466,2012-04-25 09:36:00,1603,11466,1,2012
test_2015,train,gs://suryabench-sharp-pipeline-bamidele/samples_npz/2011/20110401_0448_HARP444_NOAA11180.npz,20110401_0448_HARP444_NOAA11180,2011-04-01 04:48:00,444,11180,0,2011
test_2015,train,gs://suryabench-sharp-pipeline-bamidele/samples_npz/2010/20100716_2112_HARP86_NOAA11087.npz,20100716_2112_HARP86_NOAA11087,2010-07-16 21:12:00,86,11087,0,2010
test_2015,train,gs://suryabench-sharp-pipeline-bamidele/samples_npz/2012/20120307_0224_HARP1449_NOAA11429.npz,20120307_0224_HARP1449_NOAA11429,2012-03-07 02:24:00,1449,11429,0,2012
test_2015,train,gs://suryabench-sharp-pipeline-bamidele/samples_npz/2010/20101021_2336_HARP224_NOAA11119.npz,20101021_2336_HARP224_NOAA11119,2010-10-21 23:36:00,224,11119,0,2010
test_2015,train,gs://suryabench-sharp-pipeline-bamidele/samples_npz/2013/20130423_2224_HARP2672_NOAA11727.npz,20130423_2224_HARP2672_NOAA11727,2013-04-23 22:24:00,2672,11727,0,2013
test_2015,train,gs://suryabench-sharp-pipeline-bamidele/samples_npz/2011/20110803_1524_HARP750_NOAA11261.npz,20110803_1524_HARP750_NOAA11261,2011-08-03 15:24:00,750,11261,1,2011
test_2015,train,gs://suryabench-sharp-pipeline-bamidele/samples_npz/2013/20131022_1248_HARP3291_NOAA11875.npz,20131022_1248_HARP3291_NOAA11875,2013-10-22 12:48:00,3291,11875,1,2013
test_2015,train,gs://suryabench-sharp-pipeline-bamidele/samples_npz/2012/20121101_0936_HARP2169_NOAA11603.npz,20121101_0936_HARP2169_NOAA11603,2012-11-01 09:36:00,2169,11603,0,2012
test_2015,train,gs://suryabench-sharp-pipeline-bamidele/samples_npz/2011/20110714_1936_HARP705_NOAA11248.npz,20110714_1936_HARP705_NOAA11248,2011-07-14 19:36:00,705,11248,0,2011
test_2015,train,gs://suryabench-sharp-pipeline-bamidele/samples_npz/2012/20120827_2336_HARP1962_NOAA11554.npz,20120827_2336_HARP1962_NOAA11554,2012-08-27 23:36:00,1962,11554,0,2012
test_2015,train,gs://suryabench-sharp-pipeline-bamidele/samples_npz/2012/20120605_1624_HARP1727_NOAA11497.npz,20120605_1624_HARP1727_NOAA11497,2012-06-05 16:24:00,1727,11497,0,2012
test_2015,train,gs://suryabench-sharp-pipeline-bamidele/samples_npz/2013/20131009_0712_HARP3260_NOAA11860.npz,20131009_0712_HARP3260_NOAA11860,2013-10-09 07:12:00,3260,11860,0,2013
test_2015,train,gs://suryabench-sharp-pipeline-bamidele/samples_npz/2012/20120313_1724_HARP1461_NOAA11432.npz,20120313_1724_HARP1461_NOAA11432,2012-03-13 17:24:00,1461,11432,1,2012
test_2015,train,gs://suryabench-sharp-pipeline-bamidele/samples_npz/2013/20131212_0500_HARP3474_NOAA11927.npz,20131212_0500_HARP3474_NOAA11927,2013-12-12 05:00:00,3474,11927,0,2013
test_2015,train,gs://suryabench-sharp-pipeline-bamidele/samples_npz/2012/20120315_1436_HARP1464_NOAA11434.npz,20120315_1436_HARP1464_NOAA11434,2012-03-15 14:36:00,1464,11434,0,2012
test_2015,train,gs://suryabench-sharp-pipeline-bamidele/samples_npz/2011/20110505_1236_HARP556_NOAA11203.npz,20110505_1236_HARP556_NOAA11203,2011-05-05 12:36:00,556,11203,0,2011
test_2015,train,gs://suryabench-sharp-pipeline-bamidele/samples_npz/2011/20110412_1936_HARP494_NOAA11187.npz,20110412_1936_HARP494_NOAA11187,2011-04-12 19:36:00,494,11187,0,2011
test_2015,train,gs://suryabench-sharp-pipeline-bamidele/samples_npz/2013/20130516_1100_HARP2735_NOAA11744.npz,20130516_1100_HARP2735_NOAA11744,2013-05-16 11:00:00,2735,11744,0,2013
test_2015,train,gs://suryabench-sharp-pipeline-bamidele/samples_npz/2011/20110926_0224_HARP900_NOAA11304.npz,20110926_0224_HARP900_NOAA11304,2011-09-26 02:24:00,900,11304,0,2011
test_2015,train,gs://suryabench-sharp-pipeline-bamidele/samples_npz/2011/20111209_2348_HARP1126_NOAA11364.npz,20111209_2348_HARP1126_NOAA11364,2011-12-09 23:48:00,1126,11364,0,2011
test_2015,train,gs://suryabench-sharp-pipeline-bamidele/samples_npz/2011/20110328_2100_HARP438_NOAA11177.npz,20110328_2100_HARP438_NOAA11177,2011-03-28 21:00:00,438,11177,0,2011
test_2015,train,gs://suryabench-sharp-pipeline-bamidele/samples_npz/2013/20131129_0936_HARP3432_NOAA11908.npz,20131129_0936_HARP3432_NOAA11908,2013-11-29 09:36:00,3432,11908,0,2013
test_2015,train,gs://suryabench-sharp-pipeline-bamidele/samples_npz/2012/20120606_0724_HARP1722_NOAA11493.npz,20120606_0724_HARP1722_NOAA11493,2012-06-06 07:24:00,1722,11493,0,2012
test_2015,train,gs://suryabench-sharp-pipeline-bamidele/samples_npz/2012/20121124_0048_HARP2227_NOAA11620.npz,20121124_0048_HARP2227_NOAA11620,2012-11-24 00:48:00,2227,11620,0,2012
test_2015,train,gs://suryabench-sharp-pipeline-bamidele/samples_npz/2013/20130625_0336_HARP2878_NOAA11777.npz,20130625_0336_HARP2878_NOAA11777,2013-06-25 03:36:00,2878,11777,0,2013
test_2015,train,gs://suryabench-sharp-pipeline-bamidele/samples_npz/2010/20100728_0100_HARP98_NOAA11090.npz,20100728_0100_HARP98_NOAA11090,2010-07-28 01:00:00,98,11090,0,2010
test_2015,train,gs://suryabench-sharp-pipeline-bamidele/samples_npz/2013/20130814_1612_HARP3048_NOAA11814.npz,20130814_1612_HARP3048_NOAA11814,2013-08-14 16:12:00,3048,11814,0,2013
test_2015,train,gs://suryabench-sharp-pipeline-bamidele/samples_npz/2012/20120117_1836_HARP1318_NOAA11399.npz,20120117_1836_HARP1318_NOAA11399,2012-01-17 18:36:00,1318,11399,0,2012
test_2015,train,gs://suryabench-sharp-pipeline-bamidele/samples_npz/2012/20120615_2024_HARP1744_NOAA11507.npz,20120615_2024_HARP1744_NOAA11507,2012-06-15 20:24:00,1744,11507,0,2012
test_2015,train,gs://suryabench-sharp-pipeline-bamidele/samples_npz/2012/20120119_0336_HARP1321_NOAA11401.npz,20120119_0336_HARP1321_NOAA11401,2012-01-19 03:36:00,1321,11401,0,2012
test_2015,train,gs://suryabench-sharp-pipeline-bamidele/samples_npz/2012/20120901_0436_HARP1990_NOAA11562.npz,20120901_0436_HARP1990_NOAA11562,2012-09-01 04:36:00,1990,11562,0,2012
test_2015,train,gs://suryabench-sharp-pipeline-bamidele/samples_npz/2013/20131111_0324_HARP3367_NOAA11898.npz,20131111_0324_HARP3367_NOAA11898,2013-11-11 03:24:00,3367,11898,0,2013
test_2015,train,gs://suryabench-sharp-pipeline-bamidele/samples_npz/2013/20131117_2212_HARP3366_NOAA11895.npz,20131117_2212_HARP3366_NOAA11895,2013-11-17 22:12:00,3366,11895,0,2013
test_2015,train,gs://suryabench-sharp-pipeline-bamidele/samples_npz/2012/20120201_0048_HARP1350_NOAA11410.npz,20120201_0048_HARP1350_NOAA11410,2012-02-01 00:48:00,1350,11410,0,2012
test_2015,train,gs://suryabench-sharp-pipeline-bamidele/samples_npz/2013/20130814_2100_HARP3079_NOAA11821.npz,20130814_2100_HARP3079_NOAA11821,2013-08-14 21:00:00,3079,11821,0,2013
test_2015,train,gs://suryabench-sharp-pipeline-bamidele/samples_npz/2013/20131021_1036_HARP3286_NOAA11872.npz,20131021_1036_HARP3286_NOAA11872,2013-10-21 10:36:00,3286,11872,0,2013
test_2015,train,gs://suryabench-sharp-pipeline-bamidele/samples_npz/2012/20121112_0724_HARP2186_NOAA11611.npz,20121112_0724_HARP2186_NOAA11611,2012-11-12 07:24:00,2186,11611,0,2012
test_2015,train,gs://suryabench-sharp-pipeline-bamidele/samples_npz/2012/20120820_2112_HARP1942_NOAA11546.npz,20120820_2112_HARP1942_NOAA11546,2012-08-20 21:12:00,1942,11546,0,2012
test_2015,train,gs://suryabench-sharp-pipeline-bamidele/samples_npz/2011/20111119_1436_HARP1079_NOAA11350.npz,20111119_1436_HARP1079_NOAA11350,2011-11-19 14:36:00,1079,11350,0,2011
test_2015,train,gs://suryabench-sharp-pipeline-bamidele/samples_npz/2012/20120502_0900_HARP1628_NOAA11472.npz,20120502_0900_HARP1628_NOAA11472,2012-05-02 09:00:00,1628,11472,0,2012
test_2015,train,gs://suryabench-sharp-pipeline-bamidele/samples_npz/2013/20130411_1736_HARP2636_NOAA11718.npz,20130411_1736_HARP2636_NOAA11718,2013-04-11 17:36:00,2636,11718,1,2013
test_2015,train,gs://suryabench-sharp-pipeline-bamidele/samples_npz/2012/20121025_2300_HARP2144_NOAA11600.npz,20121025_2300_HARP2144_NOAA11600,2012-10-25 23:00:00,2144,11600,0,2012
test_2015,train,gs://suryabench-sharp-pipeline-bamidele/samples_npz/2013/20130318_0200_HARP2557_NOAA11695.npz,20130318_0200_HARP2557_NOAA11695,2013-03-18 02:00:00,2557,11695,0,2013
test_2015,train,gs://suryabench-sharp-pipeline-bamidele/samples_npz/2012/20120426_1148_HARP1603_NOAA11466.npz,20120426_1148_HARP1603_NOAA11466,2012-04-26 11:48:00,1603,11466,1,2012
test_2015,train,gs://suryabench-sharp-pipeline-bamidele/samples_npz/2012/20120403_0212_HARP1528_NOAA11450.npz,20120403_0212_HARP1528_NOAA11450,2012-04-03 02:12:00,1528,11450,0,2012
test_2015,train,gs://suryabench-sharp-pipeline-bamidele/samples_npz/2012/20120405_0500_HARP1527_NOAA11451.npz,20120405_0500_HARP1527_NOAA11451,2012-04-05 05:00:00,1527,11451,0,2012
test_2015,train,gs://suryabench-sharp-pipeline-bamidele/samples_npz/2013/20130313_0100_HARP2543_NOAA11698.npz,20130313_0100_HARP2543_NOAA11698,2013-03-13 01:00:00,2543,11698,0,2013
test_2015,train,gs://suryabench-sharp-pipeline-bamidele/samples_npz/2013/20130709_1136_HARP2948_NOAA11789.npz,20130709_1136_HARP2948_NOAA11789,2013-07-09 11:36:00,2948,11789,0,2013
test_2015,train,gs://suryabench-sharp-pipeline-bamidele/samples_npz/2013/20130329_0112_HARP2587_NOAA11704.npz,20130329_0112_HARP2587_NOAA11704,2013-03-29 01:12:00,2587,11704,0,2013
test_2015,train,gs://suryabench-sharp-pipeline-bamidele/samples_npz/2013/20130409_1512_HARP2619_NOAA11714.npz,20130409_1512_HARP2619_NOAA11714,2013-04-09 15:12:00,2619,11714,0,2013
test_2015,train,gs://suryabench-sharp-pipeline-bamidele/samples_npz/2012/20121201_0148_HARP2240_NOAA11621.npz,20121201_0148_HARP2240_NOAA11621,2012-12-01 01:48:00,2240,11621,0,2012
test_2015,train,gs://suryabench-sharp-pipeline-bamidele/samples_npz/2012/20121229_2012_HARP2322_NOAA11636.npz,20121229_2012_HARP2322_NOAA11636,2012-12-29 20:12:00,2322,11636,0,2012
test_2015,train,gs://suryabench-sharp-pipeline-bamidele/samples_npz/2013/20131104_0924_HARP3330_NOAA11887.npz,20131104_0924_HARP3330_NOAA11887,2013-11-04 09:24:00,3330,11887,0,2013
test_2015,train,gs://suryabench-sharp-pipeline-bamidele/samples_npz/2011/20110911_1348_HARP851_NOAA11291.npz,20110911_1348_HARP851_NOAA11291,2011-09-11 13:48:00,851,11291,0,2011
test_2015,train,gs://suryabench-sharp-pipeline-bamidele/samples_npz/2010/20100916_0036_HARP175_NOAA11106.npz,20100916_0036_HARP175_NOAA11106,2010-09-16 00:36:00,175,11106,0,2010
test_2015,train,gs://suryabench-sharp-pipeline-bamidele/samples_npz/2012/20120929_1124_HARP2059_NOAA11579.npz,20120929_1124_HARP2059_NOAA11579,2012-09-29 11:24:00,2059,11579,0,2012
test_2015,train,gs://suryabench-sharp-pipeline-bamidele/samples_npz/2011/20110911_0448_HARP843_NOAA11287.npz,20110911_0448_HARP843_NOAA11287,2011-09-11 04:48:00,843,11287,0,2011
test_2015,train,gs://suryabench-sharp-pipeline-bamidele/samples_npz/2013/20130813_0500_HARP3048_NOAA11814.npz,20130813_0500_HARP3048_NOAA11814,2013-08-13 05:00:00,3048,11814,0,2013
test_2015,train,gs://suryabench-sharp-pipeline-bamidele/samples_npz/2013/20130107_2148_HARP2341_NOAA11642.npz,20130107_2148_HARP2341_NOAA11642,2013-01-07 21:48:00,2341,11642,0,2013
test_2015,train,gs://suryabench-sharp-pipeline-bamidele/samples_npz/2010/20101117_2148_HARP256_NOAA11126.npz,20101117_2148_HARP256_NOAA11126,2010-11-17 21:48:00,256,11126,0,2010
test_2015,train,gs://suryabench-sharp-pipeline-bamidele/samples_npz/2013/20131130_0036_HARP3443_NOAA11914.npz,20131130_0036_HARP3443_NOAA11914,2013-11-30 00:36:00,3443,11914,0,2013
test_2015,train,gs://suryabench-sharp-pipeline-bamidele/samples_npz/2013/20130309_0300_HARP2525_NOAA11693.npz,20130309_0300_HARP2525_NOAA11693,2013-03-09 03:00:00,2525,11693,0,2013
test_2015,train,gs://suryabench-sharp-pipeline-bamidele/samples_npz/2011/20110801_1612_HARP746_NOAA11260.npz,20110801_1612_HARP746_NOAA11260,2011-08-01 16:12:00,746,11260,0,2011
test_2015,train,gs://suryabench-sharp-pipeline-bamidele/samples_npz/2013/20130910_0500_HARP3154_NOAA11838.npz,20130910_0500_HARP3154_NOAA11838,2013-09-10 05:00:00,3154,11838,0,2013
test_2015,train,gs://suryabench-sharp-pipeline-bamidele/samples_npz/2011/20110623_0136_HARP681_NOAA11241.npz,20110623_0136_HARP681_NOAA11241,2011-06-23 01:36:00,681,11241,0,2011
test_2015,train,gs://suryabench-sharp-pipeline-bamidele/samples_npz/2011/20110414_2048_HARP494_NOAA11187.npz,20110414_2048_HARP494_NOAA11187,2011-04-14 20:48:00,494,11187,0,2011
test_2015,train,gs://suryabench-sharp-pipeline-bamidele/samples_npz/2012/20120502_0424_HARP1621_NOAA11470.npz,20120502_0424_HARP1621_NOAA11470,2012-05-02 04:24:00,1621,11470,0,2012
test_2015,train,gs://suryabench-sharp-pipeline-bamidele/samples_npz/2012/20120316_1112_HARP1461_NOAA11432.npz,20120316_1112_HARP1461_NOAA11432,2012-03-16 11:12:00,1461,11432,0,2012
test_2015,train,gs://suryabench-sharp-pipeline-bamidele/samples_npz/2012/20120615_0600_HARP1744_NOAA11507.npz,20120615_0600_HARP1744_NOAA11507,2012-06-15 06:00:00,1744,11507,0,2012
test_2015,train,gs://suryabench-sharp-pipeline-bamidele/samples_npz/2011/20110612_1036_HARP662_NOAA11235.npz,20110612_1036_HARP662_NOAA11235,2011-06-12 10:36:00,662,11235,0,2011
test_2015,train,gs://suryabench-sharp-pipeline-bamidele/samples_npz/2012/20120530_2000_HARP1701_NOAA11490.npz,20120530_2000_HARP1701_NOAA11490,2012-05-30 20:00:00,1701,11490,0,2012
test_2015,train,gs://suryabench-sharp-pipeline-bamidele/samples_npz/2013/20131130_1324_HARP3443_NOAA11914.npz,20131130_1324_HARP3443_NOAA11914,2013-11-30 13:24:00,3443,11914,0,2013
test_2015,train,gs://suryabench-sharp-pipeline-bamidele/samples_npz/2012/20120113_0900_HARP1309_NOAA11396.npz,20120113_0900_HARP1309_NOAA11396,2012-01-13 09:00:00,1309,11396,0,2012
test_2015,train,gs://suryabench-sharp-pipeline-bamidele/samples_npz/2012/20120819_1712_HARP1948_NOAA11549.npz,20120819_1712_HARP1948_NOAA11549,2012-08-19 17:12:00,1948,11549,0,2012
test_2015,train,gs://suryabench-sharp-pipeline-bamidele/samples_npz/2011/20110915_1300_HARP854_NOAA11294.npz,20110915_1300_HARP854_NOAA11294,2011-09-15 13:00:00,854,11294,0,2011
test_2015,train,gs://suryabench-sharp-pipeline-bamidele/samples_npz/2011/20110715_0648_HARP705_NOAA11248.npz,20110715_0648_HARP705_NOAA11248,2011-07-15 06:48:00,705,11248,0,2011
test_2015,train,gs://suryabench-sharp-pipeline-bamidele/samples_npz/2013/20130105_1836_HARP2341_NOAA11642.npz,20130105_1836_HARP2341_NOAA11642,2013-01-05 18:36:00,2341,11642,0,2013
test_2015,train,gs://suryabench-sharp-pipeline-bamidele/samples_npz/2012/20120113_0424_HARP1300_NOAA11395.npz,20120113_0424_HARP1300_NOAA11395,2012-01-13 04:24:00,1300,11395,0,2012
test_2015,train,gs://suryabench-sharp-pipeline-bamidele/samples_npz/2013/20131118_0336_HARP3376_NOAA11899.npz,20131118_0336_HARP3376_NOAA11899,2013-11-18 03:36:00,3376,11899,0,2013
test_2015,train,gs://suryabench-sharp-pipeline-bamidele/samples_npz/2012/20120729_2048_HARP1877_NOAA11527.npz,20120729_2048_HARP1877_NOAA11527,2012-07-29 20:48:00,1877,11527,0,2012
test_2015,train,gs://suryabench-sharp-pipeline-bamidele/samples_npz/2012/20120615_2336_HARP1744_NOAA11507.npz,20120615_2336_HARP1744_NOAA11507,2012-06-15 23:36:00,1744,11507,0,2012
test_2015,train,gs://suryabench-sharp-pipeline-bamidele/samples_npz/2011/20110808_1812_HARP764_NOAA11267.npz,20110808_1812_HARP764_NOAA11267,2011-08-08 18:12:00,764,11267,0,2011
test_2015,train,gs://suryabench-sharp-pipeline-bamidele/samples_npz/2011/20111012_0148_HARP956_NOAA11318.npz,20111012_0148_HARP956_NOAA11318,2011-10-12 01:48:00,956,11318,0,2011
test_2015,train,gs://suryabench-sharp-pipeline-bamidele/samples_npz/2011/20111212_0648_HARP1171_NOAA11375.npz,20111212_0648_HARP1171_NOAA11375,2011-12-12 06:48:00,1171,11375,0,2011
test_2015,train,gs://suryabench-sharp-pipeline-bamidele/samples_npz/2011/20111212_1700_HARP1168_NOAA11374.npz,20111212_1700_HARP1168_NOAA11374,2011-12-12 17:00:00,1168,11374,0,2011
test_2015,train,gs://suryabench-sharp-pipeline-bamidele/samples_npz/2012/20121002_1036_HARP2069_NOAA11582.npz,20121002_1036_HARP2069_NOAA11582,2012-10-02 10:36:00,2069,11582,0,2012
test_2015,train,gs://suryabench-sharp-pipeline-bamidele/samples_npz/2012/20120903_1324_HARP2007_NOAA11565.npz,20120903_1324_HARP2007_NOAA11565,2012-09-03 13:24:00,2007,11565,0,2012
test_2015,train,gs://suryabench-sharp-pipeline-bamidele/samples_npz/2013/20130204_1036_HARP2436_NOAA11668.npz,20130204_1036_HARP2436_NOAA11668,2013-02-04 10:36:00,2436,11668,0,2013
test_2015,train,gs://suryabench-sharp-pipeline-bamidele/samples_npz/2012/20120412_2048_HARP1549_NOAA11455.npz,20120412_2048_HARP1549_NOAA11455,2012-04-12 20:48:00,1549,11455,0,2012
test_2015,train,gs://suryabench-sharp-pipeline-bamidele/samples_npz/2013/20130111_0112_HARP2362_NOAA11652.npz,20130111_0112_HARP2362_NOAA11652,2013-01-11 01:12:00,2362,11652,1,2013
test_2015,train,gs://suryabench-sharp-pipeline-bamidele/samples_npz/2013/20130407_0448_HARP2625_NOAA11716.npz,20130407_0448_HARP2625_NOAA11716,2013-04-07 04:48:00,2625,11716,0,2013
test_2015,train,gs://suryabench-sharp-pipeline-bamidele/samples_npz/2012/20120316_1700_HARP1464_NOAA11434.npz,20120316_1700_HARP1464_NOAA11434,2012-03-16 17:00:00,1464,11434,1,2012
test_2015,train,gs://suryabench-sharp-pipeline-bamidele/samples_npz/2010/20101130_1036_HARP270_NOAA11128.npz,20101130_1036_HARP270_NOAA11128,2010-11-30 10:36:00,270,11128,0,2010
test_2015,train,gs://suryabench-sharp-pipeline-bamidele/samples_npz/2012/20120526_0548_HARP1690_NOAA11489.npz,20120526_0548_HARP1690_NOAA11489,2012-05-26 05:48:00,1690,11489,0,2012
test_2015,train,gs://suryabench-sharp-pipeline-bamidele/samples_npz/2012/20120831_0800_HARP1993_NOAA11560.npz,20120831_0800_HARP1993_NOAA11560,2012-08-31 08:00:00,1993,11560,0,2012
test_2015,train,gs://suryabench-sharp-pipeline-bamidele/samples_npz/2012/20120619_1200_HARP1783_NOAA11510.npz,20120619_1200_HARP1783_NOAA11510,2012-06-19 12:00:00,1783,11510,0,2012
test_2015,train,gs://suryabench-sharp-pipeline-bamidele/samples_npz/2013/20130825_1000_HARP3116_NOAA11833.npz,20130825_1000_HARP3116_NOAA11833,2013-08-25 10:00:00,3116,11833,0,2013
test_2015,train,gs://suryabench-sharp-pipeline-bamidele/samples_npz/2011/20111225_1948_HARP1209_NOAA11380.npz,20111225_1948_HARP1209_NOAA11380,2011-12-25 19:48:00,1209,11380,0,2011
test_2015,train,gs://suryabench-sharp-pipeline-bamidele/samples_npz/2013/20131023_1112_HARP3291_NOAA11875.npz,20131023_1112_HARP3291_NOAA11875,2013-10-23 11:12:00,3291,11875,1,2013
test_2015,train,gs://suryabench-sharp-pipeline-bamidele/samples_npz/2010/20100829_0548_HARP145_NOAA11101.npz,20100829_0548_HARP145_NOAA11101,2010-08-29 05:48:00,145,11101,0,2010
test_2015,train,gs://suryabench-sharp-pipeline-bamidele/samples_npz/2012/20120910_0236_HARP2017_NOAA11568.npz,20120910_0236_HARP2017_NOAA11568,2012-09-10 02:36:00,2017,11568,0,2012
test_2015,train,gs://suryabench-sharp-pipeline-bamidele/samples_npz/2012/20121025_1248_HARP2144_NOAA11600.npz,20121025_1248_HARP2144_NOAA11600,2012-10-25 12:48:00,2144,11600,0,2012
test_2015,train,gs://suryabench-sharp-pipeline-bamidele/samples_npz/2012/20120203_2312_HARP1350_NOAA11410.npz,20120203_2312_HARP1350_NOAA11410,2012-02-03 23:12:00,1350,11410,0,2012
test_2015,train,gs://suryabench-sharp-pipeline-bamidele/samples_npz/2010/20101109_1548_HARP245_NOAA11121.npz,20101109_1548_HARP245_NOAA11121,2010-11-09 15:48:00,245,11121,0,2010
test_2015,train,gs://suryabench-sharp-pipeline-bamidele/samples_npz/2013/20131230_0600_HARP3535_NOAA11936.npz,20131230_0600_HARP3535_NOAA11936,2013-12-30 06:00:00,3535,11936,1,2013
test_2015,train,gs://suryabench-sharp-pipeline-bamidele/samples_npz/2013/20130715_1724_HARP2954_NOAA11792.npz,20130715_1724_HARP2954_NOAA11792,2013-07-15 17:24:00,2954,11792,0,2013
test_2015,train,gs://suryabench-sharp-pipeline-bamidele/samples_npz/2011/20110914_0324_HARP854_NOAA11294.npz,20110914_0324_HARP854_NOAA11294,2011-09-14 03:24:00,854,11294,0,2011
test_2015,train,gs://suryabench-sharp-pipeline-bamidele/samples_npz/2011/20111217_0336_HARP1183_NOAA11376.npz,20111217_0336_HARP1183_NOAA11376,2011-12-17 03:36:00,1183,11376,0,2011
test_2015,train,gs://suryabench-sharp-pipeline-bamidele/samples_npz/2013/20131010_1348_HARP3267_NOAA11867.npz,20131010_1348_HARP3267_NOAA11867,2013-10-10 13:48:00,3267,11867,0,2013
test_2015,train,gs://suryabench-sharp-pipeline-bamidele/samples_npz/2012/20120510_2024_HARP1651_NOAA11480.npz,20120510_2024_HARP1651_NOAA11480,2012-05-10 20:24:00,1651,11480,0,2012
test_2015,train,gs://suryabench-sharp-pipeline-bamidele/samples_npz/2013/20131005_2348_HARP3252_NOAA11862.npz,20131005_2348_HARP3252_NOAA11862,2013-10-05 23:48:00,3252,11862,0,2013
test_2015,train,gs://suryabench-sharp-pipeline-bamidele/samples_npz/2013/20131211_1312_HARP3490_NOAA11922.npz,20131211_1312_HARP3490_NOAA11922,2013-12-11 13:12:00,3490,11922,0,2013
test_2015,train,gs://suryabench-sharp-pipeline-bamidele/samples_npz/2013/20130628_0100_HARP2912_NOAA11781.npz,20130628_0100_HARP2912_NOAA11781,2013-06-28 01:00:00,2912,11781,0,2013
test_2015,train,gs://suryabench-sharp-pipeline-bamidele/samples_npz/2013/20131115_2324_HARP3386_NOAA11902.npz,20131115_2324_HARP3386_NOAA11902,2013-11-15 23:24:00,3386,11902,0,2013
test_2015,train,gs://suryabench-sharp-pipeline-bamidele/samples_npz/2011/20110924_1724_HARP878_NOAA11301.npz,20110924_1724_HARP878_NOAA11301,2011-09-24 17:24:00,878,11301,0,2011
test_2015,train,gs://suryabench-sharp-pipeline-bamidele/samples_npz/2013/20130627_0748_HARP2904_NOAA11780.npz,20130627_0748_HARP2904_NOAA11780,2013-06-27 07:48:00,2904,11780,0,2013
test_2015,train,gs://suryabench-sharp-pipeline-bamidele/samples_npz/2013/20130212_0224_HARP2460_NOAA11670.npz,20130212_0224_HARP2460_NOAA11670,2013-02-12 02:24:00,2460,11670,0,2013
test_2015,train,gs://suryabench-sharp-pipeline-bamidele/samples_npz/2011/20110430_0548_HARP538_NOAA11200.npz,20110430_0548_HARP538_NOAA11200,2011-04-30 05:48:00,538,11200,0,2011
test_2015,train,gs://suryabench-sharp-pipeline-bamidele/samples_npz/2013/20130625_0024_HARP2878_NOAA11777.npz,20130625_0024_HARP2878_NOAA11777,2013-06-25 00:24:00,2878,11777,0,2013
test_2015,train,gs://suryabench-sharp-pipeline-bamidele/samples_npz/2011/20110104_1948_HARP323_NOAA11140.npz,20110104_1948_HARP323_NOAA11140,2011-01-04 19:48:00,323,11140,0,2011
test_2015,train,gs://suryabench-sharp-pipeline-bamidele/samples_npz/2012/20120527_2012_HARP1697_NOAA11489.npz,20120527_2012_HARP1697_NOAA11489,2012-05-27 20:12:00,1697,11489,0,2012
test_2015,train,gs://suryabench-sharp-pipeline-bamidele/samples_npz/2012/20121119_1948_HARP2203_NOAA11616.npz,20121119_1948_HARP2203_NOAA11616,2012-11-19 19:48:00,2203,11616,0,2012
test_2015,train,gs://suryabench-sharp-pipeline-bamidele/samples_npz/2013/20130423_1600_HARP2672_NOAA11727.npz,20130423_1600_HARP2672_NOAA11727,2013-04-23 16:00:00,2672,11727,0,2013
test_2015,train,gs://suryabench-sharp-pipeline-bamidele/samples_npz/2013/20131008_0400_HARP3247_NOAA11857.npz,20131008_0400_HARP3247_NOAA11857,2013-10-08 04:00:00,3247,11857,0,2013
test_2015,train,gs://suryabench-sharp-pipeline-bamidele/samples_npz/2012/20120814_2212_HARP1930_NOAA11542.npz,20120814_2212_HARP1930_NOAA11542,2012-08-14 22:12:00,1930,11542,0,2012
test_2015,train,gs://suryabench-sharp-pipeline-bamidele/samples_npz/2012/20120219_1336_HARP1405_NOAA11422.npz,20120219_1336_HARP1405_NOAA11422,2012-02-19 13:36:00,1405,11422,0,2012
test_2015,train,gs://suryabench-sharp-pipeline-bamidele/samples_npz/2013/20130117_0500_HARP2380_NOAA11656.npz,20130117_0500_HARP2380_NOAA11656,2013-01-17 05:00:00,2380,11656,0,2013
test_2015,train,gs://suryabench-sharp-pipeline-bamidele/samples_npz/2011/20111207_1048_HARP1149_NOAA11367.npz,20111207_1048_HARP1149_NOAA11367,2011-12-07 10:48:00,1149,11367,0,2011
test_2015,train,gs://suryabench-sharp-pipeline-bamidele/samples_npz/2013/20130410_0648_HARP2635_NOAA11719.npz,20130410_0648_HARP2635_NOAA11719,2013-04-10 06:48:00,2635,11719,1,2013
test_2015,train,gs://suryabench-sharp-pipeline-bamidele/samples_npz/2011/20111115_1800_HARP1046_NOAA11343.npz,20111115_1800_HARP1046_NOAA11343,2011-11-15 18:00:00,1046,11343,0,2011
test_2015,train,gs://suryabench-sharp-pipeline-bamidele/samples_npz/2011/20111105_1600_HARP1019_NOAA11336.npz,20111105_1600_HARP1019_NOAA11336,2011-11-05 16:00:00,1019,11336,0,2011
test_2015,train,gs://suryabench-sharp-pipeline-bamidele/samples_npz/2013/20130923_0424_HARP3192_NOAA11847.npz,20130923_0424_HARP3192_NOAA11847,2013-09-23 04:24:00,3192,11847,0,2013
test_2015,train,gs://suryabench-sharp-pipeline-bamidele/samples_npz/2012/20120803_1636_HARP1903_NOAA11535.npz,20120803_1636_HARP1903_NOAA11535,2012-08-03 16:36:00,1903,11535,0,2012
test_2015,train,gs://suryabench-sharp-pipeline-bamidele/samples_npz/2011/20110714_1324_HARP713_NOAA11258.npz,20110714_1324_HARP713_NOAA11258,2011-07-14 13:24:00,713,11258,0,2011
test_2015,train,gs://suryabench-sharp-pipeline-bamidele/samples_npz/2011/20110427_0600_HARP540_NOAA11199.npz,20110427_0600_HARP540_NOAA11199,2011-04-27 06:00:00,540,11199,0,2011
test_2015,train,gs://suryabench-sharp-pipeline-bamidele/samples_npz/2013/20130420_1848_HARP2673_NOAA11726.npz,20130420_1848_HARP2673_NOAA11726,2013-04-20 18:48:00,2673,11726,1,2013
test_2015,train,gs://suryabench-sharp-pipeline-bamidele/samples_npz/2013/20130404_1524_HARP2599_NOAA11710.npz,20130404_1524_HARP2599_NOAA11710,2013-04-04 15:24:00,2599,11710,0,2013
test_2015,train,gs://suryabench-sharp-pipeline-bamidele/samples_npz/2012/20121017_0636_HARP2109_NOAA11589.npz,20121017_0636_HARP2109_NOAA11589,2012-10-17 06:36:00,2109,11589,0,2012
test_2015,train,gs://suryabench-sharp-pipeline-bamidele/samples_npz/2012/20121210_2200_HARP2262_NOAA11628.npz,20121210_2200_HARP2262_NOAA11628,2012-12-10 22:00:00,2262,11628,0,2012
test_2015,train,gs://suryabench-sharp-pipeline-bamidele/samples_npz/2011/20111216_1136_HARP1183_NOAA11376.npz,20111216_1136_HARP1183_NOAA11376,2011-12-16 11:36:00,1183,11376,0,2011
test_2015,train,gs://suryabench-sharp-pipeline-bamidele/samples_npz/2012/20120422_1848_HARP1574_NOAA11459.npz,20120422_1848_HARP1574_NOAA11459,2012-04-22 18:48:00,1574,11459,0,2012
test_2015,train,gs://suryabench-sharp-pipeline-bamidele/samples_npz/2011/20110906_0536_HARP833_NOAA11283.npz,20110906_0536_HARP833_NOAA11283,2011-09-06 05:36:00,833,11283,1,2011
test_2015,train,gs://suryabench-sharp-pipeline-bamidele/samples_npz/2012/20120122_1000_HARP1321_NOAA11401.npz,20120122_1000_HARP1321_NOAA11401,2012-01-22 10:00:00,1321,11401,0,2012
test_2015,train,gs://suryabench-sharp-pipeline-bamidele/samples_npz/2013/20130923_2000_HARP3212_NOAA11845.npz,20130923_2000_HARP3212_NOAA11845,2013-09-23 20:00:00,3212,11845,0,2013
test_2015,train,gs://suryabench-sharp-pipeline-bamidele/samples_npz/2011/20110908_1648_HARP846_NOAA11288.npz,20110908_1648_HARP846_NOAA11288,2011-09-08 16:48:00,846,11288,0,2011
test_2015,train,gs://suryabench-sharp-pipeline-bamidele/samples_npz/2012/20120907_0424_HARP2017_NOAA11568.npz,20120907_0424_HARP2017_NOAA11568,2012-09-07 04:24:00,2017,11568,0,2012
test_2015,train,gs://suryabench-sharp-pipeline-bamidele/samples_npz/2012/20120702_1712_HARP1806_NOAA11513.npz,20120702_1712_HARP1806_NOAA11513,2012-07-02 17:12:00,1806,11513,1,2012
test_2015,train,gs://suryabench-sharp-pipeline-bamidele/samples_npz/2011/20111126_1624_HARP1093_NOAA11353.npz,20111126_1624_HARP1093_NOAA11353,2011-11-26 16:24:00,1093,11353,0,2011
test_2015,train,gs://suryabench-sharp-pipeline-bamidele/samples_npz/2012/20120317_0912_HARP1464_NOAA11434.npz,20120317_0912_HARP1464_NOAA11434,2012-03-17 09:12:00,1464,11434,1,2012
test_2015,train,gs://suryabench-sharp-pipeline-bamidele/samples_npz/2012/20120312_2336_HARP1461_NOAA11432.npz,20120312_2336_HARP1461_NOAA11432,2012-03-12 23:36:00,1461,11432,1,2012
test_2015,train,gs://suryabench-sharp-pipeline-bamidele/samples_npz/2013/20130627_0648_HARP2878_NOAA11777.npz,20130627_0648_HARP2878_NOAA11777,2013-06-27 06:48:00,2878,11777,0,2013
test_2015,train,gs://suryabench-sharp-pipeline-bamidele/samples_npz/2012/20121002_1612_HARP2059_NOAA11579.npz,20121002_1612_HARP2059_NOAA11579,2012-10-02 16:12:00,2059,11579,0,2012
test_2015,train,gs://suryabench-sharp-pipeline-bamidele/samples_npz/2011/20110412_0024_HARP495_NOAA11190.npz,20110412_0024_HARP495_NOAA11190,2011-04-12 00:24:00,495,11190,0,2011
test_2015,train,gs://suryabench-sharp-pipeline-bamidele/samples_npz/2013/20130303_1212_HARP2502_NOAA11681.npz,20130303_1212_HARP2502_NOAA11681,2013-03-03 12:12:00,2502,11681,0,2013
test_2015,train,gs://suryabench-sharp-pipeline-bamidele/samples_npz/2011/20110911_2148_HARP851_NOAA11291.npz,20110911_2148_HARP851_NOAA11291,2011-09-11 21:48:00,851,11291,0,2011
test_2015,train,gs://suryabench-sharp-pipeline-bamidele/samples_npz/2013/20131224_1324_HARP3513_NOAA11929.npz,20131224_1324_HARP3513_NOAA11929,2013-12-24 13:24:00,3513,11929,0,2013
test_2015,train,gs://suryabench-sharp-pipeline-bamidele/samples_npz/2013/20130308_0548_HARP2522_NOAA11689.npz,20130308_0548_HARP2522_NOAA11689,2013-03-08 05:48:00,2522,11689,0,2013
test_2015,train,gs://suryabench-sharp-pipeline-bamidele/samples_npz/2012/20121008_1436_HARP2098_NOAA11585.npz,20121008_1436_HARP2098_NOAA11585,2012-10-08 14:36:00,2098,11585,0,2012
test_2015,train,gs://suryabench-sharp-pipeline-bamidele/samples_npz/2013/20130421_1248_HARP2661_NOAA11724.npz,20130421_1248_HARP2661_NOAA11724,2013-04-21 12:48:00,2661,11724,0,2013
test_2015,train,gs://suryabench-sharp-pipeline-bamidele/samples_npz/2011/20111018_2000_HARP940_NOAA11314.npz,20111018_2000_HARP940_NOAA11314,2011-10-18 20:00:00,940,11314,0,2011
test_2015,train,gs://suryabench-sharp-pipeline-bamidele/samples_npz/2011/20110908_0300_HARP843_NOAA11287.npz,20110908_0300_HARP843_NOAA11287,2011-09-08 03:00:00,843,11287,0,2011
test_2015,train,gs://suryabench-sharp-pipeline-bamidele/samples_npz/2013/20130331_1800_HARP2599_NOAA11710.npz,20130331_1800_HARP2599_NOAA11710,2013-03-31 18:00:00,2599,11710,0,2013
test_2015,train,gs://suryabench-sharp-pipeline-bamidele/samples_npz/2012/20120203_0848_HARP1350_NOAA11410.npz,20120203_0848_HARP1350_NOAA11410,2012-02-03 08:48:00,1350,11410,0,2012
test_2015,train,gs://suryabench-sharp-pipeline-bamidele/samples_npz/2011/20110213_2200_HARP377_NOAA11158.npz,20110213_2200_HARP377_NOAA11158,2011-02-13 22:00:00,377,11158,1,2011
test_2015,train,gs://suryabench-sharp-pipeline-bamidele/samples_npz/2013/20130507_1212_HARP2711_NOAA11737.npz,20130507_1212_HARP2711_NOAA11737,2013-05-07 12:12:00,2711,11737,0,2013
test_2015,train,gs://suryabench-sharp-pipeline-bamidele/samples_npz/2012/20120614_0024_HARP1750_NOAA11504.npz,20120614_0024_HARP1750_NOAA11504,2012-06-14 00:24:00,1750,11504,1,2012
test_2015,train,gs://suryabench-sharp-pipeline-bamidele/samples_npz/2012/20121205_0612_HARP2260_NOAA11627.npz,20121205_0612_HARP2260_NOAA11627,2012-12-05 06:12:00,2260,11627,0,2012
test_2015,train,gs://suryabench-sharp-pipeline-bamidele/samples_npz/2012/20120620_0536_HARP1783_NOAA11510.npz,20120620_0536_HARP1783_NOAA11510,2012-06-20 05:36:00,1783,11510,0,2012
test_2015,train,gs://suryabench-sharp-pipeline-bamidele/samples_npz/2013/20131011_2148_HARP3260_NOAA11860.npz,20131011_2148_HARP3260_NOAA11860,2013-10-11 21:48:00,3260,11860,0,2013
test_2015,train,gs://suryabench-sharp-pipeline-bamidele/samples_npz/2013/20130829_0936_HARP3122_NOAA11835.npz,20130829_0936_HARP3122_NOAA11835,2013-08-29 09:36:00,3122,11835,0,2013
test_2015,train,gs://suryabench-sharp-pipeline-bamidele/samples_npz/2012/20120608_2336_HARP1724_NOAA11494.npz,20120608_2336_HARP1724_NOAA11494,2012-06-08 23:36:00,1724,11494,0,2012
test_2015,train,gs://suryabench-sharp-pipeline-bamidele/samples_npz/2011/20110905_0948_HARP824_NOAA11281.npz,20110905_0948_HARP824_NOAA11281,2011-09-05 09:48:00,824,11281,0,2011
test_2015,train,gs://suryabench-sharp-pipeline-bamidele/samples_npz/2013/20130831_1212_HARP3129_NOAA11836.npz,20130831_1212_HARP3129_NOAA11836,2013-08-31 12:12:00,3129,11836,0,2013
test_2015,train,gs://suryabench-sharp-pipeline-bamidele/samples_npz/2011/20110815_0612_HARP772_NOAA11269.npz,20110815_0612_HARP772_NOAA11269,2011-08-15 06:12:00,772,11269,0,2011
test_2015,train,gs://suryabench-sharp-pipeline-bamidele/samples_npz/2013/20130312_1800_HARP2541_NOAA11691.npz,20130312_1800_HARP2541_NOAA11691,2013-03-12 18:00:00,2541,11691,0,2013
test_2015,train,gs://suryabench-sharp-pipeline-bamidele/samples_npz/2013/20130102_2336_HARP2338_NOAA11641.npz,20130102_2336_HARP2338_NOAA11641,2013-01-02 23:36:00,2338,11641,0,2013
test_2015,train,gs://suryabench-sharp-pipeline-bamidele/samples_npz/2013/20130620_0212_HARP2875_NOAA11776.npz,20130620_0212_HARP2875_NOAA11776,2013-06-20 02:12:00,2875,11776,0,2013
test_2015,train,gs://suryabench-sharp-pipeline-bamidele/samples_npz/2012/20120529_1212_HARP1690_NOAA11489.npz,20120529_1212_HARP1690_NOAA11489,2012-05-29 12:12:00,1690,11489,0,2012
test_2015,train,gs://suryabench-sharp-pipeline-bamidele/samples_npz/2012/20120421_1848_HARP1574_NOAA11459.npz,20120421_1848_HARP1574_NOAA11459,2012-04-21 18:48:00,1574,11459,0,2012
test_2015,train,gs://suryabench-sharp-pipeline-bamidele/samples_npz/2012/20120506_0548_HARP1621_NOAA11470.npz,20120506_0548_HARP1621_NOAA11470,2012-05-06 05:48:00,1621,11470,0,2012
test_2015,train,gs://suryabench-sharp-pipeline-bamidele/samples_npz/2013/20130112_1400_HARP2372_NOAA11654.npz,20130112_1400_HARP2372_NOAA11654,2013-01-12 14:00:00,2372,11654,0,2013
test_2015,train,gs://suryabench-sharp-pipeline-bamidele/samples_npz/2013/20130217_1548_HARP2491_NOAA11675.npz,20130217_1548_HARP2491_NOAA11675,2013-02-17 15:48:00,2491,11675,0,2013
test_2015,train,gs://suryabench-sharp-pipeline-bamidele/samples_npz/2013/20130729_1436_HARP3011_NOAA11812.npz,20130729_1436_HARP3011_NOAA11812,2013-07-29 14:36:00,3011,11812,0,2013
test_2015,train,gs://suryabench-sharp-pipeline-bamidele/samples_npz/2012/20121205_1448_HARP2259_NOAA11626.npz,20121205_1448_HARP2259_NOAA11626,2012-12-05 14:48:00,2259,11626,0,2012
test_2015,train,gs://suryabench-sharp-pipeline-bamidele/samples_npz/2013/20130722_0400_HARP2982_NOAA11798.npz,20130722_0400_HARP2982_NOAA11798,2013-07-22 04:00:00,2982,11798,0,2013
test_2015,train,gs://suryabench-sharp-pipeline-bamidele/samples_npz/2013/20131105_1412_HARP3330_NOAA11887.npz,20131105_1412_HARP3330_NOAA11887,2013-11-05 14:12:00,3330,11887,0,2013
test_2015,train,gs://suryabench-sharp-pipeline-bamidele/samples_npz/2012/20120528_0236_HARP1697_NOAA11489.npz,20120528_0236_HARP1697_NOAA11489,2012-05-28 02:36:00,1697,11489,0,2012
test_2015,train,gs://suryabench-sharp-pipeline-bamidele/samples_npz/2010/20101229_1212_HARP317_NOAA11137.npz,20101229_1212_HARP317_NOAA11137,2010-12-29 12:12:00,317,11137,0,2010
test_2015,train,gs://suryabench-sharp-pipeline-bamidele/samples_npz/2012/20120127_1424_HARP1348_NOAA11411.npz,20120127_1424_HARP1348_NOAA11411,2012-01-27 14:24:00,1348,11411,0,2012
test_2015,train,gs://suryabench-sharp-pipeline-bamidele/samples_npz/2013/20130409_2112_HARP2635_NOAA11719.npz,20130409_2112_HARP2635_NOAA11719,2013-04-09 21:12:00,2635,11719,1,2013
test_2015,train,gs://suryabench-sharp-pipeline-bamidele/samples_npz/2012/20120526_2112_HARP1688_NOAA11488.npz,20120526_2112_HARP1688_NOAA11488,2012-05-26 21:12:00,1688,11488,0,2012
test_2015,train,gs://suryabench-sharp-pipeline-bamidele/samples_npz/2012/20120528_1936_HARP1688_NOAA11488.npz,20120528_1936_HARP1688_NOAA11488,2012-05-28 19:36:00,1688,11488,0,2012
test_2015,train,gs://suryabench-sharp-pipeline-bamidele/samples_npz/2012/20120503_0248_HARP1621_NOAA11470.npz,20120503_0248_HARP1621_NOAA11470,2012-05-03 02:48:00,1621,11470,0,2012
test_2015,train,gs://suryabench-sharp-pipeline-bamidele/samples_npz/2011/20111201_1048_HARP1133_NOAA11365.npz,20111201_1048_HARP1133_NOAA11365,2011-12-01 10:48:00,1133,11365,0,2011
test_2015,train,gs://suryabench-sharp-pipeline-bamidele/samples_npz/2013/20130815_2300_HARP3056_NOAA11818.npz,20130815_2300_HARP3056_NOAA11818,2013-08-15 23:00:00,3056,11818,1,2013
test_2015,train,gs://suryabench-sharp-pipeline-bamidele/samples_npz/2013/20130822_1800_HARP3116_NOAA11833.npz,20130822_1800_HARP3116_NOAA11833,2013-08-22 18:00:00,3116,11833,0,2013
test_2015,train,gs://suryabench-sharp-pipeline-bamidele/samples_npz/2011/20110606_1300_HARP651_NOAA11231.npz,20110606_1300_HARP651_NOAA11231,2011-06-06 13:00:00,651,11231,0,2011
test_2015,train,gs://suryabench-sharp-pipeline-bamidele/samples_npz/2012/20121211_2200_HARP2262_NOAA11628.npz,20121211_2200_HARP2262_NOAA11628,2012-12-11 22:00:00,2262,11628,0,2012
test_2015,train,gs://suryabench-sharp-pipeline-bamidele/samples_npz/2010/20101023_1648_HARP226_NOAA11117.npz,20101023_1648_HARP226_NOAA11117,2010-10-23 16:48:00,226,11117,0,2010
test_2015,train,gs://suryabench-sharp-pipeline-bamidele/samples_npz/2013/20130514_0848_HARP2735_NOAA11744.npz,20130514_0848_HARP2735_NOAA11744,2013-05-14 08:48:00,2735,11744,0,2013
test_2015,train,gs://suryabench-sharp-pipeline-bamidele/samples_npz/2013/20130517_0612_HARP2754_NOAA11752.npz,20130517_0612_HARP2754_NOAA11752,2013-05-17 06:12:00,2754,11752,0,2013
test_2015,train,gs://suryabench-sharp-pipeline-bamidele/samples_npz/2013/20130106_1800_HARP2344_NOAA11644.npz,20130106_1800_HARP2344_NOAA11644,2013-01-06 18:00:00,2344,11644,0,2013
test_2015,train,gs://suryabench-sharp-pipeline-bamidele/samples_npz/2013/20130108_2248_HARP2344_NOAA11644.npz,20130108_2248_HARP2344_NOAA11644,2013-01-08 22:48:00,2344,11644,0,2013
test_2015,train,gs://suryabench-sharp-pipeline-bamidele/samples_npz/2011/20110817_1136_HARP799_NOAA11273.npz,20110817_1136_HARP799_NOAA11273,2011-08-17 11:36:00,799,11273,0,2011
test_2015,train,gs://suryabench-sharp-pipeline-bamidele/samples_npz/2011/20110728_1412_HARP748_NOAA11265.npz,20110728_1412_HARP748_NOAA11265,2011-07-28 14:12:00,748,11265,0,2011
test_2015,train,gs://suryabench-sharp-pipeline-bamidele/samples_npz/2011/20111225_2300_HARP1209_NOAA11380.npz,20111225_2300_HARP1209_NOAA11380,2011-12-25 23:00:00,1209,11380,0,2011
test_2015,train,gs://suryabench-sharp-pipeline-bamidele/samples_npz/2013/20130419_0600_HARP2673_NOAA11726.npz,20130419_0600_HARP2673_NOAA11726,2013-04-19 06:00:00,2673,11726,0,2013
test_2015,train,gs://suryabench-sharp-pipeline-bamidele/samples_npz/2013/20131025_1124_HARP3291_NOAA11875.npz,20131025_1124_HARP3291_NOAA11875,2013-10-25 11:24:00,3291,11875,0,2013
test_2015,train,gs://suryabench-sharp-pipeline-bamidele/samples_npz/2011/20110615_1836_HARP662_NOAA11235.npz,20110615_1836_HARP662_NOAA11235,2011-06-15 18:36:00,662,11235,0,2011
test_2015,train,gs://suryabench-sharp-pipeline-bamidele/samples_npz/2013/20131028_1012_HARP3311_NOAA11882.npz,20131028_1012_HARP3311_NOAA11882,2013-10-28 10:12:00,3311,11882,1,2013
test_2015,train,gs://suryabench-sharp-pipeline-bamidele/samples_npz/2013/20130719_2048_HARP2966_NOAA11797.npz,20130719_2048_HARP2966_NOAA11797,2013-07-19 20:48:00,2966,11797,0,2013
test_2015,train,gs://suryabench-sharp-pipeline-bamidele/samples_npz/2011/20110901_1124_HARP824_NOAA11281.npz,20110901_1124_HARP824_NOAA11281,2011-09-01 11:24:00,824,11281,0,2011
test_2015,train,gs://suryabench-sharp-pipeline-bamidele/samples_npz/2012/20120516_2124_HARP1657_NOAA11481.npz,20120516_2124_HARP1657_NOAA11481,2012-05-16 21:24:00,1657,11481,0,2012
test_2015,train,gs://suryabench-sharp-pipeline-bamidele/samples_npz/2011/20110110_1024_HARP335_NOAA11143.npz,20110110_1024_HARP335_NOAA11143,2011-01-10 10:24:00,335,11143,0,2011
test_2015,train,gs://suryabench-sharp-pipeline-bamidele/samples_npz/2013/20130603_0236_HARP2790_NOAA11758.npz,20130603_0236_HARP2790_NOAA11758,2013-06-03 02:36:00,2790,11758,0,2013
test_2015,train,gs://suryabench-sharp-pipeline-bamidele/samples_npz/2010/20100616_0748_HARP58_NOAA11083.npz,20100616_0748_HARP58_NOAA11083,2010-06-16 07:48:00,58,11083,0,2010
test_2015,train,gs://suryabench-sharp-pipeline-bamidele/samples_npz/2012/20120330_1348_HARP1520_NOAA11449.npz,20120330_1348_HARP1520_NOAA11449,2012-03-30 13:48:00,1520,11449,0,2012
test_2015,train,gs://suryabench-sharp-pipeline-bamidele/samples_npz/2011/20110524_1412_HARP610_NOAA11218.npz,20110524_1412_HARP610_NOAA11218,2011-05-24 14:12:00,610,11218,0,2011
test_2015,train,gs://suryabench-sharp-pipeline-bamidele/samples_npz/2013/20130505_2024_HARP2696_NOAA11732.npz,20130505_2024_HARP2696_NOAA11732,2013-05-05 20:24:00,2696,11732,0,2013
test_2015,train,gs://suryabench-sharp-pipeline-bamidele/samples_npz/2010/20100809_2036_HARP115_NOAA11093.npz,20100809_2036_HARP115_NOAA11093,2010-08-09 20:36:00,115,11093,0,2010
test_2015,train,gs://suryabench-sharp-pipeline-bamidele/samples_npz/2013/20131205_1448_HARP3461_NOAA11915.npz,20131205_1448_HARP3461_NOAA11915,2013-12-05 14:48:00,3461,11915,0,2013
test_2015,train,gs://suryabench-sharp-pipeline-bamidele/samples_npz/2011/20111117_0848_HARP1066_NOAA11346.npz,20111117_0848_HARP1066_NOAA11346,2011-11-17 08:48:00,1066,11346,0,2011
test_2015,train,gs://suryabench-sharp-pipeline-bamidele/samples_npz/2011/20110407_0136_HARP488_NOAA11188.npz,20110407_0136_HARP488_NOAA11188,2011-04-07 01:36:00,488,11188,0,2011
test_2015,train,gs://suryabench-sharp-pipeline-bamidele/samples_npz/2013/20131027_1412_HARP3309_NOAA11881.npz,20131027_1412_HARP3309_NOAA11881,2013-10-27 14:12:00,3309,11881,0,2013
test_2015,train,gs://suryabench-sharp-pipeline-bamidele/samples_npz/2011/20110212_1712_HARP377_NOAA11158.npz,20110212_1712_HARP377_NOAA11158,2011-02-12 17:12:00,377,11158,1,2011
test_2015,train,gs://suryabench-sharp-pipeline-bamidele/samples_npz/2013/20130723_0536_HARP2984_NOAA11799.npz,20130723_0536_HARP2984_NOAA11799,2013-07-23 05:36:00,2984,11799,0,2013
test_2015,train,gs://suryabench-sharp-pipeline-bamidele/samples_npz/2013/20130602_0100_HARP2790_NOAA11758.npz,20130602_0100_HARP2790_NOAA11758,2013-06-02 01:00:00,2790,11758,0,2013
test_2015,train,gs://suryabench-sharp-pipeline-bamidele/samples_npz/2012/20120508_2300_HARP1632_NOAA11474.npz,20120508_2300_HARP1632_NOAA11474,2012-05-08 23:00:00,1632,11474,0,2012
test_2015,train,gs://suryabench-sharp-pipeline-bamidele/samples_npz/2011/20110604_0936_HARP637_NOAA11226.npz,20110604_0936_HARP637_NOAA11226,2011-06-04 09:36:00,637,11226,0,2011
test_2015,train,gs://suryabench-sharp-pipeline-bamidele/samples_npz/2011/20111231_2300_HARP1249_NOAA11390.npz,20111231_2300_HARP1249_NOAA11390,2011-12-31 23:00:00,1249,11390,0,2011
test_2015,train,gs://suryabench-sharp-pipeline-bamidele/samples_npz/2013/20130307_2112_HARP2511_NOAA11683.npz,20130307_2112_HARP2511_NOAA11683,2013-03-07 21:12:00,2511,11683,0,2013
test_2015,train,gs://suryabench-sharp-pipeline-bamidele/samples_npz/2010/20100603_1336_HARP46_NOAA11078.npz,20100603_1336_HARP46_NOAA11078,2010-06-03 13:36:00,46,11078,0,2010
test_2015,train,gs://suryabench-sharp-pipeline-bamidele/samples_npz/2013/20130130_0936_HARP2414_NOAA11662.npz,20130130_0936_HARP2414_NOAA11662,2013-01-30 09:36:00,2414,11662,0,2013
test_2015,train,gs://suryabench-sharp-pipeline-bamidele/samples_npz/2013/20131223_0348_HARP3513_NOAA11929.npz,20131223_0348_HARP3513_NOAA11929,2013-12-23 03:48:00,3513,11929,0,2013
test_2015,train,gs://suryabench-sharp-pipeline-bamidele/samples_npz/2013/20131019_2012_HARP3286_NOAA11872.npz,20131019_2012_HARP3286_NOAA11872,2013-10-19 20:12:00,3286,11872,0,2013
test_2015,train,gs://suryabench-sharp-pipeline-bamidele/samples_npz/2011/20111111_1936_HARP1046_NOAA11343.npz,20111111_1936_HARP1046_NOAA11343,2011-11-11 19:36:00,1046,11343,0,2011
test_2015,train,gs://suryabench-sharp-pipeline-bamidele/samples_npz/2013/20130602_0000_HARP2779_NOAA11757.npz,20130602_0000_HARP2779_NOAA11757,2013-06-02 00:00:00,2779,11757,0,2013
test_2015,train,gs://suryabench-sharp-pipeline-bamidele/samples_npz/2012/20121027_1636_HARP2143_NOAA11599.npz,20121027_1636_HARP2143_NOAA11599,2012-10-27 16:36:00,2143,11599,0,2012
test_2015,train,gs://suryabench-sharp-pipeline-bamidele/samples_npz/2012/20120913_1136_HARP2021_NOAA11567.npz,20120913_1136_HARP2021_NOAA11567,2012-09-13 11:36:00,2021,11567,0,2012
test_2015,train,gs://suryabench-sharp-pipeline-bamidele/samples_npz/2013/20130518_1000_HARP2737_NOAA11746.npz,20130518_1000_HARP2737_NOAA11746,2013-05-18 10:00:00,2737,11746,0,2013
test_2015,train,gs://suryabench-sharp-pipeline-bamidele/samples_npz/2012/20120824_2012_HARP1946_NOAA11548.npz,20120824_2012_HARP1946_NOAA11548,2012-08-24 20:12:00,1946,11548,0,2012
test_2015,train,gs://suryabench-sharp-pipeline-bamidele/samples_npz/2013/20131006_0412_HARP3250_NOAA11859.npz,20131006_0412_HARP3250_NOAA11859,2013-10-06 04:12:00,3250,11859,0,2013
test_2015,train,gs://suryabench-sharp-pipeline-bamidele/samples_npz/2013/20130422_0912_HARP2673_NOAA11726.npz,20130422_0912_HARP2673_NOAA11726,2013-04-22 09:12:00,2673,11726,1,2013
test_2015,train,gs://suryabench-sharp-pipeline-bamidele/samples_npz/2011/20110428_2348_HARP532_NOAA11201.npz,20110428_2348_HARP532_NOAA11201,2011-04-28 23:48:00,532,11201,0,2011
test_2015,train,gs://suryabench-sharp-pipeline-bamidele/samples_npz/2013/20130530_1000_HARP2790_NOAA11758.npz,20130530_1000_HARP2790_NOAA11758,2013-05-30 10:00:00,2790,11758,0,2013
test_2015,train,gs://suryabench-sharp-pipeline-bamidele/samples_npz/2013/20130630_2024_HARP2910_NOAA11782.npz,20130630_2024_HARP2910_NOAA11782,2013-06-30 20:24:00,2910,11782,0,2013
test_2015,train,gs://suryabench-sharp-pipeline-bamidele/samples_npz/2013/20130129_0900_HARP2411_NOAA11661.npz,20130129_0900_HARP2411_NOAA11661,2013-01-29 09:00:00,2411,11661,0,2013
test_2015,train,gs://suryabench-sharp-pipeline-bamidele/samples_npz/2013/20130409_1600_HARP2635_NOAA11719.npz,20130409_1600_HARP2635_NOAA11719,2013-04-09 16:00:00,2635,11719,1,2013
test_2015,train,gs://suryabench-sharp-pipeline-bamidele/samples_npz/2012/20120501_0336_HARP1613_NOAA11467.npz,20120501_0336_HARP1613_NOAA11467,2012-05-01 03:36:00,1613,11467,0,2012
test_2015,train,gs://suryabench-sharp-pipeline-bamidele/samples_npz/2010/20100618_1324_HARP57_NOAA11082.npz,20100618_1324_HARP57_NOAA11082,2010-06-18 13:24:00,57,11082,0,2010
test_2015,train,gs://suryabench-sharp-pipeline-bamidele/samples_npz/2011/20110801_2148_HARP750_NOAA11261.npz,20110801_2148_HARP750_NOAA11261,2011-08-01 21:48:00,750,11261,1,2011
test_2015,train,gs://suryabench-sharp-pipeline-bamidele/samples_npz/2010/20101201_0412_HARP270_NOAA11128.npz,20101201_0412_HARP270_NOAA11128,2010-12-01 04:12:00,270,11128,0,2010
test_2015,train,gs://suryabench-sharp-pipeline-bamidele/samples_npz/2011/20111201_0200_HARP1113_NOAA11358.npz,20111201_0200_HARP1113_NOAA11358,2011-12-01 02:00:00,1113,11358,0,2011
test_2015,train,gs://suryabench-sharp-pipeline-bamidele/samples_npz/2012/20120520_1712_HARP1669_NOAA11485.npz,20120520_1712_HARP1669_NOAA11485,2012-05-20 17:12:00,1669,11485,0,2012
test_2015,train,gs://suryabench-sharp-pipeline-bamidele/samples_npz/2011/20110814_1412_HARP772_NOAA11269.npz,20110814_1412_HARP772_NOAA11269,2011-08-14 14:12:00,772,11269,0,2011
test_2015,train,gs://suryabench-sharp-pipeline-bamidele/samples_npz/2012/20120710_1224_HARP1834_NOAA11519.npz,20120710_1224_HARP1834_NOAA11519,2012-07-10 12:24:00,1834,11519,0,2012
test_2015,train,gs://suryabench-sharp-pipeline-bamidele/samples_npz/2011/20110803_2248_HARP755_NOAA11264.npz,20110803_2248_HARP755_NOAA11264,2011-08-03 22:48:00,755,11264,0,2011
test_2015,train,gs://suryabench-sharp-pipeline-bamidele/samples_npz/2012/20120818_1748_HARP1943_NOAA11547.npz,20120818_1748_HARP1943_NOAA11547,2012-08-18 17:48:00,1943,11547,0,2012
test_2015,train,gs://suryabench-sharp-pipeline-bamidele/samples_npz/2013/20130223_1436_HARP2489_NOAA11673.npz,20130223_1436_HARP2489_NOAA11673,2013-02-23 14:36:00,2489,11673,0,2013
test_2015,train,gs://suryabench-sharp-pipeline-bamidele/samples_npz/2012/20120307_2048_HARP1449_NOAA11429.npz,20120307_2048_HARP1449_NOAA11429,2012-03-07 20:48:00,1449,11429,1,2012
test_2015,train,gs://suryabench-sharp-pipeline-bamidele/samples_npz/2013/20130120_0136_HARP2400_NOAA11660.npz,20130120_0136_HARP2400_NOAA11660,2013-01-20 01:36:00,2400,11660,0,2013
test_2015,train,gs://suryabench-sharp-pipeline-bamidele/samples_npz/2013/20130611_0536_HARP2839_NOAA11767.npz,20130611_0536_HARP2839_NOAA11767,2013-06-11 05:36:00,2839,11767,0,2013
test_2015,train,gs://suryabench-sharp-pipeline-bamidele/samples_npz/2012/20121007_1124_HARP2098_NOAA11585.npz,20121007_1124_HARP2098_NOAA11585,2012-10-07 11:24:00,2098,11585,0,2012
test_2015,train,gs://suryabench-sharp-pipeline-bamidele/samples_npz/2013/20130223_0024_HARP2493_NOAA11677.npz,20130223_0024_HARP2493_NOAA11677,2013-02-23 00:24:00,2493,11677,0,2013
test_2015,train,gs://suryabench-sharp-pipeline-bamidele/samples_npz/2010/20101004_1036_HARP198_NOAA11111.npz,20101004_1036_HARP198_NOAA11111,2010-10-04 10:36:00,198,11111,0,2010
test_2015,train,gs://suryabench-sharp-pipeline-bamidele/samples_npz/2012/20121115_0900_HARP2191_NOAA11613.npz,20121115_0900_HARP2191_NOAA11613,2012-11-15 09:00:00,2191,11613,0,2012
test_2015,train,gs://suryabench-sharp-pipeline-bamidele/samples_npz/2010/20100915_1612_HARP175_NOAA11106.npz,20100915_1612_HARP175_NOAA11106,2010-09-15 16:12:00,175,11106,0,2010
test_2015,train,gs://suryabench-sharp-pipeline-bamidele/samples_npz/2013/20130816_1012_HARP3056_NOAA11818.npz,20130816_1012_HARP3056_NOAA11818,2013-08-16 10:12:00,3056,11818,1,2013
test_2015,train,gs://suryabench-sharp-pipeline-bamidele/samples_npz/2013/20130205_1836_HARP2433_NOAA11665.npz,20130205_1836_HARP2433_NOAA11665,2013-02-05 18:36:00,2433,11665,0,2013
test_2015,train,gs://suryabench-sharp-pipeline-bamidele/samples_npz/2011/20111121_1424_HARP1080_NOAA11357.npz,20111121_1424_HARP1080_NOAA11357,2011-11-21 14:24:00,1080,11357,0,2011
test_2015,train,gs://suryabench-sharp-pipeline-bamidele/samples_npz/2013/20131115_1036_HARP3364_NOAA11893.npz,20131115_1036_HARP3364_NOAA11893,2013-11-15 10:36:00,3364,11893,0,2013
test_2015,train,gs://suryabench-sharp-pipeline-bamidele/samples_npz/2012/20121118_1400_HARP2193_NOAA11614.npz,20121118_1400_HARP2193_NOAA11614,2012-11-18 14:00:00,2193,11614,0,2012
test_2015,train,gs://suryabench-sharp-pipeline-bamidele/samples_npz/2012/20120130_2312_HARP1350_NOAA11410.npz,20120130_2312_HARP1350_NOAA11410,2012-01-30 23:12:00,1350,11410,0,2012
test_2015,train,gs://suryabench-sharp-pipeline-bamidele/samples_npz/2012/20120814_0936_HARP1931_NOAA11543.npz,20120814_0936_HARP1931_NOAA11543,2012-08-14 09:36:00,1931,11543,0,2012
test_2015,train,gs://suryabench-sharp-pipeline-bamidele/samples_npz/2013/20130112_1048_HARP2362_NOAA11652.npz,20130112_1048_HARP2362_NOAA11652,2013-01-12 10:48:00,2362,11652,1,2013
test_2015,train,gs://suryabench-sharp-pipeline-bamidele/samples_npz/2012/20120120_1412_HARP1318_NOAA11399.npz,20120120_1412_HARP1318_NOAA11399,2012-01-20 14:12:00,1318,11399,0,2012
test_2015,train,gs://suryabench-sharp-pipeline-bamidele/samples_npz/2010/20100809_0924_HARP115_NOAA11093.npz,20100809_0924_HARP115_NOAA11093,2010-08-09 09:24:00,115,11093,0,2010
test_2015,train,gs://suryabench-sharp-pipeline-bamidele/samples_npz/2010/20100621_0212_HARP57_NOAA11082.npz,20100621_0212_HARP57_NOAA11082,2010-06-21 02:12:00,57,11082,0,2010
test_2015,train,gs://suryabench-sharp-pipeline-bamidele/samples_npz/2012/20121025_1112_HARP2144_NOAA11600.npz,20121025_1112_HARP2144_NOAA11600,2012-10-25 11:12:00,2144,11600,0,2012
test_2015,train,gs://suryabench-sharp-pipeline-bamidele/samples_npz/2012/20120509_1548_HARP1632_NOAA11474.npz,20120509_1548_HARP1632_NOAA11474,2012-05-09 15:48:00,1632,11474,0,2012
test_2015,train,gs://suryabench-sharp-pipeline-bamidele/samples_npz/2011/20110110_2200_HARP338_NOAA11145.npz,20110110_2200_HARP338_NOAA11145,2011-01-10 22:00:00,338,11145,0,2011
test_2015,train,gs://suryabench-sharp-pipeline-bamidele/samples_npz/2011/20110415_0448_HARP495_NOAA11190.npz,20110415_0448_HARP495_NOAA11190,2011-04-15 04:48:00,495,11190,1,2011
test_2015,train,gs://suryabench-sharp-pipeline-bamidele/samples_npz/2011/20110509_0712_HARP576_NOAA11207.npz,20110509_0712_HARP576_NOAA11207,2011-05-09 07:12:00,576,11207,0,2011
test_2015,train,gs://suryabench-sharp-pipeline-bamidele/samples_npz/2010/20101104_1324_HARP241_NOAA11120.npz,20101104_1324_HARP241_NOAA11120,2010-11-04 13:24:00,241,11120,0,2010
test_2015,train,gs://suryabench-sharp-pipeline-bamidele/samples_npz/2012/20120428_1624_HARP1613_NOAA11467.npz,20120428_1624_HARP1613_NOAA11467,2012-04-28 16:24:00,1613,11467,0,2012
test_2015,train,gs://suryabench-sharp-pipeline-bamidele/samples_npz/2011/20110111_2336_HARP338_NOAA11145.npz,20110111_2336_HARP338_NOAA11145,2011-01-11 23:36:00,338,11145,0,2011
test_2015,train,gs://suryabench-sharp-pipeline-bamidele/samples_npz/2013/20130314_1736_HARP2546_NOAA11692.npz,20130314_1736_HARP2546_NOAA11692,2013-03-14 17:36:00,2546,11692,1,2013
test_2015,train,gs://suryabench-sharp-pipeline-bamidele/samples_npz/2013/20130831_2048_HARP3122_NOAA11835.npz,20130831_2048_HARP3122_NOAA11835,2013-08-31 20:48:00,3122,11835,0,2013
test_2015,train,gs://suryabench-sharp-pipeline-bamidele/samples_npz/2013/20130505_0912_HARP2696_NOAA11732.npz,20130505_0912_HARP2696_NOAA11732,2013-05-05 09:12:00,2696,11732,0,2013
test_2015,train,gs://suryabench-sharp-pipeline-bamidele/samples_npz/2010/20100728_0724_HARP98_NOAA11090.npz,20100728_0724_HARP98_NOAA11090,2010-07-28 07:24:00,98,11090,0,2010
test_2015,train,gs://suryabench-sharp-pipeline-bamidele/samples_npz/2012/20120526_2324_HARP1697_NOAA11489.npz,20120526_2324_HARP1697_NOAA11489,2012-05-26 23:24:00,1697,11489,0,2012
test_2015,train,gs://suryabench-sharp-pipeline-bamidele/samples_npz/2011/20111017_0948_HARP948_NOAA11317.npz,20111017_0948_HARP948_NOAA11317,2011-10-17 09:48:00,948,11317,0,2011
test_2015,train,gs://suryabench-sharp-pipeline-bamidele/samples_npz/2012/20120814_2048_HARP1931_NOAA11543.npz,20120814_2048_HARP1931_NOAA11543,2012-08-14 20:48:00,1931,11543,0,2012
test_2015,train,gs://suryabench-sharp-pipeline-bamidele/samples_npz/2013/20130331_1224_HARP2587_NOAA11704.npz,20130331_1224_HARP2587_NOAA11704,2013-03-31 12:24:00,2587,11704,0,2013
test_2015,train,gs://suryabench-sharp-pipeline-bamidele/samples_npz/2012/20120911_1824_HARP2011_NOAA11566.npz,20120911_1824_HARP2011_NOAA11566,2012-09-11 18:24:00,2011,11566,0,2012
test_2015,train,gs://suryabench-sharp-pipeline-bamidele/samples_npz/2011/20110625_1912_HARP674_NOAA11237.npz,20110625_1912_HARP674_NOAA11237,2011-06-25 19:12:00,674,11237,0,2011
test_2015,train,gs://suryabench-sharp-pipeline-bamidele/samples_npz/2012/20121210_1548_HARP2270_NOAA11630.npz,20121210_1548_HARP2270_NOAA11630,2012-12-10 15:48:00,2270,11630,0,2012
test_2015,train,gs://suryabench-sharp-pipeline-bamidele/samples_npz/2011/20111019_0212_HARP975_NOAA11321.npz,20111019_0212_HARP975_NOAA11321,2011-10-19 02:12:00,975,11321,0,2011
test_2015,train,gs://suryabench-sharp-pipeline-bamidele/samples_npz/2012/20120416_0824_HARP1573_NOAA11462.npz,20120416_0824_HARP1573_NOAA11462,2012-04-16 08:24:00,1573,11462,0,2012
test_2015,train,gs://suryabench-sharp-pipeline-bamidele/samples_npz/2013/20130823_1136_HARP3116_NOAA11833.npz,20130823_1136_HARP3116_NOAA11833,2013-08-23 11:36:00,3116,11833,0,2013
test_2015,train,gs://suryabench-sharp-pipeline-bamidele/samples_npz/2013/20130729_1648_HARP3019_NOAA11807.npz,20130729_1648_HARP3019_NOAA11807,2013-07-29 16:48:00,3019,11807,0,2013
test_2015,train,gs://suryabench-sharp-pipeline-bamidele/samples_npz/2013/20131102_1512_HARP3321_NOAA11884.npz,20131102_1512_HARP3321_NOAA11884,2013-11-02 15:12:00,3321,11884,1,2013
test_2015,train,gs://suryabench-sharp-pipeline-bamidele/samples_npz/2012/20120901_0448_HARP1993_NOAA11560.npz,20120901_0448_HARP1993_NOAA11560,2012-09-01 04:48:00,1993,11560,0,2012
test_2015,train,gs://suryabench-sharp-pipeline-bamidele/samples_npz/2011/20110411_0024_HARP494_NOAA11187.npz,20110411_0024_HARP494_NOAA11187,2011-04-11 00:24:00,494,11187,0,2011
test_2015,train,gs://suryabench-sharp-pipeline-bamidele/samples_npz/2012/20121103_0836_HARP2166_NOAA11602.npz,20121103_0836_HARP2166_NOAA11602,2012-11-03 08:36:00,2166,11602,0,2012
test_2015,train,gs://suryabench-sharp-pipeline-bamidele/samples_npz/2013/20130619_1136_HARP2861_NOAA11773.npz,20130619_1136_HARP2861_NOAA11773,2013-06-19 11:36:00,2861,11773,0,2013
test_2015,train,gs://suryabench-sharp-pipeline-bamidele/samples_npz/2012/20120315_2100_HARP1464_NOAA11434.npz,20120315_2100_HARP1464_NOAA11434,2012-03-15 21:00:00,1464,11434,1,2012
test_2015,train,gs://suryabench-sharp-pipeline-bamidele/samples_npz/2013/20130921_2200_HARP3192_NOAA11847.npz,20130921_2200_HARP3192_NOAA11847,2013-09-21 22:00:00,3192,11847,0,2013
test_2015,train,gs://suryabench-sharp-pipeline-bamidele/samples_npz/2012/20120225_1136_HARP1410_NOAA11421.npz,20120225_1136_HARP1410_NOAA11421,2012-02-25 11:36:00,1410,11421,0,2012
test_2015,train,gs://suryabench-sharp-pipeline-bamidele/samples_npz/2013/20130314_1024_HARP2569_NOAA11697.npz,20130314_1024_HARP2569_NOAA11697,2013-03-14 10:24:00,2569,11697,0,2013
test_2015,train,gs://suryabench-sharp-pipeline-bamidele/samples_npz/2012/20121203_1224_HARP2245_NOAA11623.npz,20121203_1224_HARP2245_NOAA11623,2012-12-03 12:24:00,2245,11623,0,2012
test_2015,train,gs://suryabench-sharp-pipeline-bamidele/samples_npz/2011/20110918_0136_HARP867_NOAA11299.npz,20110918_0136_HARP867_NOAA11299,2011-09-18 01:36:00,867,11299,0,2011
test_2015,train,gs://suryabench-sharp-pipeline-bamidele/samples_npz/2013/20130504_0600_HARP2696_NOAA11732.npz,20130504_0600_HARP2696_NOAA11732,2013-05-04 06:00:00,2696,11732,0,2013
test_2015,train,gs://suryabench-sharp-pipeline-bamidele/samples_npz/2013/20130110_1512_HARP2360_NOAA11650.npz,20130110_1512_HARP2360_NOAA11650,2013-01-10 15:12:00,2360,11650,0,2013
test_2015,train,gs://suryabench-sharp-pipeline-bamidele/samples_npz/2012/20121025_0800_HARP2144_NOAA11600.npz,20121025_0800_HARP2144_NOAA11600,2012-10-25 08:00:00,2144,11600,0,2012
test_2015,train,gs://suryabench-sharp-pipeline-bamidele/samples_npz/2012/20120606_1236_HARP1735_NOAA11502.npz,20120606_1236_HARP1735_NOAA11502,2012-06-06 12:36:00,1735,11502,0,2012
test_2015,train,gs://suryabench-sharp-pipeline-bamidele/samples_npz/2013/20131102_1336_HARP3321_NOAA11884.npz,20131102_1336_HARP3321_NOAA11884,2013-11-02 13:36:00,3321,11884,1,2013
test_2015,train,gs://suryabench-sharp-pipeline-bamidele/samples_npz/2013/20130716_1912_HARP2952_NOAA11791.npz,20130716_1912_HARP2952_NOAA11791,2013-07-16 19:12:00,2952,11791,0,2013
test_2015,train,gs://suryabench-sharp-pipeline-bamidele/samples_npz/2013/20131123_1124_HARP3400_NOAA11903.npz,20131123_1124_HARP3400_NOAA11903,2013-11-23 11:24:00,3400,11903,0,2013
test_2015,train,gs://suryabench-sharp-pipeline-bamidele/samples_npz/2013/20130605_1200_HARP2809_NOAA11760.npz,20130605_1200_HARP2809_NOAA11760,2013-06-05 12:00:00,2809,11760,0,2013
test_2015,train,gs://suryabench-sharp-pipeline-bamidele/samples_npz/2013/20130502_0036_HARP2693_NOAA11731.npz,20130502_0036_HARP2693_NOAA11731,2013-05-02 00:36:00,2693,11731,1,2013
test_2015,train,gs://suryabench-sharp-pipeline-bamidele/samples_npz/2011/20111019_0636_HARP948_NOAA11317.npz,20111019_0636_HARP948_NOAA11317,2011-10-19 06:36:00,948,11317,0,2011
test_2015,train,gs://suryabench-sharp-pipeline-bamidele/samples_npz/2013/20130819_0448_HARP3066_NOAA11820.npz,20130819_0448_HARP3066_NOAA11820,2013-08-19 04:48:00,3066,11820,0,2013
test_2015,train,gs://suryabench-sharp-pipeline-bamidele/samples_npz/2012/20121111_0600_HARP2181_NOAA11609.npz,20121111_0600_HARP2181_NOAA11609,2012-11-11 06:00:00,2181,11609,0,2012
test_2015,train,gs://suryabench-sharp-pipeline-bamidele/samples_npz/2011/20110307_0648_HARP401_NOAA11166.npz,20110307_0648_HARP401_NOAA11166,2011-03-07 06:48:00,401,11166,1,2011
test_2015,train,gs://suryabench-sharp-pipeline-bamidele/samples_npz/2012/20120113_1348_HARP1303_NOAA11398.npz,20120113_1348_HARP1303_NOAA11398,2012-01-13 13:48:00,1303,11398,0,2012
test_2015,train,gs://suryabench-sharp-pipeline-bamidele/samples_npz/2013/20131219_1024_HARP3522_NOAA11932.npz,20131219_1024_HARP3522_NOAA11932,2013-12-19 10:24:00,3522,11932,0,2013
test_2015,train,gs://suryabench-sharp-pipeline-bamidele/samples_npz/2012/20121001_2048_HARP2061_NOAA11580.npz,20121001_2048_HARP2061_NOAA11580,2012-10-01 20:48:00,2061,11580,0,2012
test_2015,train,gs://suryabench-sharp-pipeline-bamidele/samples_npz/2011/20110802_2012_HARP750_NOAA11261.npz,20110802_2012_HARP750_NOAA11261,2011-08-02 20:12:00,750,11261,1,2011
test_2015,train,gs://suryabench-sharp-pipeline-bamidele/samples_npz/2012/20120316_2236_HARP1461_NOAA11432.npz,20120316_2236_HARP1461_NOAA11432,2012-03-16 22:36:00,1461,11432,0,2012
test_2015,train,gs://suryabench-sharp-pipeline-bamidele/samples_npz/2012/20120922_0948_HARP2037_NOAA11573.npz,20120922_0948_HARP2037_NOAA11573,2012-09-22 09:48:00,2037,11573,0,2012
test_2015,train,gs://suryabench-sharp-pipeline-bamidele/samples_npz/2012/20120507_0748_HARP1634_NOAA11475.npz,20120507_0748_HARP1634_NOAA11475,2012-05-07 07:48:00,1634,11475,0,2012
test_2015,train,gs://suryabench-sharp-pipeline-bamidele/samples_npz/2011/20111215_1436_HARP1186_NOAA11378.npz,20111215_1436_HARP1186_NOAA11378,2011-12-15 14:36:00,1186,11378,0,2011
test_2015,train,gs://suryabench-sharp-pipeline-bamidele/samples_npz/2013/20130718_1448_HARP2964_NOAA11795.npz,20130718_1448_HARP2964_NOAA11795,2013-07-18 14:48:00,2964,11795,0,2013
test_2015,train,gs://suryabench-sharp-pipeline-bamidele/samples_npz/2011/20111120_2224_HARP1080_NOAA11357.npz,20111120_2224_HARP1080_NOAA11357,2011-11-20 22:24:00,1080,11357,0,2011
test_2015,train,gs://suryabench-sharp-pipeline-bamidele/samples_npz/2011/20110911_0312_HARP843_NOAA11287.npz,20110911_0312_HARP843_NOAA11287,2011-09-11 03:12:00,843,11287,0,2011
test_2015,train,gs://suryabench-sharp-pipeline-bamidele/samples_npz/2013/20130608_2324_HARP2825_NOAA11765.npz,20130608_2324_HARP2825_NOAA11765,2013-06-08 23:24:00,2825,11765,0,2013
test_2015,train,gs://suryabench-sharp-pipeline-bamidele/samples_npz/2013/20130707_1236_HARP2920_NOAA11785.npz,20130707_1236_HARP2920_NOAA11785,2013-07-07 12:36:00,2920,11785,0,2013
test_2015,train,gs://suryabench-sharp-pipeline-bamidele/samples_npz/2010/20100727_2324_HARP98_NOAA11090.npz,20100727_2324_HARP98_NOAA11090,2010-07-27 23:24:00,98,11090,0,2010
test_2015,train,gs://suryabench-sharp-pipeline-bamidele/samples_npz/2010/20100808_0112_HARP114_NOAA11095.npz,20100808_0112_HARP114_NOAA11095,2010-08-08 01:12:00,114,11095,0,2010
test_2015,train,gs://suryabench-sharp-pipeline-bamidele/samples_npz/2012/20120120_1236_HARP1318_NOAA11399.npz,20120120_1236_HARP1318_NOAA11399,2012-01-20 12:36:00,1318,11399,0,2012
test_2015,train,gs://suryabench-sharp-pipeline-bamidele/samples_npz/2012/20120909_0536_HARP2011_NOAA11566.npz,20120909_0536_HARP2011_NOAA11566,2012-09-09 05:36:00,2011,11566,0,2012
test_2015,train,gs://suryabench-sharp-pipeline-bamidele/samples_npz/2011/20110710_2236_HARP695_NOAA11247.npz,20110710_2236_HARP695_NOAA11247,2011-07-10 22:36:00,695,11247,0,2011
test_2015,train,gs://suryabench-sharp-pipeline-bamidele/samples_npz/2011/20110808_0624_HARP765_NOAA11268.npz,20110808_0624_HARP765_NOAA11268,2011-08-08 06:24:00,765,11268,0,2011
test_2015,train,gs://suryabench-sharp-pipeline-bamidele/samples_npz/2013/20131205_0648_HARP3461_NOAA11915.npz,20131205_0648_HARP3461_NOAA11915,2013-12-05 06:48:00,3461,11915,0,2013
test_2015,train,gs://suryabench-sharp-pipeline-bamidele/samples_npz/2013/20130926_1248_HARP3220_NOAA11858.npz,20130926_1248_HARP3220_NOAA11858,2013-09-26 12:48:00,3220,11858,0,2013
test_2015,train,gs://suryabench-sharp-pipeline-bamidele/samples_npz/2011/20110808_1912_HARP765_NOAA11268.npz,20110808_1912_HARP765_NOAA11268,2011-08-08 19:12:00,765,11268,0,2011
test_2015,train,gs://suryabench-sharp-pipeline-bamidele/samples_npz/2011/20110809_1148_HARP764_NOAA11267.npz,20110809_1148_HARP764_NOAA11267,2011-08-09 11:48:00,764,11267,0,2011
test_2015,train,gs://suryabench-sharp-pipeline-bamidele/samples_npz/2011/20110113_0248_HARP338_NOAA11145.npz,20110113_0248_HARP338_NOAA11145,2011-01-13 02:48:00,338,11145,0,2011
test_2015,train,gs://suryabench-sharp-pipeline-bamidele/samples_npz/2013/20130113_2148_HARP2371_NOAA11657.npz,20130113_2148_HARP2371_NOAA11657,2013-01-13 21:48:00,2371,11657,0,2013
test_2015,train,gs://suryabench-sharp-pipeline-bamidele/samples_npz/2011/20110730_2212_HARP751_NOAA11264.npz,20110730_2212_HARP751_NOAA11264,2011-07-30 22:12:00,751,11264,0,2011
test_2015,train,gs://suryabench-sharp-pipeline-bamidele/samples_npz/2010/20101211_2300_HARP284_NOAA11133.npz,20101211_2300_HARP284_NOAA11133,2010-12-11 23:00:00,284,11133,0,2010
test_2015,train,gs://suryabench-sharp-pipeline-bamidele/samples_npz/2010/20100814_2212_HARP131_NOAA11098.npz,20100814_2212_HARP131_NOAA11098,2010-08-14 22:12:00,131,11098,0,2010
test_2015,train,gs://suryabench-sharp-pipeline-bamidele/samples_npz/2013/20130519_0612_HARP2748_NOAA11748.npz,20130519_0612_HARP2748_NOAA11748,2013-05-19 06:12:00,2748,11748,0,2013
test_2015,train,gs://suryabench-sharp-pipeline-bamidele/samples_npz/2013/20130921_1024_HARP3194_NOAA11845.npz,20130921_1024_HARP3194_NOAA11845,2013-09-21 10:24:00,3194,11845,0,2013
test_2015,train,gs://suryabench-sharp-pipeline-bamidele/samples_npz/2013/20130117_1436_HARP2380_NOAA11656.npz,20130117_1436_HARP2380_NOAA11656,2013-01-17 14:36:00,2380,11656,0,2013
test_2015,train,gs://suryabench-sharp-pipeline-bamidele/samples_npz/2011/20110606_0948_HARP651_NOAA11231.npz,20110606_0948_HARP651_NOAA11231,2011-06-06 09:48:00,651,11231,0,2011
test_2015,train,gs://suryabench-sharp-pipeline-bamidele/samples_npz/2011/20111209_0136_HARP1149_NOAA11367.npz,20111209_0136_HARP1149_NOAA11367,2011-12-09 01:36:00,1149,11367,0,2011
test_2015,train,gs://suryabench-sharp-pipeline-bamidele/samples_npz/2013/20130314_0924_HARP2546_NOAA11692.npz,20130314_0924_HARP2546_NOAA11692,2013-03-14 09:24:00,2546,11692,1,2013
test_2015,train,gs://suryabench-sharp-pipeline-bamidele/samples_npz/2013/20130627_0824_HARP2887_NOAA11778.npz,20130627_0824_HARP2887_NOAA11778,2013-06-27 08:24:00,2887,11778,0,2013
test_2015,train,gs://suryabench-sharp-pipeline-bamidele/samples_npz/2013/20130221_0612_HARP2491_NOAA11675.npz,20130221_0612_HARP2491_NOAA11675,2013-02-21 06:12:00,2491,11675,0,2013
test_2015,train,gs://suryabench-sharp-pipeline-bamidele/samples_npz/2010/20100530_1248_HARP40_NOAA11075.npz,20100530_1248_HARP40_NOAA11075,2010-05-30 12:48:00,40,11075,0,2010
test_2015,train,gs://suryabench-sharp-pipeline-bamidele/samples_npz/2011/20110327_0048_HARP438_NOAA11177.npz,20110327_0048_HARP438_NOAA11177,2011-03-27 00:48:00,438,11177,0,2011
test_2015,train,gs://suryabench-sharp-pipeline-bamidele/samples_npz/2013/20130313_2336_HARP2546_NOAA11692.npz,20130313_2336_HARP2546_NOAA11692,2013-03-13 23:36:00,2546,11692,1,2013
test_2015,train,gs://suryabench-sharp-pipeline-bamidele/samples_npz/2012/20120401_1248_HARP1514_NOAA11448.npz,20120401_1248_HARP1514_NOAA11448,2012-04-01 12:48:00,1514,11448,0,2012
test_2015,train,gs://suryabench-sharp-pipeline-bamidele/samples_npz/2011/20111213_0200_HARP1171_NOAA11375.npz,20111213_0200_HARP1171_NOAA11375,2011-12-13 02:00:00,1171,11375,0,2011
test_2015,train,gs://suryabench-sharp-pipeline-bamidele/samples_npz/2011/20110202_1212_HARP355_NOAA11150.npz,20110202_1212_HARP355_NOAA11150,2011-02-02 12:12:00,355,11150,0,2011
test_2015,train,gs://suryabench-sharp-pipeline-bamidele/samples_npz/2011/20111106_0812_HARP1026_NOAA11338.npz,20111106_0812_HARP1026_NOAA11338,2011-11-06 08:12:00,1026,11338,0,2011
test_2015,train,gs://suryabench-sharp-pipeline-bamidele/samples_npz/2011/20110927_1248_HARP900_NOAA11304.npz,20110927_1248_HARP900_NOAA11304,2011-09-27 12:48:00,900,11304,0,2011
test_2015,train,gs://suryabench-sharp-pipeline-bamidele/samples_npz/2011/20110601_1136_HARP643_NOAA11229.npz,20110601_1136_HARP643_NOAA11229,2011-06-01 11:36:00,643,11229,0,2011
test_2015,train,gs://suryabench-sharp-pipeline-bamidele/samples_npz/2012/20120423_1224_HARP1574_NOAA11459.npz,20120423_1224_HARP1574_NOAA11459,2012-04-23 12:24:00,1574,11459,0,2012
test_2015,train,gs://suryabench-sharp-pipeline-bamidele/samples_npz/2013/20130903_0300_HARP3129_NOAA11836.npz,20130903_0300_HARP3129_NOAA11836,2013-09-03 03:00:00,3129,11836,0,2013
test_2015,train,gs://suryabench-sharp-pipeline-bamidele/samples_npz/2011/20111223_0512_HARP1210_NOAA11381.npz,20111223_0512_HARP1210_NOAA11381,2011-12-23 05:12:00,1210,11381,0,2011
test_2015,train,gs://suryabench-sharp-pipeline-bamidele/samples_npz/2010/20100930_0024_HARP187_NOAA11109.npz,20100930_0024_HARP187_NOAA11109,2010-09-30 00:24:00,187,11109,0,2010
test_2015,train,gs://suryabench-sharp-pipeline-bamidele/samples_npz/2013/20131215_0036_HARP3473_NOAA11917.npz,20131215_0036_HARP3473_NOAA11917,2013-12-15 00:36:00,3473,11917,0,2013
test_2015,train,gs://suryabench-sharp-pipeline-bamidele/samples_npz/2011/20111113_0512_HARP1046_NOAA11343.npz,20111113_0512_HARP1046_NOAA11343,2011-11-13 05:12:00,1046,11343,0,2011
test_2015,train,gs://suryabench-sharp-pipeline-bamidele/samples_npz/2011/20110802_1636_HARP753_NOAA11263.npz,20110802_1636_HARP753_NOAA11263,2011-08-02 16:36:00,753,11263,1,2011
test_2015,train,gs://suryabench-sharp-pipeline-bamidele/samples_npz/2013/20130423_1912_HARP2672_NOAA11727.npz,20130423_1912_HARP2672_NOAA11727,2013-04-23 19:12:00,2672,11727,0,2013
test_2015,train,gs://suryabench-sharp-pipeline-bamidele/samples_npz/2011/20110728_0900_HARP746_NOAA11260.npz,20110728_0900_HARP746_NOAA11260,2011-07-28 09:00:00,746,11260,0,2011
test_2015,train,gs://suryabench-sharp-pipeline-bamidele/samples_npz/2011/20110508_0800_HARP589_NOAA11209.npz,20110508_0800_HARP589_NOAA11209,2011-05-08 08:00:00,589,11209,0,2011
test_2015,train,gs://suryabench-sharp-pipeline-bamidele/samples_npz/2011/20110718_0524_HARP713_NOAA11258.npz,20110718_0524_HARP713_NOAA11258,2011-07-18 05:24:00,713,11258,0,2011
test_2015,train,gs://suryabench-sharp-pipeline-bamidele/samples_npz/2012/20120216_2136_HARP1391_NOAA11417.npz,20120216_2136_HARP1391_NOAA11417,2012-02-16 21:36:00,1391,11417,0,2012
test_2015,train,gs://suryabench-sharp-pipeline-bamidele/samples_npz/2011/20110830_0524_HARP814_NOAA11277.npz,20110830_0524_HARP814_NOAA11277,2011-08-30 05:24:00,814,11277,0,2011
test_2015,train,gs://suryabench-sharp-pipeline-bamidele/samples_npz/2013/20130107_2112_HARP2352_NOAA11648.npz,20130107_2112_HARP2352_NOAA11648,2013-01-07 21:12:00,2352,11648,0,2013
test_2015,train,gs://suryabench-sharp-pipeline-bamidele/samples_npz/2013/20130115_1048_HARP2372_NOAA11654.npz,20130115_1048_HARP2372_NOAA11654,2013-01-15 10:48:00,2372,11654,0,2013
test_2015,train,gs://suryabench-sharp-pipeline-bamidele/samples_npz/2013/20130702_0600_HARP2910_NOAA11782.npz,20130702_0600_HARP2910_NOAA11782,2013-07-02 06:00:00,2910,11782,0,2013
test_2015,train,gs://suryabench-sharp-pipeline-bamidele/samples_npz/2012/20120526_1312_HARP1688_NOAA11488.npz,20120526_1312_HARP1688_NOAA11488,2012-05-26 13:12:00,1688,11488,0,2012
test_2015,train,gs://suryabench-sharp-pipeline-bamidele/samples_npz/2011/20110828_0412_HARP803_NOAA11274.npz,20110828_0412_HARP803_NOAA11274,2011-08-28 04:12:00,803,11274,0,2011
test_2015,train,gs://suryabench-sharp-pipeline-bamidele/samples_npz/2012/20120628_0512_HARP1795_NOAA11512.npz,20120628_0512_HARP1795_NOAA11512,2012-06-28 05:12:00,1795,11512,0,2012
test_2015,train,gs://suryabench-sharp-pipeline-bamidele/samples_npz/2011/20110714_1800_HARP705_NOAA11248.npz,20110714_1800_HARP705_NOAA11248,2011-07-14 18:00:00,705,11248,0,2011
test_2015,train,gs://suryabench-sharp-pipeline-bamidele/samples_npz/2013/20131216_1512_HARP3497_NOAA11925.npz,20131216_1512_HARP3497_NOAA11925,2013-12-16 15:12:00,3497,11925,0,2013
test_2015,train,gs://suryabench-sharp-pipeline-bamidele/samples_npz/2011/20110719_2024_HARP714_NOAA11251.npz,20110719_2024_HARP714_NOAA11251,2011-07-19 20:24:00,714,11251,0,2011
test_2015,train,gs://suryabench-sharp-pipeline-bamidele/samples_npz/2011/20110818_0824_HARP799_NOAA11273.npz,20110818_0824_HARP799_NOAA11273,2011-08-18 08:24:00,799,11273,0,2011
test_2015,train,gs://suryabench-sharp-pipeline-bamidele/samples_npz/2011/20110329_1948_HARP438_NOAA11177.npz,20110329_1948_HARP438_NOAA11177,2011-03-29 19:48:00,438,11177,0,2011
test_2015,train,gs://suryabench-sharp-pipeline-bamidele/samples_npz/2011/20110902_0524_HARP814_NOAA11277.npz,20110902_0524_HARP814_NOAA11277,2011-09-02 05:24:00,814,11277,0,2011
test_2015,train,gs://suryabench-sharp-pipeline-bamidele/samples_npz/2011/20110719_0324_HARP728_NOAA11256.npz,20110719_0324_HARP728_NOAA11256,2011-07-19 03:24:00,728,11256,0,2011
test_2015,train,gs://suryabench-sharp-pipeline-bamidele/samples_npz/2012/20120920_1636_HARP2037_NOAA11573.npz,20120920_1636_HARP2037_NOAA11573,2012-09-20 16:36:00,2037,11573,0,2012
test_2015,train,gs://suryabench-sharp-pipeline-bamidele/samples_npz/2013/20131013_2148_HARP3263_NOAA11861.npz,20131013_2148_HARP3263_NOAA11861,2013-10-13 21:48:00,3263,11861,0,2013
test_2015,train,gs://suryabench-sharp-pipeline-bamidele/samples_npz/2011/20110205_0800_HARP362_NOAA11153.npz,20110205_0800_HARP362_NOAA11153,2011-02-05 08:00:00,362,11153,0,2011
test_2015,train,gs://suryabench-sharp-pipeline-bamidele/samples_npz/2012/20121118_1848_HARP2193_NOAA11614.npz,20121118_1848_HARP2193_NOAA11614,2012-11-18 18:48:00,2193,11614,0,2012
test_2015,train,gs://suryabench-sharp-pipeline-bamidele/samples_npz/2012/20120529_0236_HARP1690_NOAA11489.npz,20120529_0236_HARP1690_NOAA11489,2012-05-29 02:36:00,1690,11489,0,2012
test_2015,train,gs://suryabench-sharp-pipeline-bamidele/samples_npz/2012/20120810_2236_HARP1939_NOAA11545.npz,20120810_2236_HARP1939_NOAA11545,2012-08-10 22:36:00,1939,11545,0,2012
test_2015,train,gs://suryabench-sharp-pipeline-bamidele/samples_npz/2012/20120419_0436_HARP1572_NOAA11458.npz,20120419_0436_HARP1572_NOAA11458,2012-04-19 04:36:00,1572,11458,0,2012
test_2015,train,gs://suryabench-sharp-pipeline-bamidele/samples_npz/2013/20130110_0436_HARP2366_NOAA11653.npz,20130110_0436_HARP2366_NOAA11653,2013-01-10 04:36:00,2366,11653,0,2013
test_2015,train,gs://suryabench-sharp-pipeline-bamidele/samples_npz/2013/20130608_0412_HARP2825_NOAA11765.npz,20130608_0412_HARP2825_NOAA11765,2013-06-08 04:12:00,2825,11765,0,2013
test_2015,train,gs://suryabench-sharp-pipeline-bamidele/samples_npz/2010/20101017_1748_HARP221_NOAA11116.npz,20101017_1748_HARP221_NOAA11116,2010-10-17 17:48:00,221,11116,0,2010
test_2015,train,gs://suryabench-sharp-pipeline-bamidele/samples_npz/2013/20130312_2148_HARP2543_NOAA11698.npz,20130312_2148_HARP2543_NOAA11698,2013-03-12 21:48:00,2543,11698,0,2013
test_2015,train,gs://suryabench-sharp-pipeline-bamidele/samples_npz/2013/20130716_0748_HARP2954_NOAA11792.npz,20130716_0748_HARP2954_NOAA11792,2013-07-16 07:48:00,2954,11792,0,2013
test_2015,train,gs://suryabench-sharp-pipeline-bamidele/samples_npz/2013/20131207_2224_HARP3448_NOAA11916.npz,20131207_2224_HARP3448_NOAA11916,2013-12-07 22:24:00,3448,11916,0,2013
test_2015,train,gs://suryabench-sharp-pipeline-bamidele/samples_npz/2012/20120903_2012_HARP1990_NOAA11562.npz,20120903_2012_HARP1990_NOAA11562,2012-09-03 20:12:00,1990,11562,0,2012
test_2015,train,gs://suryabench-sharp-pipeline-bamidele/samples_npz/2011/20110717_0600_HARP714_NOAA11251.npz,20110717_0600_HARP714_NOAA11251,2011-07-17 06:00:00,714,11251,0,2011
test_2015,train,gs://suryabench-sharp-pipeline-bamidele/samples_npz/2012/20121118_0548_HARP2191_NOAA11613.npz,20121118_0548_HARP2191_NOAA11613,2012-11-18 05:48:00,2191,11613,0,2012
test_2015,train,gs://suryabench-sharp-pipeline-bamidele/samples_npz/2012/20120916_1312_HARP2026_NOAA11569.npz,20120916_1312_HARP2026_NOAA11569,2012-09-16 13:12:00,2026,11569,0,2012
test_2015,train,gs://suryabench-sharp-pipeline-bamidele/samples_npz/2013/20130507_0900_HARP2711_NOAA11737.npz,20130507_0900_HARP2711_NOAA11737,2013-05-07 09:00:00,2711,11737,0,2013
test_2015,train,gs://suryabench-sharp-pipeline-bamidele/samples_npz/2011/20111027_0536_HARP976_NOAA11324.npz,20111027_0536_HARP976_NOAA11324,2011-10-27 05:36:00,976,11324,0,2011
test_2015,train,gs://suryabench-sharp-pipeline-bamidele/samples_npz/2010/20100822_1448_HARP135_NOAA11100.npz,20100822_1448_HARP135_NOAA11100,2010-08-22 14:48:00,135,11100,0,2010
test_2015,train,gs://suryabench-sharp-pipeline-bamidele/samples_npz/2011/20110801_1500_HARP753_NOAA11263.npz,20110801_1500_HARP753_NOAA11263,2011-08-01 15:00:00,753,11263,1,2011
test_2015,train,gs://suryabench-sharp-pipeline-bamidele/samples_npz/2012/20121016_2236_HARP2109_NOAA11589.npz,20121016_2236_HARP2109_NOAA11589,2012-10-16 22:36:00,2109,11589,0,2012
test_2015,train,gs://suryabench-sharp-pipeline-bamidele/samples_npz/2011/20111008_1624_HARP926_NOAA11311.npz,20111008_1624_HARP926_NOAA11311,2011-10-08 16:24:00,926,11311,0,2011
test_2015,train,gs://suryabench-sharp-pipeline-bamidele/samples_npz/2013/20130531_0312_HARP2779_NOAA11757.npz,20130531_0312_HARP2779_NOAA11757,2013-05-31 03:12:00,2779,11757,0,2013
test_2015,train,gs://suryabench-sharp-pipeline-bamidele/samples_npz/2012/20120313_1236_HARP1461_NOAA11432.npz,20120313_1236_HARP1461_NOAA11432,2012-03-13 12:36:00,1461,11432,1,2012
test_2015,train,gs://suryabench-sharp-pipeline-bamidele/samples_npz/2011/20110308_2248_HARP401_NOAA11166.npz,20110308_2248_HARP401_NOAA11166,2011-03-08 22:48:00,401,11166,1,2011
test_2015,train,gs://suryabench-sharp-pipeline-bamidele/samples_npz/2011/20110606_0712_HARP650_NOAA11232.npz,20110606_0712_HARP650_NOAA11232,2011-06-06 07:12:00,650,11232,0,2011
test_2015,train,gs://suryabench-sharp-pipeline-bamidele/samples_npz/2011/20110711_2236_HARP695_NOAA11247.npz,20110711_2236_HARP695_NOAA11247,2011-07-11 22:36:00,695,11247,0,2011
test_2015,train,gs://suryabench-sharp-pipeline-bamidele/samples_npz/2011/20110311_1624_HARP415_NOAA11171.npz,20110311_1624_HARP415_NOAA11171,2011-03-11 16:24:00,415,11171,0,2011
test_2015,train,gs://suryabench-sharp-pipeline-bamidele/samples_npz/2013/20130112_1536_HARP2362_NOAA11652.npz,20130112_1536_HARP2362_NOAA11652,2013-01-12 15:36:00,2362,11652,1,2013
test_2015,train,gs://suryabench-sharp-pipeline-bamidele/samples_npz/2012/20120709_1224_HARP1834_NOAA11519.npz,20120709_1224_HARP1834_NOAA11519,2012-07-09 12:24:00,1834,11519,0,2012
test_2015,train,gs://suryabench-sharp-pipeline-bamidele/samples_npz/2013/20130902_1724_HARP3129_NOAA11836.npz,20130902_1724_HARP3129_NOAA11836,2013-09-02 17:24:00,3129,11836,0,2013
test_2015,train,gs://suryabench-sharp-pipeline-bamidele/samples_npz/2011/20111206_1736_HARP1165_NOAA11367.npz,20111206_1736_HARP1165_NOAA11367,2011-12-06 17:36:00,1165,11367,0,2011
test_2015,train,gs://suryabench-sharp-pipeline-bamidele/samples_npz/2011/20111129_0524_HARP1119_NOAA11361.npz,20111129_0524_HARP1119_NOAA11361,2011-11-29 05:24:00,1119,11361,0,2011
test_2015,train,gs://suryabench-sharp-pipeline-bamidele/samples_npz/2012/20120913_1512_HARP2021_NOAA11567.npz,20120913_1512_HARP2021_NOAA11567,2012-09-13 15:12:00,2021,11567,0,2012
test_2015,train,gs://suryabench-sharp-pipeline-bamidele/samples_npz/2010/20101201_2200_HARP270_NOAA11128.npz,20101201_2200_HARP270_NOAA11128,2010-12-01 22:00:00,270,11128,0,2010
test_2015,train,gs://suryabench-sharp-pipeline-bamidele/samples_npz/2013/20130929_0000_HARP3220_NOAA11858.npz,20130929_0000_HARP3220_NOAA11858,2013-09-29 00:00:00,3220,11858,0,2013
test_2015,train,gs://suryabench-sharp-pipeline-bamidele/samples_npz/2011/20110822_1112_HARP794_NOAA11271.npz,20110822_1112_HARP794_NOAA11271,2011-08-22 11:12:00,794,11271,0,2011
test_2015,train,gs://suryabench-sharp-pipeline-bamidele/samples_npz/2011/20111223_2212_HARP1232_NOAA11385.npz,20111223_2212_HARP1232_NOAA11385,2011-12-23 22:12:00,1232,11385,0,2011
test_2015,train,gs://suryabench-sharp-pipeline-bamidele/samples_npz/2011/20111222_2348_HARP1232_NOAA11385.npz,20111222_2348_HARP1232_NOAA11385,2011-12-22 23:48:00,1232,11385,0,2011
test_2015,train,gs://suryabench-sharp-pipeline-bamidele/samples_npz/2012/20120122_0648_HARP1321_NOAA11401.npz,20120122_0648_HARP1321_NOAA11401,2012-01-22 06:48:00,1321,11401,0,2012
test_2015,train,gs://suryabench-sharp-pipeline-bamidele/samples_npz/2011/20110426_1400_HARP540_NOAA11199.npz,20110426_1400_HARP540_NOAA11199,2011-04-26 14:00:00,540,11199,0,2011
test_2015,train,gs://suryabench-sharp-pipeline-bamidele/samples_npz/2013/20130223_2112_HARP2493_NOAA11677.npz,20130223_2112_HARP2493_NOAA11677,2013-02-23 21:12:00,2493,11677,0,2013
test_2015,train,gs://suryabench-sharp-pipeline-bamidele/samples_npz/2010/20101024_1336_HARP223_NOAA11118.npz,20101024_1336_HARP223_NOAA11118,2010-10-24 13:36:00,223,11118,0,2010
test_2015,train,gs://suryabench-sharp-pipeline-bamidele/samples_npz/2012/20120830_2036_HARP1970_NOAA11555.npz,20120830_2036_HARP1970_NOAA11555,2012-08-30 20:36:00,1970,11555,0,2012
test_2015,train,gs://suryabench-sharp-pipeline-bamidele/samples_npz/2012/20120904_1624_HARP1996_NOAA11563.npz,20120904_1624_HARP1996_NOAA11563,2012-09-04 16:24:00,1996,11563,0,2012
test_2015,train,gs://suryabench-sharp-pipeline-bamidele/samples_npz/2012/20120406_0148_HARP1527_NOAA11451.npz,20120406_0148_HARP1527_NOAA11451,2012-04-06 01:48:00,1527,11451,0,2012
test_2015,train,gs://suryabench-sharp-pipeline-bamidele/samples_npz/2013/20131106_1936_HARP3341_NOAA11890.npz,20131106_1936_HARP3341_NOAA11890,2013-11-06 19:36:00,3341,11890,1,2013
test_2015,train,gs://suryabench-sharp-pipeline-bamidele/samples_npz/2012/20120604_1936_HARP1727_NOAA11497.npz,20120604_1936_HARP1727_NOAA11497,2012-06-04 19:36:00,1727,11497,0,2012
test_2015,train,gs://suryabench-sharp-pipeline-bamidele/samples_npz/2013/20130203_0548_HARP2433_NOAA11665.npz,20130203_0548_HARP2433_NOAA11665,2013-02-03 05:48:00,2433,11665,0,2013
test_2015,train,gs://suryabench-sharp-pipeline-bamidele/samples_npz/2012/20120308_0800_HARP1447_NOAA11428.npz,20120308_0800_HARP1447_NOAA11428,2012-03-08 08:00:00,1447,11428,0,2012
test_2015,train,gs://suryabench-sharp-pipeline-bamidele/samples_npz/2012/20120124_0612_HARP1339_NOAA11412.npz,20120124_0612_HARP1339_NOAA11412,2012-01-24 06:12:00,1339,11412,0,2012
test_2015,train,gs://suryabench-sharp-pipeline-bamidele/samples_npz/2011/20110902_0700_HARP814_NOAA11277.npz,20110902_0700_HARP814_NOAA11277,2011-09-02 07:00:00,814,11277,0,2011
test_2015,train,gs://suryabench-sharp-pipeline-bamidele/samples_npz/2013/20131228_1224_HARP3535_NOAA11936.npz,20131228_1224_HARP3535_NOAA11936,2013-12-28 12:24:00,3535,11936,1,2013
test_2015,train,gs://suryabench-sharp-pipeline-bamidele/samples_npz/2013/20130317_0900_HARP2546_NOAA11692.npz,20130317_0900_HARP2546_NOAA11692,2013-03-17 09:00:00,2546,11692,0,2013
test_2015,train,gs://suryabench-sharp-pipeline-bamidele/samples_npz/2010/20101124_1012_HARP259_NOAA11127.npz,20101124_1012_HARP259_NOAA11127,2010-11-24 10:12:00,259,11127,0,2010
test_2015,train,gs://suryabench-sharp-pipeline-bamidele/samples_npz/2013/20130210_0900_HARP2450_NOAA11669.npz,20130210_0900_HARP2450_NOAA11669,2013-02-10 09:00:00,2450,11669,0,2013
test_2015,train,gs://suryabench-sharp-pipeline-bamidele/samples_npz/2011/20110218_1724_HARP384_NOAA11160.npz,20110218_1724_HARP384_NOAA11160,2011-02-18 17:24:00,384,11160,0,2011
test_2015,train,gs://suryabench-sharp-pipeline-bamidele/samples_npz/2011/20110212_1848_HARP377_NOAA11158.npz,20110212_1848_HARP377_NOAA11158,2011-02-12 18:48:00,377,11158,1,2011
test_2015,train,gs://suryabench-sharp-pipeline-bamidele/samples_npz/2011/20110425_1236_HARP536_NOAA11202.npz,20110425_1236_HARP536_NOAA11202,2011-04-25 12:36:00,536,11202,0,2011
test_2015,train,gs://suryabench-sharp-pipeline-bamidele/samples_npz/2010/20100811_0248_HARP114_NOAA11095.npz,20100811_0248_HARP114_NOAA11095,2010-08-11 02:48:00,114,11095,0,2010
test_2015,train,gs://suryabench-sharp-pipeline-bamidele/samples_npz/2012/20120517_0648_HARP1653_NOAA11479.npz,20120517_0648_HARP1653_NOAA11479,2012-05-17 06:48:00,1653,11479,0,2012
test_2015,train,gs://suryabench-sharp-pipeline-bamidele/samples_npz/2012/20121230_2348_HARP2329_NOAA11639.npz,20121230_2348_HARP2329_NOAA11639,2012-12-30 23:48:00,2329,11639,0,2012
test_2015,train,gs://suryabench-sharp-pipeline-bamidele/samples_npz/2011/20110911_0924_HARP850_NOAA11290.npz,20110911_0924_HARP850_NOAA11290,2011-09-11 09:24:00,850,11290,0,2011
test_2015,train,gs://suryabench-sharp-pipeline-bamidele/samples_npz/2011/20111109_0924_HARP1038_NOAA11340.npz,20111109_0924_HARP1038_NOAA11340,2011-11-09 09:24:00,1038,11340,0,2011
test_2015,train,gs://suryabench-sharp-pipeline-bamidele/samples_npz/2013/20131109_2136_HARP3341_NOAA11890.npz,20131109_2136_HARP3341_NOAA11890,2013-11-09 21:36:00,3341,11890,1,2013
test_2015,train,gs://suryabench-sharp-pipeline-bamidele/samples_npz/2010/20101106_2224_HARP248_NOAA11122.npz,20101106_2224_HARP248_NOAA11122,2010-11-06 22:24:00,248,11122,0,2010
test_2015,train,gs://suryabench-sharp-pipeline-bamidele/samples_npz/2011/20110905_0536_HARP833_NOAA11283.npz,20110905_0536_HARP833_NOAA11283,2011-09-05 05:36:00,833,11283,1,2011
test_2015,train,gs://suryabench-sharp-pipeline-bamidele/samples_npz/2012/20120927_2200_HARP2047_NOAA11578.npz,20120927_2200_HARP2047_NOAA11578,2012-09-27 22:00:00,2047,11578,0,2012
test_2015,train,gs://suryabench-sharp-pipeline-bamidele/samples_npz/2012/20121118_0736_HARP2193_NOAA11614.npz,20121118_0736_HARP2193_NOAA11614,2012-11-18 07:36:00,2193,11614,0,2012
test_2015,train,gs://suryabench-sharp-pipeline-bamidele/samples_npz/2010/20101130_0548_HARP270_NOAA11128.npz,20101130_0548_HARP270_NOAA11128,2010-11-30 05:48:00,270,11128,0,2010
test_2015,train,gs://suryabench-sharp-pipeline-bamidele/samples_npz/2012/20120512_2124_HARP1638_NOAA11476.npz,20120512_2124_HARP1638_NOAA11476,2012-05-12 21:24:00,1638,11476,0,2012
test_2015,train,gs://suryabench-sharp-pipeline-bamidele/samples_npz/2013/20130308_1948_HARP2511_NOAA11683.npz,20130308_1948_HARP2511_NOAA11683,2013-03-08 19:48:00,2511,11683,0,2013
test_2015,train,gs://suryabench-sharp-pipeline-bamidele/samples_npz/2011/20111002_1924_HARP903_NOAA11306.npz,20111002_1924_HARP903_NOAA11306,2011-10-02 19:24:00,903,11306,0,2011
test_2015,train,gs://suryabench-sharp-pipeline-bamidele/samples_npz/2013/20130410_1000_HARP2635_NOAA11719.npz,20130410_1000_HARP2635_NOAA11719,2013-04-10 10:00:00,2635,11719,1,2013
test_2015,train,gs://suryabench-sharp-pipeline-bamidele/samples_npz/2011/20110911_2012_HARP851_NOAA11291.npz,20110911_2012_HARP851_NOAA11291,2011-09-11 20:12:00,851,11291,0,2011
test_2015,train,gs://suryabench-sharp-pipeline-bamidele/samples_npz/2013/20130506_1712_HARP2696_NOAA11732.npz,20130506_1712_HARP2696_NOAA11732,2013-05-06 17:12:00,2696,11732,0,2013
test_2015,train,gs://suryabench-sharp-pipeline-bamidele/samples_npz/2013/20130826_1100_HARP3098_NOAA11827.npz,20130826_1100_HARP3098_NOAA11827,2013-08-26 11:00:00,3098,11827,0,2013
test_2015,train,gs://suryabench-sharp-pipeline-bamidele/samples_npz/2011/20111226_1412_HARP1221_NOAA11383.npz,20111226_1412_HARP1221_NOAA11383,2011-12-26 14:12:00,1221,11383,0,2011
test_2015,train,gs://suryabench-sharp-pipeline-bamidele/samples_npz/2013/20131018_2324_HARP3273_NOAA11868.npz,20131018_2324_HARP3273_NOAA11868,2013-10-18 23:24:00,3273,11868,0,2013
test_2015,train,gs://suryabench-sharp-pipeline-bamidele/samples_npz/2010/20101025_0424_HARP224_NOAA11119.npz,20101025_0424_HARP224_NOAA11119,2010-10-25 04:24:00,224,11119,0,2010
test_2015,train,gs://suryabench-sharp-pipeline-bamidele/samples_npz/2010/20101110_0000_HARP245_NOAA11121.npz,20101110_0000_HARP245_NOAA11121,2010-11-10 00:00:00,245,11121,0,2010
test_2015,train,gs://suryabench-sharp-pipeline-bamidele/samples_npz/2011/20110823_2148_HARP794_NOAA11271.npz,20110823_2148_HARP794_NOAA11271,2011-08-23 21:48:00,794,11271,0,2011
test_2015,train,gs://suryabench-sharp-pipeline-bamidele/samples_npz/2011/20111105_1736_HARP1019_NOAA11336.npz,20111105_1736_HARP1019_NOAA11336,2011-11-05 17:36:00,1019,11336,0,2011
test_2015,train,gs://suryabench-sharp-pipeline-bamidele/samples_npz/2012/20120107_0336_HARP1278_NOAA11391.npz,20120107_0336_HARP1278_NOAA11391,2012-01-07 03:36:00,1278,11391,0,2012
test_2015,train,gs://suryabench-sharp-pipeline-bamidele/samples_npz/2012/20120922_1212_HARP2037_NOAA11573.npz,20120922_1212_HARP2037_NOAA11573,2012-09-22 12:12:00,2037,11573,0,2012
test_2015,train,gs://suryabench-sharp-pipeline-bamidele/samples_npz/2013/20130507_1036_HARP2711_NOAA11737.npz,20130507_1036_HARP2711_NOAA11737,2013-05-07 10:36:00,2711,11737,0,2013
test_2015,train,gs://suryabench-sharp-pipeline-bamidele/samples_npz/2011/20110605_0148_HARP651_NOAA11231.npz,20110605_0148_HARP651_NOAA11231,2011-06-05 01:48:00,651,11231,0,2011
test_2015,train,gs://suryabench-sharp-pipeline-bamidele/samples_npz/2013/20131213_1724_HARP3483_NOAA11920.npz,20131213_1724_HARP3483_NOAA11920,2013-12-13 17:24:00,3483,11920,0,2013
test_2015,train,gs://suryabench-sharp-pipeline-bamidele/samples_npz/2013/20130627_1936_HARP2887_NOAA11778.npz,20130627_1936_HARP2887_NOAA11778,2013-06-27 19:36:00,2887,11778,0,2013
test_2015,train,gs://suryabench-sharp-pipeline-bamidele/samples_npz/2013/20131017_0900_HARP3273_NOAA11868.npz,20131017_0900_HARP3273_NOAA11868,2013-10-17 09:00:00,3273,11868,0,2013
test_2015,train,gs://suryabench-sharp-pipeline-bamidele/samples_npz/2012/20120213_1048_HARP1389_NOAA11416.npz,20120213_1048_HARP1389_NOAA11416,2012-02-13 10:48:00,1389,11416,0,2012
test_2015,train,gs://suryabench-sharp-pipeline-bamidele/samples_npz/2011/20110908_0436_HARP843_NOAA11287.npz,20110908_0436_HARP843_NOAA11287,2011-09-08 04:36:00,843,11287,0,2011
test_2015,train,gs://suryabench-sharp-pipeline-bamidele/samples_npz/2013/20130106_1312_HARP2344_NOAA11644.npz,20130106_1312_HARP2344_NOAA11644,2013-01-06 13:12:00,2344,11644,0,2013
test_2015,train,gs://suryabench-sharp-pipeline-bamidele/samples_npz/2011/20110213_0112_HARP367_NOAA11156.npz,20110213_0112_HARP367_NOAA11156,2011-02-13 01:12:00,367,11156,0,2011
test_2015,train,gs://suryabench-sharp-pipeline-bamidele/samples_npz/2011/20110822_1600_HARP794_NOAA11271.npz,20110822_1600_HARP794_NOAA11271,2011-08-22 16:00:00,794,11271,0,2011
test_2015,train,gs://suryabench-sharp-pipeline-bamidele/samples_npz/2011/20110710_1300_HARP695_NOAA11247.npz,20110710_1300_HARP695_NOAA11247,2011-07-10 13:00:00,695,11247,0,2011
test_2015,train,gs://suryabench-sharp-pipeline-bamidele/samples_npz/2012/20120315_0512_HARP1465_NOAA11433.npz,20120315_0512_HARP1465_NOAA11433,2012-03-15 05:12:00,1465,11433,0,2012
test_2015,train,gs://suryabench-sharp-pipeline-bamidele/samples_npz/2011/20110206_1700_HARP361_NOAA11152.npz,20110206_1700_HARP361_NOAA11152,2011-02-06 17:00:00,361,11152,0,2011
test_2015,train,gs://suryabench-sharp-pipeline-bamidele/samples_npz/2013/20130114_2148_HARP2371_NOAA11657.npz,20130114_2148_HARP2371_NOAA11657,2013-01-14 21:48:00,2371,11657,0,2013
test_2015,train,gs://suryabench-sharp-pipeline-bamidele/samples_npz/2013/20130803_0012_HARP3012_NOAA11806.npz,20130803_0012_HARP3012_NOAA11806,2013-08-03 00:12:00,3012,11806,0,2013
test_2015,train,gs://suryabench-sharp-pipeline-bamidele/samples_npz/2012/20120325_1324_HARP1495_NOAA11447.npz,20120325_1324_HARP1495_NOAA11447,2012-03-25 13:24:00,1495,11447,0,2012
test_2015,train,gs://suryabench-sharp-pipeline-bamidele/samples_npz/2013/20131025_1436_HARP3291_NOAA11875.npz,20131025_1436_HARP3291_NOAA11875,2013-10-25 14:36:00,3291,11875,1,2013
test_2015,train,gs://suryabench-sharp-pipeline-bamidele/samples_npz/2011/20110530_1000_HARP632_NOAA11225.npz,20110530_1000_HARP632_NOAA11225,2011-05-30 10:00:00,632,11225,0,2011
test_2015,train,gs://suryabench-sharp-pipeline-bamidele/samples_npz/2012/20120528_2148_HARP1697_NOAA11489.npz,20120528_2148_HARP1697_NOAA11489,2012-05-28 21:48:00,1697,11489,0,2012
test_2015,train,gs://suryabench-sharp-pipeline-bamidele/samples_npz/2011/20110303_0448_HARP392_NOAA11163.npz,20110303_0448_HARP392_NOAA11163,2011-03-03 04:48:00,392,11163,0,2011
test_2015,train,gs://suryabench-sharp-pipeline-bamidele/samples_npz/2011/20110309_1312_HARP401_NOAA11166.npz,20110309_1312_HARP401_NOAA11166,2011-03-09 13:12:00,401,11166,1,2011
test_2015,train,gs://suryabench-sharp-pipeline-bamidele/samples_npz/2011/20110612_2348_HARP661_NOAA11234.npz,20110612_2348_HARP661_NOAA11234,2011-06-12 23:48:00,661,11234,0,2011
test_2015,train,gs://suryabench-sharp-pipeline-bamidele/samples_npz/2012/20121129_2048_HARP2239_NOAA11622.npz,20121129_2048_HARP2239_NOAA11622,2012-11-29 20:48:00,2239,11622,0,2012
test_2015,train,gs://suryabench-sharp-pipeline-bamidele/samples_npz/2012/20120829_0400_HARP1959_NOAA11553.npz,20120829_0400_HARP1959_NOAA11553,2012-08-29 04:00:00,1959,11553,0,2012
test_2015,train,gs://suryabench-sharp-pipeline-bamidele/samples_npz/2011/20110926_1324_HARP892_NOAA11302.npz,20110926_1324_HARP892_NOAA11302,2011-09-26 13:24:00,892,11302,1,2011
test_2015,train,gs://suryabench-sharp-pipeline-bamidele/samples_npz/2013/20131128_2312_HARP3415_NOAA11906.npz,20131128_2312_HARP3415_NOAA11906,2013-11-28 23:12:00,3415,11906,0,2013
test_2015,train,gs://suryabench-sharp-pipeline-bamidele/samples_npz/2011/20111210_0924_HARP1164_NOAA11368.npz,20111210_0924_HARP1164_NOAA11368,2011-12-10 09:24:00,1164,11368,0,2011
test_2015,train,gs://suryabench-sharp-pipeline-bamidele/samples_npz/2010/20101112_0048_HARP245_NOAA11121.npz,20101112_0048_HARP245_NOAA11121,2010-11-12 00:48:00,245,11121,0,2010
test_2015,train,gs://suryabench-sharp-pipeline-bamidele/samples_npz/2013/20131205_0736_HARP3437_NOAA11909.npz,20131205_0736_HARP3437_NOAA11909,2013-12-05 07:36:00,3437,11909,1,2013
test_2015,train,gs://suryabench-sharp-pipeline-bamidele/samples_npz/2013/20130924_2136_HARP3199_NOAA11850.npz,20130924_2136_HARP3199_NOAA11850,2013-09-24 21:36:00,3199,11850,0,2013
test_2015,train,gs://suryabench-sharp-pipeline-bamidele/samples_npz/2013/20130409_0800_HARP2625_NOAA11716.npz,20130409_0800_HARP2625_NOAA11716,2013-04-09 08:00:00,2625,11716,0,2013
test_2015,train,gs://suryabench-sharp-pipeline-bamidele/samples_npz/2013/20130104_2324_HARP2353_NOAA11645.npz,20130104_2324_HARP2353_NOAA11645,2013-01-04 23:24:00,2353,11645,0,2013
test_2015,train,gs://suryabench-sharp-pipeline-bamidele/samples_npz/2013/20131011_1836_HARP3263_NOAA11861.npz,20131011_1836_HARP3263_NOAA11861,2013-10-11 18:36:00,3263,11861,0,2013
test_2015,train,gs://suryabench-sharp-pipeline-bamidele/samples_npz/2011/20110801_2124_HARP753_NOAA11263.npz,20110801_2124_HARP753_NOAA11263,2011-08-01 21:24:00,753,11263,1,2011
test_2015,train,gs://suryabench-sharp-pipeline-bamidele/samples_npz/2011/20110626_0936_HARP681_NOAA11241.npz,20110626_0936_HARP681_NOAA11241,2011-06-26 09:36:00,681,11241,0,2011
test_2015,train,gs://suryabench-sharp-pipeline-bamidele/samples_npz/2012/20120423_2224_HARP1596_NOAA11465.npz,20120423_2224_HARP1596_NOAA11465,2012-04-23 22:24:00,1596,11465,0,2012
test_2015,train,gs://suryabench-sharp-pipeline-bamidele/samples_npz/2011/20110209_1712_HARP366_NOAA11155.npz,20110209_1712_HARP366_NOAA11155,2011-02-09 17:12:00,366,11155,0,2011
test_2015,train,gs://suryabench-sharp-pipeline-bamidele/samples_npz/2010/20101020_0948_HARP218_NOAA11113.npz,20101020_0948_HARP218_NOAA11113,2010-10-20 09:48:00,218,11113,0,2010
test_2015,train,gs://suryabench-sharp-pipeline-bamidele/samples_npz/2012/20120729_0824_HARP1879_NOAA11529.npz,20120729_0824_HARP1879_NOAA11529,2012-07-29 08:24:00,1879,11529,0,2012
test_2015,train,gs://suryabench-sharp-pipeline-bamidele/samples_npz/2013/20130829_1600_HARP3119_NOAA11834.npz,20130829_1600_HARP3119_NOAA11834,2013-08-29 16:00:00,3119,11834,0,2013
test_2015,train,gs://suryabench-sharp-pipeline-bamidele/samples_npz/2013/20130117_0312_HARP2387_NOAA11658.npz,20130117_0312_HARP2387_NOAA11658,2013-01-17 03:12:00,2387,11658,0,2013
test_2015,train,gs://suryabench-sharp-pipeline-bamidele/samples_npz/2012/20120429_0336_HARP1613_NOAA11467.npz,20120429_0336_HARP1613_NOAA11467,2012-04-29 03:36:00,1613,11467,0,2012
test_2015,train,gs://suryabench-sharp-pipeline-bamidele/samples_npz/2011/20111119_2012_HARP1090_NOAA11359.npz,20111119_2012_HARP1090_NOAA11359,2011-11-19 20:12:00,1090,11359,0,2011
test_2015,train,gs://suryabench-sharp-pipeline-bamidele/samples_npz/2012/20120926_2048_HARP2044_NOAA11576.npz,20120926_2048_HARP2044_NOAA11576,2012-09-26 20:48:00,2044,11576,0,2012
test_2015,train,gs://suryabench-sharp-pipeline-bamidele/samples_npz/2012/20120212_0424_HARP1389_NOAA11416.npz,20120212_0424_HARP1389_NOAA11416,2012-02-12 04:24:00,1389,11416,0,2012
test_2015,train,gs://suryabench-sharp-pipeline-bamidele/samples_npz/2010/20101013_1648_HARP211_NOAA11112.npz,20101013_1648_HARP211_NOAA11112,2010-10-13 16:48:00,211,11112,0,2010
test_2015,train,gs://suryabench-sharp-pipeline-bamidele/samples_npz/2012/20120518_0636_HARP1658_NOAA11483.npz,20120518_0636_HARP1658_NOAA11483,2012-05-18 06:36:00,1658,11483,0,2012
test_2015,train,gs://suryabench-sharp-pipeline-bamidele/samples_npz/2013/20131014_1024_HARP3258_NOAA11861.npz,20131014_1024_HARP3258_NOAA11861,2013-10-14 10:24:00,3258,11861,0,2013
test_2015,train,gs://suryabench-sharp-pipeline-bamidele/samples_npz/2012/20120503_0112_HARP1621_NOAA11470.npz,20120503_0112_HARP1621_NOAA11470,2012-05-03 01:12:00,1621,11470,0,2012
test_2015,train,gs://suryabench-sharp-pipeline-bamidele/samples_npz/2011/20110330_1236_HARP437_NOAA11176.npz,20110330_1236_HARP437_NOAA11176,2011-03-30 12:36:00,437,11176,0,2011
test_2015,train,gs://suryabench-sharp-pipeline-bamidele/samples_npz/2013/20131002_0700_HARP3244_NOAA11855.npz,20131002_0700_HARP3244_NOAA11855,2013-10-02 07:00:00,3244,11855,0,2013
test_2015,train,gs://suryabench-sharp-pipeline-bamidele/samples_npz/2013/20130112_1224_HARP2362_NOAA11652.npz,20130112_1224_HARP2362_NOAA11652,2013-01-12 12:24:00,2362,11652,1,2013
test_2015,train,gs://suryabench-sharp-pipeline-bamidele/samples_npz/2013/20131111_1212_HARP3371_NOAA11901.npz,20131111_1212_HARP3371_NOAA11901,2013-11-11 12:12:00,3371,11901,0,2013
test_2015,train,gs://suryabench-sharp-pipeline-bamidele/samples_npz/2012/20120616_0336_HARP1750_NOAA11504.npz,20120616_0336_HARP1750_NOAA11504,2012-06-16 03:36:00,1750,11504,0,2012
test_2015,train,gs://suryabench-sharp-pipeline-bamidele/samples_npz/2013/20131220_0248_HARP3497_NOAA11925.npz,20131220_0248_HARP3497_NOAA11925,2013-12-20 02:48:00,3497,11925,0,2013
test_2015,train,gs://suryabench-sharp-pipeline-bamidele/samples_npz/2011/20110103_1048_HARP321_NOAA11139.npz,20110103_1048_HARP321_NOAA11139,2011-01-03 10:48:00,321,11139,0,2011
test_2015,train,gs://suryabench-sharp-pipeline-bamidele/samples_npz/2013/20130106_2036_HARP2348_NOAA11651.npz,20130106_2036_HARP2348_NOAA11651,2013-01-06 20:36:00,2348,11651,0,2013
test_2015,train,gs://suryabench-sharp-pipeline-bamidele/samples_npz/2011/20110626_1112_HARP681_NOAA11241.npz,20110626_1112_HARP681_NOAA11241,2011-06-26 11:12:00,681,11241,0,2011
test_2015,train,gs://suryabench-sharp-pipeline-bamidele/samples_npz/2011/20111020_0300_HARP948_NOAA11317.npz,20111020_0300_HARP948_NOAA11317,2011-10-20 03:00:00,948,11317,0,2011
test_2015,train,gs://suryabench-sharp-pipeline-bamidele/samples_npz/2012/20120722_0700_HARP1866_NOAA11524.npz,20120722_0700_HARP1866_NOAA11524,2012-07-22 07:00:00,1866,11524,0,2012
test_2015,train,gs://suryabench-sharp-pipeline-bamidele/samples_npz/2010/20101129_0224_HARP274_NOAA11130.npz,20101129_0224_HARP274_NOAA11130,2010-11-29 02:24:00,274,11130,0,2010
test_2015,train,gs://suryabench-sharp-pipeline-bamidele/samples_npz/2013/20130209_1824_HARP2460_NOAA11670.npz,20130209_1824_HARP2460_NOAA11670,2013-02-09 18:24:00,2460,11670,0,2013
test_2015,train,gs://suryabench-sharp-pipeline-bamidele/samples_npz/2011/20110215_1712_HARP377_NOAA11158.npz,20110215_1712_HARP377_NOAA11158,2011-02-15 17:12:00,377,11158,1,2011
test_2015,train,gs://suryabench-sharp-pipeline-bamidele/samples_npz/2012/20121113_1712_HARP2181_NOAA11609.npz,20121113_1712_HARP2181_NOAA11609,2012-11-13 17:12:00,2181,11609,0,2012
test_2015,train,gs://suryabench-sharp-pipeline-bamidele/samples_npz/2013/20130112_2336_HARP2362_NOAA11652.npz,20130112_2336_HARP2362_NOAA11652,2013-01-12 23:36:00,2362,11652,1,2013
test_2015,train,gs://suryabench-sharp-pipeline-bamidele/samples_npz/2011/20110527_0224_HARP622_NOAA11219.npz,20110527_0224_HARP622_NOAA11219,2011-05-27 02:24:00,622,11219,0,2011
test_2015,train,gs://suryabench-sharp-pipeline-bamidele/samples_npz/2013/20130313_1936_HARP2569_NOAA11697.npz,20130313_1936_HARP2569_NOAA11697,2013-03-13 19:36:00,2569,11697,0,2013
test_2015,train,gs://suryabench-sharp-pipeline-bamidele/samples_npz/2012/20120112_1048_HARP1300_NOAA11395.npz,20120112_1048_HARP1300_NOAA11395,2012-01-12 10:48:00,1300,11395,0,2012
test_2015,train,gs://suryabench-sharp-pipeline-bamidele/samples_npz/2011/20110409_1912_HARP488_NOAA11188.npz,20110409_1912_HARP488_NOAA11188,2011-04-09 19:12:00,488,11188,0,2011
test_2015,train,gs://suryabench-sharp-pipeline-bamidele/samples_npz/2012/20120908_1336_HARP2017_NOAA11568.npz,20120908_1336_HARP2017_NOAA11568,2012-09-08 13:36:00,2017,11568,0,2012
test_2015,train,gs://suryabench-sharp-pipeline-bamidele/samples_npz/2011/20110622_2136_HARP676_NOAA11239.npz,20110622_2136_HARP676_NOAA11239,2011-06-22 21:36:00,676,11239,0,2011
test_2015,train,gs://suryabench-sharp-pipeline-bamidele/samples_npz/2013/20130805_2000_HARP3031_NOAA11810.npz,20130805_2000_HARP3031_NOAA11810,2013-08-05 20:00:00,3031,11810,0,2013
test_2015,train,gs://suryabench-sharp-pipeline-bamidele/samples_npz/2011/20110825_1436_HARP805_NOAA11275.npz,20110825_1436_HARP805_NOAA11275,2011-08-25 14:36:00,805,11275,0,2011
test_2015,train,gs://suryabench-sharp-pipeline-bamidele/samples_npz/2012/20120109_1000_HARP1278_NOAA11391.npz,20120109_1000_HARP1278_NOAA11391,2012-01-09 10:00:00,1278,11391,0,2012
test_2015,train,gs://suryabench-sharp-pipeline-bamidele/samples_npz/2011/20110810_1936_HARP765_NOAA11268.npz,20110810_1936_HARP765_NOAA11268,2011-08-10 19:36:00,765,11268,0,2011
test_2015,train,gs://suryabench-sharp-pipeline-bamidele/samples_npz/2013/20130308_1048_HARP2520_NOAA11687.npz,20130308_1048_HARP2520_NOAA11687,2013-03-08 10:48:00,2520,11687,0,2013
test_2015,train,gs://suryabench-sharp-pipeline-bamidele/samples_npz/2012/20120329_1212_HARP1500_NOAA11445.npz,20120329_1212_HARP1500_NOAA11445,2012-03-29 12:12:00,1500,11445,0,2012
test_2015,train,gs://suryabench-sharp-pipeline-bamidele/samples_npz/2012/20120406_0636_HARP1527_NOAA11451.npz,20120406_0636_HARP1527_NOAA11451,2012-04-06 06:36:00,1527,11451,0,2012
test_2015,train,gs://suryabench-sharp-pipeline-bamidele/samples_npz/2012/20120511_0000_HARP1638_NOAA11476.npz,20120511_0000_HARP1638_NOAA11476,2012-05-11 00:00:00,1638,11476,0,2012
test_2015,train,gs://suryabench-sharp-pipeline-bamidele/samples_npz/2013/20130310_1736_HARP2522_NOAA11689.npz,20130310_1736_HARP2522_NOAA11689,2013-03-10 17:36:00,2522,11689,0,2013
test_2015,train,gs://suryabench-sharp-pipeline-bamidele/samples_npz/2010/20101016_2100_HARP211_NOAA11112.npz,20101016_2100_HARP211_NOAA11112,2010-10-16 21:00:00,211,11112,0,2010
test_2015,train,gs://suryabench-sharp-pipeline-bamidele/samples_npz/2012/20120519_0948_HARP1658_NOAA11483.npz,20120519_0948_HARP1658_NOAA11483,2012-05-19 09:48:00,1658,11483,0,2012
test_2015,train,gs://suryabench-sharp-pipeline-bamidele/samples_npz/2012/20120417_1700_HARP1569_NOAA11457.npz,20120417_1700_HARP1569_NOAA11457,2012-04-17 17:00:00,1569,11457,0,2012
test_2015,train,gs://suryabench-sharp-pipeline-bamidele/samples_npz/2011/20110304_0624_HARP403_NOAA11167.npz,20110304_0624_HARP403_NOAA11167,2011-03-04 06:24:00,403,11167,0,2011
test_2015,train,gs://suryabench-sharp-pipeline-bamidele/samples_npz/2013/20130601_0400_HARP2812_NOAA11766.npz,20130601_0400_HARP2812_NOAA11766,2013-06-01 04:00:00,2812,11766,0,2013
test_2015,train,gs://suryabench-sharp-pipeline-bamidele/samples_npz/2013/20131021_1148_HARP3293_NOAA11874.npz,20131021_1148_HARP3293_NOAA11874,2013-10-21 11:48:00,3293,11874,0,2013
test_2015,train,gs://suryabench-sharp-pipeline-bamidele/samples_npz/2011/20110108_2000_HARP335_NOAA11143.npz,20110108_2000_HARP335_NOAA11143,2011-01-08 20:00:00,335,11143,0,2011
test_2015,train,gs://suryabench-sharp-pipeline-bamidele/samples_npz/2013/20130803_2048_HARP3032_NOAA11811.npz,20130803_2048_HARP3032_NOAA11811,2013-08-03 20:48:00,3032,11811,0,2013
test_2015,train,gs://suryabench-sharp-pipeline-bamidele/samples_npz/2011/20110605_2048_HARP637_NOAA11226.npz,20110605_2048_HARP637_NOAA11226,2011-06-05 20:48:00,637,11226,1,2011
test_2015,train,gs://suryabench-sharp-pipeline-bamidele/samples_npz/2012/20120808_2000_HARP1908_NOAA11537.npz,20120808_2000_HARP1908_NOAA11537,2012-08-08 20:00:00,1908,11537,0,2012
test_2015,train,gs://suryabench-sharp-pipeline-bamidele/samples_npz/2011/20110117_0512_HARP347_NOAA11148.npz,20110117_0512_HARP347_NOAA11148,2011-01-17 05:12:00,347,11148,0,2011
test_2015,train,gs://suryabench-sharp-pipeline-bamidele/samples_npz/2013/20131202_1612_HARP3443_NOAA11914.npz,20131202_1612_HARP3443_NOAA11914,2013-12-02 16:12:00,3443,11914,0,2013
test_2015,train,gs://suryabench-sharp-pipeline-bamidele/samples_npz/2013/20130407_1024_HARP2619_NOAA11714.npz,20130407_1024_HARP2619_NOAA11714,2013-04-07 10:24:00,2619,11714,0,2013
test_2015,train,gs://suryabench-sharp-pipeline-bamidele/samples_npz/2013/20130726_1048_HARP2981_NOAA11799.npz,20130726_1048_HARP2981_NOAA11799,2013-07-26 10:48:00,2981,11799,0,2013
test_2015,train,gs://suryabench-sharp-pipeline-bamidele/samples_npz/2012/20120130_1200_HARP1350_NOAA11410.npz,20120130_1200_HARP1350_NOAA11410,2012-01-30 12:00:00,1350,11410,0,2012
test_2015,train,gs://suryabench-sharp-pipeline-bamidele/samples_npz/2012/20120506_0236_HARP1621_NOAA11470.npz,20120506_0236_HARP1621_NOAA11470,2012-05-06 02:36:00,1621,11470,0,2012
test_2015,train,gs://suryabench-sharp-pipeline-bamidele/samples_npz/2013/20131003_0848_HARP3240_NOAA11854.npz,20131003_0848_HARP3240_NOAA11854,2013-10-03 08:48:00,3240,11854,0,2013
test_2015,train,gs://suryabench-sharp-pipeline-bamidele/samples_npz/2013/20130215_1900_HARP2469_NOAA11671.npz,20130215_1900_HARP2469_NOAA11671,2013-02-15 19:00:00,2469,11671,0,2013
test_2015,train,gs://suryabench-sharp-pipeline-bamidele/samples_npz/2012/20120318_0148_HARP1480_NOAA11437.npz,20120318_0148_HARP1480_NOAA11437,2012-03-18 01:48:00,1480,11437,0,2012
test_2015,train,gs://suryabench-sharp-pipeline-bamidele/samples_npz/2011/20110312_0448_HARP407_NOAA11169.npz,20110312_0448_HARP407_NOAA11169,2011-03-12 04:48:00,407,11169,0,2011
test_2015,train,gs://suryabench-sharp-pipeline-bamidele/samples_npz/2013/20130627_0024_HARP2887_NOAA11778.npz,20130627_0024_HARP2887_NOAA11778,2013-06-27 00:24:00,2887,11778,0,2013
test_2015,train,gs://suryabench-sharp-pipeline-bamidele/samples_npz/2012/20120519_1000_HARP1653_NOAA11479.npz,20120519_1000_HARP1653_NOAA11479,2012-05-19 10:00:00,1653,11479,0,2012
test_2015,train,gs://suryabench-sharp-pipeline-bamidele/samples_npz/2011/20111214_1624_HARP1171_NOAA11375.npz,20111214_1624_HARP1171_NOAA11375,2011-12-14 16:24:00,1171,11375,0,2011
test_2015,train,gs://suryabench-sharp-pipeline-bamidele/samples_npz/2012/20120317_0948_HARP1465_NOAA11433.npz,20120317_0948_HARP1465_NOAA11433,2012-03-17 09:48:00,1465,11433,0,2012
test_2015,train,gs://suryabench-sharp-pipeline-bamidele/samples_npz/2013/20130816_2024_HARP3068_NOAA11825.npz,20130816_2024_HARP3068_NOAA11825,2013-08-16 20:24:00,3068,11825,0,2013
test_2015,train,gs://suryabench-sharp-pipeline-bamidele/samples_npz/2011/20111008_0148_HARP913_NOAA11308.npz,20111008_0148_HARP913_NOAA11308,2011-10-08 01:48:00,913,11308,0,2011
test_2015,train,gs://suryabench-sharp-pipeline-bamidele/samples_npz/2013/20130129_0448_HARP2420_NOAA11663.npz,20130129_0448_HARP2420_NOAA11663,2013-01-29 04:48:00,2420,11663,0,2013
test_2015,train,gs://suryabench-sharp-pipeline-bamidele/samples_npz/2012/20120420_1424_HARP1594_NOAA11464.npz,20120420_1424_HARP1594_NOAA11464,2012-04-20 14:24:00,1594,11464,0,2012
test_2015,train,gs://suryabench-sharp-pipeline-bamidele/samples_npz/2010/20100809_2200_HARP114_NOAA11095.npz,20100809_2200_HARP114_NOAA11095,2010-08-09 22:00:00,114,11095,0,2010
test_2015,train,gs://suryabench-sharp-pipeline-bamidele/samples_npz/2012/20120826_0236_HARP1946_NOAA11548.npz,20120826_0236_HARP1946_NOAA11548,2012-08-26 02:36:00,1946,11548,0,2012
test_2015,train,gs://suryabench-sharp-pipeline-bamidele/samples_npz/2011/20110926_1924_HARP878_NOAA11301.npz,20110926_1924_HARP878_NOAA11301,2011-09-26 19:24:00,878,11301,0,2011
test_2015,train,gs://suryabench-sharp-pipeline-bamidele/samples_npz/2011/20110417_1948_HARP504_NOAA11191.npz,20110417_1948_HARP504_NOAA11191,2011-04-17 19:48:00,504,11191,0,2011
test_2015,train,gs://suryabench-sharp-pipeline-bamidele/samples_npz/2011/20110525_1524_HARP631_NOAA11222.npz,20110525_1524_HARP631_NOAA11222,2011-05-25 15:24:00,631,11222,0,2011
test_2015,train,gs://suryabench-sharp-pipeline-bamidele/samples_npz/2012/20120114_0624_HARP1312_NOAA11397.npz,20120114_0624_HARP1312_NOAA11397,2012-01-14 06:24:00,1312,11397,0,2012
test_2015,train,gs://suryabench-sharp-pipeline-bamidele/samples_npz/2012/20120807_0448_HARP1907_NOAA11538.npz,20120807_0448_HARP1907_NOAA11538,2012-08-07 04:48:00,1907,11538,0,2012
test_2015,train,gs://suryabench-sharp-pipeline-bamidele/samples_npz/2012/20120421_1348_HARP1594_NOAA11464.npz,20120421_1348_HARP1594_NOAA11464,2012-04-21 13:48:00,1594,11464,0,2012
test_2015,train,gs://suryabench-sharp-pipeline-bamidele/samples_npz/2012/20120824_1336_HARP1942_NOAA11546.npz,20120824_1336_HARP1942_NOAA11546,2012-08-24 13:36:00,1942,11546,0,2012
test_2015,train,gs://suryabench-sharp-pipeline-bamidele/samples_npz/2011/20110516_2036_HARP602_NOAA11214.npz,20110516_2036_HARP602_NOAA11214,2011-05-16 20:36:00,602,11214,0,2011
test_2015,train,gs://suryabench-sharp-pipeline-bamidele/samples_npz/2012/20120730_1412_HARP1892_NOAA11533.npz,20120730_1412_HARP1892_NOAA11533,2012-07-30 14:12:00,1892,11533,0,2012
test_2015,train,gs://suryabench-sharp-pipeline-bamidele/samples_npz/2010/20100831_0336_HARP146_NOAA11102.npz,20100831_0336_HARP146_NOAA11102,2010-08-31 03:36:00,146,11102,0,2010
test_2015,train,gs://suryabench-sharp-pipeline-bamidele/samples_npz/2012/20120522_0612_HARP1680_NOAA11487.npz,20120522_0612_HARP1680_NOAA11487,2012-05-22 06:12:00,1680,11487,0,2012
test_2015,train,gs://suryabench-sharp-pipeline-bamidele/samples_npz/2013/20131003_2012_HARP3250_NOAA11859.npz,20131003_2012_HARP3250_NOAA11859,2013-10-03 20:12:00,3250,11859,0,2013
test_2015,train,gs://suryabench-sharp-pipeline-bamidele/samples_npz/2012/20120925_1336_HARP2040_NOAA11575.npz,20120925_1336_HARP2040_NOAA11575,2012-09-25 13:36:00,2040,11575,0,2012
test_2015,train,gs://suryabench-sharp-pipeline-bamidele/samples_npz/2011/20110919_1312_HARP867_NOAA11299.npz,20110919_1312_HARP867_NOAA11299,2011-09-19 13:12:00,867,11299,0,2011
test_2015,train,gs://suryabench-sharp-pipeline-bamidele/samples_npz/2011/20110906_1200_HARP846_NOAA11288.npz,20110906_1200_HARP846_NOAA11288,2011-09-06 12:00:00,846,11288,0,2011
test_2015,train,gs://suryabench-sharp-pipeline-bamidele/samples_npz/2012/20121201_1712_HARP2245_NOAA11623.npz,20121201_1712_HARP2245_NOAA11623,2012-12-01 17:12:00,2245,11623,0,2012
test_2015,train,gs://suryabench-sharp-pipeline-bamidele/samples_npz/2010/20100620_0524_HARP57_NOAA11082.npz,20100620_0524_HARP57_NOAA11082,2010-06-20 05:24:00,57,11082,0,2010
test_2015,train,gs://suryabench-sharp-pipeline-bamidele/samples_npz/2012/20120623_0700_HARP1789_NOAA11511.npz,20120623_0700_HARP1789_NOAA11511,2012-06-23 07:00:00,1789,11511,0,2012
test_2015,train,gs://suryabench-sharp-pipeline-bamidele/samples_npz/2010/20101111_1336_HARP245_NOAA11121.npz,20101111_1336_HARP245_NOAA11121,2010-11-11 13:36:00,245,11121,0,2010
test_2015,train,gs://suryabench-sharp-pipeline-bamidele/samples_npz/2013/20131231_0212_HARP3557_NOAA11938.npz,20131231_0212_HARP3557_NOAA11938,2013-12-31 02:12:00,3557,11938,0,2013
test_2015,train,gs://suryabench-sharp-pipeline-bamidele/samples_npz/2012/20120721_1812_HARP1866_NOAA11524.npz,20120721_1812_HARP1866_NOAA11524,2012-07-21 18:12:00,1866,11524,0,2012
test_2015,train,gs://suryabench-sharp-pipeline-bamidele/samples_npz/2012/20121023_2136_HARP2130_NOAA11596.npz,20121023_2136_HARP2130_NOAA11596,2012-10-23 21:36:00,2130,11596,0,2012
test_2015,train,gs://suryabench-sharp-pipeline-bamidele/samples_npz/2013/20130401_0924_HARP2598_NOAA11707.npz,20130401_0924_HARP2598_NOAA11707,2013-04-01 09:24:00,2598,11707,0,2013
test_2015,train,gs://suryabench-sharp-pipeline-bamidele/samples_npz/2013/20130921_1248_HARP3188_NOAA11853.npz,20130921_1248_HARP3188_NOAA11853,2013-09-21 12:48:00,3188,11853,0,2013
test_2015,train,gs://suryabench-sharp-pipeline-bamidele/samples_npz/2012/20120827_1500_HARP1951_NOAA11552.npz,20120827_1500_HARP1951_NOAA11552,2012-08-27 15:00:00,1951,11552,0,2012
test_2015,train,gs://suryabench-sharp-pipeline-bamidele/samples_npz/2011/20110417_1148_HARP504_NOAA11191.npz,20110417_1148_HARP504_NOAA11191,2011-04-17 11:48:00,504,11191,0,2011
test_2015,train,gs://suryabench-sharp-pipeline-bamidele/samples_npz/2012/20121107_0648_HARP2176_NOAA11606.npz,20121107_0648_HARP2176_NOAA11606,2012-11-07 06:48:00,2176,11606,0,2012
test_2015,train,gs://suryabench-sharp-pipeline-bamidele/samples_npz/2013/20130830_1248_HARP3122_NOAA11835.npz,20130830_1248_HARP3122_NOAA11835,2013-08-30 12:48:00,3122,11835,0,2013
test_2015,train,gs://suryabench-sharp-pipeline-bamidele/samples_npz/2011/20111220_2248_HARP1210_NOAA11381.npz,20111220_2248_HARP1210_NOAA11381,2011-12-20 22:48:00,1210,11381,0,2011
test_2015,train,gs://suryabench-sharp-pipeline-bamidele/samples_npz/2013/20130603_2312_HARP2809_NOAA11760.npz,20130603_2312_HARP2809_NOAA11760,2013-06-03 23:12:00,2809,11760,0,2013
test_2015,train,gs://suryabench-sharp-pipeline-bamidele/samples_npz/2011/20110331_1836_HARP443_NOAA11181.npz,20110331_1836_HARP443_NOAA11181,2011-03-31 18:36:00,443,11181,0,2011
test_2015,train,gs://suryabench-sharp-pipeline-bamidele/samples_npz/2012/20120124_1900_HARP1339_NOAA11412.npz,20120124_1900_HARP1339_NOAA11412,2012-01-24 19:00:00,1339,11412,0,2012
test_2015,train,gs://suryabench-sharp-pipeline-bamidele/samples_npz/2012/20120914_1436_HARP2026_NOAA11569.npz,20120914_1436_HARP2026_NOAA11569,2012-09-14 14:36:00,2026,11569,0,2012
test_2015,train,gs://suryabench-sharp-pipeline-bamidele/samples_npz/2011/20110825_1836_HARP803_NOAA11274.npz,20110825_1836_HARP803_NOAA11274,2011-08-25 18:36:00,803,11274,0,2011
test_2015,train,gs://suryabench-sharp-pipeline-bamidele/samples_npz/2013/20130708_0224_HARP2942_NOAA11789.npz,20130708_0224_HARP2942_NOAA11789,2013-07-08 02:24:00,2942,11789,0,2013
test_2015,train,gs://suryabench-sharp-pipeline-bamidele/samples_npz/2011/20111225_2124_HARP1209_NOAA11380.npz,20111225_2124_HARP1209_NOAA11380,2011-12-25 21:24:00,1209,11380,0,2011
test_2015,train,gs://suryabench-sharp-pipeline-bamidele/samples_npz/2013/20130505_1048_HARP2696_NOAA11732.npz,20130505_1048_HARP2696_NOAA11732,2013-05-05 10:48:00,2696,11732,0,2013
test_2015,train,gs://suryabench-sharp-pipeline-bamidele/samples_npz/2012/20120829_1336_HARP1970_NOAA11555.npz,20120829_1336_HARP1970_NOAA11555,2012-08-29 13:36:00,1970,11555,0,2012
test_2015,train,gs://suryabench-sharp-pipeline-bamidele/samples_npz/2010/20101115_0448_HARP252_NOAA11124.npz,20101115_0448_HARP252_NOAA11124,2010-11-15 04:48:00,252,11124,0,2010
test_2015,train,gs://suryabench-sharp-pipeline-bamidele/samples_npz/2011/20110510_0848_HARP590_NOAA11211.npz,20110510_0848_HARP590_NOAA11211,2011-05-10 08:48:00,590,11211,0,2011
test_2015,train,gs://suryabench-sharp-pipeline-bamidele/samples_npz/2013/20130903_0500_HARP3149_NOAA11837.npz,20130903_0500_HARP3149_NOAA11837,2013-09-03 05:00:00,3149,11837,0,2013
test_2015,train,gs://suryabench-sharp-pipeline-bamidele/samples_npz/2012/20120714_2000_HARP1863_NOAA11523.npz,20120714_2000_HARP1863_NOAA11523,2012-07-14 20:00:00,1863,11523,0,2012
test_2015,train,gs://suryabench-sharp-pipeline-bamidele/samples_npz/2013/20131104_0012_HARP3336_NOAA11889.npz,20131104_0012_HARP3336_NOAA11889,2013-11-04 00:12:00,3336,11889,0,2013
test_2015,train,gs://suryabench-sharp-pipeline-bamidele/samples_npz/2011/20110718_0636_HARP728_NOAA11256.npz,20110718_0636_HARP728_NOAA11256,2011-07-18 06:36:00,728,11256,0,2011
test_2015,train,gs://suryabench-sharp-pipeline-bamidele/samples_npz/2011/20111215_0148_HARP1186_NOAA11378.npz,20111215_0148_HARP1186_NOAA11378,2011-12-15 01:48:00,1186,11378,0,2011
test_2015,train,gs://suryabench-sharp-pipeline-bamidele/samples_npz/2013/20130314_1248_HARP2546_NOAA11692.npz,20130314_1248_HARP2546_NOAA11692,2013-03-14 12:48:00,2546,11692,1,2013
test_2015,train,gs://suryabench-sharp-pipeline-bamidele/samples_npz/2011/20110929_1748_HARP902_NOAA11305.npz,20110929_1748_HARP902_NOAA11305,2011-09-29 17:48:00,902,11305,1,2011
test_2015,train,gs://suryabench-sharp-pipeline-bamidele/samples_npz/2011/20110301_1112_HARP392_NOAA11163.npz,20110301_1112_HARP392_NOAA11163,2011-03-01 11:12:00,392,11163,0,2011
test_2015,train,gs://suryabench-sharp-pipeline-bamidele/samples_npz/2011/20111102_0236_HARP1016_NOAA11335.npz,20111102_0236_HARP1016_NOAA11335,2011-11-02 02:36:00,1016,11335,0,2011
test_2015,train,gs://suryabench-sharp-pipeline-bamidele/samples_npz/2013/20131023_1736_HARP3291_NOAA11875.npz,20131023_1736_HARP3291_NOAA11875,2013-10-23 17:36:00,3291,11875,1,2013
test_2015,train,gs://suryabench-sharp-pipeline-bamidele/samples_npz/2012/20120913_1648_HARP2021_NOAA11567.npz,20120913_1648_HARP2021_NOAA11567,2012-09-13 16:48:00,2021,11567,0,2012
test_2015,train,gs://suryabench-sharp-pipeline-bamidele/samples_npz/2011/20110302_1248_HARP392_NOAA11163.npz,20110302_1248_HARP392_NOAA11163,2011-03-02 12:48:00,392,11163,0,2011
test_2015,train,gs://suryabench-sharp-pipeline-bamidele/samples_npz/2013/20131108_2000_HARP3341_NOAA11890.npz,20131108_2000_HARP3341_NOAA11890,2013-11-08 20:00:00,3341,11890,1,2013
test_2015,train,gs://suryabench-sharp-pipeline-bamidele/samples_npz/2012/20120314_1600_HARP1465_NOAA11433.npz,20120314_1600_HARP1465_NOAA11433,2012-03-14 16:00:00,1465,11433,0,2012
test_2015,train,gs://suryabench-sharp-pipeline-bamidele/samples_npz/2012/20121029_0436_HARP2137_NOAA11598.npz,20121029_0436_HARP2137_NOAA11598,2012-10-29 04:36:00,2137,11598,0,2012
test_2015,train,gs://suryabench-sharp-pipeline-bamidele/samples_npz/2011/20110102_1536_HARP321_NOAA11139.npz,20110102_1536_HARP321_NOAA11139,2011-01-02 15:36:00,321,11139,0,2011
test_2015,train,gs://suryabench-sharp-pipeline-bamidele/samples_npz/2010/20101015_0124_HARP211_NOAA11112.npz,20101015_0124_HARP211_NOAA11112,2010-10-15 01:24:00,211,11112,1,2010
test_2015,train,gs://suryabench-sharp-pipeline-bamidele/samples_npz/2011/20111211_1936_HARP1171_NOAA11375.npz,20111211_1936_HARP1171_NOAA11375,2011-12-11 19:36:00,1171,11375,0,2011
test_2015,train,gs://suryabench-sharp-pipeline-bamidele/samples_npz/2013/20130119_0312_HARP2387_NOAA11658.npz,20130119_0312_HARP2387_NOAA11658,2013-01-19 03:12:00,2387,11658,0,2013
test_2015,train,gs://suryabench-sharp-pipeline-bamidele/samples_npz/2013/20130101_1724_HARP2329_NOAA11639.npz,20130101_1724_HARP2329_NOAA11639,2013-01-01 17:24:00,2329,11639,0,2013
test_2015,train,gs://suryabench-sharp-pipeline-bamidele/samples_npz/2011/20111009_1500_HARP932_NOAA11313.npz,20111009_1500_HARP932_NOAA11313,2011-10-09 15:00:00,932,11313,0,2011
test_2015,train,gs://suryabench-sharp-pipeline-bamidele/samples_npz/2011/20110912_1848_HARP850_NOAA11290.npz,20110912_1848_HARP850_NOAA11290,2011-09-12 18:48:00,850,11290,0,2011
test_2015,train,gs://suryabench-sharp-pipeline-bamidele/samples_npz/2013/20131105_0300_HARP3330_NOAA11887.npz,20131105_0300_HARP3330_NOAA11887,2013-11-05 03:00:00,3330,11887,0,2013
test_2015,train,gs://suryabench-sharp-pipeline-bamidele/samples_npz/2012/20120414_2136_HARP1557_NOAA11454.npz,20120414_2136_HARP1557_NOAA11454,2012-04-14 21:36:00,1557,11454,0,2012
test_2015,train,gs://suryabench-sharp-pipeline-bamidele/samples_npz/2013/20131229_1412_HARP3532_NOAA11935.npz,20131229_1412_HARP3532_NOAA11935,2013-12-29 14:12:00,3532,11935,0,2013
test_2015,train,gs://suryabench-sharp-pipeline-bamidele/samples_npz/2011/20111214_0948_HARP1186_NOAA11378.npz,20111214_0948_HARP1186_NOAA11378,2011-12-14 09:48:00,1186,11378,0,2011
test_2015,train,gs://suryabench-sharp-pipeline-bamidele/samples_npz/2013/20130309_0912_HARP2520_NOAA11687.npz,20130309_0912_HARP2520_NOAA11687,2013-03-09 09:12:00,2520,11687,0,2013
test_2015,train,gs://suryabench-sharp-pipeline-bamidele/samples_npz/2010/20101229_2324_HARP317_NOAA11137.npz,20101229_2324_HARP317_NOAA11137,2010-12-29 23:24:00,317,11137,0,2010
test_2015,train,gs://suryabench-sharp-pipeline-bamidele/samples_npz/2013/20130708_1336_HARP2942_NOAA11789.npz,20130708_1336_HARP2942_NOAA11789,2013-07-08 13:36:00,2942,11789,0,2013
test_2015,train,gs://suryabench-sharp-pipeline-bamidele/samples_npz/2012/20120504_0600_HARP1621_NOAA11470.npz,20120504_0600_HARP1621_NOAA11470,2012-05-04 06:00:00,1621,11470,0,2012
test_2015,train,gs://suryabench-sharp-pipeline-bamidele/samples_npz/2012/20120527_1036_HARP1690_NOAA11489.npz,20120527_1036_HARP1690_NOAA11489,2012-05-27 10:36:00,1690,11489,0,2012
test_2015,train,gs://suryabench-sharp-pipeline-bamidele/samples_npz/2013/20130411_0936_HARP2636_NOAA11718.npz,20130411_0936_HARP2636_NOAA11718,2013-04-11 09:36:00,2636,11718,1,2013
test_2015,train,gs://suryabench-sharp-pipeline-bamidele/samples_npz/2013/20131228_1236_HARP3532_NOAA11935.npz,20131228_1236_HARP3532_NOAA11935,2013-12-28 12:36:00,3532,11935,0,2013
test_2015,train,gs://suryabench-sharp-pipeline-bamidele/samples_npz/2012/20120115_0736_HARP1309_NOAA11396.npz,20120115_0736_HARP1309_NOAA11396,2012-01-15 07:36:00,1309,11396,0,2012
test_2015,train,gs://suryabench-sharp-pipeline-bamidele/samples_npz/2011/20110111_2200_HARP338_NOAA11145.npz,20110111_2200_HARP338_NOAA11145,2011-01-11 22:00:00,338,11145,0,2011
test_2015,train,gs://suryabench-sharp-pipeline-bamidele/samples_npz/2011/20110910_2136_HARP850_NOAA11290.npz,20110910_2136_HARP850_NOAA11290,2011-09-10 21:36:00,850,11290,0,2011
test_2015,train,gs://suryabench-sharp-pipeline-bamidele/samples_npz/2013/20130923_2312_HARP3192_NOAA11847.npz,20130923_2312_HARP3192_NOAA11847,2013-09-23 23:12:00,3192,11847,0,2013
test_2015,train,gs://suryabench-sharp-pipeline-bamidele/samples_npz/2013/20130114_2200_HARP2372_NOAA11654.npz,20130114_2200_HARP2372_NOAA11654,2013-01-14 22:00:00,2372,11654,0,2013
test_2015,train,gs://suryabench-sharp-pipeline-bamidele/samples_npz/2011/20110708_0148_HARP695_NOAA11247.npz,20110708_0148_HARP695_NOAA11247,2011-07-08 01:48:00,695,11247,0,2011
test_2015,train,gs://suryabench-sharp-pipeline-bamidele/samples_npz/2013/20130405_0400_HARP2597_NOAA11713.npz,20130405_0400_HARP2597_NOAA11713,2013-04-05 04:00:00,2597,11713,0,2013
test_2015,train,gs://suryabench-sharp-pipeline-bamidele/samples_npz/2011/20110310_0024_HARP401_NOAA11166.npz,20110310_0024_HARP401_NOAA11166,2011-03-10 00:24:00,401,11166,0,2011
test_2015,train,gs://suryabench-sharp-pipeline-bamidele/samples_npz/2013/20130416_1036_HARP2663_NOAA11723.npz,20130416_1036_HARP2663_NOAA11723,2013-04-16 10:36:00,2663,11723,0,2013
test_2015,train,gs://suryabench-sharp-pipeline-bamidele/samples_npz/2012/20120517_0700_HARP1657_NOAA11481.npz,20120517_0700_HARP1657_NOAA11481,2012-05-17 07:00:00,1657,11481,0,2012
test_2015,train,gs://suryabench-sharp-pipeline-bamidele/samples_npz/2011/20110714_1548_HARP700_NOAA11245.npz,20110714_1548_HARP700_NOAA11245,2011-07-14 15:48:00,700,11245,0,2011
test_2015,train,gs://suryabench-sharp-pipeline-bamidele/samples_npz/2011/20111206_1736_HARP1124_NOAA11363.npz,20111206_1736_HARP1124_NOAA11363,2011-12-06 17:36:00,1124,11363,0,2011
test_2015,train,gs://suryabench-sharp-pipeline-bamidele/samples_npz/2013/20130816_1224_HARP3068_NOAA11825.npz,20130816_1224_HARP3068_NOAA11825,2013-08-16 12:24:00,3068,11825,0,2013
test_2015,train,gs://suryabench-sharp-pipeline-bamidele/samples_npz/2013/20131008_0436_HARP3248_NOAA11856.npz,20131008_0436_HARP3248_NOAA11856,2013-10-08 04:36:00,3248,11856,0,2013
test_2015,train,gs://suryabench-sharp-pipeline-bamidele/samples_npz/2012/20120710_1224_HARP1832_NOAA11518.npz,20120710_1224_HARP1832_NOAA11518,2012-07-10 12:24:00,1832,11518,0,2012
test_2015,train,gs://suryabench-sharp-pipeline-bamidele/samples_npz/2010/20100811_1724_HARP115_NOAA11093.npz,20100811_1724_HARP115_NOAA11093,2010-08-11 17:24:00,115,11093,0,2010
test_2015,train,gs://suryabench-sharp-pipeline-bamidele/samples_npz/2013/20131224_0348_HARP3513_NOAA11929.npz,20131224_0348_HARP3513_NOAA11929,2013-12-24 03:48:00,3513,11929,0,2013
test_2015,train,gs://suryabench-sharp-pipeline-bamidele/samples_npz/2012/20120110_0024_HARP1278_NOAA11391.npz,20120110_0024_HARP1278_NOAA11391,2012-01-10 00:24:00,1278,11391,0,2012
test_2015,train,gs://suryabench-sharp-pipeline-bamidele/samples_npz/2011/20111224_0600_HARP1209_NOAA11380.npz,20111224_0600_HARP1209_NOAA11380,2011-12-24 06:00:00,1209,11380,0,2011
test_2015,train,gs://suryabench-sharp-pipeline-bamidele/samples_npz/2010/20100525_0524_HARP26_NOAA11072.npz,20100525_0524_HARP26_NOAA11072,2010-05-25 05:24:00,26,11072,0,2010
test_2015,train,gs://suryabench-sharp-pipeline-bamidele/samples_npz/2012/20120420_0612_HARP1572_NOAA11458.npz,20120420_0612_HARP1572_NOAA11458,2012-04-20 06:12:00,1572,11458,0,2012
test_2015,train,gs://suryabench-sharp-pipeline-bamidele/samples_npz/2011/20110308_1624_HARP401_NOAA11166.npz,20110308_1624_HARP401_NOAA11166,2011-03-08 16:24:00,401,11166,1,2011
test_2015,train,gs://suryabench-sharp-pipeline-bamidele/samples_npz/2012/20120512_0024_HARP1651_NOAA11480.npz,20120512_0024_HARP1651_NOAA11480,2012-05-12 00:24:00,1651,11480,0,2012
test_2015,train,gs://suryabench-sharp-pipeline-bamidele/samples_npz/2012/20121107_0600_HARP2171_NOAA11605.npz,20121107_0600_HARP2171_NOAA11605,2012-11-07 06:00:00,2171,11605,0,2012
test_2015,train,gs://suryabench-sharp-pipeline-bamidele/samples_npz/2013/20130930_1500_HARP3244_NOAA11855.npz,20130930_1500_HARP3244_NOAA11855,2013-09-30 15:00:00,3244,11855,0,2013
test_2015,train,gs://suryabench-sharp-pipeline-bamidele/samples_npz/2011/20110713_0436_HARP712_NOAA11250.npz,20110713_0436_HARP712_NOAA11250,2011-07-13 04:36:00,712,11250,0,2011
test_2015,train,gs://suryabench-sharp-pipeline-bamidele/samples_npz/2012/20120102_2100_HARP1256_NOAA11388.npz,20120102_2100_HARP1256_NOAA11388,2012-01-02 21:00:00,1256,11388,0,2012
test_2015,train,gs://suryabench-sharp-pipeline-bamidele/samples_npz/2012/20121105_2048_HARP2173_NOAA11604.npz,20121105_2048_HARP2173_NOAA11604,2012-11-05 20:48:00,2173,11604,0,2012
test_2015,train,gs://suryabench-sharp-pipeline-bamidele/samples_npz/2013/20130502_1812_HARP2693_NOAA11731.npz,20130502_1812_HARP2693_NOAA11731,2013-05-02 18:12:00,2693,11731,1,2013
test_2015,train,gs://suryabench-sharp-pipeline-bamidele/samples_npz/2011/20110114_1200_HARP342_NOAA11146.npz,20110114_1200_HARP342_NOAA11146,2011-01-14 12:00:00,342,11146,0,2011
test_2015,train,gs://suryabench-sharp-pipeline-bamidele/samples_npz/2013/20131225_1012_HARP3532_NOAA11935.npz,20131225_1012_HARP3532_NOAA11935,2013-12-25 10:12:00,3532,11935,0,2013
test_2015,train,gs://suryabench-sharp-pipeline-bamidele/samples_npz/2012/20121121_1548_HARP2220_NOAA11618.npz,20121121_1548_HARP2220_NOAA11618,2012-11-21 15:48:00,2220,11618,0,2012
test_2015,train,gs://suryabench-sharp-pipeline-bamidele/samples_npz/2012/20120910_0348_HARP2021_NOAA11567.npz,20120910_0348_HARP2021_NOAA11567,2012-09-10 03:48:00,2021,11567,0,2012
test_2015,train,gs://suryabench-sharp-pipeline-bamidele/samples_npz/2011/20110906_1512_HARP833_NOAA11283.npz,20110906_1512_HARP833_NOAA11283,2011-09-06 15:12:00,833,11283,1,2011
test_2015,train,gs://suryabench-sharp-pipeline-bamidele/samples_npz/2012/20120502_1836_HARP1628_NOAA11472.npz,20120502_1836_HARP1628_NOAA11472,2012-05-02 18:36:00,1628,11472,0,2012
test_2015,train,gs://suryabench-sharp-pipeline-bamidele/samples_npz/2012/20120821_0336_HARP1942_NOAA11546.npz,20120821_0336_HARP1942_NOAA11546,2012-08-21 03:36:00,1942,11546,0,2012
test_2015,train,gs://suryabench-sharp-pipeline-bamidele/samples_npz/2011/20110526_0024_HARP622_NOAA11219.npz,20110526_0024_HARP622_NOAA11219,2011-05-26 00:24:00,622,11219,0,2011
test_2015,train,gs://suryabench-sharp-pipeline-bamidele/samples_npz/2013/20130509_2000_HARP2727_NOAA11741.npz,20130509_2000_HARP2727_NOAA11741,2013-05-09 20:00:00,2727,11741,0,2013
test_2015,train,gs://suryabench-sharp-pipeline-bamidele/samples_npz/2013/20130319_1236_HARP2557_NOAA11695.npz,20130319_1236_HARP2557_NOAA11695,2013-03-19 12:36:00,2557,11695,0,2013
test_2015,train,gs://suryabench-sharp-pipeline-bamidele/samples_npz/2012/20121026_1936_HARP2130_NOAA11596.npz,20121026_1936_HARP2130_NOAA11596,2012-10-26 19:36:00,2130,11596,0,2012
test_2015,train,gs://suryabench-sharp-pipeline-bamidele/samples_npz/2011/20111222_1412_HARP1232_NOAA11385.npz,20111222_1412_HARP1232_NOAA11385,2011-12-22 14:12:00,1232,11385,0,2011
test_2015,train,gs://suryabench-sharp-pipeline-bamidele/samples_npz/2013/20130921_1048_HARP3192_NOAA11847.npz,20130921_1048_HARP3192_NOAA11847,2013-09-21 10:48:00,3192,11847,0,2013
test_2015,train,gs://suryabench-sharp-pipeline-bamidele/samples_npz/2011/20111002_1612_HARP902_NOAA11305.npz,20111002_1612_HARP902_NOAA11305,2011-10-02 16:12:00,902,11305,0,2011
test_2015,train,gs://suryabench-sharp-pipeline-bamidele/samples_npz/2013/20131025_0812_HARP3291_NOAA11875.npz,20131025_0812_HARP3291_NOAA11875,2013-10-25 08:12:00,3291,11875,0,2013
test_2015,train,gs://suryabench-sharp-pipeline-bamidele/samples_npz/2012/20121020_2236_HARP2121_NOAA11591.npz,20121020_2236_HARP2121_NOAA11591,2012-10-20 22:36:00,2121,11591,0,2012
test_2015,train,gs://suryabench-sharp-pipeline-bamidele/samples_npz/2010/20100904_0036_HARP156_NOAA11105.npz,20100904_0036_HARP156_NOAA11105,2010-09-04 00:36:00,156,11105,0,2010
test_2015,train,gs://suryabench-sharp-pipeline-bamidele/samples_npz/2013/20131106_1600_HARP3344_NOAA11891.npz,20131106_1600_HARP3344_NOAA11891,2013-11-06 16:00:00,3344,11891,1,2013
test_2015,train,gs://suryabench-sharp-pipeline-bamidele/samples_npz/2013/20131020_2148_HARP3288_NOAA11873.npz,20131020_2148_HARP3288_NOAA11873,2013-10-20 21:48:00,3288,11873,0,2013
test_2015,train,gs://suryabench-sharp-pipeline-bamidele/samples_npz/2010/20101111_0048_HARP245_NOAA11121.npz,20101111_0048_HARP245_NOAA11121,2010-11-11 00:48:00,245,11121,0,2010
test_2015,train,gs://suryabench-sharp-pipeline-bamidele/samples_npz/2013/20131101_2136_HARP3311_NOAA11882.npz,20131101_2136_HARP3311_NOAA11882,2013-11-01 21:36:00,3311,11882,0,2013
test_2015,train,gs://suryabench-sharp-pipeline-bamidele/samples_npz/2011/20110412_0512_HARP495_NOAA11190.npz,20110412_0512_HARP495_NOAA11190,2011-04-12 05:12:00,495,11190,0,2011
test_2015,train,gs://suryabench-sharp-pipeline-bamidele/samples_npz/2013/20130815_1936_HARP3048_NOAA11814.npz,20130815_1936_HARP3048_NOAA11814,2013-08-15 19:36:00,3048,11814,0,2013
test_2015,train,gs://suryabench-sharp-pipeline-bamidele/samples_npz/2011/20110509_1700_HARP580_NOAA11210.npz,20110509_1700_HARP580_NOAA11210,2011-05-09 17:00:00,580,11210,0,2011
test_2015,train,gs://suryabench-sharp-pipeline-bamidele/samples_npz/2011/20110611_2148_HARP662_NOAA11235.npz,20110611_2148_HARP662_NOAA11235,2011-06-11 21:48:00,662,11235,0,2011
test_2015,train,gs://suryabench-sharp-pipeline-bamidele/samples_npz/2013/20131006_2000_HARP3247_NOAA11857.npz,20131006_2000_HARP3247_NOAA11857,2013-10-06 20:00:00,3247,11857,0,2013
test_2015,train,gs://suryabench-sharp-pipeline-bamidele/samples_npz/2013/20131022_2048_HARP3291_NOAA11875.npz,20131022_2048_HARP3291_NOAA11875,2013-10-22 20:48:00,3291,11875,1,2013
test_2015,train,gs://suryabench-sharp-pipeline-bamidele/samples_npz/2011/20110710_0448_HARP702_NOAA11249.npz,20110710_0448_HARP702_NOAA11249,2011-07-10 04:48:00,702,11249,0,2011
test_2015,train,gs://suryabench-sharp-pipeline-bamidele/samples_npz/2012/20121126_1824_HARP2227_NOAA11620.npz,20121126_1824_HARP2227_NOAA11620,2012-11-26 18:24:00,2227,11620,1,2012
test_2015,train,gs://suryabench-sharp-pipeline-bamidele/samples_npz/2012/20121204_1900_HARP2260_NOAA11627.npz,20121204_1900_HARP2260_NOAA11627,2012-12-04 19:00:00,2260,11627,0,2012
test_2015,train,gs://suryabench-sharp-pipeline-bamidele/samples_npz/2011/20110315_1024_HARP415_NOAA11171.npz,20110315_1024_HARP415_NOAA11171,2011-03-15 10:24:00,415,11171,0,2011
test_2015,train,gs://suryabench-sharp-pipeline-bamidele/samples_npz/2013/20130112_2348_HARP2366_NOAA11653.npz,20130112_2348_HARP2366_NOAA11653,2013-01-12 23:48:00,2366,11653,0,2013
test_2015,train,gs://suryabench-sharp-pipeline-bamidele/samples_npz/2011/20110428_0700_HARP538_NOAA11200.npz,20110428_0700_HARP538_NOAA11200,2011-04-28 07:00:00,538,11200,0,2011
test_2015,train,gs://suryabench-sharp-pipeline-bamidele/samples_npz/2010/20100829_1312_HARP146_NOAA11102.npz,20100829_1312_HARP146_NOAA11102,2010-08-29 13:12:00,146,11102,0,2010
test_2015,train,gs://suryabench-sharp-pipeline-bamidele/samples_npz/2012/20120604_1700_HARP1737_NOAA11500.npz,20120604_1700_HARP1737_NOAA11500,2012-06-04 17:00:00,1737,11500,0,2012
test_2015,train,gs://suryabench-sharp-pipeline-bamidele/samples_npz/2010/20100606_0600_HARP46_NOAA11078.npz,20100606_0600_HARP46_NOAA11078,2010-06-06 06:00:00,46,11078,0,2010
test_2015,train,gs://suryabench-sharp-pipeline-bamidele/samples_npz/2011/20110314_2012_HARP415_NOAA11171.npz,20110314_2012_HARP415_NOAA11171,2011-03-14 20:12:00,415,11171,0,2011
test_2015,train,gs://suryabench-sharp-pipeline-bamidele/samples_npz/2011/20110323_1712_HARP436_NOAA11179.npz,20110323_1712_HARP436_NOAA11179,2011-03-23 17:12:00,436,11179,0,2011
test_2015,train,gs://suryabench-sharp-pipeline-bamidele/samples_npz/2013/20130302_1048_HARP2502_NOAA11681.npz,20130302_1048_HARP2502_NOAA11681,2013-03-02 10:48:00,2502,11681,0,2013
test_2015,train,gs://suryabench-sharp-pipeline-bamidele/samples_npz/2011/20110405_0548_HARP466_NOAA11184.npz,20110405_0548_HARP466_NOAA11184,2011-04-05 05:48:00,466,11184,0,2011
test_2015,train,gs://suryabench-sharp-pipeline-bamidele/samples_npz/2012/20120912_0236_HARP2029_NOAA11570.npz,20120912_0236_HARP2029_NOAA11570,2012-09-12 02:36:00,2029,11570,0,2012
test_2015,train,gs://suryabench-sharp-pipeline-bamidele/samples_npz/2011/20110215_1048_HARP377_NOAA11158.npz,20110215_1048_HARP377_NOAA11158,2011-02-15 10:48:00,377,11158,1,2011
test_2015,train,gs://suryabench-sharp-pipeline-bamidele/samples_npz/2013/20130302_2336_HARP2502_NOAA11681.npz,20130302_2336_HARP2502_NOAA11681,2013-03-02 23:36:00,2502,11681,0,2013
test_2015,train,gs://suryabench-sharp-pipeline-bamidele/samples_npz/2013/20130516_0148_HARP2733_NOAA11742.npz,20130516_0148_HARP2733_NOAA11742,2013-05-16 01:48:00,2733,11742,0,2013
test_2015,train,gs://suryabench-sharp-pipeline-bamidele/samples_npz/2012/20120218_2324_HARP1396_NOAA11419.npz,20120218_2324_HARP1396_NOAA11419,2012-02-18 23:24:00,1396,11419,0,2012
test_2015,train,gs://suryabench-sharp-pipeline-bamidele/samples_npz/2013/20130119_1912_HARP2387_NOAA11658.npz,20130119_1912_HARP2387_NOAA11658,2013-01-19 19:12:00,2387,11658,0,2013
test_2015,train,gs://suryabench-sharp-pipeline-bamidele/samples_npz/2012/20120307_0400_HARP1449_NOAA11429.npz,20120307_0400_HARP1449_NOAA11429,2012-03-07 04:00:00,1449,11429,1,2012
test_2015,train,gs://suryabench-sharp-pipeline-bamidele/samples_npz/2013/20130531_0100_HARP2790_NOAA11758.npz,20130531_0100_HARP2790_NOAA11758,2013-05-31 01:00:00,2790,11758,0,2013
test_2015,train,gs://suryabench-sharp-pipeline-bamidele/samples_npz/2010/20100829_2036_HARP147_NOAA11104.npz,20100829_2036_HARP147_NOAA11104,2010-08-29 20:36:00,147,11104,0,2010
test_2015,train,gs://suryabench-sharp-pipeline-bamidele/samples_npz/2011/20110331_0912_HARP444_NOAA11180.npz,20110331_0912_HARP444_NOAA11180,2011-03-31 09:12:00,444,11180,0,2011
test_2015,train,gs://suryabench-sharp-pipeline-bamidele/samples_npz/2012/20120229_1212_HARP1424_NOAA11425.npz,20120229_1212_HARP1424_NOAA11425,2012-02-29 12:12:00,1424,11425,0,2012
test_2015,train,gs://suryabench-sharp-pipeline-bamidele/samples_npz/2013/20131205_1712_HARP3437_NOAA11909.npz,20131205_1712_HARP3437_NOAA11909,2013-12-05 17:12:00,3437,11909,1,2013
test_2015,train,gs://suryabench-sharp-pipeline-bamidele/samples_npz/2011/20111229_0336_HARP1237_NOAA11386.npz,20111229_0336_HARP1237_NOAA11386,2011-12-29 03:36:00,1237,11386,0,2011
test_2015,train,gs://suryabench-sharp-pipeline-bamidele/samples_npz/2012/20120821_1748_HARP1943_NOAA11547.npz,20120821_1748_HARP1943_NOAA11547,2012-08-21 17:48:00,1943,11547,0,2012
test_2015,train,gs://suryabench-sharp-pipeline-bamidele/samples_npz/2013/20131203_1436_HARP3443_NOAA11914.npz,20131203_1436_HARP3443_NOAA11914,2013-12-03 14:36:00,3443,11914,0,2013
test_2015,train,gs://suryabench-sharp-pipeline-bamidele/samples_npz/2012/20120528_1336_HARP1701_NOAA11490.npz,20120528_1336_HARP1701_NOAA11490,2012-05-28 13:36:00,1701,11490,0,2012
test_2015,train,gs://suryabench-sharp-pipeline-bamidele/samples_npz/2011/20110601_1936_HARP643_NOAA11229.npz,20110601_1936_HARP643_NOAA11229,2011-06-01 19:36:00,643,11229,0,2011
test_2015,train,gs://suryabench-sharp-pipeline-bamidele/samples_npz/2012/20120126_0848_HARP1338_NOAA11408.npz,20120126_0848_HARP1338_NOAA11408,2012-01-26 08:48:00,1338,11408,0,2012
test_2015,train,gs://suryabench-sharp-pipeline-bamidele/samples_npz/2010/20100604_2024_HARP46_NOAA11078.npz,20100604_2024_HARP46_NOAA11078,2010-06-04 20:24:00,46,11078,0,2010
test_2015,train,gs://suryabench-sharp-pipeline-bamidele/samples_npz/2010/20101226_1524_HARP317_NOAA11137.npz,20101226_1524_HARP317_NOAA11137,2010-12-26 15:24:00,317,11137,0,2010
test_2015,train,gs://suryabench-sharp-pipeline-bamidele/samples_npz/2011/20110413_0648_HARP494_NOAA11187.npz,20110413_0648_HARP494_NOAA11187,2011-04-13 06:48:00,494,11187,0,2011
test_2015,train,gs://suryabench-sharp-pipeline-bamidele/samples_npz/2012/20121110_2200_HARP2181_NOAA11609.npz,20121110_2200_HARP2181_NOAA11609,2012-11-10 22:00:00,2181,11609,0,2012
test_2015,train,gs://suryabench-sharp-pipeline-bamidele/samples_npz/2012/20120530_0048_HARP1705_NOAA11492.npz,20120530_0048_HARP1705_NOAA11492,2012-05-30 00:48:00,1705,11492,0,2012
test_2015,train,gs://suryabench-sharp-pipeline-bamidele/samples_npz/2012/20120920_0100_HARP2037_NOAA11573.npz,20120920_0100_HARP2037_NOAA11573,2012-09-20 01:00:00,2037,11573,0,2012
test_2015,train,gs://suryabench-sharp-pipeline-bamidele/samples_npz/2013/20130601_1200_HARP2812_NOAA11766.npz,20130601_1200_HARP2812_NOAA11766,2013-06-01 12:00:00,2812,11766,0,2013
test_2015,train,gs://suryabench-sharp-pipeline-bamidele/samples_npz/2011/20110910_1312_HARP851_NOAA11291.npz,20110910_1312_HARP851_NOAA11291,2011-09-10 13:12:00,851,11291,0,2011
test_2015,train,gs://suryabench-sharp-pipeline-bamidele/samples_npz/2011/20110115_1824_HARP342_NOAA11146.npz,20110115_1824_HARP342_NOAA11146,2011-01-15 18:24:00,342,11146,0,2011
test_2015,train,gs://suryabench-sharp-pipeline-bamidele/samples_npz/2013/20130829_0624_HARP3122_NOAA11835.npz,20130829_0624_HARP3122_NOAA11835,2013-08-29 06:24:00,3122,11835,0,2013
test_2015,train,gs://suryabench-sharp-pipeline-bamidele/samples_npz/2013/20131215_0624_HARP3481_NOAA11923.npz,20131215_0624_HARP3481_NOAA11923,2013-12-15 06:24:00,3481,11923,0,2013
test_2015,train,gs://suryabench-sharp-pipeline-bamidele/samples_npz/2013/20130731_1448_HARP2999_NOAA11801.npz,20130731_1448_HARP2999_NOAA11801,2013-07-31 14:48:00,2999,11801,0,2013
test_2015,train,gs://suryabench-sharp-pipeline-bamidele/samples_npz/2012/20120905_0312_HARP1996_NOAA11563.npz,20120905_0312_HARP1996_NOAA11563,2012-09-05 03:12:00,1996,11563,0,2012
test_2015,train,gs://suryabench-sharp-pipeline-bamidele/samples_npz/2010/20100730_1836_HARP98_NOAA11090.npz,20100730_1836_HARP98_NOAA11090,2010-07-30 18:36:00,98,11090,0,2010
test_2015,train,gs://suryabench-sharp-pipeline-bamidele/samples_npz/2012/20120130_0936_HARP1348_NOAA11411.npz,20120130_0936_HARP1348_NOAA11411,2012-01-30 09:36:00,1348,11411,0,2012
test_2015,train,gs://suryabench-sharp-pipeline-bamidele/samples_npz/2013/20131204_0736_HARP3448_NOAA11916.npz,20131204_0736_HARP3448_NOAA11916,2013-12-04 07:36:00,3448,11916,0,2013
test_2015,train,gs://suryabench-sharp-pipeline-bamidele/samples_npz/2011/20111204_0548_HARP1126_NOAA11364.npz,20111204_0548_HARP1126_NOAA11364,2011-12-04 05:48:00,1126,11364,0,2011
test_2015,train,gs://suryabench-sharp-pipeline-bamidele/samples_npz/2012/20120306_1512_HARP1449_NOAA11429.npz,20120306_1512_HARP1449_NOAA11429,2012-03-06 15:12:00,1449,11429,1,2012
test_2015,train,gs://suryabench-sharp-pipeline-bamidele/samples_npz/2011/20110826_1348_HARP817_NOAA11285.npz,20110826_1348_HARP817_NOAA11285,2011-08-26 13:48:00,817,11285,0,2011
test_2015,train,gs://suryabench-sharp-pipeline-bamidele/samples_npz/2011/20110329_0048_HARP444_NOAA11180.npz,20110329_0048_HARP444_NOAA11180,2011-03-29 00:48:00,444,11180,0,2011
test_2015,train,gs://suryabench-sharp-pipeline-bamidele/samples_npz/2011/20110623_0000_HARP681_NOAA11241.npz,20110623_0000_HARP681_NOAA11241,2011-06-23 00:00:00,681,11241,0,2011
test_2015,train,gs://suryabench-sharp-pipeline-bamidele/samples_npz/2011/20110404_0100_HARP466_NOAA11184.npz,20110404_0100_HARP466_NOAA11184,2011-04-04 01:00:00,466,11184,0,2011
test_2015,train,gs://suryabench-sharp-pipeline-bamidele/samples_npz/2011/20110715_1636_HARP713_NOAA11258.npz,20110715_1636_HARP713_NOAA11258,2011-07-15 16:36:00,713,11258,0,2011
test_2015,train,gs://suryabench-sharp-pipeline-bamidele/samples_npz/2012/20121017_0212_HARP2114_NOAA11592.npz,20121017_0212_HARP2114_NOAA11592,2012-10-17 02:12:00,2114,11592,0,2012
test_2015,train,gs://suryabench-sharp-pipeline-bamidele/samples_npz/2013/20131013_2148_HARP3267_NOAA11867.npz,20131013_2148_HARP3267_NOAA11867,2013-10-13 21:48:00,3267,11867,0,2013
test_2015,train,gs://suryabench-sharp-pipeline-bamidele/samples_npz/2012/20120316_1148_HARP1471_NOAA11435.npz,20120316_1148_HARP1471_NOAA11435,2012-03-16 11:48:00,1471,11435,0,2012
test_2015,train,gs://suryabench-sharp-pipeline-bamidele/samples_npz/2011/20110320_0548_HARP429_NOAA11173.npz,20110320_0548_HARP429_NOAA11173,2011-03-20 05:48:00,429,11173,0,2011
test_2015,train,gs://suryabench-sharp-pipeline-bamidele/samples_npz/2011/20111203_1912_HARP1124_NOAA11363.npz,20111203_1912_HARP1124_NOAA11363,2011-12-03 19:12:00,1124,11363,0,2011
test_2015,train,gs://suryabench-sharp-pipeline-bamidele/samples_npz/2013/20130817_1148_HARP3056_NOAA11818.npz,20130817_1148_HARP3056_NOAA11818,2013-08-17 11:48:00,3056,11818,1,2013
test_2015,train,gs://suryabench-sharp-pipeline-bamidele/samples_npz/2010/20100531_2048_HARP40_NOAA11075.npz,20100531_2048_HARP40_NOAA11075,2010-05-31 20:48:00,40,11075,0,2010
test_2015,train,gs://suryabench-sharp-pipeline-bamidele/samples_npz/2012/20120323_0424_HARP1495_NOAA11447.npz,20120323_0424_HARP1495_NOAA11447,2012-03-23 04:24:00,1495,11447,0,2012
test_2015,train,gs://suryabench-sharp-pipeline-bamidele/samples_npz/2011/20110213_0600_HARP377_NOAA11158.npz,20110213_0600_HARP377_NOAA11158,2011-02-13 06:00:00,377,11158,1,2011
test_2015,train,gs://suryabench-sharp-pipeline-bamidele/samples_npz/2011/20111002_0512_HARP902_NOAA11305.npz,20111002_0512_HARP902_NOAA11305,2011-10-02 05:12:00,902,11305,0,2011
test_2015,train,gs://suryabench-sharp-pipeline-bamidele/samples_npz/2012/20120120_0924_HARP1318_NOAA11399.npz,20120120_0924_HARP1318_NOAA11399,2012-01-20 09:24:00,1318,11399,0,2012
test_2015,train,gs://suryabench-sharp-pipeline-bamidele/samples_npz/2011/20110630_0524_HARP686_NOAA11242.npz,20110630_0524_HARP686_NOAA11242,2011-06-30 05:24:00,686,11242,0,2011
test_2015,train,gs://suryabench-sharp-pipeline-bamidele/samples_npz/2013/20130402_0436_HARP2598_NOAA11707.npz,20130402_0436_HARP2598_NOAA11707,2013-04-02 04:36:00,2598,11707,0,2013
test_2015,train,gs://suryabench-sharp-pipeline-bamidele/samples_npz/2010/20101205_1648_HARP285_NOAA11132.npz,20101205_1648_HARP285_NOAA11132,2010-12-05 16:48:00,285,11132,0,2010
test_2015,train,gs://suryabench-sharp-pipeline-bamidele/samples_npz/2012/20120905_2312_HARP1999_NOAA11563.npz,20120905_2312_HARP1999_NOAA11563,2012-09-05 23:12:00,1999,11563,0,2012
test_2015,train,gs://suryabench-sharp-pipeline-bamidele/samples_npz/2011/20110717_1436_HARP728_NOAA11256.npz,20110717_1436_HARP728_NOAA11256,2011-07-17 14:36:00,728,11256,0,2011
test_2015,train,gs://suryabench-sharp-pipeline-bamidele/samples_npz/2013/20130516_0748_HARP2735_NOAA11744.npz,20130516_0748_HARP2735_NOAA11744,2013-05-16 07:48:00,2735,11744,0,2013
test_2015,train,gs://suryabench-sharp-pipeline-bamidele/samples_npz/2013/20131128_2324_HARP3441_NOAA11910.npz,20131128_2324_HARP3441_NOAA11910,2013-11-28 23:24:00,3441,11910,0,2013
test_2015,train,gs://suryabench-sharp-pipeline-bamidele/samples_npz/2011/20110916_1912_HARP867_NOAA11299.npz,20110916_1912_HARP867_NOAA11299,2011-09-16 19:12:00,867,11299,0,2011
test_2015,train,gs://suryabench-sharp-pipeline-bamidele/samples_npz/2012/20120415_1700_HARP1569_NOAA11457.npz,20120415_1700_HARP1569_NOAA11457,2012-04-15 17:00:00,1569,11457,0,2012
test_2015,train,gs://suryabench-sharp-pipeline-bamidele/samples_npz/2012/20121112_1700_HARP2186_NOAA11611.npz,20121112_1700_HARP2186_NOAA11611,2012-11-12 17:00:00,2186,11611,0,2012
test_2015,train,gs://suryabench-sharp-pipeline-bamidele/samples_npz/2013/20130807_0248_HARP3049_NOAA11813.npz,20130807_0248_HARP3049_NOAA11813,2013-08-07 02:48:00,3049,11813,0,2013
test_2015,train,gs://suryabench-sharp-pipeline-bamidele/samples_npz/2011/20110511_0000_HARP589_NOAA11209.npz,20110511_0000_HARP589_NOAA11209,2011-05-11 00:00:00,589,11209,0,2011
test_2015,train,gs://suryabench-sharp-pipeline-bamidele/samples_npz/2011/20111205_1824_HARP1120_NOAA11362.npz,20111205_1824_HARP1120_NOAA11362,2011-12-05 18:24:00,1120,11362,0,2011
test_2015,train,gs://suryabench-sharp-pipeline-bamidele/samples_npz/2013/20130205_1700_HARP2433_NOAA11665.npz,20130205_1700_HARP2433_NOAA11665,2013-02-05 17:00:00,2433,11665,0,2013
test_2015,train,gs://suryabench-sharp-pipeline-bamidele/samples_npz/2011/20111120_1424_HARP1080_NOAA11357.npz,20111120_1424_HARP1080_NOAA11357,2011-11-20 14:24:00,1080,11357,0,2011
test_2015,train,gs://suryabench-sharp-pipeline-bamidele/samples_npz/2013/20130112_0248_HARP2362_NOAA11652.npz,20130112_0248_HARP2362_NOAA11652,2013-01-12 02:48:00,2362,11652,1,2013
test_2015,train,gs://suryabench-sharp-pipeline-bamidele/samples_npz/2013/20130218_1900_HARP2469_NOAA11671.npz,20130218_1900_HARP2469_NOAA11671,2013-02-18 19:00:00,2469,11671,0,2013
test_2015,train,gs://suryabench-sharp-pipeline-bamidele/samples_npz/2013/20130723_1100_HARP2981_NOAA11799.npz,20130723_1100_HARP2981_NOAA11799,2013-07-23 11:00:00,2981,11799,0,2013
test_2015,train,gs://suryabench-sharp-pipeline-bamidele/samples_npz/2012/20120115_0200_HARP1319_NOAA11400.npz,20120115_0200_HARP1319_NOAA11400,2012-01-15 02:00:00,1319,11400,0,2012
test_2015,train,gs://suryabench-sharp-pipeline-bamidele/samples_npz/2012/20120511_0624_HARP1638_NOAA11476.npz,20120511_0624_HARP1638_NOAA11476,2012-05-11 06:24:00,1638,11476,0,2012
test_2015,train,gs://suryabench-sharp-pipeline-bamidele/samples_npz/2012/20120130_1736_HARP1348_NOAA11411.npz,20120130_1736_HARP1348_NOAA11411,2012-01-30 17:36:00,1348,11411,0,2012
test_2015,train,gs://suryabench-sharp-pipeline-bamidele/samples_npz/2011/20110430_0412_HARP538_NOAA11200.npz,20110430_0412_HARP538_NOAA11200,2011-04-30 04:12:00,538,11200,0,2011
test_2015,train,gs://suryabench-sharp-pipeline-bamidele/samples_npz/2013/20130407_2348_HARP2605_NOAA11711.npz,20130407_2348_HARP2605_NOAA11711,2013-04-07 23:48:00,2605,11711,0,2013
test_2015,train,gs://suryabench-sharp-pipeline-bamidele/samples_npz/2010/20100927_1424_HARP187_NOAA11109.npz,20100927_1424_HARP187_NOAA11109,2010-09-27 14:24:00,187,11109,0,2010
test_2015,train,gs://suryabench-sharp-pipeline-bamidele/samples_npz/2011/20111006_1748_HARP926_NOAA11311.npz,20111006_1748_HARP926_NOAA11311,2011-10-06 17:48:00,926,11311,0,2011
test_2015,train,gs://suryabench-sharp-pipeline-bamidele/samples_npz/2011/20110403_0236_HARP466_NOAA11184.npz,20110403_0236_HARP466_NOAA11184,2011-04-03 02:36:00,466,11184,0,2011
test_2015,train,gs://suryabench-sharp-pipeline-bamidele/samples_npz/2012/20120507_1148_HARP1632_NOAA11474.npz,20120507_1148_HARP1632_NOAA11474,2012-05-07 11:48:00,1632,11474,0,2012
test_2015,train,gs://suryabench-sharp-pipeline-bamidele/samples_npz/2011/20110509_2312_HARP576_NOAA11207.npz,20110509_2312_HARP576_NOAA11207,2011-05-09 23:12:00,576,11207,0,2011
test_2015,train,gs://suryabench-sharp-pipeline-bamidele/samples_npz/2012/20120317_1036_HARP1471_NOAA11435.npz,20120317_1036_HARP1471_NOAA11435,2012-03-17 10:36:00,1471,11435,0,2012
test_2015,train,gs://suryabench-sharp-pipeline-bamidele/samples_npz/2013/20131029_0424_HARP3326_NOAA11886.npz,20131029_0424_HARP3326_NOAA11886,2013-10-29 04:24:00,3326,11886,0,2013
test_2015,train,gs://suryabench-sharp-pipeline-bamidele/samples_npz/2012/20120509_0612_HARP1632_NOAA11474.npz,20120509_0612_HARP1632_NOAA11474,2012-05-09 06:12:00,1632,11474,0,2012
test_2015,train,gs://suryabench-sharp-pipeline-bamidele/samples_npz/2012/20120608_1712_HARP1724_NOAA11494.npz,20120608_1712_HARP1724_NOAA11494,2012-06-08 17:12:00,1724,11494,0,2012
test_2015,train,gs://suryabench-sharp-pipeline-bamidele/samples_npz/2012/20120317_1448_HARP1465_NOAA11433.npz,20120317_1448_HARP1465_NOAA11433,2012-03-17 14:48:00,1465,11433,0,2012
test_2015,train,gs://suryabench-sharp-pipeline-bamidele/samples_npz/2013/20130630_1848_HARP2910_NOAA11782.npz,20130630_1848_HARP2910_NOAA11782,2013-06-30 18:48:00,2910,11782,0,2013
test_2015,train,gs://suryabench-sharp-pipeline-bamidele/samples_npz/2010/20100928_1248_HARP187_NOAA11109.npz,20100928_1248_HARP187_NOAA11109,2010-09-28 12:48:00,187,11109,0,2010
test_2015,train,gs://suryabench-sharp-pipeline-bamidele/samples_npz/2013/20130729_1336_HARP3019_NOAA11807.npz,20130729_1336_HARP3019_NOAA11807,2013-07-29 13:36:00,3019,11807,0,2013
test_2015,train,gs://suryabench-sharp-pipeline-bamidele/samples_npz/2010/20100529_2048_HARP40_NOAA11075.npz,20100529_2048_HARP40_NOAA11075,2010-05-29 20:48:00,40,11075,0,2010
test_2015,train,gs://suryabench-sharp-pipeline-bamidele/samples_npz/2013/20131028_1812_HARP3311_NOAA11882.npz,20131028_1812_HARP3311_NOAA11882,2013-10-28 18:12:00,3311,11882,0,2013
test_2015,train,gs://suryabench-sharp-pipeline-bamidele/samples_npz/2012/20120824_0712_HARP1942_NOAA11546.npz,20120824_0712_HARP1942_NOAA11546,2012-08-24 07:12:00,1942,11546,0,2012
test_2015,train,gs://suryabench-sharp-pipeline-bamidele/samples_npz/2013/20130129_0412_HARP2411_NOAA11661.npz,20130129_0412_HARP2411_NOAA11661,2013-01-29 04:12:00,2411,11661,0,2013
test_2015,train,gs://suryabench-sharp-pipeline-bamidele/samples_npz/2013/20130407_1336_HARP2636_NOAA11718.npz,20130407_1336_HARP2636_NOAA11718,2013-04-07 13:36:00,2636,11718,0,2013
test_2015,train,gs://suryabench-sharp-pipeline-bamidele/samples_npz/2011/20110105_1212_HARP327_NOAA11142.npz,20110105_1212_HARP327_NOAA11142,2011-01-05 12:12:00,327,11142,0,2011
test_2015,train,gs://suryabench-sharp-pipeline-bamidele/samples_npz/2012/20120403_1148_HARP1528_NOAA11450.npz,20120403_1148_HARP1528_NOAA11450,2012-04-03 11:48:00,1528,11450,0,2012
test_2015,train,gs://suryabench-sharp-pipeline-bamidele/samples_npz/2013/20130515_0912_HARP2733_NOAA11742.npz,20130515_0912_HARP2733_NOAA11742,2013-05-15 09:12:00,2733,11742,0,2013
test_2015,train,gs://suryabench-sharp-pipeline-bamidele/samples_npz/2012/20120328_1948_HARP1492_NOAA11442.npz,20120328_1948_HARP1492_NOAA11442,2012-03-28 19:48:00,1492,11442,0,2012
test_2015,train,gs://suryabench-sharp-pipeline-bamidele/samples_npz/2011/20110731_2224_HARP755_NOAA11264.npz,20110731_2224_HARP755_NOAA11264,2011-07-31 22:24:00,755,11264,0,2011
test_2015,train,gs://suryabench-sharp-pipeline-bamidele/samples_npz/2013/20130302_0400_HARP2504_NOAA11680.npz,20130302_0400_HARP2504_NOAA11680,2013-03-02 04:00:00,2504,11680,0,2013
test_2015,train,gs://suryabench-sharp-pipeline-bamidele/samples_npz/2011/20110210_0112_HARP367_NOAA11156.npz,20110210_0112_HARP367_NOAA11156,2011-02-10 01:12:00,367,11156,0,2011
test_2015,train,gs://suryabench-sharp-pipeline-bamidele/samples_npz/2010/20100618_1948_HARP57_NOAA11082.npz,20100618_1948_HARP57_NOAA11082,2010-06-18 19:48:00,57,11082,0,2010
test_2015,train,gs://suryabench-sharp-pipeline-bamidele/samples_npz/2012/20120820_2236_HARP1943_NOAA11547.npz,20120820_2236_HARP1943_NOAA11547,2012-08-20 22:36:00,1943,11547,0,2012
test_2015,train,gs://suryabench-sharp-pipeline-bamidele/samples_npz/2013/20130410_0336_HARP2635_NOAA11719.npz,20130410_0336_HARP2635_NOAA11719,2013-04-10 03:36:00,2635,11719,1,2013
test_2015,train,gs://suryabench-sharp-pipeline-bamidele/samples_npz/2013/20131218_1336_HARP3497_NOAA11925.npz,20131218_1336_HARP3497_NOAA11925,2013-12-18 13:36:00,3497,11925,0,2013
test_2015,train,gs://suryabench-sharp-pipeline-bamidele/samples_npz/2013/20130404_0436_HARP2610_NOAA11712.npz,20130404_0436_HARP2610_NOAA11712,2013-04-04 04:36:00,2610,11712,0,2013
test_2015,train,gs://suryabench-sharp-pipeline-bamidele/samples_npz/2011/20110927_1548_HARP892_NOAA11302.npz,20110927_1548_HARP892_NOAA11302,2011-09-27 15:48:00,892,11302,1,2011
test_2015,train,gs://suryabench-sharp-pipeline-bamidele/samples_npz/2013/20130717_0200_HARP2954_NOAA11792.npz,20130717_0200_HARP2954_NOAA11792,2013-07-17 02:00:00,2954,11792,0,2013
test_2015,train,gs://suryabench-sharp-pipeline-bamidele/samples_npz/2012/20120830_2324_HARP1997_NOAA11561.npz,20120830_2324_HARP1997_NOAA11561,2012-08-30 23:24:00,1997,11561,0,2012
test_2015,train,gs://suryabench-sharp-pipeline-bamidele/samples_npz/2012/20120229_1348_HARP1424_NOAA11425.npz,20120229_1348_HARP1424_NOAA11425,2012-02-29 13:48:00,1424,11425,0,2012
test_2015,train,gs://suryabench-sharp-pipeline-bamidele/samples_npz/2013/20130716_0836_HARP2976_NOAA11796.npz,20130716_0836_HARP2976_NOAA11796,2013-07-16 08:36:00,2976,11796,0,2013
test_2015,train,gs://suryabench-sharp-pipeline-bamidele/samples_npz/2012/20120424_1600_HARP1596_NOAA11465.npz,20120424_1600_HARP1596_NOAA11465,2012-04-24 16:00:00,1596,11465,0,2012
test_2015,train,gs://suryabench-sharp-pipeline-bamidele/samples_npz/2013/20130121_1736_HARP2400_NOAA11660.npz,20130121_1736_HARP2400_NOAA11660,2013-01-21 17:36:00,2400,11660,0,2013
test_2015,train,gs://suryabench-sharp-pipeline-bamidele/samples_npz/2011/20110912_1512_HARP847_NOAA11289.npz,20110912_1512_HARP847_NOAA11289,2011-09-12 15:12:00,847,11289,0,2011
test_2015,train,gs://suryabench-sharp-pipeline-bamidele/samples_npz/2012/20120830_0648_HARP1998_NOAA11557.npz,20120830_0648_HARP1998_NOAA11557,2012-08-30 06:48:00,1998,11557,0,2012
test_2015,train,gs://suryabench-sharp-pipeline-bamidele/samples_npz/2010/20100802_0748_HARP107_NOAA11094.npz,20100802_0748_HARP107_NOAA11094,2010-08-02 07:48:00,107,11094,0,2010
test_2015,train,gs://suryabench-sharp-pipeline-bamidele/samples_npz/2011/20111206_0936_HARP1124_NOAA11363.npz,20111206_0936_HARP1124_NOAA11363,2011-12-06 09:36:00,1124,11363,0,2011
test_2015,train,gs://suryabench-sharp-pipeline-bamidele/samples_npz/2012/20120220_1512_HARP1405_NOAA11422.npz,20120220_1512_HARP1405_NOAA11422,2012-02-20 15:12:00,1405,11422,0,2012
test_2015,train,gs://suryabench-sharp-pipeline-bamidele/samples_npz/2011/20110620_1200_HARP676_NOAA11239.npz,20110620_1200_HARP676_NOAA11239,2011-06-20 12:00:00,676,11239,0,2011
test_2015,train,gs://suryabench-sharp-pipeline-bamidele/samples_npz/2012/20120825_0036_HARP1951_NOAA11552.npz,20120825_0036_HARP1951_NOAA11552,2012-08-25 00:36:00,1951,11552,0,2012
test_2015,train,gs://suryabench-sharp-pipeline-bamidele/samples_npz/2013/20131108_0400_HARP3341_NOAA11890.npz,20131108_0400_HARP3341_NOAA11890,2013-11-08 04:00:00,3341,11890,1,2013
test_2015,train,gs://suryabench-sharp-pipeline-bamidele/samples_npz/2011/20111128_1800_HARP1113_NOAA11358.npz,20111128_1800_HARP1113_NOAA11358,2011-11-28 18:00:00,1113,11358,0,2011
test_2015,train,gs://suryabench-sharp-pipeline-bamidele/samples_npz/2010/20100815_1900_HARP131_NOAA11098.npz,20100815_1900_HARP131_NOAA11098,2010-08-15 19:00:00,131,11098,0,2010
test_2015,train,gs://suryabench-sharp-pipeline-bamidele/samples_npz/2011/20110721_0612_HARP725_NOAA11254.npz,20110721_0612_HARP725_NOAA11254,2011-07-21 06:12:00,725,11254,0,2011
test_2015,train,gs://suryabench-sharp-pipeline-bamidele/samples_npz/2012/20120617_0512_HARP1750_NOAA11504.npz,20120617_0512_HARP1750_NOAA11504,2012-06-17 05:12:00,1750,11504,0,2012
test_2015,train,gs://suryabench-sharp-pipeline-bamidele/samples_npz/2013/20130110_0912_HARP2362_NOAA11652.npz,20130110_0912_HARP2362_NOAA11652,2013-01-10 09:12:00,2362,11652,0,2013
test_2015,train,gs://suryabench-sharp-pipeline-bamidele/samples_npz/2012/20120322_0212_HARP1484_NOAA11440.npz,20120322_0212_HARP1484_NOAA11440,2012-03-22 02:12:00,1484,11440,0,2012
test_2015,train,gs://suryabench-sharp-pipeline-bamidele/samples_npz/2013/20131101_1200_HARP3321_NOAA11884.npz,20131101_1200_HARP3321_NOAA11884,2013-11-01 12:00:00,3321,11884,1,2013
test_2015,train,gs://suryabench-sharp-pipeline-bamidele/samples_npz/2011/20110606_1048_HARP639_NOAA11228.npz,20110606_1048_HARP639_NOAA11228,2011-06-06 10:48:00,639,11228,0,2011
test_2015,train,gs://suryabench-sharp-pipeline-bamidele/samples_npz/2011/20110708_2236_HARP695_NOAA11247.npz,20110708_2236_HARP695_NOAA11247,2011-07-08 22:36:00,695,11247,0,2011
test_2015,train,gs://suryabench-sharp-pipeline-bamidele/samples_npz/2011/20110420_0536_HARP504_NOAA11191.npz,20110420_0536_HARP504_NOAA11191,2011-04-20 05:36:00,504,11191,0,2011
test_2015,train,gs://suryabench-sharp-pipeline-bamidele/samples_npz/2013/20131203_1436_HARP3446_NOAA11911.npz,20131203_1436_HARP3446_NOAA11911,2013-12-03 14:36:00,3446,11911,0,2013
test_2015,train,gs://suryabench-sharp-pipeline-bamidele/samples_npz/2012/20121230_2012_HARP2322_NOAA11636.npz,20121230_2012_HARP2322_NOAA11636,2012-12-30 20:12:00,2322,11636,0,2012
test_2015,train,gs://suryabench-sharp-pipeline-bamidele/samples_npz/2011/20110712_2000_HARP700_NOAA11245.npz,20110712_2000_HARP700_NOAA11245,2011-07-12 20:00:00,700,11245,0,2011
test_2015,train,gs://suryabench-sharp-pipeline-bamidele/samples_npz/2013/20130823_2036_HARP3103_NOAA11828.npz,20130823_2036_HARP3103_NOAA11828,2013-08-23 20:36:00,3103,11828,0,2013
test_2015,train,gs://suryabench-sharp-pipeline-bamidele/samples_npz/2013/20130708_0436_HARP2920_NOAA11785.npz,20130708_0436_HARP2920_NOAA11785,2013-07-08 04:36:00,2920,11785,0,2013
test_2015,train,gs://suryabench-sharp-pipeline-bamidele/samples_npz/2013/20130802_1600_HARP3032_NOAA11811.npz,20130802_1600_HARP3032_NOAA11811,2013-08-02 16:00:00,3032,11811,0,2013
test_2015,train,gs://suryabench-sharp-pipeline-bamidele/samples_npz/2012/20121008_2100_HARP2098_NOAA11585.npz,20121008_2100_HARP2098_NOAA11585,2012-10-08 21:00:00,2098,11585,0,2012
test_2015,train,gs://suryabench-sharp-pipeline-bamidele/samples_npz/2012/20120327_2012_HARP1488_NOAA11438.npz,20120327_2012_HARP1488_NOAA11438,2012-03-27 20:12:00,1488,11438,0,2012
test_2015,train,gs://suryabench-sharp-pipeline-bamidele/samples_npz/2013/20131023_0236_HARP3288_NOAA11873.npz,20131023_0236_HARP3288_NOAA11873,2013-10-23 02:36:00,3288,11873,0,2013
test_2015,train,gs://suryabench-sharp-pipeline-bamidele/samples_npz/2012/20120914_1924_HARP2026_NOAA11569.npz,20120914_1924_HARP2026_NOAA11569,2012-09-14 19:24:00,2026,11569,0,2012
test_2015,train,gs://suryabench-sharp-pipeline-bamidele/samples_npz/2010/20101025_2136_HARP226_NOAA11117.npz,20101025_2136_HARP226_NOAA11117,2010-10-25 21:36:00,226,11117,0,2010
test_2015,train,gs://suryabench-sharp-pipeline-bamidele/samples_npz/2012/20120307_0248_HARP1447_NOAA11428.npz,20120307_0248_HARP1447_NOAA11428,2012-03-07 02:48:00,1447,11428,0,2012
test_2015,train,gs://suryabench-sharp-pipeline-bamidele/samples_npz/2013/20130203_2012_HARP2433_NOAA11665.npz,20130203_2012_HARP2433_NOAA11665,2013-02-03 20:12:00,2433,11665,0,2013
test_2015,train,gs://suryabench-sharp-pipeline-bamidele/samples_npz/2012/20121110_2336_HARP2177_NOAA11608.npz,20121110_2336_HARP2177_NOAA11608,2012-11-10 23:36:00,2177,11608,0,2012
test_2015,train,gs://suryabench-sharp-pipeline-bamidele/samples_npz/2012/20120229_1048_HARP1422_NOAA11423.npz,20120229_1048_HARP1422_NOAA11423,2012-02-29 10:48:00,1422,11423,0,2012
test_2015,train,gs://suryabench-sharp-pipeline-bamidele/samples_npz/2010/20101021_0824_HARP218_NOAA11113.npz,20101021_0824_HARP218_NOAA11113,2010-10-21 08:24:00,218,11113,0,2010
test_2015,train,gs://suryabench-sharp-pipeline-bamidele/samples_npz/2012/20120728_2348_HARP1892_NOAA11533.npz,20120728_2348_HARP1892_NOAA11533,2012-07-28 23:48:00,1892,11533,0,2012
test_2015,train,gs://suryabench-sharp-pipeline-bamidele/samples_npz/2012/20120213_0912_HARP1389_NOAA11416.npz,20120213_0912_HARP1389_NOAA11416,2012-02-13 09:12:00,1389,11416,0,2012
test_2015,train,gs://suryabench-sharp-pipeline-bamidele/samples_npz/2013/20130604_1824_HARP2809_NOAA11760.npz,20130604_1824_HARP2809_NOAA11760,2013-06-04 18:24:00,2809,11760,0,2013
test_2015,train,gs://suryabench-sharp-pipeline-bamidele/samples_npz/2013/20130902_1100_HARP3129_NOAA11836.npz,20130902_1100_HARP3129_NOAA11836,2013-09-02 11:00:00,3129,11836,0,2013
test_2015,train,gs://suryabench-sharp-pipeline-bamidele/samples_npz/2013/20131025_1300_HARP3291_NOAA11875.npz,20131025_1300_HARP3291_NOAA11875,2013-10-25 13:00:00,3291,11875,1,2013
test_2015,train,gs://suryabench-sharp-pipeline-bamidele/samples_npz/2012/20121118_0348_HARP2203_NOAA11616.npz,20121118_0348_HARP2203_NOAA11616,2012-11-18 03:48:00,2203,11616,0,2012
test_2015,train,gs://suryabench-sharp-pipeline-bamidele/samples_npz/2013/20130709_0312_HARP2948_NOAA11789.npz,20130709_0312_HARP2948_NOAA11789,2013-07-09 03:12:00,2948,11789,0,2013
test_2015,train,gs://suryabench-sharp-pipeline-bamidele/samples_npz/2011/20110506_1336_HARP576_NOAA11207.npz,20110506_1336_HARP576_NOAA11207,2011-05-06 13:36:00,576,11207,0,2011
test_2015,train,gs://suryabench-sharp-pipeline-bamidele/samples_npz/2011/20110811_0512_HARP765_NOAA11268.npz,20110811_0512_HARP765_NOAA11268,2011-08-11 05:12:00,765,11268,0,2011
test_2015,train,gs://suryabench-sharp-pipeline-bamidele/samples_npz/2011/20110204_0548_HARP361_NOAA11152.npz,20110204_0548_HARP361_NOAA11152,2011-02-04 05:48:00,361,11152,0,2011
test_2015,train,gs://suryabench-sharp-pipeline-bamidele/samples_npz/2010/20100530_1512_HARP38_NOAA11073.npz,20100530_1512_HARP38_NOAA11073,2010-05-30 15:12:00,38,11073,0,2010
test_2015,train,gs://suryabench-sharp-pipeline-bamidele/samples_npz/2011/20110413_0200_HARP494_NOAA11187.npz,20110413_0200_HARP494_NOAA11187,2011-04-13 02:00:00,494,11187,0,2011
test_2015,train,gs://suryabench-sharp-pipeline-bamidele/samples_npz/2011/20111208_0612_HARP1164_NOAA11368.npz,20111208_0612_HARP1164_NOAA11368,2011-12-08 06:12:00,1164,11368,0,2011
test_2015,train,gs://suryabench-sharp-pipeline-bamidele/samples_npz/2013/20130501_0036_HARP2693_NOAA11731.npz,20130501_0036_HARP2693_NOAA11731,2013-05-01 00:36:00,2693,11731,1,2013
test_2015,train,gs://suryabench-sharp-pipeline-bamidele/samples_npz/2012/20120926_1112_HARP2044_NOAA11576.npz,20120926_1112_HARP2044_NOAA11576,2012-09-26 11:12:00,2044,11576,0,2012
test_2015,train,gs://suryabench-sharp-pipeline-bamidele/samples_npz/2013/20130519_0512_HARP2737_NOAA11746.npz,20130519_0512_HARP2737_NOAA11746,2013-05-19 05:12:00,2737,11746,0,2013
test_2015,train,gs://suryabench-sharp-pipeline-bamidele/samples_npz/2013/20130831_0136_HARP3119_NOAA11834.npz,20130831_0136_HARP3119_NOAA11834,2013-08-31 01:36:00,3119,11834,0,2013
test_2015,train,gs://suryabench-sharp-pipeline-bamidele/samples_npz/2012/20120314_1124_HARP1461_NOAA11432.npz,20120314_1124_HARP1461_NOAA11432,2012-03-14 11:24:00,1461,11432,1,2012
test_2015,train,gs://suryabench-sharp-pipeline-bamidele/samples_npz/2011/20110509_0624_HARP589_NOAA11209.npz,20110509_0624_HARP589_NOAA11209,2011-05-09 06:24:00,589,11209,0,2011
test_2015,train,gs://suryabench-sharp-pipeline-bamidele/samples_npz/2011/20111206_2336_HARP1149_NOAA11367.npz,20111206_2336_HARP1149_NOAA11367,2011-12-06 23:36:00,1149,11367,0,2011
test_2015,train,gs://suryabench-sharp-pipeline-bamidele/samples_npz/2013/20130302_0536_HARP2504_NOAA11680.npz,20130302_0536_HARP2504_NOAA11680,2013-03-02 05:36:00,2504,11680,0,2013
test_2015,train,gs://suryabench-sharp-pipeline-bamidele/samples_npz/2012/20120822_1948_HARP1952_NOAA11551.npz,20120822_1948_HARP1952_NOAA11551,2012-08-22 19:48:00,1952,11551,0,2012
test_2015,train,gs://suryabench-sharp-pipeline-bamidele/samples_npz/2012/20120317_1900_HARP1464_NOAA11434.npz,20120317_1900_HARP1464_NOAA11434,2012-03-17 19:00:00,1464,11434,1,2012
test_2015,train,gs://suryabench-sharp-pipeline-bamidele/samples_npz/2013/20130731_1700_HARP2999_NOAA11801.npz,20130731_1700_HARP2999_NOAA11801,2013-07-31 17:00:00,2999,11801,0,2013
test_2015,train,gs://suryabench-sharp-pipeline-bamidele/samples_npz/2012/20120519_2100_HARP1658_NOAA11483.npz,20120519_2100_HARP1658_NOAA11483,2012-05-19 21:00:00,1658,11483,0,2012
test_2015,train,gs://suryabench-sharp-pipeline-bamidele/samples_npz/2011/20110623_2136_HARP676_NOAA11239.npz,20110623_2136_HARP676_NOAA11239,2011-06-23 21:36:00,676,11239,0,2011
test_2015,train,gs://suryabench-sharp-pipeline-bamidele/samples_npz/2013/20130101_0712_HARP2331_NOAA11638.npz,20130101_0712_HARP2331_NOAA11638,2013-01-01 07:12:00,2331,11638,0,2013
test_2015,train,gs://suryabench-sharp-pipeline-bamidele/samples_npz/2013/20130328_2100_HARP2595_NOAA11706.npz,20130328_2100_HARP2595_NOAA11706,2013-03-28 21:00:00,2595,11706,0,2013
test_2015,train,gs://suryabench-sharp-pipeline-bamidele/samples_npz/2011/20110710_0948_HARP695_NOAA11247.npz,20110710_0948_HARP695_NOAA11247,2011-07-10 09:48:00,695,11247,0,2011
test_2015,train,gs://suryabench-sharp-pipeline-bamidele/samples_npz/2010/20100822_0200_HARP135_NOAA11100.npz,20100822_0200_HARP135_NOAA11100,2010-08-22 02:00:00,135,11100,0,2010
test_2015,train,gs://suryabench-sharp-pipeline-bamidele/samples_npz/2011/20110210_0736_HARP367_NOAA11156.npz,20110210_0736_HARP367_NOAA11156,2011-02-10 07:36:00,367,11156,0,2011
test_2015,train,gs://suryabench-sharp-pipeline-bamidele/samples_npz/2011/20110429_0900_HARP538_NOAA11200.npz,20110429_0900_HARP538_NOAA11200,2011-04-29 09:00:00,538,11200,0,2011
test_2015,train,gs://suryabench-sharp-pipeline-bamidele/samples_npz/2013/20130208_1648_HARP2460_NOAA11670.npz,20130208_1648_HARP2460_NOAA11670,2013-02-08 16:48:00,2460,11670,0,2013
test_2015,train,gs://suryabench-sharp-pipeline-bamidele/samples_npz/2012/20121003_0936_HARP2061_NOAA11580.npz,20121003_0936_HARP2061_NOAA11580,2012-10-03 09:36:00,2061,11580,0,2012
test_2015,train,gs://suryabench-sharp-pipeline-bamidele/samples_npz/2012/20120901_0900_HARP1997_NOAA11561.npz,20120901_0900_HARP1997_NOAA11561,2012-09-01 09:00:00,1997,11561,0,2012
test_2015,train,gs://suryabench-sharp-pipeline-bamidele/samples_npz/2011/20110926_1812_HARP892_NOAA11302.npz,20110926_1812_HARP892_NOAA11302,2011-09-26 18:12:00,892,11302,1,2011
test_2015,train,gs://suryabench-sharp-pipeline-bamidele/samples_npz/2013/20130507_1712_HARP2716_NOAA11738.npz,20130507_1712_HARP2716_NOAA11738,2013-05-07 17:12:00,2716,11738,0,2013
test_2015,train,gs://suryabench-sharp-pipeline-bamidele/samples_npz/2012/20120727_1848_HARP1873_NOAA11526.npz,20120727_1848_HARP1873_NOAA11526,2012-07-27 18:48:00,1873,11526,0,2012
test_2015,train,gs://suryabench-sharp-pipeline-bamidele/samples_npz/2012/20120113_1400_HARP1300_NOAA11395.npz,20120113_1400_HARP1300_NOAA11395,2012-01-13 14:00:00,1300,11395,0,2012
test_2015,train,gs://suryabench-sharp-pipeline-bamidele/samples_npz/2013/20130702_0736_HARP2910_NOAA11782.npz,20130702_0736_HARP2910_NOAA11782,2013-07-02 07:36:00,2910,11782,0,2013
test_2015,train,gs://suryabench-sharp-pipeline-bamidele/samples_npz/2013/20130222_0200_HARP2493_NOAA11677.npz,20130222_0200_HARP2493_NOAA11677,2013-02-22 02:00:00,2493,11677,0,2013
test_2015,train,gs://suryabench-sharp-pipeline-bamidele/samples_npz/2011/20111209_1236_HARP1164_NOAA11368.npz,20111209_1236_HARP1164_NOAA11368,2011-12-09 12:36:00,1164,11368,0,2011
test_2015,train,gs://suryabench-sharp-pipeline-bamidele/samples_npz/2013/20131117_0124_HARP3368_NOAA11896.npz,20131117_0124_HARP3368_NOAA11896,2013-11-17 01:24:00,3368,11896,0,2013
test_2015,train,gs://suryabench-sharp-pipeline-bamidele/samples_npz/2011/20110430_1036_HARP538_NOAA11200.npz,20110430_1036_HARP538_NOAA11200,2011-04-30 10:36:00,538,11200,0,2011
test_2015,train,gs://suryabench-sharp-pipeline-bamidele/samples_npz/2011/20110203_1348_HARP361_NOAA11152.npz,20110203_1348_HARP361_NOAA11152,2011-02-03 13:48:00,361,11152,0,2011
test_2015,train,gs://suryabench-sharp-pipeline-bamidele/samples_npz/2011/20110805_1348_HARP753_NOAA11263.npz,20110805_1348_HARP753_NOAA11263,2011-08-05 13:48:00,753,11263,0,2011
test_2015,train,gs://suryabench-sharp-pipeline-bamidele/samples_npz/2011/20110426_0424_HARP540_NOAA11199.npz,20110426_0424_HARP540_NOAA11199,2011-04-26 04:24:00,540,11199,0,2011
test_2015,train,gs://suryabench-sharp-pipeline-bamidele/samples_npz/2011/20110615_0900_HARP662_NOAA11235.npz,20110615_0900_HARP662_NOAA11235,2011-06-15 09:00:00,662,11235,0,2011
test_2015,train,gs://suryabench-sharp-pipeline-bamidele/samples_npz/2013/20130410_1448_HARP2625_NOAA11716.npz,20130410_1448_HARP2625_NOAA11716,2013-04-10 14:48:00,2625,11716,0,2013
test_2015,train,gs://suryabench-sharp-pipeline-bamidele/samples_npz/2011/20111021_2024_HARP970_NOAA11323.npz,20111021_2024_HARP970_NOAA11323,2011-10-21 20:24:00,970,11323,0,2011
test_2015,train,gs://suryabench-sharp-pipeline-bamidele/samples_npz/2013/20130105_0500_HARP2338_NOAA11641.npz,20130105_0500_HARP2338_NOAA11641,2013-01-05 05:00:00,2338,11641,0,2013
test_2015,train,gs://suryabench-sharp-pipeline-bamidele/samples_npz/2011/20111106_0948_HARP1026_NOAA11338.npz,20111106_0948_HARP1026_NOAA11338,2011-11-06 09:48:00,1026,11338,0,2011
test_2015,train,gs://suryabench-sharp-pipeline-bamidele/samples_npz/2013/20130729_1624_HARP2999_NOAA11801.npz,20130729_1624_HARP2999_NOAA11801,2013-07-29 16:24:00,2999,11801,0,2013
test_2015,train,gs://suryabench-sharp-pipeline-bamidele/samples_npz/2013/20130204_0548_HARP2433_NOAA11665.npz,20130204_0548_HARP2433_NOAA11665,2013-02-04 05:48:00,2433,11665,0,2013
test_2015,train,gs://suryabench-sharp-pipeline-bamidele/samples_npz/2013/20130806_0712_HARP3031_NOAA11810.npz,20130806_0712_HARP3031_NOAA11810,2013-08-06 07:12:00,3031,11810,0,2013
test_2015,train,gs://suryabench-sharp-pipeline-bamidele/samples_npz/2013/20130422_0248_HARP2673_NOAA11726.npz,20130422_0248_HARP2673_NOAA11726,2013-04-22 02:48:00,2673,11726,1,2013
test_2015,train,gs://suryabench-sharp-pipeline-bamidele/samples_npz/2012/20120413_1012_HARP1564_NOAA11456.npz,20120413_1012_HARP1564_NOAA11456,2012-04-13 10:12:00,1564,11456,0,2012
test_2015,train,gs://suryabench-sharp-pipeline-bamidele/samples_npz/2013/20131024_0824_HARP3291_NOAA11875.npz,20131024_0824_HARP3291_NOAA11875,2013-10-24 08:24:00,3291,11875,1,2013
test_2015,train,gs://suryabench-sharp-pipeline-bamidele/samples_npz/2013/20130822_1548_HARP3098_NOAA11827.npz,20130822_1548_HARP3098_NOAA11827,2013-08-22 15:48:00,3098,11827,0,2013
test_2015,train,gs://suryabench-sharp-pipeline-bamidele/samples_npz/2013/20130506_1048_HARP2696_NOAA11732.npz,20130506_1048_HARP2696_NOAA11732,2013-05-06 10:48:00,2696,11732,0,2013
test_2015,train,gs://suryabench-sharp-pipeline-bamidele/samples_npz/2013/20131223_1212_HARP3515_NOAA11930.npz,20131223_1212_HARP3515_NOAA11930,2013-12-23 12:12:00,3515,11930,0,2013
test_2015,train,gs://suryabench-sharp-pipeline-bamidele/samples_npz/2012/20121210_2024_HARP2262_NOAA11628.npz,20121210_2024_HARP2262_NOAA11628,2012-12-10 20:24:00,2262,11628,0,2012
test_2015,train,gs://suryabench-sharp-pipeline-bamidele/samples_npz/2011/20111203_1200_HARP1120_NOAA11362.npz,20111203_1200_HARP1120_NOAA11362,2011-12-03 12:00:00,1120,11362,0,2011
test_2015,train,gs://suryabench-sharp-pipeline-bamidele/samples_npz/2012/20120104_1436_HARP1275_NOAA11393.npz,20120104_1436_HARP1275_NOAA11393,2012-01-04 14:36:00,1275,11393,0,2012
test_2015,train,gs://suryabench-sharp-pipeline-bamidele/samples_npz/2013/20131027_0300_HARP3309_NOAA11881.npz,20131027_0300_HARP3309_NOAA11881,2013-10-27 03:00:00,3309,11881,0,2013
test_2015,train,gs://suryabench-sharp-pipeline-bamidele/samples_npz/2012/20120519_1400_HARP1680_NOAA11487.npz,20120519_1400_HARP1680_NOAA11487,2012-05-19 14:00:00,1680,11487,0,2012
