component_id,outer_periods,reserved_cycle24_role,HARPNUM_values,NOAA_values,target_rows
ARCOMP_000395af67d22bdf,independent_cycle25_test,,7884,12912,67
ARCOMP_001218c830b01142,independent_cycle25_test,,8867,13159,67
ARCOMP_00279741d384ce85,cycle24_development,cycle24_final_refit_pool,1319,11400,46
ARCOMP_00303c760a892d05,independent_cycle25_test,,12257,13900,72
ARCOMP_00393f71e039a26d,independent_cycle25_test,,12597,13964,27
ARCOMP_00401ac356066777,cycle24_development,cycle24_final_refit_pool,602,11214,70
ARCOMP_0098f589e9bf05e3,cycle24_development,cycle24_final_refit_pool,3287,11876,11
ARCOMP_00ba216c91a8eaa5,cycle24_development,cycle24_final_refit_pool,6794,12599,68
ARCOMP_00bb7261bd5f2fc6,independent_cycle25_test,,11134,13660,58
ARCOMP_00e1cbfcf8abd6e6,independent_cycle25_test,,9972,13414,69
ARCOMP_011b725c37b76413,cycle24_development,cycle24_final_refit_pool,6140,12459,65
ARCOMP_01531984fae46dea,independent_cycle25_test,,12732,13989,70
ARCOMP_0157d3a24558a935,cycle24_development,cycle24_final_refit_pool,279,11131,70
ARCOMP_0157ebbc28888227,cycle24_development,cycle24_final_refit_pool,1651,11480,58
ARCOMP_01684690a9f63d7b,cycle25_early_diagnostic,,7410,12758,70
ARCOMP_01ab034c5ddce607,cycle24_development,cycle24_final_refit_pool,1557,11454,67
ARCOMP_01b28ab0d0b29131,cycle24_development,cycle24_final_refit_pool,392,11163,66
ARCOMP_01b85a1fef91ea1a,independent_cycle25_test,,7788,12886,75
ARCOMP_01bcd18377f0a0d3,independent_cycle25_test,,14191,14317,68
ARCOMP_01fd4a3e5b03ca8b,cycle25_early_diagnostic,,7438,12771,36
ARCOMP_01fd9c9aeb0d7487,cycle24_development,cycle24_final_refit_pool,976,11324,66
ARCOMP_0220e9df208aa8df,cycle24_development,cycle24_calibration_holdout,131,11098,65
ARCOMP_02310799e44bdb60,cycle24_development,cycle24_threshold_holdout,6863,12612,70
ARCOMP_026dcbd8eb5da89b,cycle24_development,cycle24_final_refit_pool,7202,12690,27
ARCOMP_027fd407c3cfd498,independent_cycle25_test,,10379,13486,65
ARCOMP_0297f8f198a5a68b,independent_cycle25_test,,10813,13584,69
ARCOMP_02c38f794b4020e0,independent_cycle25_test,,9727,13348,70
ARCOMP_02c94030f0f6a191,cycle24_development,cycle24_final_refit_pool,2493,11677,68
ARCOMP_02cdb4f01881e223,cycle24_development,cycle24_threshold_holdout,2344,11644,52
ARCOMP_02cef3db141b24cd,cycle24_development,cycle24_final_refit_pool,5894,12407,62
ARCOMP_02de8dd0061014b8,cycle24_development,cycle24_final_refit_pool,1998,11557,13
ARCOMP_030251882e6fbd1a,independent_cycle25_test,,8455,13065,60
ARCOMP_030e6bdd0921e026,cycle24_development,cycle24_final_refit_pool,4711,12193,63
ARCOMP_0313f3a8e64e96b4,cycle24_development,cycle24_final_refit_pool,7324,12728,47
ARCOMP_0321f3ce3d359c96,cycle24_development,cycle24_final_refit_pool,3012,11806,66
ARCOMP_036783d505270513,cycle24_development,cycle24_final_refit_pool,1962,11554,66
ARCOMP_039590f3be9dda75,cycle24_development,cycle24_final_refit_pool,4690,12190,69
ARCOMP_03a1d2ed7116a96d,cycle24_development,cycle24_final_refit_pool,662,11235,67
ARCOMP_03ba278f04b13ec0,independent_cycle25_test,,13778,14219,45
ARCOMP_03db07663193cc27,independent_cycle25_test,,9133,13234,66
ARCOMP_03edace92e2c61f5,cycle24_development,cycle24_final_refit_pool,6764,12593,57
ARCOMP_03fcf9582aab9ff3,cycle24_development,cycle24_final_refit_pool,2371,11657,65
ARCOMP_04145b37e4a1b75d,independent_cycle25_test,,10542,13533,67
ARCOMP_045941f89aa0d85b,cycle24_development,cycle24_final_refit_pool,6831,12606,66
ARCOMP_048d71fbc1e2d9ca,cycle24_development,cycle24_final_refit_pool,190,11110,60
ARCOMP_04b787e9f41e1f89,cycle24_development,cycle24_final_refit_pool,2595,11706,52
ARCOMP_04bf032ceaad4ac6,independent_cycle25_test,,9213,13251,68
ARCOMP_04f2981fe9099bf8,independent_cycle25_test,,13436,14125,63
ARCOMP_04f49acdfd7f8b47,supplementary_2026,,14260,14336,60
ARCOMP_0506c156b91d98ec,independent_cycle25_test,,10658,13555,57
ARCOMP_05099fa6c272d257,cycle24_development,cycle24_final_refit_pool,695,11247,65
ARCOMP_051ec012ba6efbfa,cycle24_development,cycle24_final_refit_pool,1632,11474,67
ARCOMP_0523efcab182397d,cycle24_development,cycle24_threshold_holdout,2137,11598,68
ARCOMP_05384215d18dc62a,cycle24_development,cycle24_final_refit_pool,2037,11573,62
ARCOMP_053d0bdf902aabf4,independent_cycle25_test,,8774,13143,35
ARCOMP_05446031b44241cd,independent_cycle25_test,,13336,14107,67
ARCOMP_054bebf6b338520f,cycle24_development,cycle24_calibration_holdout,3848,12005,61
ARCOMP_055127e01ada3a28,cycle24_development,cycle24_final_refit_pool,5935,12409,60
ARCOMP_0557bf8d38327977,cycle24_development,cycle24_final_refit_pool,538,11200,67
ARCOMP_05bef2a830423394,independent_cycle25_test,,8242,13018,65
ARCOMP_05e0f453951ca51e,cycle24_development,cycle24_calibration_holdout,6688;6693,12570,42
ARCOMP_05e20d5f42fd5cbf,cycle25_early_diagnostic,,7484,12787,71
ARCOMP_05e37ac391bc5972,cycle24_development,cycle24_final_refit_pool,1789,11511,39
ARCOMP_05ed346a919a228e,independent_cycle25_test,,10990,13619,69
ARCOMP_05f72ff2959aa7e1,independent_cycle25_test,,13568,14163,33
ARCOMP_05f9be97799f7436,cycle24_development,cycle24_final_refit_pool,7144,12681,67
ARCOMP_06000734ef1e94b9,cycle24_development,cycle24_final_refit_pool,1300,11395,65
ARCOMP_06044612448691e6,cycle24_development,cycle24_final_refit_pool,2790,11758,70
ARCOMP_0616731f6ace18c4,independent_cycle25_test,,8204,13005,50
ARCOMP_062f5fc2110928ce,independent_cycle25_test,,11547,13751,61
ARCOMP_063f69d4beb1f88a,independent_cycle25_test,,8381,13051,67
ARCOMP_065de70bd5a0b123,cycle24_development,cycle24_final_refit_pool,6994,12653,68
ARCOMP_067d005afad97bc5,cycle24_development,cycle24_final_refit_pool,5354,12305,68
ARCOMP_0689e7fc7bed8e78,cycle24_development,cycle24_calibration_holdout,5549,12344,68
ARCOMP_06a0c4e840fedf94,cycle24_development,cycle24_final_refit_pool,4941,12241,67
ARCOMP_06c364fcd0e1dfe4,cycle24_development,cycle24_final_refit_pool,4661,12184,62
ARCOMP_06f0380cb3a7226d,independent_cycle25_test,,9106,13225,61
ARCOMP_0754e4f283003c6a,independent_cycle25_test,,10539,13531,68
ARCOMP_075b1ffa57fb3185,cycle24_development,cycle24_calibration_holdout,3194;3212,11845,107
ARCOMP_0763e13caacefc37,cycle24_development,cycle24_final_refit_pool,5559,12348,67
ARCOMP_076ee2a7504ad3f9,cycle24_development,cycle24_final_refit_pool,7304,12721,28
ARCOMP_078bba0a953b4004,independent_cycle25_test,,10273,13468,68
ARCOMP_079b8b6e220db179,cycle24_development,cycle24_final_refit_pool,2366,11653,59
ARCOMP_07ce9c61f9b716b2,independent_cycle25_test,,8375,13046,64
ARCOMP_07d888cec9b2f269,independent_cycle25_test,,14117,14299,78
ARCOMP_07e89dafe8412793,cycle24_development,cycle24_calibration_holdout,6464,12528,70
ARCOMP_07f955e48f23444d,cycle24_development,cycle24_threshold_holdout,2964,11795,64
ARCOMP_07f9be53ed313af3,independent_cycle25_test,,11640,13772,60
ARCOMP_0806c2f608527898,independent_cycle25_test,,11887,13825,71
ARCOMP_081b3fa18b171eac,cycle24_development,cycle24_final_refit_pool,1318,11399,66
ARCOMP_082830e6310b1463,independent_cycle25_test,,8014,12950,69
ARCOMP_08591104e254f305,independent_cycle25_test,,8971;8977,13188,135
ARCOMP_085fc4fb7925fb82,independent_cycle25_test,,11727,13790,68
ARCOMP_086353d479bcc403,supplementary_2026,,14519,14399,64
ARCOMP_08684436e0695ba9,cycle24_development,cycle24_final_refit_pool,3481,11923,67
ARCOMP_08747b5ca46dabdb,cycle24_development,cycle24_final_refit_pool,6898,12624,44
ARCOMP_087a34be69c33f9c,cycle24_development,cycle24_final_refit_pool,3353,11892,48
ARCOMP_0880e9422bb2363a,independent_cycle25_test,,11962,13838,66
ARCOMP_0891479e474a9e59,cycle24_development,cycle24_final_refit_pool,3097,11824,32
ARCOMP_08a65d92e837defa,cycle24_development,cycle24_threshold_holdout,6436,12523,30
ARCOMP_08d7972a625a488b,independent_cycle25_test,,8051,12962,70
ARCOMP_0927a87037734c26,supplementary_2026,,14277,14340,58
ARCOMP_093722f6c55c7b4e,independent_cycle25_test,,10728,13564,61
ARCOMP_0976e69ffe19e438,independent_cycle25_test,,9168,13239,74
ARCOMP_097a10a47f01ed5f,cycle24_development,cycle24_final_refit_pool,3985,12032,72
ARCOMP_09cefe9a4e03d3de,independent_cycle25_test,,8203;8212,13003,34
ARCOMP_09e801d5655c818e,independent_cycle25_test,,8932,13180,65
ARCOMP_0a00ca715d725f0f,independent_cycle25_test,,7660,12842,69
ARCOMP_0a43e69c61ec0ccc,cycle24_development,cycle24_final_refit_pool,5831,12394,65
ARCOMP_0a53329bd6fa1837,independent_cycle25_test,,7881,12915,68
ARCOMP_0affa556e84438b0,supplementary_2026,,14520,14401,66
ARCOMP_0b3b213e8e9f9bc8,cycle24_development,cycle24_final_refit_pool,7003,12655,68
ARCOMP_0b4dcb663a79cf14,cycle24_development,cycle24_final_refit_pool,3032,11811,67
ARCOMP_0b670166b33072fe,cycle24_development,cycle24_calibration_holdout,1844,11522,17
ARCOMP_0b9dcd093e8eb365,independent_cycle25_test,,13931,14260,65
ARCOMP_0b9f08b180d1713d,cycle24_development,cycle24_final_refit_pool,1574,11459,72
ARCOMP_0b9fe5d31a6651e3,cycle24_development,cycle24_final_refit_pool,2143,11599,68
ARCOMP_0ba2bc3739f582a0,cycle24_development,cycle24_final_refit_pool,540,11199,31
ARCOMP_0bad40062667ef70,cycle24_development,cycle24_final_refit_pool,7389,12752,60
ARCOMP_0bb7f51ee1d7a9d3,independent_cycle25_test,,7814,12893,69
ARCOMP_0bfa8b741c357a45,cycle24_development,cycle24_final_refit_pool,2460,11670,67
ARCOMP_0c32c5025941bfe3,independent_cycle25_test,,7737,12866,68
ARCOMP_0c43b3ec9327ed76,independent_cycle25_test,,10302,13472,69
ARCOMP_0c61109bed99698d,cycle24_development,cycle24_final_refit_pool,5919,12406,58
ARCOMP_0cd7c2a409726134,cycle24_development,cycle24_final_refit_pool,1038,11340,66
ARCOMP_0cf21c193a315756,independent_cycle25_test,,7573,12818,56
ARCOMP_0cf43eefabb064a0,independent_cycle25_test,,10867,13592,68
ARCOMP_0d0a8264c9f8bd96,cycle24_development,cycle24_final_refit_pool,7353,12738,67
ARCOMP_0d0c4bfc716e7a1e,cycle24_development,cycle24_calibration_holdout,4065,12048,21
ARCOMP_0d1bb166eef81098,cycle24_development,cycle24_calibration_holdout,3259,11863,63
ARCOMP_0d29fc31584f8a36,cycle24_development,cycle24_final_refit_pool,902,11305,61
ARCOMP_0da9c08e701b0da9,independent_cycle25_test,,13768,14216,56
ARCOMP_0dbe3d2e20bb0c96,cycle24_development,cycle24_calibration_holdout,7299,12719,59
ARCOMP_0dcb4de6465dc46a,cycle25_early_diagnostic,,7426,12766,10
ARCOMP_0dcf9e4c3f79e118,independent_cycle25_test,,8134,12987,70
ARCOMP_0deb161954bd166c,cycle24_development,cycle24_final_refit_pool,2875,11776,47
ARCOMP_0df09ac2197b5d00,independent_cycle25_test,,11082,13639,72
ARCOMP_0e19447b8994ddf8,independent_cycle25_test,,10046,13423,76
ARCOMP_0eca5ba1ed0bd829,independent_cycle25_test,,10213,13459,64
ARCOMP_0f0cecbf353cb0cb,supplementary_2026,,14361,14370,67
ARCOMP_0f459f51ef7523d8,independent_cycle25_test,,11741,13795,68
ARCOMP_0f6f133346074602,cycle24_development,,2944,11790,2
ARCOMP_0f8050abcfb340af,cycle24_development,cycle24_final_refit_pool,3066,11820,67
ARCOMP_0fa52bdc11fa4068,cycle24_development,cycle24_final_refit_pool,903,11306,61
ARCOMP_0fad9ea1cb192aac,independent_cycle25_test,,10122,13439,68
ARCOMP_0fbb84e256a98c9c,independent_cycle25_test,,7711,12859,67
ARCOMP_0fd18b4b028c4b72,independent_cycle25_test,,14230,14327,16
ARCOMP_0ff6e8089f28eaf8,independent_cycle25_test,,11149,13664,61
ARCOMP_0ff950be6b2265d0,cycle24_development,cycle24_threshold_holdout,990,11326,8
ARCOMP_100c345957c085af,independent_cycle25_test,,11314,13702,68
ARCOMP_101e0d49db6241a1,independent_cycle25_test,,12755,13993,69
ARCOMP_1024532b3ab47a5c,cycle24_development,cycle24_calibration_holdout,4179,12083,67
ARCOMP_102ce3e73ea2814c,cycle24_development,cycle24_final_refit_pool,2106,11588,41
ARCOMP_1073725cb179fa8c,independent_cycle25_test,,9302,13267,68
ARCOMP_10d2cf70db115ad1,cycle24_development,cycle24_final_refit_pool,7274,12714,6
ARCOMP_10e354124a5efdcd,independent_cycle25_test,,11995,13847,67
ARCOMP_112746ed6550e574,cycle24_development,cycle24_final_refit_pool,5916,12405,60
ARCOMP_114025181278d973,independent_cycle25_test,,9730,13349,65
ARCOMP_11606352f90aec4b,independent_cycle25_test,,7891,12918,69
ARCOMP_116992c2b549fa36,cycle24_development,cycle24_threshold_holdout,5051,12260,64
ARCOMP_116f4be6355af178,cycle24_development,cycle24_calibration_holdout,6050,12438,24
ARCOMP_117c381e3a90c97e,independent_cycle25_test,,12424,13925,66
ARCOMP_118648c106361fd6,cycle24_development,cycle24_threshold_holdout,4810;4816,12210,137
ARCOMP_1188bd869cc6968b,supplementary_2026,,14285,14343,52
ARCOMP_11a8948e31636d70,independent_cycle25_test,,9242,13255,53
ARCOMP_11be0b838ea231bc,independent_cycle25_test,,13507,14147,54
ARCOMP_11c96b7d350aa721,cycle24_development,cycle24_final_refit_pool,4073,12049,67
ARCOMP_11e2b584acb1167c,cycle24_development,cycle24_threshold_holdout,6324,12495,17
ARCOMP_11eedce0a20422d1,independent_cycle25_test,,9590,13319,62
ARCOMP_11fdda46c25267a2,independent_cycle25_test,,8334,13038,64
ARCOMP_123aed0c35b20819,independent_cycle25_test,,14003,14275,67
ARCOMP_1241439949d47570,independent_cycle25_test,,12713,13987,65
ARCOMP_1256ef99c340f4e9,independent_cycle25_test,,14187,14316,66
ARCOMP_1263e545b768179d,cycle24_development,cycle24_final_refit_pool,1688,11488,66
ARCOMP_126789f800d94250,cycle24_development,cycle24_final_refit_pool,5387,12312,60
ARCOMP_126aea1b7a434327,cycle24_development,cycle24_threshold_holdout,748,11265,67
ARCOMP_128fd40c50c125ef,independent_cycle25_test,,11275,13690,72
ARCOMP_129da73d13fc6903,cycle24_development,cycle24_threshold_holdout,437,11176,62
ARCOMP_12caa51fd03ccde3,independent_cycle25_test,,8081,12973,70
ARCOMP_12cc282383c5a44c,independent_cycle25_test,,12808,14006,67
ARCOMP_12efa729baf485a5,cycle24_development,cycle24_threshold_holdout,1603,11466,68
ARCOMP_12f56ca5b92a91d8,cycle24_development,cycle24_final_refit_pool,7227,12694,41
ARCOMP_132495c10cfe04fd,cycle24_development,cycle24_final_refit_pool,6737,12589,61
ARCOMP_1328c90e898fcc6e,cycle24_development,cycle24_calibration_holdout,6952,12638,64
ARCOMP_133ef2371ec5b9da,cycle24_development,cycle24_final_refit_pool,3031,11810,68
ARCOMP_135398aba397c551,cycle24_development,cycle24_final_refit_pool,145,11101,68
ARCOMP_1360958d2de9ed0b,cycle24_development,cycle24_final_refit_pool,6078,12449,68
ARCOMP_136899b10174fa61,independent_cycle25_test,,9055,13208,46
ARCOMP_1372872e551abe1f,cycle24_development,cycle24_final_refit_pool,6172,12468,72
ARCOMP_13c14a40a7eeeba2,cycle24_development,cycle24_final_refit_pool,6124,12457,68
ARCOMP_13c1b26e223d4708,cycle24_development,cycle24_final_refit_pool,1528,11450,61
ARCOMP_13ff178337a665fb,cycle24_development,cycle24_final_refit_pool,1908,11537,68
ARCOMP_144047e2d1ab2df0,cycle24_development,cycle24_final_refit_pool,746,11260,67
ARCOMP_14437887dc671f4e,cycle24_development,cycle24_final_refit_pool,335,11143,67
ARCOMP_146d114b6bddac94,cycle24_development,cycle24_final_refit_pool,6100,12454,67
ARCOMP_146ff6f9a422ac15,independent_cycle25_test,,8942,13181,68
ARCOMP_14b3c383e3247339,cycle24_development,cycle24_final_refit_pool,4223,12086,62
ARCOMP_14b868dd12c52f16,cycle24_development,cycle24_final_refit_pool,5120,12274,29
ARCOMP_14f3d56219d8d5ff,independent_cycle25_test,,9716,13341,68
ARCOMP_1526a11d548b3c78,independent_cycle25_test,,10763,13570,62
ARCOMP_15321965b8bc41d9,cycle24_development,cycle24_final_refit_pool,2169,11603,47
ARCOMP_1538e7d7abf93e3f,independent_cycle25_test,,12765,13995,18
ARCOMP_153f2ea810e8329c,independent_cycle25_test,,11074,13636,68
ARCOMP_155ff652363a4abd,independent_cycle25_test,,10359,13481,66
ARCOMP_1566076ee6fdae52,independent_cycle25_test,,10201,13457,67
ARCOMP_1571b18b04fe8917,independent_cycle25_test,,7672,12848,64
ARCOMP_15807fa065dfdbdc,cycle24_development,cycle24_threshold_holdout,4938,12238,63
ARCOMP_158ae5f31881652c,independent_cycle25_test,,8612,13104,7
ARCOMP_15a45efac8d80e5a,cycle24_development,cycle24_final_refit_pool,1492,11442,65
ARCOMP_15bd5fb618d8391d,cycle25_early_diagnostic,,7452,12775,67
ARCOMP_15d686fa9f897327,cycle24_development,cycle24_final_refit_pool,3473,11917,69
ARCOMP_15fd0d07331c5a80,cycle24_development,cycle24_threshold_holdout,1634,11475,67
ARCOMP_1604dc08788c64bc,cycle24_development,cycle24_final_refit_pool,2546,11692,63
ARCOMP_1619d85d55b2226f,independent_cycle25_test,,12537,13950,50
ARCOMP_162f018bc42644bb,independent_cycle25_test,,7665,12843,13
ARCOMP_1649ccef8200c7a9,cycle24_development,cycle24_final_refit_pool,6946,12634,66
ARCOMP_164a8fd748205610,cycle24_development,cycle24_final_refit_pool,259,11127,69
ARCOMP_16d0e041c2b42329,supplementary_2026,,14507;14513,14398,136
ARCOMP_171058c7f41579b1,cycle24_development,cycle24_final_refit_pool,6732,12586,40
ARCOMP_1715cf75e772a568,independent_cycle25_test,,12793,14000,57
ARCOMP_1724ea7b43fd4cfc,cycle24_development,cycle24_calibration_holdout,436,11179,47
ARCOMP_1729f673f427e903,independent_cycle25_test,,8575,13096,68
ARCOMP_1774fb361df72157,cycle24_development,cycle24_final_refit_pool,3321,11884,68
ARCOMP_178aad99f1ca3fe7,cycle24_development,cycle24_final_refit_pool,2832,11768,73
ARCOMP_178f1b2a1be91843,independent_cycle25_test,,13610,14174,35
ARCOMP_17e80fac4b354c83,cycle24_development,cycle24_calibration_holdout,5114,12272,68
ARCOMP_17f8e3b594cbcd32,cycle24_development,cycle24_final_refit_pool,5939,12410,61
ARCOMP_1807ddf41bb04f21,cycle24_development,cycle24_final_refit_pool,1340,11409,68
ARCOMP_1835ea7e0c767a36,cycle24_development,cycle24_final_refit_pool,5183,12286,63
ARCOMP_183e5248507e9997,independent_cycle25_test,,11518,13746,53
ARCOMP_1842ca52f824dfdf,cycle24_development,cycle24_threshold_holdout,2501,11682,61
ARCOMP_185b06879a5b5764,cycle24_development,cycle24_calibration_holdout,4390,12124,65
ARCOMP_186aa3295770dcc0,cycle24_development,cycle24_final_refit_pool,2737,11746,71
ARCOMP_187c201f5cfa0866,cycle24_development,cycle24_final_refit_pool,451,11183,64
ARCOMP_18b60333ba75bcfb,independent_cycle25_test,,7667,12844,70
ARCOMP_18c4b3555857e953,independent_cycle25_test,,13784,14225,66
ARCOMP_18cb6f6b8e692ead,cycle24_development,cycle24_final_refit_pool,812,11280,69
ARCOMP_18d0ce0029121f1b,independent_cycle25_test,,11426,13721,81
ARCOMP_18dc288867f8fb96,cycle24_development,cycle24_final_refit_pool,3119,11834,68
ARCOMP_19169334fc8fe9ec,independent_cycle25_test,,14056;14057,14286,115
ARCOMP_191d8a865cb0950e,cycle24_development,cycle24_final_refit_pool,3490,11922,29
ARCOMP_191fef079a23881c,cycle24_development,cycle24_final_refit_pool,6629,12557,66
ARCOMP_192f9e8a0a8e501d,cycle24_development,cycle24_final_refit_pool,1019,11336,70
ARCOMP_19340c9c54176e6f,independent_cycle25_test,,7966,12936,60
ARCOMP_194a6f10ea467330,independent_cycle25_test,,7694,12853,62
ARCOMP_199076783ba1c785,supplementary_2026,,14303,14351,51
ARCOMP_19afb81a8ef02f89,independent_cycle25_test,,8698,13127,76
ARCOMP_1a0722b0295319a7,independent_cycle25_test,,9815;9832,13374,126
ARCOMP_1a07b605d838fdbb,cycle24_development,cycle24_final_refit_pool,7010,12657,67
ARCOMP_1a168bd278b1eeff,cycle24_development,cycle24_final_refit_pool,4224,12091,63
ARCOMP_1a21dbce0beed624,independent_cycle25_test,,11542,13749,60
ARCOMP_1a378abd20d16446,independent_cycle25_test,,13091,14062,65
ARCOMP_1a461649c8ba8189,cycle24_development,cycle24_final_refit_pool,4424,12134,67
ARCOMP_1abba6a83624b64c,cycle24_development,cycle24_final_refit_pool,5492,12333,69
ARCOMP_1ac3d86b51b700ea,independent_cycle25_test,,8064,12965,69
ARCOMP_1aef262b081bf0c4,independent_cycle25_test,,11526,13744,64
ARCOMP_1af0e6b131d23890,cycle24_development,cycle24_final_refit_pool,340,11144,17
ARCOMP_1b0cac3c53168e46,independent_cycle25_test,,7929,12931,42
ARCOMP_1b5fb7a23b656c57,independent_cycle25_test,,11352,13714,68
ARCOMP_1b6a93cfe85d79f1,independent_cycle25_test,,8142,12988,62
ARCOMP_1b74381a5ba0f600,cycle24_development,cycle24_threshold_holdout,7325,12729,10
ARCOMP_1bcd49ad5104908d,cycle24_development,cycle24_final_refit_pool,5028,12262,65
ARCOMP_1bef22538b48ed79,cycle24_development,cycle24_final_refit_pool,3028,11809,68
ARCOMP_1bf0f4198255d2d3,cycle24_development,cycle24_threshold_holdout,3941,12027,66
ARCOMP_1c2ff783f5691307,independent_cycle25_test,,14060,14287,61
ARCOMP_1c3c9d1eff10a63f,cycle24_development,cycle24_final_refit_pool,256,11126,71
ARCOMP_1ca463956b4b047c,independent_cycle25_test,,10114,13443,66
ARCOMP_1cd11f9d9a35eeb3,cycle24_development,cycle24_final_refit_pool,1997,11561,63
ARCOMP_1d1baf4b75b4608a,independent_cycle25_test,,7674;7683,12847,76
ARCOMP_1d2b0287aa70c622,independent_cycle25_test,,11309,13699,38
ARCOMP_1d33b0a2406dee37,cycle24_development,cycle24_final_refit_pool,740,11259,68
ARCOMP_1d4aca383cc7c353,cycle24_development,cycle24_final_refit_pool,6967,12643,69
ARCOMP_1d9598b1b87cf228,cycle24_development,cycle24_final_refit_pool,6626,12555,5
ARCOMP_1daf8fe92e4806df,cycle24_development,cycle24_final_refit_pool,7090,12668,68
ARCOMP_1de2dcfd8c11c06e,cycle24_development,cycle24_final_refit_pool,6664,12563,67
ARCOMP_1e0804b8e04dc2b4,cycle24_development,cycle24_final_refit_pool,6258,12484,64
ARCOMP_1e129909ff5e110d,independent_cycle25_test,,13955,14266,66
ARCOMP_1e1a35e2f51a3b1c,independent_cycle25_test,,8219,13007,70
ARCOMP_1e1d5434b66745fb,cycle24_development,cycle24_final_refit_pool,4375,12119,61
ARCOMP_1e276ded3dd5c8d3,cycle24_development,cycle24_final_refit_pool,182,11107,23
ARCOMP_1e383b62642087d2,independent_cycle25_test,,13982,14271,68
ARCOMP_1e4189a2cf865435,cycle24_development,cycle24_final_refit_pool,4133,12063,62
ARCOMP_1e7753fbec59263f,independent_cycle25_test,,13911,14256,72
ARCOMP_1e88ee1ca709b58a,independent_cycle25_test,,10897,13599,70
ARCOMP_1e97af04f13022af,cycle24_development,cycle24_final_refit_pool,6986,12651,68
ARCOMP_1e9ed9d3d0f3b247,cycle24_development,cycle24_final_refit_pool,3022,11808,68
ARCOMP_1ec9840b7c10e0a6,independent_cycle25_test,,11087,13641,66
ARCOMP_1ed1768ab2afd091,independent_cycle25_test,,8917,13175,70
ARCOMP_1f102a38c14204ab,independent_cycle25_test,,13801,14226,66
ARCOMP_1f20548f1ecdf6f5,cycle24_development,cycle24_final_refit_pool,1701,11490,67
ARCOMP_1f57093de7499b30,cycle24_development,cycle24_threshold_holdout,6250,12482,46
ARCOMP_1f9c234034728669,cycle24_development,cycle24_final_refit_pool,3535,11936,64
ARCOMP_1fc11625f4254a15,cycle24_development,cycle24_final_refit_pool,7164,12684,7
ARCOMP_1fd1491eb54f7283,cycle24_development,cycle24_final_refit_pool,1389,11416,68
ARCOMP_202441e2a4eadd20,cycle24_development,cycle24_final_refit_pool,67,11085,67
ARCOMP_20255c32bcc328eb,cycle24_development,cycle24_final_refit_pool,4610,12177,67
ARCOMP_20265aabeab5f412,cycle24_development,cycle24_final_refit_pool,5450,12328,61
ARCOMP_2053da91c09f183c,independent_cycle25_test,,11039,13628,62
ARCOMP_206108305e535e48,independent_cycle25_test,,7901,12921,5
ARCOMP_208ed5539281f909,cycle24_development,cycle24_final_refit_pool,1806,11513,70
ARCOMP_20b64c22c9c0e0b1,cycle24_development,cycle24_final_refit_pool,5880,12401,66
ARCOMP_20d1a793785901a0,independent_cycle25_test,,10398,13488,71
ARCOMP_21137e8464b606fe,cycle24_development,cycle24_final_refit_pool,6657,12560,66
ARCOMP_213fe3bc4ede5c79,independent_cycle25_test,,13852;13859,14240,131
ARCOMP_2168df7c20ca0311,independent_cycle25_test,,10825,13593,70
ARCOMP_217846dd5873fcae,cycle24_development,cycle24_final_refit_pool,5211,12283,33
ARCOMP_21880baddce0668e,cycle24_development,cycle24_final_refit_pool,819,11284,50
ARCOMP_218c7642bc068754,cycle24_development,cycle24_final_refit_pool,4294,12102,69
ARCOMP_21c9f6f448a6af6f,independent_cycle25_test,,8524,13084,62
ARCOMP_2214c5d080544d41,independent_cycle25_test,,8484,13073,7
ARCOMP_22387c9fc4576865,independent_cycle25_test,,8636,13115,65
ARCOMP_224915ed71dc0698,independent_cycle25_test,,12265,13903,64
ARCOMP_2253e3bf9b9cfa8c,cycle24_development,cycle24_final_refit_pool,7384,12748,63
ARCOMP_2258f972f0645d6b,independent_cycle25_test;supplementary_2026,,14239,14332,61
ARCOMP_2272e7dda8343459,independent_cycle25_test,,8325,13035,68
ARCOMP_2276d706b6e094ec,cycle24_development,cycle24_threshold_holdout,1075,11347,66
ARCOMP_2343c9c6825e2e89,cycle24_development,cycle24_final_refit_pool,2227,11620,51
ARCOMP_234ae5beae5ccf04,cycle24_development,cycle24_final_refit_pool,5982,12423,49
ARCOMP_23825c3974823edb,cycle24_development,cycle24_final_refit_pool,3309,11881,67
ARCOMP_239b32f3fb01f66b,independent_cycle25_test,,8057,12963,52
ARCOMP_23d590e37c0056aa,independent_cycle25_test,,13345,14111,63
ARCOMP_23df69065615350f,independent_cycle25_test,,8868,13160,75
ARCOMP_23f884452ab5b620,cycle24_development,cycle24_threshold_holdout,3853,12009,53
ARCOMP_241ebb97290dcb27,cycle24_development,cycle24_final_refit_pool,5635,12358,66
ARCOMP_242768e3becd2ff1,independent_cycle25_test,,10484,13512,68
ARCOMP_242f78ee278a910d,independent_cycle25_test,,8543,13087,68
ARCOMP_24390c4aa6116ab4,cycle24_development,cycle24_final_refit_pool,2683,11729,53
ARCOMP_248949b02fe7645d,independent_cycle25_test,,10727,13565,63
ARCOMP_2489a746c7a9bffb,independent_cycle25_test,,8558,13093,71
ARCOMP_24e36f7bcdd02271,cycle24_development,cycle24_threshold_holdout,7122,12677,65
ARCOMP_24f55014fb28b4e5,independent_cycle25_test,,12425,13930,63
ARCOMP_251576f2f7976711,independent_cycle25_test,,9785,13364,62
ARCOMP_256c956bd0a0d045,cycle24_development,cycle24_final_refit_pool,5653,12365,67
ARCOMP_25f65f55165fff24,independent_cycle25_test,,8003,12946,63
ARCOMP_25fbfa203b8c910a,independent_cycle25_test,,8227,13008,67
ARCOMP_261f752044abe686,cycle24_development,cycle24_final_refit_pool,5456,12325,66
ARCOMP_268b194e29383676,independent_cycle25_test,,12712,13986,63
ARCOMP_269ee0c6d6719eef,independent_cycle25_test,,11500,13740,58
ARCOMP_269f00f48c2764d8,independent_cycle25_test,,7747,12873,44
ARCOMP_26b93db9e11e78b7,independent_cycle25_test,,7551,12806,68
ARCOMP_26cf9e90bc860c3b,independent_cycle25_test,,13144;13147,14075,126
ARCOMP_26e0b3ec6a539cd5,cycle24_development,cycle24_final_refit_pool,5112,12275,38
ARCOMP_270776365be803b2,cycle24_development,cycle24_calibration_holdout,6223,12477,64
ARCOMP_2724025d93a80193,cycle24_development,cycle24_final_refit_pool,321,11139,70
ARCOMP_2728d7f014b98117,independent_cycle25_test,,13831,14232,60
ARCOMP_272a4bc8d296cf8d,independent_cycle25_test,,11190,13672,69
ARCOMP_273e98915682e1eb,cycle24_development,cycle24_final_refit_pool,1170,11373,11
ARCOMP_27ca94bf1e497edb,cycle24_development,cycle24_final_refit_pool,3730,11976,68
ARCOMP_27dd1f83a6241fda,cycle24_development,cycle24_final_refit_pool,5876,12399,42
ARCOMP_27f02e611fa4775a,supplementary_2026,,14530,14403,67
ARCOMP_27fb86e230efb7e0,cycle24_development,cycle24_final_refit_pool,3250,11859,57
ARCOMP_2811e1645e895269,supplementary_2026,,14251,14334,56
ARCOMP_285c1937f5f9a287,cycle24_development,cycle24_final_refit_pool,4396,12127,72
ARCOMP_28616125cd15a925,cycle24_development,cycle24_final_refit_pool,7312,12724,60
ARCOMP_2875b003d9c5905f,cycle24_development,cycle24_threshold_holdout,384,11160,66
ARCOMP_28a48f11fc9c298d,cycle24_development,cycle24_calibration_holdout,4296,12104,69
ARCOMP_28e6e98c54f48252,independent_cycle25_test,,10826,13585,77
ARCOMP_28efa0dd85a1e549,independent_cycle25_test,,9918,13403,69
ARCOMP_292a0cd1cfa0b6c1,independent_cycle25_test,,11022,13626,26
ARCOMP_292c4e96afca495c,cycle24_development,cycle24_final_refit_pool,5550,12347,69
ARCOMP_297264a14f5a9186,cycle24_development,cycle24_final_refit_pool,6950,12636,61
ARCOMP_29751b660c136b88,cycle24_development,,354,11151,2
ARCOMP_297855ca808e81d0,independent_cycle25_test,,13171,14079,56
ARCOMP_29889866d604241d,independent_cycle25_test,,9365,13274,60
ARCOMP_29d5fc3636b58996,independent_cycle25_test,,13726,14207,70
ARCOMP_29e909224ac3d890,independent_cycle25_test,,12032,13852,67
ARCOMP_29ebd139ecf00775,independent_cycle25_test,,14176,14312,68
ARCOMP_29f6c066de3eaedd,cycle24_development,cycle24_final_refit_pool,712,11250,66
ARCOMP_2a0f84499041f90a,cycle24_development,cycle24_final_refit_pool,6870,12615,65
ARCOMP_2a5afc881c6d3186,independent_cycle25_test,,10396,13487,7
ARCOMP_2a5df209bb764bff,cycle24_development,cycle24_final_refit_pool,366,11155,48
ARCOMP_2a7b16f4344bd11e,cycle24_development,cycle24_threshold_holdout,7107,12671,60
ARCOMP_2a8903e836a568c9,cycle24_development,cycle24_final_refit_pool,4321,12109,64
ARCOMP_2a9550e77d4d7b69,cycle24_development,cycle24_final_refit_pool,3513,11929,68
ARCOMP_2b0d034d76dee431,independent_cycle25_test,,10646,13551,61
ARCOMP_2b15e1ee819b73d7,cycle24_development,cycle24_final_refit_pool,5985,12425,66
ARCOMP_2b1f49d298984501,independent_cycle25_test,,14126,14302,12
ARCOMP_2b419f54f574e9a6,cycle24_development,cycle24_final_refit_pool,2954,11792,60
ARCOMP_2b69e61281ce37b4,independent_cycle25_test,,8724,13131,71
ARCOMP_2b8c4ba3d3a8eea7,cycle24_development,cycle24_threshold_holdout,1939,11545,28
ARCOMP_2ba14e0d1072092b,independent_cycle25_test,,12519,13946,4
ARCOMP_2bb79377b9e2235b,cycle24_development,cycle24_final_refit_pool,6403,12513,60
ARCOMP_2c0dc61803a8804a,cycle24_development,cycle24_final_refit_pool,1951,11552,70
ARCOMP_2c24f0720af3b85c,cycle24_development,cycle24_final_refit_pool,4374,12118,20
ARCOMP_2c2ce988184b5953,cycle24_development,cycle24_final_refit_pool,3056,11818,68
ARCOMP_2c2d684f7cb9bcde,cycle24_development,cycle24_threshold_holdout,6699,12573,65
ARCOMP_2c636b2b54826ad2,independent_cycle25_test,,11560,13759,48
ARCOMP_2ca8524f585fd523,cycle24_development,cycle24_final_refit_pool,1952,11551,46
ARCOMP_2cb2494f4fe1a4f2,cycle24_development,cycle24_final_refit_pool,3068,11825,74
ARCOMP_2cbbcbf2fe0e5d7b,cycle24_development,cycle24_final_refit_pool,3220,11858,66
ARCOMP_2cdcfa2060eacdb8,independent_cycle25_test,,12961,14039,67
ARCOMP_2ced2e525de8923a,cycle24_development,cycle24_calibration_holdout,6224,12476,61
ARCOMP_2d0638006fb9ee36,independent_cycle25_test,,9141;9163,13237,103
ARCOMP_2d096a00a01b8f61,independent_cycle25_test,,12572,13968,54
ARCOMP_2d3c92a8ebb92919,independent_cycle25_test,,7719,12861,66
ARCOMP_2d88b961b0ad2465,independent_cycle25_test,,11732,13794,68
ARCOMP_2dfe1e36d04d0216,independent_cycle25_test,,12807;12842,14002,62
ARCOMP_2e22a5b7bd806352,cycle24_development,cycle24_final_refit_pool,2362,11652,68
ARCOMP_2e27ff94a1dfd2eb,independent_cycle25_test,,13524,14149,58
ARCOMP_2e2b906a2de19bb1,cycle24_development,cycle24_final_refit_pool,6715,12580,60
ARCOMP_2e410603408aaf3d,independent_cycle25_test,,7762,12881,20
ARCOMP_2e413a854163fabd,cycle24_development,cycle24_threshold_holdout,2716,11738,70
ARCOMP_2e5321a0ffa5942a,cycle24_development,cycle24_final_refit_pool,135,11100,66
ARCOMP_2e64ad5e5e4cb720,independent_cycle25_test,,7778,12884,32
ARCOMP_2e7122febf92eb71,cycle24_development,cycle24_final_refit_pool,5411;5423,12319,135
ARCOMP_2e849ce2d9ed7b58,independent_cycle25_test,,10515,13525,67
ARCOMP_2f487731e305d555,cycle24_development,cycle24_final_refit_pool,4900,12230,68
ARCOMP_2f49e236eb845610,independent_cycle25_test,,11159,13665,62
ARCOMP_2f4f079e193a111c,independent_cycle25_test,,13207,14085,74
ARCOMP_2f597c5fccff3630,cycle24_development,cycle24_final_refit_pool,5644,12361,67
ARCOMP_2f5e2a2b063b26d0,cycle24_development,cycle24_final_refit_pool,3291,11875,64
ARCOMP_2f66b266a4b404a9,cycle24_development,cycle24_final_refit_pool,2861,11773,65
ARCOMP_2f6aef4942ba7000,independent_cycle25_test,,12054,13861,62
ARCOMP_2f8afdf1f9e01179,independent_cycle25_test,,8567,13094,68
ARCOMP_2fa64ed38bea8854,cycle24_development,cycle24_final_refit_pool,6483,12529,64
ARCOMP_2fdd727f5cffe319,cycle24_development,cycle24_final_refit_pool,6846,12611,67
ARCOMP_2fec688cbb8507ac,independent_cycle25_test,,13030,14055,57
ARCOMP_2fffcdd2e733c8e9,cycle24_development,cycle24_final_refit_pool,3217,11851,69
ARCOMP_3018597a13837373,cycle24_development,cycle24_threshold_holdout,2338,11641,66
ARCOMP_30242a3b12bf0318,independent_cycle25_test,,8599,13103,61
ARCOMP_302b92c4096fe8ff,cycle24_development,cycle24_threshold_holdout,4995,12250,30
ARCOMP_306c47f45e88db09,independent_cycle25_test,,10132,13442,69
ARCOMP_3089793407af12a0,cycle24_development,cycle24_final_refit_pool,6398,12510,54
ARCOMP_309f34086f315644,independent_cycle25_test,,14115,14295,63
ARCOMP_30b1a98feef0938f,supplementary_2026,,14337,14358,64
ARCOMP_30d0126166bb00c2,cycle24_development,cycle24_final_refit_pool,2007,11565,58
ARCOMP_30edb16ef0c3451d,cycle24_development,cycle24_calibration_holdout,362,11153,42
ARCOMP_30fe54dda23fb8dd,independent_cycle25_test,,10514,13521,68
ARCOMP_310406e4a7c3f01c,cycle24_development,cycle24_final_refit_pool,3341,11890,66
ARCOMP_31304849def854a9,cycle24_development,cycle24_calibration_holdout,1669,11485,62
ARCOMP_3141ebd412586a56,cycle24_development,cycle24_final_refit_pool,3199,11850,67
ARCOMP_314e8469e7bd2fc5,cycle24_development,cycle24_final_refit_pool,7269,12713,67
ARCOMP_315d3da03b828f3b,cycle24_development,cycle24_final_refit_pool,643,11229,68
ARCOMP_317d403cc5607984,independent_cycle25_test,,8517,13080,5
ARCOMP_31afa71b346e14a0,supplementary_2026,,14379,14375,64
ARCOMP_323088132d1b1c51,cycle24_development,cycle24_final_refit_pool,4639,12182,65
ARCOMP_324f9a6f0daef2b8,cycle25_early_diagnostic,,7422,12765,69
ARCOMP_32626f10ef7f2dc0,cycle24_development,cycle24_threshold_holdout,2471,11672,63
ARCOMP_3270483c11e7bfa6,cycle24_development,cycle24_final_refit_pool,6981,12647,44
ARCOMP_3272d0816724b65d,cycle24_development,cycle24_final_refit_pool,7228,12695,12
ARCOMP_327a94224f77cae6,independent_cycle25_test,,7882,12914,62
ARCOMP_327f098b69c1b80f,independent_cycle25_test,,7692,12851,22
ARCOMP_3292f95c5144cfb6,cycle24_development,cycle24_final_refit_pool,6683,12569,65
ARCOMP_32aa31f4ac867006,independent_cycle25_test,,13182,14083,59
ARCOMP_32c4c18493033b90,independent_cycle25_test,,12993,14045,56
ARCOMP_3310a1b7e892abc5,independent_cycle25_test,,7741,12870,26
ARCOMP_333908001c150ebe,independent_cycle25_test,,13671,14193,69
ARCOMP_335172d1fbe7229e,cycle24_development,cycle24_final_refit_pool,1312,11397,68
ARCOMP_335911c7c271416e,independent_cycle25_test,,7798,12887,66
ARCOMP_3384252dadc27d95,cycle24_development,cycle24_final_refit_pool,7350,12736,62
ARCOMP_33cbea4977dbe523,cycle24_development,cycle24_final_refit_pool,2121,11591,62
ARCOMP_33d5e9509ef0d4a6,cycle24_development,cycle24_final_refit_pool,2533,11690,61
ARCOMP_33f2558acaebb649,cycle24_development,cycle24_final_refit_pool,3719,11973,62
ARCOMP_33fa586e6ae14fd3,independent_cycle25_test,,9121,13229,66
ARCOMP_340e10143c97a99d,cycle24_development,cycle24_final_refit_pool,4272,12096,68
ARCOMP_341120eacf209792,cycle24_development,cycle24_threshold_holdout,1705,11492,68
ARCOMP_3418f150ca1644a2,independent_cycle25_test,,11217,13681,40
ARCOMP_341946099c8aa2f2,cycle24_development,cycle24_final_refit_pool,6427,12522,13
ARCOMP_342c44aa8975b79d,independent_cycle25_test,,9215,13252,66
ARCOMP_342f33e3424c17d8,independent_cycle25_test,,8625,13110,67
ARCOMP_34430e2cedb24944,cycle24_development,cycle24_final_refit_pool,6351,12502,66
ARCOMP_3486fb34790125bc,independent_cycle25_test,,7653,12839,63
ARCOMP_34ba4a8c6e613152,cycle24_development,cycle24_final_refit_pool,5970,12424,72
ARCOMP_34e86dd9e3e3d810,cycle24_development,cycle24_final_refit_pool,556,11203,72
ARCOMP_350513a42042c135,cycle24_development,cycle24_final_refit_pool,1569;1593,11457,76
ARCOMP_350eb595f53f4dfd,independent_cycle25_test,,13777,14221,56
ARCOMP_351913a0497bea13,independent_cycle25_test,,8369;8384,13043,53
ARCOMP_3536950ca98435bf,cycle24_development,cycle24_final_refit_pool,6004,12430,69
ARCOMP_354d2a7b3002413e,independent_cycle25_test,,9284,13264,63
ARCOMP_3574993ccf1f96d7,independent_cycle25_test,,9729,13351,67
ARCOMP_35cba8eb21ad6bb1,cycle24_development,cycle24_threshold_holdout,1021,11334,65
ARCOMP_35cdec7a25402bd1,cycle24_development,cycle24_final_refit_pool,2436,11668,67
ARCOMP_35d40d97efe7057b,cycle25_early_diagnostic,,7440,12772,28
ARCOMP_35e26bef4ffef1de,independent_cycle25_test,,10799,13581,70
ARCOMP_361f6bab0e9da9c5,cycle24_development,cycle24_final_refit_pool,1488,11438,63
ARCOMP_3620f79c42254fa8,cycle24_development,cycle24_final_refit_pool,4751,12200,71
ARCOMP_3633036f4182ece3,cycle24_development,cycle24_final_refit_pool,4131,12066,61
ARCOMP_365511d25b938a7f,cycle24_development,cycle24_final_refit_pool,5627,12357,66
ARCOMP_3661de29cd85bd69,supplementary_2026,,14438,14379,55
ARCOMP_369a476ac4acdb13,cycle24_development,cycle24_final_refit_pool,7357,12740,67
ARCOMP_369ac73d3f51fcba,independent_cycle25_test,,8172,12999,69
ARCOMP_36c6f4e2af6bf9c7,cycle24_development,cycle24_final_refit_pool,7380;7381,12745,38
ARCOMP_371771f268a86730,cycle24_development,cycle24_final_refit_pool,4011,12040,69
ARCOMP_375434cf78bf45ea,cycle24_development,cycle24_final_refit_pool,684,11244,68
ARCOMP_37b2268a778e76b3,cycle24_development,cycle24_final_refit_pool,3821,11999,59
ARCOMP_37d7118ef670faa2,independent_cycle25_test,,11430,13722,69
ARCOMP_37eeaa3d028dfdb8,independent_cycle25_test,,14156,14307,63
ARCOMP_37f244cfd6704f2b,independent_cycle25_test,,11623,13769,62
ARCOMP_380903e71a57351b,independent_cycle25_test,,7842,12898,66
ARCOMP_3881eca13e8473a7,cycle24_development,cycle24_final_refit_pool,1834,11519,66
ARCOMP_388bd163ae2a7edd,independent_cycle25_test,,9942,13406,52
ARCOMP_38ad3304ad2a9fb6,cycle24_development,cycle24_calibration_holdout,5586,12351,71
ARCOMP_38afb9be896c95b7,independent_cycle25_test,,8968,13186,69
ARCOMP_38c10b14723d3dbf,independent_cycle25_test,,11312,13700,4
ARCOMP_38f2b853a17ab720,independent_cycle25_test,,7618,12833,71
ARCOMP_38fa02a22e2c389e,independent_cycle25_test,,10647,13549,63
ARCOMP_38fe3dcf1f273c44,independent_cycle25_test,,10459,13505,70
ARCOMP_38ffe2c091f2bf7d,independent_cycle25_test,,7698,12854,8
ARCOMP_3908040318d95c54,cycle24_development,cycle24_final_refit_pool,2594,11709,54
ARCOMP_390cb91169d8e3c9,independent_cycle25_test,,13599,14178,54
ARCOMP_391fb790dd46b302,cycle24_development,cycle24_final_refit_pool,843,11287,70
ARCOMP_39229d3c677b0166,independent_cycle25_test,,13708,14199,61
ARCOMP_3942870422934cfe,cycle24_development,cycle24_final_refit_pool,6394,12509,58
ARCOMP_395f8b1ab7ad93ff,cycle24_development,cycle24_final_refit_pool,2952,11791,64
ARCOMP_39816d3ee87c4d87,cycle24_development,cycle24_final_refit_pool,3843,12004,58
ARCOMP_39a659ed86e26cbe,independent_cycle25_test,,11067,13635,69
ARCOMP_39da3ecd804774f1,cycle24_development,cycle24_final_refit_pool,2599,11710,68
ARCOMP_39de1e4827f6f9d3,cycle24_development,cycle24_threshold_holdout,4040,12044,64
ARCOMP_39fa564f70716382,independent_cycle25_test,,12889,14021,70
ARCOMP_3a513c9daba2d768,independent_cycle25_test,,10091,13433,61
ARCOMP_3a5f3eef64a5cbf2,cycle24_development,cycle24_final_refit_pool,3415,11906,65
ARCOMP_3a757c63f4a32c7b,cycle24_development,cycle24_threshold_holdout,7169,12685,68
ARCOMP_3a965921b5491097,independent_cycle25_test,,9632,13327,67
ARCOMP_3ac8c5aa56d1cf79,cycle24_development,cycle24_final_refit_pool,2173,11604,66
ARCOMP_3ad19a24cec4e9fc,cycle24_development,cycle24_final_refit_pool,3244,11855,60
ARCOMP_3adf4f44c884e801,independent_cycle25_test,,9263,13260,68
ARCOMP_3af1c9b7c47bb211,cycle24_development,cycle24_final_refit_pool,2131,11597,19
ARCOMP_3b3320bd76e47a33,cycle24_development,cycle24_final_refit_pool,7045,12662,68
ARCOMP_3b367590cfd508fb,cycle24_development,cycle24_threshold_holdout,3376,11899,69
ARCOMP_3b3efe3d580c3679,independent_cycle25_test,,13662,14188,66
ARCOMP_3b470bc85dfba5ed,cycle24_development,cycle24_threshold_holdout,3446,11911,65
ARCOMP_3b5b2a338dcbca7d,cycle24_development,cycle24_final_refit_pool,2557,11695,61
ARCOMP_3b61f94ee807f7a3,cycle24_development,cycle24_final_refit_pool,2779,11757,69
ARCOMP_3b6c8eccf25d63de,independent_cycle25_test,,8050,12960,70
ARCOMP_3b81d191c3d1387f,cycle24_development,cycle24_final_refit_pool,4874,12222,68
ARCOMP_3baa061c00c5943f,cycle24_development,cycle24_final_refit_pool,1478,11436,61
ARCOMP_3baa58e5081cfb1f,independent_cycle25_test,,9723,13350,65
ARCOMP_3bcb4542bebedb9a,independent_cycle25_test,,10312,13474,66
ARCOMP_3c0281f6e29a2429,independent_cycle25_test,,9026,13205,4
ARCOMP_3c23102abed7ce45,cycle24_development,cycle24_final_refit_pool,1750,11504,55
ARCOMP_3c45c36a3769b894,cycle24_development,cycle24_threshold_holdout,5736,12377,15
ARCOMP_3c5e45118621ef46,cycle24_development,cycle24_final_refit_pool,198,11111,62
ARCOMP_3c7ebd20acf79e4f,independent_cycle25_test,,9374,13276,68
ARCOMP_3c8b249708b8d44e,independent_cycle25_test,,13909,14255,67
ARCOMP_3caee90ed8668b2a,cycle24_development,cycle24_final_refit_pool,2758,11754,74
ARCOMP_3d0b495c9baf2329,independent_cycle25_test,,11144,13662,64
ARCOMP_3d11f3db52464d3a,independent_cycle25_test,,11543,13750,58
ARCOMP_3d276b4e08934598,cycle24_development,cycle24_final_refit_pool,6982,12648,67
ARCOMP_3d29eaa4fa7e1ad0,independent_cycle25_test,,10869,13594,68
ARCOMP_3d5e0be290237a94,independent_cycle25_test,,11329,13707,71
ARCOMP_3d7567f639c32919,cycle24_development,cycle24_final_refit_pool,2504,11680,70
ARCOMP_3d804509946398c1,independent_cycle25_test,,13776,14217,63
ARCOMP_3d85b315791ec4a5,independent_cycle25_test,,14081,14290,67
ARCOMP_3da30d36d5e98a17,cycle24_development,cycle24_final_refit_pool,3258;3263,11861,134
ARCOMP_3dbaf3543e9ea503,cycle24_development,cycle24_final_refit_pool,6060,12441,67
ARCOMP_3dc3571215132aa3,cycle24_development,cycle24_final_refit_pool,982,11327,66
ARCOMP_3dc5870b8eb72799,cycle24_development,cycle24_final_refit_pool,3192,11847,63
ARCOMP_3dcf1ca448a5f42c,cycle24_development,cycle24_final_refit_pool,1120,11362,64
ARCOMP_3ddfd402d0a3d83f,cycle24_development,cycle24_final_refit_pool,514,11195,69
ARCOMP_3df1e50cdc1b1dcc,cycle24_development,cycle24_final_refit_pool,4969,12245,67
ARCOMP_3df57dae59f1065d,supplementary_2026,,14536,14404,62
ARCOMP_3e1765c2375a6e80,independent_cycle25_test,,8072,12967,69
ARCOMP_3e337e7635d38bc1,cycle24_development,cycle24_final_refit_pool,637,11226,68
ARCOMP_3e43c128585bd9e6,independent_cycle25_test,,7755,12878,67
ARCOMP_3e4e6c598a89f4a5,cycle25_early_diagnostic,,7503,12793,68
ARCOMP_3e6c0c874d85f1d0,cycle24_development,cycle24_final_refit_pool,7352,12737,67
ARCOMP_3e9872ee22d22ce5,independent_cycle25_test,,8225,13013,65
ARCOMP_3ed5d4287569254b,independent_cycle25_test,,9058,13209,63
ARCOMP_3edfdee13dc517a2,independent_cycle25_test,,11778,13802,24
ARCOMP_3eeaa30c2440b18c,independent_cycle25_test,,8661,13119,66
ARCOMP_3f043acc44256d9b,cycle24_development,cycle24_calibration_holdout,1653,11479,68
ARCOMP_3f16c4f72c1baffc,cycle24_development,cycle24_final_refit_pool,6404,12515,49
ARCOMP_3f226cc8473c5fdf,independent_cycle25_test,,8195,13004,65
ARCOMP_3f52477d8e647ad0,independent_cycle25_test,,7659,12841,68
ARCOMP_3f79acbaccf57450,cycle24_development,cycle24_final_refit_pool,1046,11343,72
ARCOMP_3fcc649f53996295,cycle24_development,cycle24_final_refit_pool,355,11150,67
ARCOMP_400518f58e0f324c,cycle24_development,cycle24_final_refit_pool,850,11290,62
ARCOMP_401e9b06440dd71a,cycle24_development,cycle24_final_refit_pool,1164,11368,67
ARCOMP_4036b232d0bfed29,independent_cycle25_test,,7967,12935,47
ARCOMP_40b552809141d1eb,independent_cycle25_test,,8818,13152,70
ARCOMP_40e6a55b0949656c,cycle24_development,cycle24_final_refit_pool,104,11092,69
ARCOMP_40f88f60b14b6afe,cycle24_development,cycle24_final_refit_pool,3721,11974,65
ARCOMP_40fed58ea06be763,cycle24_development,cycle24_final_refit_pool,6922,12627,66
ARCOMP_410b12191191509d,independent_cycle25_test,,8362,13042,63
ARCOMP_410be8a2864ab392,cycle24_development,cycle24_calibration_holdout,605,11216,67
ARCOMP_4130244778b4c439,independent_cycle25_test,,12535,13948,59
ARCOMP_414a810de0bbd458,cycle24_development,cycle24_final_refit_pool,361,11152,69
ARCOMP_414bb10fcf5c3ac4,independent_cycle25_test,,12540,13955,62
ARCOMP_4184cad2c1a2bc4d,independent_cycle25_test,,9892,13396,60
ARCOMP_4189231380b72ab2,independent_cycle25_test,,9516,13301,72
ARCOMP_41dc928cdfed1886,cycle24_development,cycle24_threshold_holdout,2158,11601,69
ARCOMP_41ddccbd772f2d20,cycle24_development,cycle24_final_refit_pool,622,11219,59
ARCOMP_41f04803a9ba2ec2,cycle24_development,cycle24_final_refit_pool,1210,11381,69
ARCOMP_420a9f57269b8066,independent_cycle25_test,,10422,13496,63
ARCOMP_4230de5cd1156696,cycle24_development,cycle24_final_refit_pool,751;755,11264,106
ARCOMP_425df7c7639fe8a8,independent_cycle25_test,,13190,14082,63
ARCOMP_428701ff786a245a,cycle24_development,cycle24_final_refit_pool,2735,11744,65
ARCOMP_42945a7cffbc51cc,cycle24_development,cycle24_threshold_holdout,3336,11889,67
ARCOMP_42a10094149aa6c5,independent_cycle25_test,,7541,12799,13
ARCOMP_42a14fe018a0e488,independent_cycle25_test,,13142,14073,64
ARCOMP_42ac76fc5dafbbf5,cycle24_development,cycle24_final_refit_pool,632,11225,70
ARCOMP_42c133433c71faff,cycle24_development,cycle24_final_refit_pool,2489,11673,67
ARCOMP_42d8afb2d564fe83,independent_cycle25_test,,9812,13373,61
ARCOMP_42f5747a94aeef2e,independent_cycle25_test,,10549,13532,1
ARCOMP_430a760a81c45f26,independent_cycle25_test,,11907,13827,74
ARCOMP_43130b3329426a90,independent_cycle25_test,,13118,14078,58
ARCOMP_43150ae96acebd50,cycle24_development,cycle24_calibration_holdout,4879,12223,33
ARCOMP_43176a0014e6498d,cycle24_development,cycle24_final_refit_pool,1930,11542,50
ARCOMP_433c8ddb454b19d6,cycle24_development,cycle24_final_refit_pool,6975,12645,66
ARCOMP_434abde056ebc44d,supplementary_2026,,14284,14342,54
ARCOMP_4352481d65bde766,cycle24_development,cycle24_calibration_holdout,6508,12534,29
ARCOMP_43679284eb3037b5,independent_cycle25_test,,13104;13108,14064,128
ARCOMP_437a695d16c322e2,cycle24_development,cycle24_final_refit_pool,2112,11590,35
ARCOMP_43a4a96face2f6f0,independent_cycle25_test,,14054,14284,35
ARCOMP_43a4c3dd510cda35,cycle24_development,cycle24_final_refit_pool,4256,12094,66
ARCOMP_4400f7c94a7bc838,cycle24_development,cycle24_threshold_holdout,2433,11665,69
ARCOMP_44190ebfef23c1a3,cycle24_development,cycle24_threshold_holdout,5298,12297,60
ARCOMP_441a0a007d8ec3af,cycle24_development,cycle24_final_refit_pool,4189,12078,64
ARCOMP_44276b4bcc9cbf8b,cycle24_development,cycle24_final_refit_pool,1391,11417,56
ARCOMP_442ea732b5d390b0,cycle24_development,cycle24_threshold_holdout,5375,12315,64
ARCOMP_4439c654c0ac0528,independent_cycle25_test,,8102,12980,19
ARCOMP_44445ccad611614c,independent_cycle25_test,,11035,13629,65
ARCOMP_4489f0f1897f23b1,cycle24_development,cycle24_final_refit_pool,7240,12700,30
ARCOMP_449c19647af3f421,independent_cycle25_test,,8097,12977,38
ARCOMP_44a94ffb216bcd51,independent_cycle25_test,,10768,13574,61
ARCOMP_44b621a2ec5d4bf5,independent_cycle25_test,,13561,14159,42
ARCOMP_44d6bfff053f21a8,independent_cycle25_test,,8837,13154,62
ARCOMP_44eef5909ea9ec1a,cycle24_development,cycle24_final_refit_pool,6302,12490,68
ARCOMP_4519de720b619081,cycle24_development,cycle24_final_refit_pool,3368,11896,68
ARCOMP_451e0011994a7e21,cycle24_development,cycle24_threshold_holdout,5233,12290,64
ARCOMP_454deac48d644ba5,cycle24_development,cycle24_final_refit_pool,2718,11740,68
ARCOMP_4562a4ef2baeea0e,cycle24_development,cycle24_final_refit_pool,6353;6361,12503,128
ARCOMP_4576f1a6e0f2b7c9,independent_cycle25_test,,12643,13973,57
ARCOMP_45a0fd188cfada08,independent_cycle25_test,,13960,14269,66
ARCOMP_45c7964dc903cc09,independent_cycle25_test,,8798,13147,54
ARCOMP_45cc9c22d43be07a,independent_cycle25_test,,7691,12852,59
ARCOMP_4609ddac7dd2788d,supplementary_2026,,14358,14368,66
ARCOMP_460dfea7101ae4e3,cycle24_development,cycle24_final_refit_pool,1724,11494,61
ARCOMP_46350ff722275216,independent_cycle25_test,,8460,13066,59
ARCOMP_466ee572d2665f6f,cycle24_development,cycle24_final_refit_pool,1089,11352,70
ARCOMP_467eda5e96ae7e5f,cycle25_early_diagnostic,,7487,12789,69
ARCOMP_468de75dbfdcc228,cycle24_development,cycle24_threshold_holdout,674,11237,71
ARCOMP_4690ebbf87a65f2f,cycle24_development,cycle24_final_refit_pool,1737,11500,27
ARCOMP_46abe2c8cf2bb5d4,cycle24_development,cycle24_final_refit_pool,3366,11895,67
ARCOMP_46c4f54e9339f43e,cycle24_development,cycle24_final_refit_pool,6515,12536,67
ARCOMP_46d9cea2ea57cd46,cycle24_development,cycle24_final_refit_pool,1558,11463,70
ARCOMP_46db3192f0d85246,cycle24_development,cycle24_final_refit_pool,681,11241,66
ARCOMP_46f852568398a7fa,cycle24_development,cycle24_threshold_holdout,3999,12036,66
ARCOMP_4701aa966bf13150,cycle24_development,cycle24_final_refit_pool,7326,12730,67
ARCOMP_47119f39be8f29e5,independent_cycle25_test,,9872,13391,63
ARCOMP_472c293e78392d0e,independent_cycle25_test,,8477,13071,65
ARCOMP_4747485b64e50cee,independent_cycle25_test,,8749,13136,66
ARCOMP_47acf1231a2e1e65,cycle24_development,cycle24_final_refit_pool,2351,11647,9
ARCOMP_47e27d18d73fa7fc,independent_cycle25_test,,12410,13923,14
ARCOMP_484b86ea83abc827,cycle24_development,cycle24_calibration_holdout,6010,12431,69
ARCOMP_484ce980674fe086,independent_cycle25_test,,11839,13814,69
ARCOMP_48594d51a25e77bb,cycle24_development,cycle24_final_refit_pool,5541,12339,62
ARCOMP_48757ea3b2b3cc87,cycle24_development,cycle24_final_refit_pool,753,11263,70
ARCOMP_487d164bce7a0238,cycle24_development,cycle24_calibration_holdout,6972,12644,65
ARCOMP_48925d4d4620659f,independent_cycle25_test,,7724,12867,39
ARCOMP_48b7ff67189e6b12,independent_cycle25_test,,13299,14100,66
ARCOMP_48c771320dd83c2a,cycle24_development,cycle24_threshold_holdout,6289,12488,69
ARCOMP_48ccce4a84f83314,independent_cycle25_test,,8148,12989,65
ARCOMP_48d979dcd0dbe12a,independent_cycle25_test,,7638,12836,68
ARCOMP_48dafaa585bb41e1,cycle24_development,cycle24_final_refit_pool,2029,11570,16
ARCOMP_48ef8242665a5b70,cycle24_development,cycle24_final_refit_pool,2822,11764,25
ARCOMP_48f1d9a933b0e332,independent_cycle25_test,,13641,14182,66
ARCOMP_493326b5a50d0adb,independent_cycle25_test,,10634,13545,64
ARCOMP_493aba6a24844885,independent_cycle25_test,,7760,12880,72
ARCOMP_493d0091bdec7d3b,independent_cycle25_test,,8629,13111,67
ARCOMP_494c116ffd16f4e1,independent_cycle25_test,,8113,12982,68
ARCOMP_495a0a987ac234bf,cycle24_development,cycle24_final_refit_pool,685,11243,68
ARCOMP_496048dc44c7abb3,independent_cycle25_test,,10669,13556,60
ARCOMP_49652a994b0970b8,independent_cycle25_test,,9092,13221,68
ARCOMP_497a37e1fa55c313,independent_cycle25_test,,8155,12993,74
ARCOMP_4980ebb6e51b0915,independent_cycle25_test,,7554,12809,66
ARCOMP_49c0776afa98e629,independent_cycle25_test,,9502;9623,13300,138
ARCOMP_49e8057a59faee3b,cycle25_early_diagnostic,,7510,12794,69
ARCOMP_49fb44bdbdfbffcc,independent_cycle25_test,,13929,14261,67
ARCOMP_4a22533bb5e8c304,independent_cycle25_test,,7552,12807,68
ARCOMP_4a426a32f2403d4f,independent_cycle25_test,,9747,13356,68
ARCOMP_4a9fd450f11567a9,cycle24_development,cycle24_final_refit_pool,4862,12217,68
ARCOMP_4aa048f0d84b4237,independent_cycle25_test,,8620,13108,65
ARCOMP_4aa0f8dd84f37bec,cycle24_development,cycle24_final_refit_pool,2040,11575,60
ARCOMP_4aac840198e5ae42,cycle25_early_diagnostic,,7466,12780,73
ARCOMP_4ac6660dc50613f6,cycle24_development,cycle24_final_refit_pool,5885,12403,68
ARCOMP_4ac7d1cbaa0c43de,independent_cycle25_test,,13159,14080,57
ARCOMP_4adbd4e92ffc000e,independent_cycle25_test,,8026,12953,66
ARCOMP_4ae1a1df69beb98a,cycle24_development,cycle24_final_refit_pool,3362,11894,22
ARCOMP_4b0e9e8e182ed6e6,independent_cycle25_test,,14008,14278,68
ARCOMP_4b3f97cf4e658328,cycle24_development,cycle24_final_refit_pool,1644,11477,70
ARCOMP_4b7cd9b0ac499fce,cycle24_development,cycle24_final_refit_pool,1613,11467,66
ARCOMP_4b7db40110833a83,cycle24_development,cycle24_final_refit_pool,7322,12726,49
ARCOMP_4bbcf3c94d7a8fd1,independent_cycle25_test,,9842,13379,65
ARCOMP_4bd4ce9955e7c36b,supplementary_2026,,14228,14331,63
ARCOMP_4be3ceafe75b028e,independent_cycle25_test,,12466,13929,65
ARCOMP_4be70e8de2460873,cycle24_development,cycle24_final_refit_pool,5678,12370,68
ARCOMP_4bf8f09602bf9cef,cycle24_development,cycle24_threshold_holdout,5783,12388,25
ARCOMP_4c25405d0b3089b9,cycle24_development,cycle24_threshold_holdout,1066,11346,69
ARCOMP_4c37a21750aa3365,cycle24_development,cycle24_final_refit_pool,7351,12735,67
ARCOMP_4c5e69e9ab01c74a,cycle24_development,cycle24_final_refit_pool,1596,11465,67
ARCOMP_4c7488d2330e2a6c,cycle24_development,cycle24_final_refit_pool,1271,11392,66
ARCOMP_4c7ebe70380600f6,cycle24_development,cycle24_final_refit_pool,431,11174,9
ARCOMP_4c814e83a94d7cd9,cycle24_development,cycle24_calibration_holdout,5022,12255,70
ARCOMP_4cb0367a5024dd62,cycle24_development,cycle24_final_refit_pool,7015,12658,69
ARCOMP_4cbe8bdd5328034d,cycle24_development,cycle24_final_refit_pool,3098,11827,68
ARCOMP_4cc6655385972fd2,independent_cycle25_test,,11212;11213,13678,139
ARCOMP_4cd867c1bbe1c83e,cycle24_development,cycle24_final_refit_pool,2502,11681,68
ARCOMP_4d00cda75554f629,independent_cycle25_test,,10038,13419,11
ARCOMP_4d0245826c346264,cycle24_development,cycle24_final_refit_pool,2069,11582,66
ARCOMP_4d10de1129a84a52,cycle24_development,cycle24_final_refit_pool,3631,11955,69
ARCOMP_4d12dc8d4af7d706,independent_cycle25_test,,9196,13246,68
ARCOMP_4d1a8f21e9efdb02,cycle24_development,cycle24_final_refit_pool,4978,12247,71
ARCOMP_4d2293d245364b4c,cycle24_development,cycle24_final_refit_pool,7235,12697,59
ARCOMP_4d2a04366f037a42,independent_cycle25_test,,9088,13217,70
ARCOMP_4d3f21d3ce0c279a,independent_cycle25_test,,10875,13595,69
ARCOMP_4d472262eb3e8b0c,independent_cycle25_test,,13232,14087,67
ARCOMP_4d532d4096425c71,independent_cycle25_test,,10959,13611,71
ARCOMP_4d6869ae987b805a,cycle24_development,,6942,12633,1
ARCOMP_4d9ecb97ccb1012a,cycle24_development,cycle24_final_refit_pool,686,11242,43
ARCOMP_4db6d985a892e6de,independent_cycle25_test,,8923,13177,67
ARCOMP_4dde4f63d25f0edf,supplementary_2026,,14445,14383,67
ARCOMP_4de95542317b2397,cycle24_development,cycle24_final_refit_pool,4764,12203,65
ARCOMP_4e2e87e4fc4c28c3,cycle24_development,cycle24_calibration_holdout,1621,11470,53
ARCOMP_4e329ccb88dc2cc8,independent_cycle25_test,,7888,12917,70
ARCOMP_4e4d0eae1459f156,independent_cycle25_test,,13880,14246,65
ARCOMP_4e569bd84b637762,independent_cycle25_test,,9728,13347,39
ARCOMP_4e56e3cb8d2b6d1b,cycle24_development,cycle24_calibration_holdout,2696,11732,75
ARCOMP_4e6caeea8f7634ba,cycle24_development,cycle24_final_refit_pool,2203,11616,66
ARCOMP_4e8a181e48dd082a,independent_cycle25_test,,7770,12882,66
ARCOMP_4ea199981258083a,supplementary_2026,,14344,14359,62
ARCOMP_4efb202aedfeac6e,cycle24_development,cycle24_final_refit_pool,6424,12521,67
ARCOMP_4f3ce5dc6314de26,cycle24_development,cycle24_final_refit_pool,2411,11661,53
ARCOMP_4f3f7f2c32dd8c1d,cycle24_development,cycle24_threshold_holdout,6189,12471,71
ARCOMP_4f5067e6f07e276d,cycle24_development,cycle24_final_refit_pool,4748,12198,26
ARCOMP_4f763f556b3b169c,independent_cycle25_test,,12515,13943,64
ARCOMP_4f856ccf50f4ec11,cycle24_development,cycle24_final_refit_pool,156,11105,36
ARCOMP_4f8fef5ad47d2312,independent_cycle25_test,,13424,14122,66
ARCOMP_4f9c80fe1b418874,independent_cycle25_test,,11119,13653,54
ARCOMP_4fa5950ff1da56ca,cycle24_development,cycle24_calibration_holdout,2342,11643,66
ARCOMP_4fd6786ea9810c68,independent_cycle25_test,,8762,13137,76
ARCOMP_4fe20ed2b7365deb,cycle24_development,cycle24_calibration_holdout,7287,12716,62
ARCOMP_50022dc3417fa183,cycle24_development,cycle24_final_refit_pool,3437,11909,68
ARCOMP_500790a9a31aaf49,cycle25_early_diagnostic,,7436,12770,62
ARCOMP_501064c79d9d2a15,cycle24_development,cycle24_final_refit_pool,4156,12071,73
ARCOMP_50484fec0192b54a,independent_cycle25_test,,14223,14326,22
ARCOMP_504871790218cd40,cycle24_development,,51,11080,3
ARCOMP_506844a4711b5792,cycle24_development,cycle24_final_refit_pool,7058,12664,68
ARCOMP_50860cac6a08dfbf,cycle24_development,cycle24_final_refit_pool,4839,12215,63
ARCOMP_50dca488935cc6d6,independent_cycle25_test,,7983,12941,64
ARCOMP_51056f923f8ee2f0,cycle24_development,cycle24_final_refit_pool,5883,12402,18
ARCOMP_510c43c77674ef97,cycle24_development,cycle24_final_refit_pool,4290,12099,37
ARCOMP_511655d0bf615a08,independent_cycle25_test,,10960,13613,59
ARCOMP_511e6eb28fecf563,independent_cycle25_test,,9276,13262,68
ARCOMP_5144e3f5202b7f08,cycle24_development,cycle24_final_refit_pool,1879,11529,71
ARCOMP_51655ce6d47525a1,independent_cycle25_test,,12657,13974,60
ARCOMP_516a4d488c64f203,cycle24_development,cycle24_calibration_holdout,2098,11585,67
ARCOMP_5197a1ee42a1bc2d,independent_cycle25_test,,9250,13256,70
ARCOMP_51af2592918cb7a7,cycle24_development,cycle24_final_refit_pool,3246,11866,64
ARCOMP_51bcab5ab140856c,cycle24_development,cycle24_final_refit_pool,3195,11843,46
ARCOMP_51d34edeae4ba9cb,cycle24_development,cycle24_threshold_holdout,5036,12258,68
ARCOMP_523b5590c0486352,cycle24_development,cycle24_final_refit_pool,4888,12227,69
ARCOMP_523d1901aa6c95f9,independent_cycle25_test,,10065;10069,13427,137
ARCOMP_5248bb704c29d363,cycle24_development,cycle24_final_refit_pool,5612,12354,40
ARCOMP_524af69e0a74ddef,cycle24_development,cycle24_final_refit_pool,5534,12337,67
ARCOMP_5252f6f7276abc6c,supplementary_2026,,14351,14362,59
ARCOMP_52636d290bca8002,independent_cycle25_test,,12752,13994,65
ARCOMP_5272460f84967ff5,cycle24_development,cycle24_final_refit_pool,252,11124,64
ARCOMP_5289203b3a145819,independent_cycle25_test,,12567,13956,57
ARCOMP_52dcd0cb8a4c1a86,cycle24_development,cycle24_final_refit_pool,6882,12618,20
ARCOMP_52e2044084714921,independent_cycle25_test,,10347,13478,67
ARCOMP_532ec3d0d1c85798,cycle24_development,cycle24_final_refit_pool,3532,11935,46
ARCOMP_536632b71900a3b9,independent_cycle25_test,,9864,13388,63
ARCOMP_539439a3a1cd5683,cycle24_development,cycle24_final_refit_pool,2605,11711,69
ARCOMP_539f0e3bf24087f5,independent_cycle25_test,,10430,13500,67
ARCOMP_53c76cc705fc01e4,cycle24_development,cycle24_final_refit_pool,285,11132,49
ARCOMP_53d186c4d015443e,cycle24_development,cycle24_final_refit_pool,5974,12420,68
ARCOMP_53d1bc2a53612ed6,independent_cycle25_test,,7706,12858,42
ARCOMP_53d52f24deb9696f,cycle24_development,cycle24_final_refit_pool,4640,12183,65
ARCOMP_53dade0764ce8932,independent_cycle25_test,,12923;12955,14033,117
ARCOMP_53e8c377545e98b4,cycle24_development,cycle24_final_refit_pool,1464,11434,60
ARCOMP_53f326748232ce06,independent_cycle25_test,,11711,13789,68
ARCOMP_5416b380b3a41104,cycle24_development,cycle24_final_refit_pool,6661,12561,4
ARCOMP_5461158e93ce4ec2,independent_cycle25_test,,9653,13332,64
ARCOMP_546cf9bbd6b7466c,cycle24_development,cycle24_final_refit_pool,2259,11626,43
ARCOMP_5497f25e311eb7a8,cycle24_development,cycle24_final_refit_pool,2380,11656,68
ARCOMP_549db1c6208190b6,independent_cycle25_test,,8010,12951,64
ARCOMP_54afe82f2164b22e,cycle24_development,cycle24_final_refit_pool,3520,11931,72
ARCOMP_54fc7f0ac3d0efd6,cycle24_development,cycle24_final_refit_pool,2181,11609,70
ARCOMP_5508aef098c83fe5,cycle24_development,cycle24_final_refit_pool,1892,11533,68
ARCOMP_55255ac53fb893c5,independent_cycle25_test,,8390,13052,69
ARCOMP_553a17bcf4fd4bd4,cycle24_development,cycle24_final_refit_pool,1715,11495,65
ARCOMP_5575fd11bbc50920,cycle24_development,cycle24_threshold_holdout,1572,11458,50
ARCOMP_5584722b23e0a89c,independent_cycle25_test,,14108,14297,60
ARCOMP_55a734792132deb4,cycle24_development,cycle24_final_refit_pool,2322,11636,70
ARCOMP_55bc96f557da2a5e,cycle24_development,cycle24_final_refit_pool,2525,11693,60
ARCOMP_5608a1637731efab,cycle24_development,cycle24_final_refit_pool,3103,11828,68
ARCOMP_560d712270957858,independent_cycle25_test,,11928,13833,59
ARCOMP_56103a5c01dcbb21,cycle24_development,cycle24_final_refit_pool,6829,12607,69
ARCOMP_5629fd8f91820b53,cycle24_development,cycle24_calibration_holdout,6107,12455,66
ARCOMP_562aca6f1fd4fdf2,cycle24_development,cycle24_threshold_holdout,853,11292,63
ARCOMP_563687e6748cb1bf,cycle24_development,cycle24_final_refit_pool,6957,12640,60
ARCOMP_5644ed05a392fea1,independent_cycle25_test,,13808,14228,67
ARCOMP_56a499cb89c722e0,cycle24_development,cycle24_final_refit_pool,5721,12374,31
ARCOMP_56bc8a44b38a9349,independent_cycle25_test,,11667,13781,67
ARCOMP_56e7c253ad659dbb,cycle24_development,cycle24_final_refit_pool,7251,12706,66
ARCOMP_56f258139c503761,cycle24_development,cycle24_calibration_holdout,245,11121,73
ARCOMP_570c9257e920a9ce,independent_cycle25_test,,10185,13454,63
ARCOMP_570ffcdf33c369b5,independent_cycle25_test,,11455,13729,68
ARCOMP_573de4cfcc008953,cycle24_development,cycle24_final_refit_pool,5976,12421,68
ARCOMP_5781814ff35bc5ca,independent_cycle25_test,,12017,13850,68
ARCOMP_57bb9ee780815b9e,cycle24_development,cycle24_final_refit_pool,2314,11635,65
ARCOMP_57bd25b301116f89,cycle24_development,cycle24_calibration_holdout,2825,11765,65
ARCOMP_57d0d7b186ff4952,independent_cycle25_test,,9370,13275,69
ARCOMP_57f011a62a362b06,independent_cycle25_test,,14090,14293,67
ARCOMP_582171cc9dbc4f75,independent_cycle25_test,,12962,14040,63
ARCOMP_5844720c06408e58,cycle25_early_diagnostic,,7498,12791,68
ARCOMP_5859df059bb19026,independent_cycle25_test,,13747,14215,67
ARCOMP_58647159c0dacc59,cycle24_development,cycle24_final_refit_pool,1657,11481,70
ARCOMP_586abb8e738fc1fa,cycle24_development,cycle24_final_refit_pool,3610,11954,62
ARCOMP_5871f21225c6c87d,supplementary_2026,,14328,14365,61
ARCOMP_588013da647524c0,independent_cycle25_test,,12546,13957,58
ARCOMP_5880688fe1c06daa,independent_cycle25_test,,9561,13311,80
ARCOMP_58b2456ade56b1f8,independent_cycle25_test,,14111,14294,61
ARCOMP_58f125d926c2a236,independent_cycle25_test,,11407,13718,58
ARCOMP_5909feeb12fdda2c,independent_cycle25_test,,14205,14320,64
ARCOMP_590c916b11a4f51a,cycle24_development,cycle24_final_refit_pool,3784,11987,60
ARCOMP_5924251952dd87cc,cycle24_development,cycle24_threshold_holdout,114,11095,69
ARCOMP_592f2f76fb91c4fd,independent_cycle25_test,,8440,13059,64
ARCOMP_59f442f3f8331f21,cycle24_development,cycle24_final_refit_pool,3612,11951,66
ARCOMP_5a0ea4e881214ac1,cycle24_development,cycle24_final_refit_pool,2598,11707,63
ARCOMP_5a0ff0f049f32846,independent_cycle25_test,,12471;12477,13934,128
ARCOMP_5a40a8439fcc41f2,independent_cycle25_test,,11587,13763,57
ARCOMP_5a5450be69e14b85,independent_cycle25_test,,11520,13753,64
ARCOMP_5a5db23aa81f3303,independent_cycle25_test,,9518,13303,67
ARCOMP_5a5e81c0d035e2cc,independent_cycle25_test,,9584,13315,67
ARCOMP_5a719ba1eead10a7,independent_cycle25_test,,10975,13608,41
ARCOMP_5aa8f3950d6e595e,independent_cycle25_test,,7590,12824,67
ARCOMP_5acdc94a8989d8be,cycle24_development,cycle24_final_refit_pool,918,11309,68
ARCOMP_5ae1cbf34f56ddf3,independent_cycle25_test,,14018,14281,17
ARCOMP_5b1e0fd3f515c706,independent_cycle25_test,,7922,12930,63
ARCOMP_5b8c464c42dadd83,cycle24_development,cycle24_threshold_holdout,3247,11857,63
ARCOMP_5bc7d9ed9e56a5b0,cycle24_development,cycle24_final_refit_pool,854,11294,63
ARCOMP_5bff29fdf83d9c74,cycle24_development,cycle24_final_refit_pool,6136,12458,67
ARCOMP_5c09ebbacde98e13,cycle24_development,cycle24_final_refit_pool,1993,11560,61
ARCOMP_5c108833c404f7d6,independent_cycle25_test,,7978,12940,59
ARCOMP_5c1bc8ab3bbba90d,independent_cycle25_test,,12798,14003,57
ARCOMP_5c21903d0aecc3af,cycle24_development,cycle24_final_refit_pool,7115,12673,64
ARCOMP_5c223fa0c177c8ac,independent_cycle25_test,,8032,12954,78
ARCOMP_5c2e169fbaa31cfd,cycle24_development,cycle24_final_refit_pool,4075,12050,67
ARCOMP_5c5e8001bf3b8480,cycle24_development,cycle24_final_refit_pool,7131,12680,68
ARCOMP_5c84262658b15e1e,independent_cycle25_test,,14124,14300,67
ARCOMP_5c888a19302bc1a2,independent_cycle25_test,,8766,13140,68
ARCOMP_5ca852252b51a17d,independent_cycle25_test,,10907,13602,68
ARCOMP_5caaea85799523a3,independent_cycle25_test,,10336,13479,68
ARCOMP_5cbbd01a7abf6a14,cycle24_development,cycle24_final_refit_pool,2739,11745,67
ARCOMP_5cdee1d7e0952f40,independent_cycle25_test,,10761,13572,59
ARCOMP_5cfdd63afd409372,cycle24_development,cycle24_final_refit_pool,6084,12452,68
ARCOMP_5d109c1ddd8ea8ca,cycle24_development,cycle24_final_refit_pool,7222,12693,23
ARCOMP_5d2113172af79bc8,cycle24_development,cycle24_final_refit_pool,3648,11957,67
ARCOMP_5d22e7cb3aacd3e3,independent_cycle25_test,,9550,13307,65
ARCOMP_5d22fa60d333cad5,cycle24_development,cycle24_final_refit_pool,892,11302,58
ARCOMP_5d306880ed8c546b,cycle24_development,cycle24_final_refit_pool,2061,11580,66
ARCOMP_5d3a3a76cf977684,cycle24_development,cycle24_final_refit_pool,580,11210,69
ARCOMP_5d4295b6202478c3,cycle24_development,cycle24_final_refit_pool,856,11295,66
ARCOMP_5d6a0f2472d78b37,independent_cycle25_test,,8507,13078,57
ARCOMP_5d9bf0f69462fcbb,independent_cycle25_test,,12679,13980,60
ARCOMP_5d9fee62c5f2e7c6,cycle24_development,cycle24_final_refit_pool,1480,11437,63
ARCOMP_5dd2e5cf8d3259fd,cycle24_development,cycle24_calibration_holdout,5749,12382,55
ARCOMP_5ddef9f3cac10e12,cycle25_early_diagnostic,,7401,12755,66
ARCOMP_5e146575ba6663df,independent_cycle25_test,,11236,13684,61
ARCOMP_5e26a9ec60dc9d69,cycle24_development,cycle24_final_refit_pool,5865,12400,66
ARCOMP_5e2c05cd459aa3b5,cycle25_early_diagnostic,,7513,12795,61
ARCOMP_5e463d5a07bd7d4d,cycle24_development,cycle24_final_refit_pool,4398,12128,69
ARCOMP_5e5c454121275bb7,independent_cycle25_test,,8840,13155,75
ARCOMP_5e6c814204b315d9,cycle24_development,cycle24_calibration_holdout,6313,12491,68
ARCOMP_5e8bc34d48d2e89d,cycle24_development,cycle24_final_refit_pool,1514,11448,65
ARCOMP_5e8ce7a27d0aed79,independent_cycle25_test,,10913,13604,68
ARCOMP_5e9ba42665c7fa81,independent_cycle25_test,,9305,13268,59
ARCOMP_5ed71d371d227e02,cycle24_development,cycle24_final_refit_pool,940,11314,80
ARCOMP_5eea649f46d9fca3,independent_cycle25_test,,9249,13258,70
ARCOMP_5efdc109aec19baa,independent_cycle25_test,,12009,13851,65
ARCOMP_5f05434f4fca3459,cycle24_development,cycle24_final_refit_pool,6838,12610,69
ARCOMP_5f635857b722d281,cycle24_development,cycle24_final_refit_pool,5518,12334,67
ARCOMP_5f8648d61161862d,independent_cycle25_test,,10328,13476,69
ARCOMP_5f91e1155f6e14f7,independent_cycle25_test,,9481,13297,67
ARCOMP_5f9530a0c2238f5f,cycle24_development,cycle24_final_refit_pool,1465,11433,62
ARCOMP_5f9f4099c6f824ad,cycle24_development,cycle24_final_refit_pool,2026,11569,47
ARCOMP_5fb651a9632fb477,independent_cycle25_test,,7749,12874,38
ARCOMP_5fcb5a55abd80aee,cycle24_development,cycle24_final_refit_pool,5111,12271,67
ARCOMP_601fde4006205f93,independent_cycle25_test,,8264,13024,72
ARCOMP_604d70e920830667,independent_cycle25_test,,9905,13399,60
ARCOMP_605b4c22bc94633b,cycle24_development,cycle24_final_refit_pool,3894,12017,64
ARCOMP_60684ae91f0c4a4b,independent_cycle25_test,,10527,13529,69
ARCOMP_606db1da5d171cf6,cycle24_development,cycle24_final_refit_pool,7075,12665,62
ARCOMP_60763bbc8d1221f8,independent_cycle25_test,,7825,12895,69
ARCOMP_60923da57e1d5e99,cycle24_development,cycle24_final_refit_pool,4376,12120,36
ARCOMP_60a1f5279ae8f7ef,independent_cycle25_test,,11297,13697,69
ARCOMP_60a43a36d298988c,cycle24_development,cycle24_calibration_holdout,5351;5361,12309,97
ARCOMP_60c8541df7ce0026,independent_cycle25_test,,13876,14247,62
ARCOMP_611ca52ddbf7d893,independent_cycle25_test,,11116,13657,67
ARCOMP_612aaf8b1c3f13e4,independent_cycle25_test,,13542,14153,54
ARCOMP_613ecc19624a7337,independent_cycle25_test,,9862,13386,60
ARCOMP_616e7eef6e18a735,independent_cycle25_test,,7596,12825,65
ARCOMP_618048b5d93cb395,independent_cycle25_test,,13145,14076,63
ARCOMP_6196319baaab07b2,independent_cycle25_test,,11573,13762,58
ARCOMP_619f77067208f2e9,independent_cycle25_test,,13790,14224,57
ARCOMP_61be0b0b9deba024,independent_cycle25_test,,11503,13739,41
ARCOMP_620d2f961bc810e1,independent_cycle25_test,,8616,13105,72
ARCOMP_6223d7873cf74bf3,cycle24_development,cycle24_final_refit_pool,5328,12301,61
ARCOMP_626d29cd1c0b0bb8,cycle24_development,cycle24_final_refit_pool,3114,11832,7
ARCOMP_626d7fa48a69f76d,cycle24_development,cycle24_final_refit_pool,4814,12212,69
ARCOMP_626e93dae3c2b80b,independent_cycle25_test,,12258,13899,67
ARCOMP_6279e4e3263916d1,cycle24_development,cycle24_final_refit_pool,7256,12709,66
ARCOMP_627af128d309fbc4,independent_cycle25_test,,13366,14116,64
ARCOMP_628ac4d18881efde,independent_cycle25_test,,11129,13659,61
ARCOMP_62f9fd42dabcb29a,independent_cycle25_test,,12071,13857,53
ARCOMP_63420719f0508cff,cycle24_development,cycle24_calibration_holdout,5823,12393,67
ARCOMP_6383de07b8782e7b,independent_cycle25_test,,7562,12812,69
ARCOMP_63a22c540cd2419c,independent_cycle25_test,,8545,13090,65
ARCOMP_63aad6c624a5f463,independent_cycle25_test,,13483,14137,24
ARCOMP_63c29c9b75a5a772,cycle24_development,cycle24_final_refit_pool,7147,12682,68
ARCOMP_63e81ca07e3e8a04,independent_cycle25_test,,10167,13450,74
ARCOMP_63eb37bf57a8bbc4,cycle24_development,cycle24_final_refit_pool,5652,12363,30
ARCOMP_63ef4ed08bfdaf6e,independent_cycle25_test,,8450,13063,64
ARCOMP_6416419197a260fc,cycle24_development,cycle24_final_refit_pool,3901,12020,66
ARCOMP_649ff837240f7e80,independent_cycle25_test,,8692,13122,24
ARCOMP_64b1b442e076c2fb,cycle24_development,cycle24_final_refit_pool,2011,11566,65
ARCOMP_64ba67c22cb80c93,independent_cycle25_test,,12611,13966,30
ARCOMP_64dc86c36c2ae581,cycle24_development,cycle24_threshold_holdout,7117,12674,63
ARCOMP_64e14b3aa3d6504d,independent_cycle25_test,,8245,13019,66
ARCOMP_64e63004dd5bf036,independent_cycle25_test,,9981,13413,65
ARCOMP_64e90814679e6005,independent_cycle25_test,,8043,12958,73
ARCOMP_64f943517f453653,cycle24_development,cycle24_final_refit_pool,5637,12360,67
ARCOMP_650b52eeac1f47eb,independent_cycle25_test,,8485,13074,62
ARCOMP_651655bed4b3ef0e,cycle24_development,cycle24_final_refit_pool,1946,11548,68
ARCOMP_65293cf5efed1a65,independent_cycle25_test,,10995,13620,68
ARCOMP_653c21d589ce8c36,cycle24_development,cycle24_final_refit_pool,7382,12747,31
ARCOMP_65962072d187588d,cycle24_development,cycle24_final_refit_pool,2651,11721,68
ARCOMP_659ac2abe5fdd613,independent_cycle25_test,,8417,13056,69
ARCOMP_65b98f77f220d7e3,independent_cycle25_test,,13434,14123,66
ARCOMP_6600f601a91c8b40,cycle24_development,cycle24_final_refit_pool,1942,11546,68
ARCOMP_6609b49c95b2a0f2,independent_cycle25_test,,11124,13658,25
ARCOMP_661817a32e043153,cycle24_development,cycle24_final_refit_pool,415,11171,66
ARCOMP_662a4489cb681490,cycle24_development,cycle24_calibration_holdout,6052,12439,73
ARCOMP_6648cc2fb4eed743,independent_cycle25_test,,10951;10982,13609,71
ARCOMP_666a5391261c8a9c,independent_cycle25_test,,7937,12932,68
ARCOMP_66852ff6fb79084c,independent_cycle25_test,,14143,14303,66
ARCOMP_6686bdeae052de53,independent_cycle25_test,,8023,12952,71
ARCOMP_66ae8655a957b74e,independent_cycle25_test,,7821,12894,72
ARCOMP_66b195cc37b664f7,independent_cycle25_test,,12405,13924,68
ARCOMP_66c86d01d19aaf7b,independent_cycle25_test,,8229,13010,68
ARCOMP_66e078b73fb789d7,cycle24_development,cycle24_final_refit_pool,2109,11589,15
ARCOMP_66ed2a163e00f44d,independent_cycle25_test,,11117,13654,60
ARCOMP_66f8eb6e698f6ac1,cycle24_development,cycle24_final_refit_pool,5366,12310,71
ARCOMP_66ffd5dd16cd3310,cycle24_development,cycle24_final_refit_pool,7022,12659,62
ARCOMP_671cb72b53b45182,independent_cycle25_test,,10624,13544,62
ARCOMP_6725840b61e75805,cycle24_development,cycle24_final_refit_pool,4864,12218,68
ARCOMP_67612079dad5b077,independent_cycle25_test,,8419,13061,70
ARCOMP_67691585c4355f85,independent_cycle25_test,,11646,13775,61
ARCOMP_67798e92df8ada84,independent_cycle25_test,,10793,13582,65
ARCOMP_677ad0a411bffee8,independent_cycle25_test,,11955;11974;11992,13840,115
ARCOMP_6782a554f056d689,independent_cycle25_test,,11555,13756,59
ARCOMP_67bc4b90b05a1c5c,cycle24_development,cycle24_final_refit_pool,38;45,11073,97
ARCOMP_67ce862a7ab98a6b,supplementary_2026,,14471,14388,58
ARCOMP_67d5622dddbc3a52,independent_cycle25_test,,10866,13591,72
ARCOMP_6803876dbc79bba3,independent_cycle25_test,,8286,13028,46
ARCOMP_681b81ab140d339f,independent_cycle25_test,,8470,13068,57
ARCOMP_68532893e1376897,independent_cycle25_test;supplementary_2026,,14220,14324,60
ARCOMP_68560e14ce0c5dae,cycle24_development,cycle24_final_refit_pool,4088,12052,70
ARCOMP_6867ec5b3cad9962,cycle24_development,cycle24_final_refit_pool,1026,11338,78
ARCOMP_6879bbf6621bf00d,independent_cycle25_test,,11373;11376,13712,133
ARCOMP_687aaab6959cd117,independent_cycle25_test,,13691,14195,70
ARCOMP_688ec2d7a05a2cc4,cycle24_development,cycle24_final_refit_pool,6439,12525,68
ARCOMP_68b2e28a533a0bf5,independent_cycle25_test,,8086,12974,67
ARCOMP_68f6276160836dd3,cycle24_development,cycle24_calibration_holdout,4295,12103,63
ARCOMP_69094a952a0fd1f3,independent_cycle25_test,,10506,13518,71
ARCOMP_6926b83b918e9434,cycle24_development,cycle24_calibration_holdout,7127,12678,64
ARCOMP_693ece46b7e77ec1,cycle24_development,cycle24_calibration_holdout,4954,12243,67
ARCOMP_69c685a0d2d15787,cycle24_development,cycle24_final_refit_pool,2519,11686,24
ARCOMP_69ca635f16954bfe,cycle24_development,cycle24_final_refit_pool,6319,12493,14
ARCOMP_69e4d5ad80e6d9cb,independent_cycle25_test,,8995,13199,64
ARCOMP_69e8e9a3fec470e8,cycle24_development,cycle24_threshold_holdout,26,11072,65
ARCOMP_69fe97ab46232182,independent_cycle25_test,,12873,14017,67
ARCOMP_6a32d2856f91fede,cycle24_development,cycle24_final_refit_pool,7246,12703,66
ARCOMP_6a42030a23d3e1dd,cycle24_development,cycle24_threshold_holdout,2360,11650,52
ARCOMP_6a57f50edc4ae4de,cycle24_development,cycle24_final_refit_pool,3293,11874,67
ARCOMP_6a5e54b29eb7525e,cycle24_development,cycle24_final_refit_pool,2672,11727,58
ARCOMP_6a68dd7519740361,cycle24_development,cycle24_calibration_holdout,5462,12327,68
ARCOMP_6a70d1f3fc01e2da,independent_cycle25_test,,7599,12827,65
ARCOMP_6a732e9f0c847183,independent_cycle25_test,,13845,14237,43
ARCOMP_6a7bbd18b8a6f455,cycle24_development,cycle24_final_refit_pool,997,11330,64
ARCOMP_6a8eaf88276145d9,cycle24_development,cycle24_final_refit_pool,438,11177,58
ARCOMP_6aa9883e0fa0824c,independent_cycle25_test,,8528,13088,64
ARCOMP_6aeb80010c63c52a,cycle24_development,cycle24_final_refit_pool,7229,12696,63
ARCOMP_6aff72ad6648c412,supplementary_2026,,14448,14381,54
ARCOMP_6b2b8e043176d316,supplementary_2026,,14498,14395,56
ARCOMP_6b366647d1e146b5,supplementary_2026,,14465,14385,53
ARCOMP_6b4824a61062c398,cycle24_development,cycle24_final_refit_pool,2186,11611,60
ARCOMP_6b6a48b6cdcc2310,cycle24_development,cycle24_final_refit_pool,6716,12579,65
ARCOMP_6b6f8acacaa9224b,cycle24_development,cycle24_final_refit_pool,6099,12453,63
ARCOMP_6b7325087c545942,independent_cycle25_test,,8918,13176,66
ARCOMP_6b91199cbf54cd91,cycle24_development,cycle24_final_refit_pool,667,11236,69
ARCOMP_6baec64e4bbf6302,independent_cycle25_test,,9587,13316,66
ARCOMP_6bb511bac67b5b88,independent_cycle25_test,,8983,13195,66
ARCOMP_6be463007e8a3f4c,cycle24_development,cycle24_final_refit_pool,5848,12396,67
ARCOMP_6be635ceb012a9cb,cycle24_development,cycle24_final_refit_pool,5845,12395,69
ARCOMP_6c02fbb0a594af47,supplementary_2026,,14491,14392,56
ARCOMP_6c0aae5244e35cfb,independent_cycle25_test,,9182,13242,67
ARCOMP_6c0cd8083e6dc54a,cycle24_development,cycle24_final_refit_pool,2044,11576,66
ARCOMP_6c2b226b24b51acd,independent_cycle25_test,,11025,13631,66
ARCOMP_6c2bdd1427fe380d,independent_cycle25_test,,9720,13345,67
ARCOMP_6c3af10c83b01dc4,cycle24_development,cycle24_calibration_holdout,6976,12649,63
ARCOMP_6c4e52b32deb50b5,cycle24_development,cycle24_final_refit_pool,318,11138,44
ARCOMP_6c55370fdd118e3a,independent_cycle25_test,,13036;13044,14057,132
ARCOMP_6c5a775def592e39,cycle24_development,cycle24_final_refit_pool,5186,12282,68
ARCOMP_6cae6084fc82eee6,independent_cycle25_test,,9902,13402,61
ARCOMP_6cb2eaf61ff31048,cycle24_development,cycle24_final_refit_pool,1832,11518,61
ARCOMP_6cc10aa515a2f1c6,independent_cycle25_test,,13649,14186,2
ARCOMP_6cdf0c9ed65de7a1,cycle24_development,cycle24_final_refit_pool,2887,11778,68
ARCOMP_6d0bb719e6df8a88,independent_cycle25_test,,10779,13576,66
ARCOMP_6d1c46debb0c3b71,independent_cycle25_test,,10180,13451,64
ARCOMP_6d34e0af7a0ee02a,cycle24_development,cycle24_threshold_holdout,2039,11574,8
ARCOMP_6da76457465582e8,independent_cycle25_test,,8667,13123,26
ARCOMP_6da89713a5f841b9,cycle24_development,cycle24_final_refit_pool,3686,11967,70
ARCOMP_6dcb636065c74feb,cycle24_development,cycle24_final_refit_pool,3129,11836,66
ARCOMP_6dce8b33df4ddaa4,cycle24_development,cycle24_final_refit_pool,4623,12181,67
ARCOMP_6dd1e6c8b309ab01,independent_cycle25_test,,13673,14190,51
ARCOMP_6ddd1dbf598c5399,cycle24_development,cycle24_final_refit_pool,7387,12751,10
ARCOMP_6ded21105a028860,cycle24_development,cycle24_final_refit_pool,798,11272,67
ARCOMP_6df65c28d04f96c8,cycle24_development,cycle24_final_refit_pool,3856,12008,67
ARCOMP_6e0de93af368a6a3,cycle24_development,cycle24_final_refit_pool,4973,12246,69
ARCOMP_6e1f2290940dae09,cycle24_development,cycle24_final_refit_pool,4252,12093,66
ARCOMP_6e280618d876e328,independent_cycle25_test,,11319,13706,65
ARCOMP_6e52293066b2aa26,cycle24_development,cycle24_final_refit_pool,4932,12236,70
ARCOMP_6e9a462954a7b574,cycle24_development,cycle24_final_refit_pool,4135,12064,61
ARCOMP_6eb955e28209fb9b,independent_cycle25_test,,10371,13482,67
ARCOMP_6ec8c6b81e08daa2,independent_cycle25_test,,10572,13534,69
ARCOMP_6f010c24695b46b6,cycle24_development,cycle24_final_refit_pool,5745,12381,62
ARCOMP_6f18bb7286d9b5ac,cycle24_development,cycle24_final_refit_pool,488,11188,66
ARCOMP_6f3c0ec72290454c,independent_cycle25_test,,7731,12863,67
ARCOMP_6f412ba397d15ed5,supplementary_2026,,14357,14367,65
ARCOMP_6f4b7d1354066bdf,cycle24_development,cycle24_threshold_holdout,5830,12392,65
ARCOMP_6f63208d77282c65,independent_cycle25_test,,7598,12826,2
ARCOMP_6f70763bd26b558a,cycle24_development,cycle24_threshold_holdout,3252,11862,67
ARCOMP_6f7eb37c8f2b063a,cycle24_development,cycle24_final_refit_pool,1093,11353,77
ARCOMP_6f7fe4aeaa79dfbd,independent_cycle25_test,,12806,14004,60
ARCOMP_6f87b32d6245d1c1,independent_cycle25_test,,10952,13607,64
ARCOMP_6f8bd229f0e695c4,independent_cycle25_test,,13881,14249,64
ARCOMP_6f9996bce0e218c6,cycle24_development,cycle24_threshold_holdout,4868,12219,61
ARCOMP_6f9dfd2831e04e43,cycle24_development,cycle24_final_refit_pool,4097,12055,70
ARCOMP_6fa2b7d10d93c40f,independent_cycle25_test,,9738,13355,70
ARCOMP_6fa2cc90c499c6de,cycle24_development,cycle24_calibration_holdout,3443,11914,63
ARCOMP_6fba84584046fc09,independent_cycle25_test,,7547,12802,5
ARCOMP_6fc3ca0368e67fc9,cycle24_development,cycle24_final_refit_pool,1948,11549,23
ARCOMP_6fc993b1db36a5b1,cycle24_development,cycle24_final_refit_pool,6246,12483,66
ARCOMP_6fe9fd3c2be1f2ed,cycle24_development,cycle24_threshold_holdout,1722,11493,65
ARCOMP_6ffdfe449dd5c46d,independent_cycle25_test,,14024,14280,67
ARCOMP_701f3924ee76090c,cycle24_development,cycle24_final_refit_pool,950,11316,68
ARCOMP_703be190ae8e66da,cycle24_development,cycle24_calibration_holdout,5020,12254,56
ARCOMP_704576779cd72bf8,independent_cycle25_test,,10143,13441,51
ARCOMP_70685be465246d90,independent_cycle25_test,,11098,13644,65
ARCOMP_708e57a81d970b5b,cycle24_development,cycle24_final_refit_pool,4225,12087,67
ARCOMP_709c705965a8c2c6,independent_cycle25_test,,8115,12983,72
ARCOMP_709dc97dcf6e1059,cycle24_development,cycle24_final_refit_pool,1959,11553,68
ARCOMP_70c7af26f4ffb982,independent_cycle25_test,,10259,13469,70
ARCOMP_70f6d638b8c9fc96,cycle24_development,cycle24_final_refit_pool,3176,11841,64
ARCOMP_712d3dbe2be48fcb,cycle24_development,cycle24_final_refit_pool,5011,12253,67
ARCOMP_71475f45e5a3d2c4,cycle24_development,cycle24_final_refit_pool,4820,12211,8
ARCOMP_7155a9f532c51335,cycle24_development,cycle24_final_refit_pool,455,11182,20
ARCOMP_7161b0e9a038a7d7,independent_cycle25_test,,8773,13144,65
ARCOMP_717070d0e4e24210,cycle24_development,cycle24_final_refit_pool,6523,12539,69
ARCOMP_7196812e66ceaea3,cycle24_development,cycle24_final_refit_pool,6544,12543,61
ARCOMP_71b589da778105d9,independent_cycle25_test,,8253,13021,66
ARCOMP_723327a61cc1660b,cycle24_development,cycle24_final_refit_pool,6027,12436,71
ARCOMP_72555347dfe86c40,cycle24_development,cycle24_final_refit_pool,1677,11486,66
ARCOMP_72795a62be86e553,cycle24_development,cycle24_final_refit_pool,2619,11714,64
ARCOMP_72a7f814e44c98f3,cycle24_development,cycle24_calibration_holdout,1866,11524,68
ARCOMP_72c9c89c1724f42f,independent_cycle25_test,,8490,13075,62
ARCOMP_72cde112935479a4,cycle24_development,cycle24_final_refit_pool,6507,12535,67
ARCOMP_72dd4762f580f06a,independent_cycle25_test,,10054,13426,67
ARCOMP_72f6f2bd4a3bea6b,cycle24_development,cycle24_final_refit_pool,4616,12178,68
ARCOMP_7301fe64d40cb392,cycle24_development,cycle24_final_refit_pool,7290,12717,23
ARCOMP_7316aefd89ba48dc,cycle24_development,cycle24_final_refit_pool,6566,12548,68
ARCOMP_7355301708d8d53c,cycle24_development,cycle24_final_refit_pool,107,11094,69
ARCOMP_736d4e1cd44974af,cycle24_development,cycle24_final_refit_pool,3620,11952,70
ARCOMP_738514f5d109fd1f,cycle24_development,cycle24_final_refit_pool,1907,11538,74
ARCOMP_738aba7188ddd831,independent_cycle25_test,,13532,14151,22
ARCOMP_739a0a9e9144c210,cycle24_development,cycle24_calibration_holdout,7348,12734,62
ARCOMP_739e54ae97461f20,cycle24_development,cycle24_final_refit_pool,3907,12024,66
ARCOMP_73b72897dfe339f6,cycle24_development,cycle24_final_refit_pool,6418,12519,64
ARCOMP_73c7440f68ab4520,independent_cycle25_test,,13517,14158,55
ARCOMP_73cce2e0690858cb,independent_cycle25_test,,8294,13031,69
ARCOMP_73e40e0f51683d22,cycle24_development,cycle24_final_refit_pool,5739,12385,62
ARCOMP_73ecba3ce482625c,cycle24_development,cycle24_threshold_holdout,5818,12391,70
ARCOMP_7406ac1de2727c78,independent_cycle25_test,,13446,13130,64
ARCOMP_742af40f74bebce0,independent_cycle25_test,,8950,13182,65
ARCOMP_742ce84b54eac924,cycle24_development,cycle24_final_refit_pool,744,11262,64
ARCOMP_745717604baece96,cycle24_development,cycle24_final_refit_pool,4422,12133,49
ARCOMP_74607be9627afd7f,independent_cycle25_test,,8402,13055,68
ARCOMP_7463aa7da437149f,independent_cycle25_test,,8729,13134,67
ARCOMP_7466623b384e2bb5,cycle24_development,cycle24_final_refit_pool,1996;1999,11563,118
ARCOMP_748f50656244b21b,cycle24_development,cycle24_final_refit_pool,6759,12592,70
ARCOMP_749c66cd23937c53,independent_cycle25_test,,9122,13233,65
ARCOMP_74d93bf4c5fbe643,cycle25_early_diagnostic,,7432,12768,64
ARCOMP_74fe2dc2648319a6,cycle24_development,cycle24_final_refit_pool,284,11133,71
ARCOMP_7514fbe8e1d213ae,independent_cycle25_test,,12235,13893,72
ARCOMP_752bcd446ab03595,independent_cycle25_test,,12865,14015,18
ARCOMP_753eca7b27f12fd3,cycle24_development,cycle24_final_refit_pool,7260,12710,67
ARCOMP_7576649db1c50c82,cycle24_development,cycle24_final_refit_pool,2239,11622,59
ARCOMP_75a3e81365db93a1,cycle24_development,cycle24_final_refit_pool,155,11103,6
ARCOMP_75aa2b6f2045fd65,cycle24_development,cycle24_final_refit_pool,6164,12464,66
ARCOMP_75ac263e5eebc0ad,independent_cycle25_test,,10434,13501,66
ARCOMP_75cf31863e17a3bd,cycle24_development,cycle24_final_refit_pool,2760,11753,80
ARCOMP_75d3e04d314d10b3,cycle24_development,cycle24_calibration_holdout,3879,12014,65
ARCOMP_75dc1dcd31581420,cycle24_development,cycle24_final_refit_pool,4761,12202,69
ARCOMP_76069c2b24a8d1bc,independent_cycle25_test,,8845,13158,68
ARCOMP_76151023f62a72a5,independent_cycle25_test,,9987,13415,67
ARCOMP_762183d3afd74cdc,independent_cycle25_test,,7860,12903,67
ARCOMP_763eeb593dbe4469,independent_cycle25_test,,12363,13916,69
ARCOMP_764c80fcc229feaf,cycle24_development,cycle24_final_refit_pool,3011,11812,65
ARCOMP_768f0adb3afddc71,cycle24_development,cycle24_final_refit_pool,1079,11350,72
ARCOMP_76a2d691b56a05de,independent_cycle25_test,,10567,13535,65
ARCOMP_76c472b21656dcc4,independent_cycle25_test,,13327,14106,63
ARCOMP_76c6e83974b11c4d,independent_cycle25_test,,9796,13370,69
ARCOMP_76ceaf8a9e75ffdc,independent_cycle25_test,,13652,14203,69
ARCOMP_76e168de8955d19c,cycle24_development,cycle24_calibration_holdout,7203,12691,55
ARCOMP_771499ceecf15a67,independent_cycle25_test,,8259,13022,65
ARCOMP_772bf55a8cbd68f0,independent_cycle25_test,,10264,13467,71
ARCOMP_773f5cd1f31c3704,cycle24_development,cycle24_calibration_holdout,572,11206,34
ARCOMP_773f686059ee3745,independent_cycle25_test,,8903,13169,70
ARCOMP_775a1a91c25d2825,cycle24_development,cycle24_final_refit_pool,7254,12708,69
ARCOMP_776404163d74d82d,cycle24_development,cycle24_calibration_holdout,3765,11985,24
ARCOMP_77810352ec83f25e,cycle24_development,cycle24_threshold_holdout,4882,12225,67
ARCOMP_77b3c2251d27dea6,cycle24_development,cycle24_final_refit_pool,128,11097,72
ARCOMP_77b9f7a4dca85d15,cycle24_development,cycle24_final_refit_pool,3580,11946,65
ARCOMP_77ea88426c7a654c,cycle24_development,cycle24_final_refit_pool,3188,11853,62
ARCOMP_77f1d67dc1bbdcde,cycle24_development,cycle24_final_refit_pool,2114,11592,31
ARCOMP_781cb1ae3fdbd9d5,independent_cycle25_test,,13009,14049,58
ARCOMP_781ddafc4b89d8e9,independent_cycle25_test,,8642,13114,69
ARCOMP_781fa45622233c5c,independent_cycle25_test,,8449,13062,67
ARCOMP_783c893d2ba81914,independent_cycle25_test,,7813,12892,36
ARCOMP_784b69aafea3cf1e,independent_cycle25_test,,10991,13621,39
ARCOMP_78553b347c280b5a,cycle24_development,cycle24_final_refit_pool,2922,11784,66
ARCOMP_7883a3d13c98dd20,independent_cycle25_test,,10840,13588,68
ARCOMP_78aa81bc1f00f401,independent_cycle25_test,,11420,13719,67
ARCOMP_78b380cc8b4bf113,independent_cycle25_test,,9478,13294,67
ARCOMP_78c71f9c8ebe9ef4,cycle24_development,cycle24_final_refit_pool,2626,11715,39
ARCOMP_791a81e29ae14daf,independent_cycle25_test,,9699,13340,71
ARCOMP_7930dc9f54fafd82,independent_cycle25_test,,7932,12928,44
ARCOMP_793140ca46785dd7,cycle24_development,cycle24_final_refit_pool,3942,12026,67
ARCOMP_794dab27d83ec9bf,cycle24_development,cycle24_threshold_holdout,6632,12556,68
ARCOMP_795549feaec9eecd,independent_cycle25_test,,7890,12916,68
ARCOMP_7961b2e2fc17cb57,independent_cycle25_test,,14183,14322,66
ARCOMP_79839f4c5451b0bb,independent_cycle25_test,,10156,13448,73
ARCOMP_79a0764ee4888f57,cycle24_development,cycle24_final_refit_pool,1424,11425,55
ARCOMP_79a69a32332f30d2,cycle24_development,cycle24_final_refit_pool,6983,12650,68
ARCOMP_79e80188490f5db0,cycle24_development,cycle24_final_refit_pool,2569,11697,28
ARCOMP_7a19bb637f3f5390,cycle24_development,cycle24_threshold_holdout,4383,12123,68
ARCOMP_7a42476313822170,cycle24_development,cycle24_final_refit_pool,3542,11937,71
ARCOMP_7a4449ff53433955,independent_cycle25_test,,12001,13848,64
ARCOMP_7a4edc65b4b7fff6,independent_cycle25_test,,10973,13614,67
ARCOMP_7a8cb151496ff52a,independent_cycle25_test,,13347,14110,65
ARCOMP_7b1e9b5e050f0759,independent_cycle25_test,,9353,13278,64
ARCOMP_7b27a44a02619524,cycle24_development,cycle24_final_refit_pool,7298,12718,57
ARCOMP_7b5168eb2cdb8a27,cycle24_development,cycle24_final_refit_pool,1455,11431,18
ARCOMP_7b65088355593d6f,independent_cycle25_test,,8263,13023,68
ARCOMP_7b746199812c9d13,cycle24_development,cycle24_final_refit_pool,2401,11659,47
ARCOMP_7b7caee4c374d2f5,cycle24_development,cycle24_final_refit_pool,590,11211,30
ARCOMP_7b93124af032c972,independent_cycle25_test,,12435,13926,70
ARCOMP_7ba1f9bd5754b662,independent_cycle25_test,,8675,13125,67
ARCOMP_7bb4139f20607f1e,independent_cycle25_test,,8795,13148,72
ARCOMP_7bb58f4ad6bbc2bf,cycle24_development,cycle24_final_refit_pool,5718,12373,70
ARCOMP_7bc6abd43785d0b8,cycle24_development,cycle24_final_refit_pool,2543,11698,63
ARCOMP_7c010e12a9da35cf,independent_cycle25_test,,14138,14306,68
ARCOMP_7c24bb83ca5d1eb3,cycle24_development,cycle24_final_refit_pool,5198,12288,69
ARCOMP_7c3277edc696ff2f,independent_cycle25_test,,8206,13006,72
ARCOMP_7c3ebbe7d52ae6a3,independent_cycle25_test,,12241,13896,63
ARCOMP_7c568a6575256665,cycle24_development,cycle24_final_refit_pool,2306,11633,68
ARCOMP_7c9a44d1f051b731,independent_cycle25_test,,11952,13837,49
ARCOMP_7cc3a8d54634402d,independent_cycle25_test,,9890,13394,62
ARCOMP_7cda61bd72f8b77d,cycle24_development,cycle24_threshold_holdout,1133,11365,61
ARCOMP_7cdace1f0b400dd2,independent_cycle25_test,,13340,14108,24
ARCOMP_7cdd146406c39d69,cycle24_development,cycle24_final_refit_pool,6411,12517,26
ARCOMP_7d2044fd2f9bb09c,cycle24_development,cycle24_final_refit_pool,40,11075,56
ARCOMP_7d21056d1fd2ae3e,independent_cycle25_test,,8096,12978,70
ARCOMP_7d539ccfd00685ae,cycle24_development,cycle24_final_refit_pool,3586,11948,69
ARCOMP_7d65ba23c7ed4f8a,independent_cycle25_test,,13292,14102,64
ARCOMP_7d707180ff379acc,cycle24_development,cycle24_final_refit_pool,765,11268,68
ARCOMP_7d8a1c021c1b0766,independent_cycle25_test,,13945,14265,19
ARCOMP_7db796c3ab803bf5,cycle24_development,cycle24_final_refit_pool,5789,12387,63
ARCOMP_7dc665792f9b41e3,cycle24_development,cycle24_final_refit_pool,3845,12003,36
ARCOMP_7dcc99219ea7256a,cycle24_development,cycle24_final_refit_pool,5230,12289,62
ARCOMP_7dccdbfd55e5c50c,cycle24_development,cycle24_final_refit_pool,3604,11950,68
ARCOMP_7df3ed63d41ad48d,independent_cycle25_test,,11510,13741,68
ARCOMP_7e03d1bd18977455,independent_cycle25_test,,13576,14166,14
ARCOMP_7e18b92f3e666761,independent_cycle25_test,,13935,14263,41
ARCOMP_7e2e34a38e19823c,independent_cycle25_test,,13264,14094,67
ARCOMP_7e44feb3757ba83b,cycle24_development,cycle24_final_refit_pool,2260,11627,55
ARCOMP_7e4b2b4f04a9cd66,independent_cycle25_test,,8435,13058,67
ARCOMP_7e72ab4f38bc974a,cycle24_development,cycle24_calibration_holdout,6178,12469,73
ARCOMP_7e76d09efd1b5de0,cycle24_development,cycle24_final_refit_pool,6666,12564,66
ARCOMP_7e77fe40bc392541,independent_cycle25_test,,13445,14129,59
ARCOMP_7e8553acb6bb4c0c,independent_cycle25_test,,8602,13102,64
ARCOMP_7ef06e7a2da0292e,cycle24_development,cycle24_threshold_holdout,1611,11469,62
ARCOMP_7f5f44ae24c15fd6,cycle24_development,cycle24_final_refit_pool,4667,12186,70
ARCOMP_7f6dc640e2be54dd,independent_cycle25_test,,10764,13571,61
ARCOMP_7f7c8f3c6b704096,independent_cycle25_test,,10489,13513,68
ARCOMP_7f989ede9d5bbe67,cycle24_development,cycle24_final_refit_pool,7171,12686,68
ARCOMP_7f9ce38f5047da9f,cycle24_development,cycle24_calibration_holdout,6680,12566,66
ARCOMP_7f9cfafea1ede957,independent_cycle25_test,,7549,12804,42
ARCOMP_7fc63e9bff327e97,cycle24_development,cycle24_final_refit_pool,338,11145,62
ARCOMP_7fcffac816b595a3,cycle24_development,cycle24_final_refit_pool,3813,11996,58
ARCOMP_7fe8b2a9108934c3,independent_cycle25_test,,11422,13720,66
ARCOMP_80144ee2d4150b30,independent_cycle25_test,,13004,14048,63
ARCOMP_8048d77b0d1d769b,independent_cycle25_test,,9381,13277,61
ARCOMP_804c3b8e3d7c5c20,independent_cycle25_test,,8240,13016,69
ARCOMP_804e60f36f758c33,independent_cycle25_test,,10274,13470,66
ARCOMP_80543e4ca94eb486,cycle24_development,cycle24_final_refit_pool,814,11277,71
ARCOMP_805c3869f9246e22,independent_cycle25_test,,13999,14272,76
ARCOMP_806fe5d84d813aa5,cycle24_development,cycle24_final_refit_pool,5856,12398,69
ARCOMP_8097c7f23384ed35,independent_cycle25_test,,8589,13100,68
ARCOMP_809c2499066fbcec,independent_cycle25_test,,10956,13610,65
ARCOMP_80cf86621337af05,independent_cycle25_test,,13855,14242,60
ARCOMP_810fb18e7053948a,cycle25_early_diagnostic,,7399,12753,72
ARCOMP_814b42805c76a44d,cycle24_development,cycle24_threshold_holdout,5724,12375,68
ARCOMP_814da2d8550a5b4f,supplementary_2026,,14292,14347,53
ARCOMP_81826c42aa76ab18,cycle24_development,cycle24_final_refit_pool,4851,12216,70
ARCOMP_81b50fd8d6a9ee52,cycle24_development,cycle24_final_refit_pool,2352,11648,51
ARCOMP_81cbd7af364efec2,cycle24_development,cycle24_final_refit_pool,2113,11595,6
ARCOMP_81d2e3b59124dde3,cycle24_development,cycle24_final_refit_pool,1119,11361,64
ARCOMP_81ddc9c4846d9650,cycle24_development,cycle24_final_refit_pool,7358,12741,66
ARCOMP_820da0be36ad984c,independent_cycle25_test,,9339,13271,22
ARCOMP_82136605431d284a,cycle24_development,cycle24_final_refit_pool,5658,12364,69
ARCOMP_8229ce85fa9cf5fd,independent_cycle25_test,,8041,12957,67
ARCOMP_8268f56612162153,independent_cycle25_test,,7543,12800,30
ARCOMP_8272bc51b8c16cc8,independent_cycle25_test,,13269,14098,45
ARCOMP_827db2d9c16ca36e,independent_cycle25_test,,7633,12835,67
ARCOMP_82c510463e921f6f,cycle24_development,cycle24_final_refit_pool,4955,12249,69
ARCOMP_82da7254b68212c6,independent_cycle25_test,,13199,14084,63
ARCOMP_82e5bfb9bce48d7a,independent_cycle25_test,,12243,13894,69
ARCOMP_830f19703b1c72ec,cycle24_development,cycle24_final_refit_pool,6754,12595,67
ARCOMP_83218c94c4e5013c,independent_cycle25_test,,7871,12907,69
ARCOMP_833c84dec47a4ccb,cycle24_development,cycle24_final_refit_pool,875,11300,13
ARCOMP_834db01375efbf55,cycle24_development,cycle24_final_refit_pool,6842,12609,36
ARCOMP_83602cc01b9ebd1f,supplementary_2026,,14479,14387,67
ARCOMP_837af5c78b8dc46b,independent_cycle25_test,,9941,13404,68
ARCOMP_839ec68bc34d7728,independent_cycle25_test,,11784,13803,68
ARCOMP_83aac74a95937109,independent_cycle25_test,,8078,12971,55
ARCOMP_83ab54dcabfc9d77,independent_cycle25_test,,12600,13962,54
ARCOMP_83ca204cf1737659,independent_cycle25_test,,8906,13170,68
ARCOMP_83e70b917701edd0,independent_cycle25_test,,11038,13632,65
ARCOMP_840342869c458318,cycle24_development,cycle24_calibration_holdout,4022,12039,52
ARCOMP_8416ce195f9b4501,cycle24_development,cycle24_calibration_holdout,327,11142,67
ARCOMP_8424aaac8b0b38b3,independent_cycle25_test,,10882,13596,69
ARCOMP_846116794ef0470c,cycle24_development,cycle24_final_refit_pool,4901,12229,66
ARCOMP_846bea439c9dd453,independent_cycle25_test,,13386,14117,65
ARCOMP_847e362e55dfea7a,cycle24_development,cycle24_final_refit_pool,2059,11579,69
ARCOMP_847e60e10e226fd2,independent_cycle25_test,,9927,13400,48
ARCOMP_848b11ba1cf07105,supplementary_2026,,14499,14396,30
ARCOMP_849e09ce34c23c22,cycle24_development,cycle24_final_refit_pool,2808,11761,65
ARCOMP_849f89e3108ab36b,cycle24_development,cycle24_final_refit_pool,6154,12462,67
ARCOMP_84c039bbf3dd9f10,independent_cycle25_test,,7569,12814,65
ARCOMP_84d515743ff604a6,cycle24_development,cycle24_final_refit_pool,6920,12628,61
ARCOMP_85293849d88c727f,independent_cycle25_test,,13624,14179,68
ARCOMP_8565aa04c96198b1,independent_cycle25_test,,9875,13392,62
ARCOMP_85669730edc163a2,cycle24_development,cycle24_final_refit_pool,1183,11376,67
ARCOMP_85a44a7e6d6b51b5,cycle24_development,cycle24_final_refit_pool,6938,12631,17
ARCOMP_85bc07727c818621,independent_cycle25_test,,10078,13429,58
ARCOMP_85e34658df590d0e,independent_cycle25_test,,7857,12902,60
ARCOMP_85ebe0d910118c49,independent_cycle25_test,,8678,13121,66
ARCOMP_860b26ee6020d0aa,cycle24_development,cycle24_threshold_holdout,89,11088,50
ARCOMP_860e4b9530c7b222,cycle24_development,cycle24_final_refit_pool,4071,12047,67
ARCOMP_8655469fe2df5857,independent_cycle25_test,,7690,12850,31
ARCOMP_865b4b46f10fb35e,cycle24_development,cycle24_final_refit_pool,6522,12538,66
ARCOMP_866fb03207257017,cycle24_development,cycle24_final_refit_pool,2450,11669,67
ARCOMP_868810fbb56ef5c1,supplementary_2026,,14245;14246,14337,117
ARCOMP_86a00afddbcf7463,independent_cycle25_test,,8539,13085,68
ARCOMP_86cb4bd2daf44d42,cycle24_development,,2178,11607,1
ARCOMP_86edafec9c304121,cycle24_development,cycle24_final_refit_pool,4000,12035,70
ARCOMP_86fdd1fd96b4ca87,cycle24_development,cycle24_final_refit_pool,2387,11658,64
ARCOMP_873fe24e2b94113d,cycle24_development,cycle24_final_refit_pool,6320,12494,67
ARCOMP_87606dc76d02e3cb,cycle24_development,cycle24_final_refit_pool,4025,12042,65
ARCOMP_8772cfb68c33542a,cycle24_development,cycle24_final_refit_pool,900,11304,57
ARCOMP_87952c2dc6af5c67,cycle24_development,cycle24_final_refit_pool,2571,11700,60
ARCOMP_87c915adfbd63400,cycle24_development,cycle24_final_refit_pool,4093;4108,12054,97
ARCOMP_87d52458c23b6f76,independent_cycle25_test,,9781,13363,67
ARCOMP_87dec16f20f69e50,cycle24_development,cycle24_calibration_holdout,1690;1697,11489,140
ARCOMP_880d40068778cf6c,independent_cycle25_test,,8049,12959,62
ARCOMP_8819cb85e9f26f53,cycle24_development,cycle24_final_refit_pool,466,11184,62
ARCOMP_8855658e4c165120,cycle24_development,cycle24_final_refit_pool,794,11271,68
ARCOMP_885764eef0f73a18,independent_cycle25_test,,13597;13606,14169,128
ARCOMP_885a635911153bd0,cycle24_development,cycle24_final_refit_pool,43,11076,52
ARCOMP_888a0fe0ab30bfec,independent_cycle25_test,,9679,13334,69
ARCOMP_889e6443caa75ea5,cycle24_development,cycle24_final_refit_pool,2291,11631,42
ARCOMP_88a026bc075e96d6,cycle24_development,cycle24_calibration_holdout,5212,12284,67
ARCOMP_88a6eb26e71361fd,independent_cycle25_test,,8093,12979,65
ARCOMP_88af2597bd1119d1,cycle24_development,cycle24_calibration_holdout,6681;6684,12568,67
ARCOMP_88af9529969802d1,cycle24_development,cycle24_threshold_holdout,5099,12267,60
ARCOMP_88d065d9c84f41a8,cycle24_development,cycle24_final_refit_pool,7189,12687,69
ARCOMP_88fae69ddae0e393,cycle24_development,cycle24_final_refit_pool,6075,12448,68
ARCOMP_891c2e050e1c1d7f,cycle24_development,cycle24_calibration_holdout,913,11308,71
ARCOMP_891dd234d971258c,cycle24_development,cycle24_final_refit_pool,3102;3108;3115,11826,33
ARCOMP_8937e6b9de7bdd80,cycle24_development,cycle24_final_refit_pool,2923,11786,34
ARCOMP_895c98f11c230801,cycle24_development,cycle24_final_refit_pool,3371,11901,50
ARCOMP_896988126328a809,cycle24_development,cycle24_final_refit_pool,3367,11898,69
ARCOMP_897295a2e839a2e6,cycle25_early_diagnostic,,7477,12785,69
ARCOMP_8973e56a53b661ba,cycle24_development,cycle24_final_refit_pool,3432,11908,71
ARCOMP_899126b0665203d3,cycle24_development,cycle24_final_refit_pool,4123,12061,62
ARCOMP_89c2590d12617f2d,cycle24_development,cycle24_final_refit_pool,4800,12207,70
ARCOMP_89f0f513d85e8640,cycle24_development,cycle24_threshold_holdout,1090,11359,67
ARCOMP_8a0a916216fc1640,cycle24_development,cycle24_threshold_holdout,4228,12090,69
ARCOMP_8a183ccdbf9eceb0,cycle24_development,cycle24_final_refit_pool,5118,12273,51
ARCOMP_8a453e21aeb23fd6,independent_cycle25_test,,11142,13661,61
ARCOMP_8a8275a16f60f788,cycle24_development,cycle24_final_refit_pool,4698,12192,64
ARCOMP_8a850cbb1cb777d8,cycle24_development,cycle24_threshold_holdout,2130,11596,57
ARCOMP_8a854269f9f0cc0f,independent_cycle25_test,,11891,13832,70
ARCOMP_8abcf9859d80293f,cycle24_development,cycle24_final_refit_pool,2270,11630,67
ARCOMP_8ac1c1fb6d4e5f8b,independent_cycle25_test,,8250,13020,70
ARCOMP_8afe2572f4d49d1c,cycle24_development,cycle24_threshold_holdout,4023,12041,21
ARCOMP_8b1daa7518b20ccb,cycle24_development,cycle24_final_refit_pool,799,11273,53
ARCOMP_8b2b9aca49f379a6,cycle24_development,cycle24_final_refit_pool,7386,12750,69
ARCOMP_8b31ccf374053343,cycle24_development,cycle24_final_refit_pool,4315,12108,65
ARCOMP_8b3a1e45548766cd,cycle24_development,cycle24_calibration_holdout,867,11299,63
ARCOMP_8b4bb1dc36a4e235,independent_cycle25_test,,8526,13082,64
ARCOMP_8b6cc63e8fc59f06,independent_cycle25_test,,10976,13615,64
ARCOMP_8b7ea1d50bc8c437,independent_cycle25_test,,7991,12943,62
ARCOMP_8b814a8b74aebbc0,cycle24_development,cycle24_final_refit_pool,7356,12739,19
ARCOMP_8b837f4dbf2edf06,cycle24_development,cycle24_calibration_holdout,2685,11728,70
ARCOMP_8b9988e030737ed0,cycle24_development,cycle24_final_refit_pool,5807,12390,68
ARCOMP_8bb48226d61efa60,cycle24_development,cycle24_final_refit_pool,3608,11953,66
ARCOMP_8bd375c2c9f0b359,cycle24_development,cycle24_final_refit_pool,2400,11660,67
ARCOMP_8c00af49cda102d1,cycle24_development,cycle24_final_refit_pool,6558,12546,67
ARCOMP_8c2c8ad91c9c87cf,independent_cycle25_test,,12810,14005,59
ARCOMP_8c65803191e0479d,cycle24_development,cycle24_final_refit_pool,909,11307,66
ARCOMP_8c8612ede00da73a,cycle24_development,cycle24_threshold_holdout,2910,11782,53
ARCOMP_8ca8743e6168fc0c,cycle24_development,cycle24_final_refit_pool,507,11194,9
ARCOMP_8cbaab0229876aa8,independent_cycle25_test,,9643,13331,70
ARCOMP_8cbb08c17a726f75,independent_cycle25_test,,13492,14138,33
ARCOMP_8ccab97f330c82c8,cycle24_development,cycle24_final_refit_pool,6550,12544,71
ARCOMP_8cd9401c5b4b4fd9,independent_cycle25_test,,13872,14244,58
ARCOMP_8cfb6b5433183233,independent_cycle25_test,,13417,14120,50
ARCOMP_8d26bc91e2cf5168,independent_cycle25_test,,13522,14150,50
ARCOMP_8d356d96e7a3d66d,cycle24_development,cycle24_calibration_holdout,394,11165,64
ARCOMP_8d5586bce54108b8,cycle24_development,cycle24_final_refit_pool,4943,12240,67
ARCOMP_8d587fba1ac17ae8,independent_cycle25_test,,9947,13405,69
ARCOMP_8d5937fba9cd4c7e,cycle24_development,cycle24_final_refit_pool,3149,11837,55
ARCOMP_8de8b07e6b682eda,independent_cycle25_test,,9303,13266,67
ARCOMP_8df68d902e43ae5d,cycle24_development,cycle24_final_refit_pool,772,11269,67
ARCOMP_8e68f6abe88b39f3,independent_cycle25_test,,9559,13310,68
ARCOMP_8e7f333b26a5373a,cycle24_development,cycle24_calibration_holdout,1564,11456,33
ARCOMP_8e9f06e12a243245,independent_cycle25_test,,13891,14252,62
ARCOMP_8ec9907b1bdcc129,cycle24_development,cycle24_threshold_holdout,7211,12692,68
ARCOMP_8f2babf0870c291d,independent_cycle25_test,,13245,14089,66
ARCOMP_8f2fdfc4c9119b86,supplementary_2026,,14551,14408,32
ARCOMP_8f30ecec7e8a636f,independent_cycle25_test,,9680,13335,71
ARCOMP_8f3ca977f4bb25fa,cycle24_development,cycle24_final_refit_pool,5675,12368,20
ARCOMP_8f4bef032583c7e2,independent_cycle25_test,,11823,13821,69
ARCOMP_8f68237201496816,independent_cycle25_test,,7976,12939,58
ARCOMP_8f7c949ee6deba4f,independent_cycle25_test,,7572,12817,2
ARCOMP_8f7ccef20c4b6d78,cycle24_development,cycle24_final_refit_pool,4284,12098,66
ARCOMP_8f8171a0bc29a0ab,independent_cycle25_test,,13946,14267,65
ARCOMP_8f8c581f726b8407,cycle24_development,cycle24_final_refit_pool,2904,11780,38
ARCOMP_8fa8722dbf135ecc,independent_cycle25_test,,8181,13000,67
ARCOMP_8fb6bc5868307a1c,cycle24_development,cycle24_threshold_holdout,5987,12426,59
ARCOMP_8fb7aa42fee04cc9,cycle24_development,cycle24_final_refit_pool,1662,11484,67
ARCOMP_8fdc7fe4b27af061,cycle24_development,cycle24_final_refit_pool,2710;2732,11736,27
ARCOMP_8ff1af47ef48cbdb,cycle24_development,cycle24_final_refit_pool,5039,12259,71
ARCOMP_90422ab3f6310031,independent_cycle25_test,,8288,13029,66
ARCOMP_9047382a5bdb8003,cycle24_development,cycle24_final_refit_pool,6428,12520,22
ARCOMP_9047bd2aca839003,cycle24_development,cycle24_final_refit_pool,325,11141,38
ARCOMP_9068aebc7c5fa27a,cycle24_development,cycle24_final_refit_pool,2240,11621,52
ARCOMP_9083bfd236a6db14,cycle24_development,cycle24_final_refit_pool,2945,11794,66
ARCOMP_9090a34c220dd046,independent_cycle25_test,,9001,13200,62
ARCOMP_90b53396442a6740,independent_cycle25_test,,7643,12837,69
ARCOMP_90ef8dca81a4c3a1,independent_cycle25_test,,7602,12829,67
ARCOMP_9109f5a1e4c82bcc,independent_cycle25_test,,8301,13030,70
ARCOMP_910ff6f968530edb,cycle24_development,cycle24_final_refit_pool,2748,11748,67
ARCOMP_912ce4cbea1beb2f,cycle24_development,cycle24_final_refit_pool,2353,11645,48
ARCOMP_91832e187b6f58a1,cycle24_development,cycle24_final_refit_pool,407,11169,67
ARCOMP_91883818d9eb9638,cycle24_development,cycle24_calibration_holdout,587,11208,65
ARCOMP_9198b521bfc69611,cycle24_development,cycle24_final_refit_pool,1064,11349,66
ARCOMP_91cabef96648e637,independent_cycle25_test,,9367,13273,63
ARCOMP_91f1f854b0b7510f,cycle24_development,cycle24_final_refit_pool,1573,11462,62
ARCOMP_920a52e0bb81b97a,independent_cycle25_test,,8150,12991,65
ARCOMP_921092c50bc3909a,independent_cycle25_test,,13644,14184,13
ARCOMP_923d20524b5f32df,independent_cycle25_test,,13722,14205,68
ARCOMP_92760789d3c716cf,cycle24_development,cycle24_final_refit_pool,7261,12711,20
ARCOMP_92770483ff3da287,cycle24_development,cycle24_final_refit_pool,270,11128,67
ARCOMP_92ab4aa47d5be720,independent_cycle25_test,,11926,13831,52
ARCOMP_92cf100d514746d5,independent_cycle25_test,,12885;12893,14020,131
ARCOMP_92e3d7fc47748761,cycle24_development,cycle24_final_refit_pool,429,11173,64
ARCOMP_92e7fd42c5e886b8,cycle24_development,cycle24_final_refit_pool,5537,12338,66
ARCOMP_93367724c070ecd1,independent_cycle25_test,,8658,13118,62
ARCOMP_9353906bf79f4140,independent_cycle25_test,,7753,12877,65
ARCOMP_93635927b7a6e923,independent_cycle25_test,,8978,13191,69
ARCOMP_9388bb8f8e80a1a8,independent_cycle25_test,,9452,13291,56
ARCOMP_93ac3b7a22ef724b,cycle24_development,cycle24_final_refit_pool,2581,11702,21
ARCOMP_93ad68f0c609b723,cycle24_development,cycle24_final_refit_pool,297,11135,70
ARCOMP_93aeabb5e00d53dd,cycle24_development,cycle24_final_refit_pool,1484,11440,47
ARCOMP_93e954afa76745f5,independent_cycle25_test,,9762,13361,72
ARCOMP_942e50992927c7b0,independent_cycle25_test,,8228,13009,21
ARCOMP_948e5369fe3c2ba7,independent_cycle25_test,,10300,13471,65
ARCOMP_94bb4f098027b88d,supplementary_2026,,14390;14397,14376,112
ARCOMP_94bd1b1d20d540f8,cycle24_development,cycle24_final_refit_pool,5544,12341,64
ARCOMP_94d3b9f1febfcb35,cycle24_development,cycle24_threshold_holdout,3288,11873,68
ARCOMP_94e8b8e7212fbc80,cycle24_development,cycle24_final_refit_pool,847,11289,59
ARCOMP_9515a6e690c0934a,cycle24_development,cycle24_final_refit_pool,817,11285,66
ARCOMP_951780bab02ece47,cycle24_development,cycle24_final_refit_pool,7110,12672,61
ARCOMP_9531da6dabab2036,cycle24_development,cycle24_final_refit_pool,5113,12276,68
ARCOMP_9543e4508492dedb,independent_cycle25_test,,9448,13289,61
ARCOMP_955b67b5b2d3bc82,cycle24_development,cycle24_final_refit_pool,241,11120,60
ARCOMP_959597b1b346c6e8,independent_cycle25_test,,13056,14060,52
ARCOMP_95ada338e5c2f7a5,cycle24_development,cycle24_final_refit_pool,2348,11651,53
ARCOMP_95bd20d375993ff7,independent_cycle25_test,,11548,13752,63
ARCOMP_95d1a0c6490c36ad,cycle24_development,cycle24_final_refit_pool,6345,12498,70
ARCOMP_95d25ec968a8091e,cycle24_development,cycle24_final_refit_pool,714,11251,67
ARCOMP_95dd51ef3215954e,independent_cycle25_test,,10651,13553,59
ARCOMP_95f33c22a85018df,cycle24_development,cycle24_final_refit_pool,6205,12472,53
ARCOMP_95fe9991e8c2fc05,cycle24_development,cycle24_final_refit_pool,7190,12688,24
ARCOMP_9618a1b9691ed661,independent_cycle25_test,,8623,13109,37
ARCOMP_963380d51be68dd6,cycle24_development,cycle24_final_refit_pool,6537,12542,63
ARCOMP_96665e008ede0c83,cycle24_development,cycle24_final_refit_pool,1658,11483,69
ARCOMP_967f6706881d893c,independent_cycle25_test,,7921,12926,49
ARCOMP_968dd9bcd3296580,cycle24_development,cycle24_final_refit_pool,1461,11432,62
ARCOMP_96c015398abfd64d,independent_cycle25_test,,9621,13325,46
ARCOMP_96c551e62b4352b9,independent_cycle25_test,,9155,13244,71
ARCOMP_96d1e86489f9be9c,cycle24_development,cycle24_final_refit_pool,4381,12122,65
ARCOMP_96d68def62312b00,cycle24_development,cycle24_final_refit_pool,2520,11687,63
ARCOMP_96eaf9873d7f84cc,independent_cycle25_test,,7803,12889,69
ARCOMP_970b5742c316b843,cycle24_development,cycle24_threshold_holdout,1186,11378,69
ARCOMP_9748138037411ed5,cycle24_development,cycle24_final_refit_pool,6273,12485,63
ARCOMP_976bc59e4c07ef92,cycle24_development,cycle24_final_refit_pool,5127,12277,64
ARCOMP_9779e38493350230,cycle24_development,cycle24_final_refit_pool,3474,11927,70
ARCOMP_977a60f6c03c0d3e,cycle24_development,cycle24_final_refit_pool,3323,11888,63
ARCOMP_9781ef1de2c1c51b,independent_cycle25_test,,8273,13025,9
ARCOMP_97a548535061cdf4,independent_cycle25_test,,14073,14288,66
ARCOMP_97b0e86c41f3b8b8,independent_cycle25_test,,12579,13959,58
ARCOMP_97ba126659342744,cycle24_development,cycle24_final_refit_pool,5315,12302,62
ARCOMP_981eb3197ddde0cf,cycle24_development,cycle24_final_refit_pool,226,11117,65
ARCOMP_9823da9b2ae17640,independent_cycle25_test,,9904,13397,59
ARCOMP_9828a2197c92ae97,cycle24_development,cycle24_final_refit_pool,2166,11602,70
ARCOMP_986d926c767bee22,independent_cycle25_test,,12532,13947,58
ARCOMP_98a4bd0de3091340,cycle24_development,cycle24_final_refit_pool,6518,12537,7
ARCOMP_98bfde16d1eb891b,cycle24_development,cycle24_calibration_holdout,4328,12111,63
ARCOMP_98c625a438e2d2e5,supplementary_2026,,14305,14349,59
ARCOMP_98de592a723ed108,cycle24_development,cycle24_threshold_holdout,3766,11981,68
ARCOMP_98de7446b08e7446,independent_cycle25_test,,12479,13935,59
ARCOMP_98f71b34f664bef1,independent_cycle25_test,,10784,13577,63
ARCOMP_9928ec642ceaf913,independent_cycle25_test,,13835,14234,63
ARCOMP_993590e157f929f4,cycle24_development,cycle24_final_refit_pool,7248,12704,62
ARCOMP_994a55bbd48b09f5,independent_cycle25_test,,12481,13937,47
ARCOMP_99a68be7f21f519b,cycle24_development,cycle24_calibration_holdout,1495,11447,47
ARCOMP_99ad1f7ef1171e9c,independent_cycle25_test,,7936,12933,67
ARCOMP_99b06ac44a0302bc,cycle24_development,cycle24_final_refit_pool,444,11180,64
ARCOMP_99cb762b12586a38,independent_cycle25_test,,7670,12845,40
ARCOMP_9a135df067284a17,independent_cycle25_test,,13736,14211,69
ARCOMP_9a7ab05d3578758e,cycle24_development,cycle24_threshold_holdout,4379,12121,67
ARCOMP_9a7d3d3b21590272,cycle24_development,cycle24_final_refit_pool,7120;7123,12675,22
ARCOMP_9ab51109982930b1,cycle24_development,cycle24_final_refit_pool,661,11234,66
ARCOMP_9ac37e505f3fa43a,cycle24_development,cycle24_final_refit_pool,1727,11497,63
ARCOMP_9ae0b78b801804a9,cycle24_development,cycle24_final_refit_pool,3779,11986,66
ARCOMP_9b28a1e58c2cfb15,cycle24_development,cycle24_final_refit_pool,7379,12744,69
ARCOMP_9b9fd06c721dae07,cycle24_development,cycle24_final_refit_pool,3171,11839,14
ARCOMP_9baac3098247ca60,cycle24_development,cycle24_final_refit_pool,5545,12342,64
ARCOMP_9bd98aa314a4180c,cycle24_development,cycle24_final_refit_pool,443,11181,69
ARCOMP_9be2f972d8865b8a,independent_cycle25_test,,7751,12875,17
ARCOMP_9be82e52459704c1,cycle24_development,cycle24_threshold_holdout,5940,12411,60
ARCOMP_9be85f89dddbac7e,independent_cycle25_test,,8546,13089,69
ARCOMP_9c239a4b6b6f27e4,independent_cycle25_test,,8885,13164,11
ARCOMP_9c759c15baa5cfe2,independent_cycle25_test,,13493,14140,55
ARCOMP_9c798260ba98fd6a,independent_cycle25_test,,13901,14254,65
ARCOMP_9c82c0916bd1a3f3,independent_cycle25_test,,10856,13590,68
ARCOMP_9cb40a379ef68716,cycle24_development,cycle24_final_refit_pool,589,11209,58
ARCOMP_9ccbe774b9432172,cycle24_development,cycle24_final_refit_pool,5692,12371,67
ARCOMP_9cd7a32c89d39d18,independent_cycle25_test,,11015,13630,68
ARCOMP_9cf71472d972c037,independent_cycle25_test,,11394,13717,22
ARCOMP_9d0cad2c37e6c633,cycle24_development,cycle24_final_refit_pool,700,11245,64
ARCOMP_9d108e4d0cb8bfea,cycle24_development,cycle24_final_refit_pool,6930,12629,67
ARCOMP_9d3a246618c4c86e,cycle24_development,cycle24_final_refit_pool,5103,12269,66
ARCOMP_9d3c035bde4ef8e2,independent_cycle25_test,,13773,14220,52
ARCOMP_9d44619e1d0d16d0,cycle24_development,cycle24_threshold_holdout,3344,11891,64
ARCOMP_9d727049ce061bec,cycle24_development,cycle24_final_refit_pool,3122,11835,67
ARCOMP_9db44b796ae289cc,cycle24_development,cycle24_final_refit_pool,6171,12467,67
ARCOMP_9de7b5b5b5aeb15e,cycle24_development,cycle24_final_refit_pool,5890,12404,67
ARCOMP_9e60546c2e68b421,cycle24_development,cycle24_final_refit_pool,1080,11357,66
ARCOMP_9e998b8802208722,cycle24_development,cycle24_final_refit_pool,932,11313,64
ARCOMP_9ea7e7d642cd9dde,independent_cycle25_test,,12623,13969,54
ARCOMP_9ee947caa1de60f3,cycle24_development,cycle24_final_refit_pool,1549,11455,60
ARCOMP_9efebc58f579e3dc,cycle24_development,cycle24_final_refit_pool,5004,12252,70
ARCOMP_9f228461347c72ec,independent_cycle25_test,,10086,13431,57
ARCOMP_9f280b64ec9d329c,cycle24_development,cycle24_final_refit_pool,6999,12654,68
ARCOMP_9f2f4a612272f56d,cycle24_development,cycle24_calibration_holdout,7313,12725,33
ARCOMP_9f318af72ff16fdc,independent_cycle25_test,,7740,12869,65
ARCOMP_9f3bab940686e510,independent_cycle25_test,,9861,13385,29
ARCOMP_9f5aa461b15a92b3,independent_cycle25_test,,8379,13049,63
ARCOMP_9f63090c48ee69a5,cycle24_development,cycle24_final_refit_pool,1877,11527,66
ARCOMP_9fbcf5597c52abd1,independent_cycle25_test,,9822,13376,64
ARCOMP_9fcf91a57de29ca8,cycle24_development,cycle24_final_refit_pool,224,11119,65
ARCOMP_9fd190f3be44a0ec,cycle24_development,cycle24_final_refit_pool,6722,12581,59
ARCOMP_9fdf2a0329467691,independent_cycle25_test,,9137,13235,65
ARCOMP_a00f226583f36e03,independent_cycle25_test,,8693,13124,19
ARCOMP_a0105aa38988ce0b,independent_cycle25_test,,10641,13550,57
ARCOMP_a0119825de0bd8c3,independent_cycle25_test,,7566,12813,17
ARCOMP_a05e4395192dafef,cycle24_development,cycle24_threshold_holdout,6815,12603,65
ARCOMP_a0826758d00ae780,cycle24_development,cycle24_final_refit_pool,5054,12261,69
ARCOMP_a0ad98cc7cec0a07,cycle24_development,cycle24_threshold_holdout,2017,11568,64
ARCOMP_a0ce9b2001a1693d,independent_cycle25_test,,8731,13132,28
ARCOMP_a0d5008a9928a0cd,cycle24_development,cycle24_final_refit_pool,3560,11942,66
ARCOMP_a0ef2db5652b9c69,cycle24_development,cycle24_threshold_holdout,2966,11797,67
ARCOMP_a10521d04c96d23e,independent_cycle25_test,,12404,13922,69
ARCOMP_a1477afeed0e4677,independent_cycle25_test,,8970,13187,66
ARCOMP_a1a9e2eb29826d3e,cycle24_development,cycle24_final_refit_pool,4679,12189,70
ARCOMP_a1c7444c5fc5ffe6,independent_cycle25_test,,9161,13238,67
ARCOMP_a1ee713142f03f96,independent_cycle25_test,,11152,13666,64
ARCOMP_a237cf6931d66284,cycle24_development,cycle24_threshold_holdout,3267,11867,63
ARCOMP_a26541e43600aba5,cycle25_early_diagnostic,,7453,12774,43
ARCOMP_a26d96634d616289,cycle24_development,cycle24_final_refit_pool,6803,12602,66
ARCOMP_a294a99e4930c46e,cycle24_development,cycle24_final_refit_pool,2585,11705,66
ARCOMP_a2a2068cf70c824e,cycle24_development,cycle24_final_refit_pool,3326,11886,52
ARCOMP_a2a7278e4444c33e,cycle24_development,cycle24_calibration_holdout,6206,12473,53
ARCOMP_a2bd7ae51ab3f104,independent_cycle25_test,,10235,13463,67
ARCOMP_a32b6034c8b4ad0d,independent_cycle25_test,,11317,13703,66
ARCOMP_a330a56d3c4bce2c,independent_cycle25_test,,10127,13440,68
ARCOMP_a33189b9eda33fd1,independent_cycle25_test,,8082,12972,66
ARCOMP_a340fb1c53d58cbf,independent_cycle25_test,,13403,14119,54
ARCOMP_a38a98119caace77,cycle24_development,cycle24_final_refit_pool,4678,12187,67
ARCOMP_a38d3ddcb133f625,independent_cycle25_test,,7716,12860,70
ARCOMP_a38fc6cf44882f11,cycle24_development,cycle24_final_refit_pool,421,11172,65
ARCOMP_a3c54da87b7e6403,cycle24_development,cycle24_calibration_holdout,6961,12641,61
ARCOMP_a3fe097943fe6c6f,cycle24_development,cycle24_final_refit_pool,676,11239,66
ARCOMP_a3feb2375df66609,independent_cycle25_test,,9348,13272,65
ARCOMP_a420273be3010508,cycle24_development,cycle24_final_refit_pool,5596;5598,12352,132
ARCOMP_a431a53e8ecadfe0,cycle24_development,cycle24_final_refit_pool,948,11317,67
ARCOMP_a44d2e69a27ca6f0,cycle24_development,cycle24_final_refit_pool,5026,12257,69
ARCOMP_a489ea32fd141123,cycle24_development,cycle24_final_refit_pool,6383,12506,58
ARCOMP_a4a12def40f80f52,cycle24_development,cycle24_final_refit_pool,1410,11421,37
ARCOMP_a4b06cf9b019b616,independent_cycle25_test,,14200,14319,67
ARCOMP_a4ba8394cf436a04,independent_cycle25_test,,8400,13054,19
ARCOMP_a4fa07c0ee6f9758,cycle24_development,cycle24_final_refit_pool,6500,12532,66
ARCOMP_a4fad7f811db40dc,cycle24_development,cycle24_final_refit_pool,58,11083,67
ARCOMP_a5905d96f2f3ee43,cycle25_early_diagnostic,,7412,12759,71
ARCOMP_a5a1da3b9df7fa6d,independent_cycle25_test,,8844,13153,67
ARCOMP_a5c40e69e2bf3d81,independent_cycle25_test,,7873,12906,70
ARCOMP_a5c68500a08c2218,cycle25_early_diagnostic,,7435,12769,61
ARCOMP_a5c6c5a433d0841a,independent_cycle25_test,,10629,13543,35
ARCOMP_a5ce921042938358,independent_cycle25_test;supplementary_2026,,14215,14323,60
ARCOMP_a5e3b3941076ee96,cycle24_development,cycle24_final_refit_pool,2249,11624,21
ARCOMP_a5f3265440a02ff2,cycle24_development,cycle24_final_refit_pool,1171,11375,66
ARCOMP_a5f568116cafb9a6,cycle24_development,cycle24_final_refit_pool,3048,11814,72
ARCOMP_a60e8d0a62ea52c5,cycle24_development,cycle24_calibration_holdout,3461,11915,42
ARCOMP_a6387471db5ceca5,cycle24_development,cycle24_final_refit_pool,5535,12336,64
ARCOMP_a665b3df62d381b1,cycle24_development,cycle24_threshold_holdout,347,11148,11
ARCOMP_a67924c86a4764d6,cycle24_development,cycle24_final_refit_pool,495,11190,60
ARCOMP_a67d109650a1dcb4,independent_cycle25_test,,12470,13931,67
ARCOMP_a68c1102e1632ac0,independent_cycle25_test,,13415,14121,60
ARCOMP_a693205559813f5a,independent_cycle25_test,,10225,13462,63
ARCOMP_a69e2077699d968a,cycle24_development,cycle24_final_refit_pool,5983,12422,67
ARCOMP_a6bb3ca3c92e27d9,cycle24_development,cycle24_final_refit_pool,3741,11978,17
ARCOMP_a6daa0d278386188,cycle24_development,cycle24_final_refit_pool,2733,11742,69
ARCOMP_a7034183f9f94bae,cycle24_development,cycle24_final_refit_pool,4718,12194,68
ARCOMP_a71466972c65e821,cycle24_development,cycle24_final_refit_pool,3049,11813,47
ARCOMP_a71a7f39bb0ba13b,cycle24_development,cycle24_final_refit_pool,2469,11671,70
ARCOMP_a728e6ce5c312f85,cycle24_development,cycle24_final_refit_pool,1256,11388,71
ARCOMP_a75e2efe5cf0e189,independent_cycle25_test,,7673,12846,72
ARCOMP_a75e7cd73b748d2b,independent_cycle25_test,,10743,13566,10
ARCOMP_a77459569233510b,cycle24_development,cycle24_calibration_holdout,1943,11547,68
ARCOMP_a7a11c3772ec6a00,independent_cycle25_test,,11170,13667,64
ARCOMP_a7da16d607b4616a,independent_cycle25_test,,12576,13958,51
ARCOMP_a814e43f7e4ff8e7,cycle24_development,cycle24_final_refit_pool,6820,12604,61
ARCOMP_a81943000a5dd130,independent_cycle25_test,,13711,14200,58
ARCOMP_a8723db21b872fcb,independent_cycle25_test,,8873,13162,67
ARCOMP_a8c87eb243f54bfd,cycle25_early_diagnostic,,7405,12757,63
ARCOMP_a8df5ec29135fd53,cycle24_development,cycle24_threshold_holdout,211,11112,66
ARCOMP_a8e5eaec2d6754c9,independent_cycle25_test,,9083,13214,61
ARCOMP_a8f9f4cd2681cc26,cycle24_development,cycle24_final_refit_pool,1381,11414,16
ARCOMP_a90f0f769588cff9,cycle24_development,cycle24_final_refit_pool,7192,12689,68
ARCOMP_a93852d29ef3901d,cycle24_development,cycle24_final_refit_pool,4190,12079,64
ARCOMP_a95ff208ca1abef7,cycle24_development,cycle24_final_refit_pool,1638,11476,66
ARCOMP_a9692f77b8d6f8bc,independent_cycle25_test,,8574,13095,4
ARCOMP_a9707a8665aa5381,cycle24_development,cycle24_calibration_holdout,705,11248,60
ARCOMP_a9845650b22726d2,cycle24_development,cycle24_final_refit_pool,595,11212,60
ARCOMP_a98a8983e8366d96,cycle24_development,cycle24_calibration_holdout,3364,11893,64
ARCOMP_a9b6a8f053a89159,independent_cycle25_test,,7571,12815,33
ARCOMP_a9ce14ba0dbea0eb,cycle24_development,cycle24_final_refit_pool,5956,12415,60
ARCOMP_a9f85755e71ba39b,independent_cycle25_test,,9772,13362,64
ARCOMP_aa06a1c22171184b,cycle24_development,cycle24_final_refit_pool,6281,12486,71
ARCOMP_aa1217b1840ab995,independent_cycle25_test,,10507,13519,68
ARCOMP_aa19714d15bc9223,cycle25_early_diagnostic,,7400,12754,13
ARCOMP_aa68a845c55facb8,cycle24_development,cycle24_final_refit_pool,6370,12504,42
ARCOMP_aa7ef7d1cc01a4dc,independent_cycle25_test,,8349,13040,67
ARCOMP_aa819c9f9589557f,independent_cycle25_test,,8167,12997,64
ARCOMP_aaab8174e3882819,independent_cycle25_test,,12853,14011,71
ARCOMP_aac93089f9624270,independent_cycle25_test,,12014,13849,66
ARCOMP_aae6a09643e1fecd,cycle24_development,cycle24_final_refit_pool,2942;2948,11789,104
ARCOMP_ab118444877d9add,cycle24_development,cycle24_final_refit_pool,5151,12281,67
ARCOMP_ab27dcc96e9b1f5d,independent_cycle25_test,,8116,12986,50
ARCOMP_ab4f923f4aefb266,cycle24_development,cycle24_final_refit_pool,7323,12727,33
ARCOMP_ab677efeb7d1a621,independent_cycle25_test,,12311,13908,74
ARCOMP_ab6d5e66023dd039,cycle24_development,cycle24_final_refit_pool,6064,12444,11
ARCOMP_abae4dbde9aaec73,independent_cycle25_test,,8483,13072,14
ARCOMP_abb2229702c9930f,cycle24_development,cycle24_final_refit_pool,5615,12355,67
ARCOMP_ac08e3ba0e1567e9,cycle24_development,cycle24_final_refit_pool,5083,12263,70
ARCOMP_ac3796fcaac02879,cycle24_development,cycle24_final_refit_pool,115,11093,67
ARCOMP_ac4f990bd9897b76,independent_cycle25_test,,9802,13372,71
ARCOMP_ac69d44b03fddd81,cycle24_development,cycle24_final_refit_pool,2898,11779,62
ARCOMP_ac9c0327b50c997e,independent_cycle25_test,,7917,12924,72
ARCOMP_acb7cb2ea85e6f4b,cycle24_development,cycle24_final_refit_pool,5144,12280,66
ARCOMP_ad2d6830baa38665,cycle24_development,cycle24_calibration_holdout,2420,11663,64
ARCOMP_ad5503428b6ce6fa,independent_cycle25_test,,12174,13880,78
ARCOMP_ad739d63493a73fa,cycle24_development,cycle24_final_refit_pool,7081,12666,45
ARCOMP_ad87cc6506656558,independent_cycle25_test,,7612,12832,48
ARCOMP_ad9dde8bc3b1bcab,cycle24_development,cycle24_final_refit_pool,1350,11410,72
ARCOMP_adbb51035cadfc2a,cycle24_development,cycle24_final_refit_pool,4915,12233,66
ARCOMP_add4c9d6c5264d52,independent_cycle25_test,,7918,12925,69
ARCOMP_add6fdd18246d1df,cycle24_development,cycle24_final_refit_pool,4920,12235,80
ARCOMP_ae01dc161bc2f76a,cycle24_development,cycle24_final_refit_pool,5850,12397,25
ARCOMP_ae1784487b17f9a7,cycle24_development,cycle24_final_refit_pool,342,11146,60
ARCOMP_ae190c0e9393957e,independent_cycle25_test,,13976,14270,36
ARCOMP_ae2e0db7acaff0a6,cycle24_development,cycle24_final_refit_pool,1405,11422,66
ARCOMP_ae389bfa7508d918,independent_cycle25_test,,8364,13044,69
ARCOMP_ae41381339fcefc9,cycle24_development,cycle24_final_refit_pool,4197,12080,68
ARCOMP_ae41ecec5f131081,cycle24_development,cycle24_final_refit_pool,6910,12625,64
ARCOMP_ae51a21f4ab46b40,independent_cycle25_test,,10089,13430,55
ARCOMP_ae55d99fd71dd259,cycle24_development,cycle24_final_refit_pool,536,11202,46
ARCOMP_ae61e41e1762c0b0,independent_cycle25_test,,8953,13185,63
ARCOMP_ae63c7cda8d1e0c3,cycle24_development,cycle24_final_refit_pool,1426,11426,51
ARCOMP_ae667a4dac918bbf,cycle24_development,cycle24_threshold_holdout,1471,11435,57
ARCOMP_ae6d2e9049bb5e57,independent_cycle25_test,,7581,12822,69
ARCOMP_ae868f8852da5a74,cycle24_development,cycle24_final_refit_pool,4781,12205,64
ARCOMP_ae9e6b47ba90b632,cycle24_development,cycle24_calibration_holdout,2610,11712,42
ARCOMP_aea2b53ed40247d7,cycle24_development,cycle24_final_refit_pool,6576,12551,70
ARCOMP_aebbac9995b42d71,cycle24_development,cycle24_final_refit_pool,6949,12635,66
ARCOMP_af1fe5fee3646efd,independent_cycle25_test,,8911,13172,74
ARCOMP_af23a43c445cd1cd,cycle24_development,cycle24_final_refit_pool,1582,11461,68
ARCOMP_af3bd5e36d2e8837,cycle24_development,cycle24_final_refit_pool,4186,12077,64
ARCOMP_af40d31f60b62ca2,independent_cycle25_test,,7532,12796,61
ARCOMP_af43007939efadff,cycle24_development,cycle24_final_refit_pool,3806,11992,60
ARCOMP_af5881767176be61,cycle24_development,cycle24_final_refit_pool,6731,12585,61
ARCOMP_af620ec3f938c3ce,independent_cycle25_test,,7728,12865,69
ARCOMP_af6bac18e091b199,cycle24_development,cycle24_final_refit_pool,5738;5750,12378,121
ARCOMP_afd6c6450c8f5078,cycle24_development,cycle24_final_refit_pool,1313,11403,67
ARCOMP_b02cb6c31a58947d,independent_cycle25_test,,8149,12990,67
ARCOMP_b03a0c5793e7e98b,independent_cycle25_test,,13887,14251,59
ARCOMP_b03df44ab23d986a,independent_cycle25_test,,13543,14154,52
ARCOMP_b0628bd187cb0c7d,cycle24_development,cycle24_final_refit_pool,5949,12417,50
ARCOMP_b0703a870b735039,independent_cycle25_test,,8020,12949,36
ARCOMP_b07bb503bb6037ac,cycle24_development,cycle24_final_refit_pool,57,11082,65
ARCOMP_b0985f6fddb6d1b6,cycle24_development,cycle24_calibration_holdout,3441,11910,40
ARCOMP_b0a434cca432a140,cycle24_development,cycle24_final_refit_pool,2021,11567,63
ARCOMP_b0a73a750b3437ca,cycle24_development,cycle24_calibration_holdout,2176,11606,65
ARCOMP_b0d780f937ca3492,independent_cycle25_test,,11930,13834,98
ARCOMP_b0e15c122c11aac7,independent_cycle25_test,,9172,13240,66
ARCOMP_b0f970ac4465bf51,independent_cycle25_test,,12906,14026,68
ARCOMP_b11b8de952512948,cycle24_development,cycle24_final_refit_pool,2749,11749,24
ARCOMP_b12b058b4367dad2,independent_cycle25_test,,8697,13126,64
ARCOMP_b15f084f555ec8e8,supplementary_2026,,14349,14363,67
ARCOMP_b15f9df14d90ce55,cycle24_development,cycle24_threshold_holdout,6015,12434,66
ARCOMP_b16d072815609c76,cycle24_development,cycle24_final_refit_pool,3926,12022,67
ARCOMP_b1765d5ec3e9d816,cycle24_development,cycle24_threshold_holdout,1348,11411,71
ARCOMP_b181cbc424d54bd6,cycle24_development,cycle24_final_refit_pool,1016,11335,67
ARCOMP_b1a4965b5e2c8cef,cycle24_development,cycle24_final_refit_pool,3154,11838,61
ARCOMP_b1b9c12717b948e3,cycle24_development,cycle24_final_refit_pool,274,11130,56
ARCOMP_b1b9fd3e97c0ee1f,independent_cycle25_test,,10102,13436,54
ARCOMP_b1df9e066523e888,cycle24_development,,2677,11733,60
ARCOMP_b1ef0a41f0fa6013,cycle24_development,cycle24_final_refit_pool,5220,12285,31
ARCOMP_b213ecb50437aeac,cycle24_development,cycle24_threshold_holdout,7013,12656,67
ARCOMP_b255bff207de784a,cycle24_development,cycle24_final_refit_pool,6789,12598,69
ARCOMP_b25beea602f2ee65,independent_cycle25_test,,14009,14276,72
ARCOMP_b268a65d5c144146,independent_cycle25_test,,13581,14167,37
ARCOMP_b27ffb3fa427a87c,cycle24_development,cycle24_final_refit_pool,3522,11932,16
ARCOMP_b28261b420bd9bba,cycle24_development,cycle24_calibration_holdout,3711,11971,66
ARCOMP_b285cf43bc0892bf,independent_cycle25_test,,8071;8075,12968,134
ARCOMP_b2a94fd473a1eff7,independent_cycle25_test,,7870,12905,64
ARCOMP_b2b33c0537b0ff53,cycle24_development,cycle24_final_refit_pool,4302,12105,63
ARCOMP_b2f0fac1f197176a,independent_cycle25_test,,10769,13575,31
ARCOMP_b318be126df5eea5,cycle24_development,cycle24_calibration_holdout,5582,12350,65
ARCOMP_b324e9abf8ff3b47,cycle24_development,cycle24_final_refit_pool,3688,11968,68
ARCOMP_b38016c5ff3f93be,cycle24_development,cycle24_final_refit_pool,3497,11925,71
ARCOMP_b39bf83c07b8e120,independent_cycle25_test,,13730,14210,63
ARCOMP_b3b397375b68b6d7,independent_cycle25_test,,13273,14097,64
ARCOMP_b40a010a74f1c4a2,cycle24_development,cycle24_final_refit_pool,3703,11970,63
ARCOMP_b41ea41fcaaea97c,independent_cycle25_test,,8799,13149,51
ARCOMP_b42ba23ebc869091,cycle24_development,cycle24_final_refit_pool,3824,11998,59
ARCOMP_b48c3476e7c2f3f8,cycle24_development,cycle24_final_refit_pool,3877,12011,16
ARCOMP_b4a02f04b40f8e29,independent_cycle25_test,,10987,13617,61
ARCOMP_b4a1f874a019f1ba,independent_cycle25_test,,8278,13027,67
ARCOMP_b4f7745ba581f950,independent_cycle25_test,,9491;9541,13306,90
ARCOMP_b4fd8f484078c80c,cycle24_development,cycle24_final_refit_pool,3957,12029,68
ARCOMP_b511c95964290263,independent_cycle25_test,,12667,13976,61
ARCOMP_b51e28849ed9eb33,independent_cycle25_test,,8883,13166,65
ARCOMP_b5224076f9fea09a,independent_cycle25_test,,9021,13206,63
ARCOMP_b52ee729b5972241,cycle24_development,cycle24_final_refit_pool,6892,12620,12
ARCOMP_b58406c5e145e990,independent_cycle25_test,,9323,13269,46
ARCOMP_b59279b1d3350504,independent_cycle25_test,,8893,13168,69
ARCOMP_b598ec8a076bdfa9,independent_cycle25_test,,11079,13637,68
ARCOMP_b5a3e23ed1920ad8,cycle24_development,cycle24_final_refit_pool,6868,12614,67
ARCOMP_b5a847e14d87ad25,cycle24_development,cycle24_final_refit_pool,5677,12369,66
ARCOMP_b5bb5c68ceca6438,independent_cycle25_test,,12261,13901,73
ARCOMP_b5cae5184a1c414c,cycle24_development,cycle24_calibration_holdout,1321,11401,59
ARCOMP_b5f1fe7bf3481fbd,cycle24_development,cycle24_final_refit_pool,1527,11451,64
ARCOMP_b5f56dc7b86e7281,independent_cycle25_test,,7863,12904,65
ARCOMP_b605325f0f05807a,cycle24_development,cycle24_final_refit_pool,6505,12533,65
ARCOMP_b6238f614ade15af,independent_cycle25_test,,11301,13698,69
ARCOMP_b65f2a71a9909569,cycle24_development,cycle24_final_refit_pool,5808,12389,65
ARCOMP_b67b9023acd9743e,cycle24_development,cycle24_final_refit_pool,2673,11726,49
ARCOMP_b68044481d7dea50,cycle24_development,cycle24_calibration_holdout,2491,11675,67
ARCOMP_b691147850e0928e,independent_cycle25_test,,8846,13156,69
ARCOMP_b6c5977f907ac27e,cycle24_development,cycle24_final_refit_pool,1680,11487,69
ARCOMP_b6fd3fa2eb0c663a,independent_cycle25_test,,13078,14071,51
ARCOMP_b738bb741bb1b90d,cycle24_development,cycle24_final_refit_pool,781,11270,73
ARCOMP_b7545eba7cbf436a,independent_cycle25_test,,8516,13081,59
ARCOMP_b764a889a24b0f6f,cycle24_development,cycle24_final_refit_pool,2262,11628,70
ARCOMP_b79f8b2a066a0083,independent_cycle25_test,,9109,13231,68
ARCOMP_b7bb4528137a821d,cycle24_development,cycle24_final_refit_pool,3557,11938,68
ARCOMP_b7c6569b0a49e273,independent_cycle25_test,,9042,13207,66
ARCOMP_b7c7cabd2b036c10,cycle24_development,cycle24_final_refit_pool,2117,11593,55
ARCOMP_b7d54cd2dc288d51,independent_cycle25_test,,11325,13710,29
ARCOMP_b7eace33ab30090a,cycle24_development,cycle24_final_refit_pool,6356,12500,8
ARCOMP_b7efeebe505d1cb6,cycle24_development,cycle24_final_refit_pool,92,11089,71
ARCOMP_b82624bf7cbfbb79,independent_cycle25_test,,13323,14105,68
ARCOMP_b83ab42edbcc50e3,cycle24_development,cycle24_final_refit_pool,5321,12300,23
ARCOMP_b861c9477da19c6a,independent_cycle25_test,,11178,13670,67
ARCOMP_b861d37d32e85142,cycle24_development,cycle24_final_refit_pool,185,11108,59
ARCOMP_b862cddbaac0fec8,independent_cycle25_test,,10834,13587,69
ARCOMP_b88aa509c69bef17,cycle24_development,cycle24_final_refit_pool,2982,11798,66
ARCOMP_b8caf2b96c7a3693,cycle24_development,,6974,12646,3
ARCOMP_b8d6fd529c5ad5d7,cycle24_development,cycle24_final_refit_pool,3601,11949,65
ARCOMP_b8d762a10242047d,cycle24_development,cycle24_final_refit_pool,927,11312,67
ARCOMP_b8db13aa5d62f9ac,cycle25_early_diagnostic,,7413,12760,66
ARCOMP_b8fa30cbae0815da,cycle24_development,cycle24_final_refit_pool,805,11275,66
ARCOMP_b907bd6a674f4bf5,cycle24_development,cycle24_final_refit_pool,1327,11404,28
ARCOMP_b917f6558f2d3394,cycle24_development,cycle24_final_refit_pool,1092,11354,67
ARCOMP_b920c4cd2652b56a,cycle24_development,cycle24_final_refit_pool,1278,11391,71
ARCOMP_b93da822eded694f,cycle24_development,cycle24_final_refit_pool,2587,11704,66
ARCOMP_b95a4e9fc9a0e91b,independent_cycle25_test,,12933,14036,63
ARCOMP_b95a9e75a706ea9c,independent_cycle25_test,,8060,12964,31
ARCOMP_b9962ba4fded7d0d,cycle24_development,cycle24_calibration_holdout,7305,12722,63
ARCOMP_b9afa40441508848,cycle24_development,cycle24_final_refit_pool,6492,12531,64
ARCOMP_b9cbabed0158cf6c,cycle24_development,cycle24_final_refit_pool,1028,11339,68
ARCOMP_b9d9a9963041c0c6,cycle24_development,cycle24_final_refit_pool,2663,11723,65
ARCOMP_b9fb7519b2857364,independent_cycle25_test,,9614,13323,67
ARCOMP_ba0410d0e6be9b8d,cycle24_development,cycle24_final_refit_pool,6869,12616,68
ARCOMP_ba0a43322c9117e9,independent_cycle25_test,,7745,12871,73
ARCOMP_ba478c3bf5a31287,cycle25_early_diagnostic,,7502,12792,69
ARCOMP_ba828fbbfe9a277b,cycle24_development,cycle24_final_refit_pool,86,11087,55
ARCOMP_bac98223a543203b,cycle24_development,cycle24_final_refit_pool,6769,12597,69
ARCOMP_bacb7b969adab348,independent_cycle25_test,,7746,12872,68
ARCOMP_bacc37ff2a220e0b,independent_cycle25_test,,13470,14135,54
ARCOMP_baedde15e3d0d5c1,independent_cycle25_test,,12094,13863,119
ARCOMP_bb04e4e4975bcd25,cycle24_development,cycle24_final_refit_pool,3240,11854,64
ARCOMP_bb92e9780d72b67e,cycle24_development,cycle24_final_refit_pool,248,11122,44
ARCOMP_bb993a830b2688dc,cycle24_development,cycle24_threshold_holdout,5957,12416,8
ARCOMP_bba905690810022b,independent_cycle25_test,,11513,13742,67
ARCOMP_bbcc3f19fdc078c8,cycle24_development,cycle24_final_refit_pool,6662,12562,65
ARCOMP_bc2a847568c65d5f,cycle24_development,cycle24_final_refit_pool,1594,11464,40
ARCOMP_bc6945bc4f0f3b72,cycle24_development,cycle24_final_refit_pool,6752,12590,28
ARCOMP_bc83e7a1b71dcf2a,cycle24_development,cycle24_final_refit_pool,7253,12707,11
ARCOMP_bcc5b5eb1681dce2,independent_cycle25_test,,11237,13685,67
ARCOMP_bccf8be382d1f3b6,independent_cycle25_test,,12879,14019,64
ARCOMP_bcd854407b89b080,cycle24_development,cycle24_final_refit_pool,639,11228,67
ARCOMP_bcf24eb3dc649c8d,cycle24_development,cycle24_final_refit_pool,5472,12329,14
ARCOMP_bd050e40ed24c1c7,cycle24_development,cycle24_calibration_holdout,3079,11821,20
ARCOMP_bd09d44cb1bca516,cycle24_development,cycle24_final_refit_pool,6054,12440,61
ARCOMP_bd46c9bb2cc67611,cycle24_development,cycle24_final_refit_pool,1396,11419,54
ARCOMP_bd56cc93af09cd64,independent_cycle25_test,,13439,14128,62
ARCOMP_bdada488f11bdf43,independent_cycle25_test,,11897,13826,27
ARCOMP_bdb466e93bc8b00a,cycle24_development,cycle24_calibration_holdout,1578,11460,62
ARCOMP_bdcb93beac2d67ea,supplementary_2026,,14297,14348,38
ARCOMP_bde10f0634bc48cb,independent_cycle25_test,,10320,13475,7
ARCOMP_be0e4fa8d24551bc,independent_cycle25_test,,12907,14028,68
ARCOMP_be2f19212eb5c249,independent_cycle25_test,,10702,13562,27
ARCOMP_be30948cdceaf05a,independent_cycle25_test,,8882,13165,48
ARCOMP_be655d9279db54c2,independent_cycle25_test,,10643,13548,62
ARCOMP_be65b8a7498b3838,cycle24_development,cycle24_final_refit_pool,6615,12554,13
ARCOMP_be6f4bc868953316,independent_cycle25_test,,13449,14131,32
ARCOMP_bea4f38012dec652,cycle24_development,cycle24_final_refit_pool,2492,11676,68
ARCOMP_bec84aa718609c38,cycle24_development,cycle24_calibration_holdout,3295,11877,62
ARCOMP_bf1a7816f5590c6a,independent_cycle25_test,,9188,13245,70
ARCOMP_bf4dd409bf48d6e0,independent_cycle25_test,,9752,13360,69
ARCOMP_bf68e7aae11025e4,independent_cycle25_test,,8005,12945,16
ARCOMP_bf9fa7d55dc6a9c4,independent_cycle25_test,,8466,13067,59
ARCOMP_bfe5d3bda9b41e09,cycle24_development,cycle24_final_refit_pool,1863,11523,67
ARCOMP_c01fb22397ba09c3,cycle24_development,cycle24_final_refit_pool,2177,11608,68
ARCOMP_c03951f20227e85b,independent_cycle25_test,,8281,13026,25
ARCOMP_c047acd3ab8515ed,independent_cycle25_test,,11875,13824,66
ARCOMP_c0582eae5c1d2f52,independent_cycle25_test,,7561,12811,68
ARCOMP_c0669bee81d4aa7d,cycle24_development,cycle24_final_refit_pool,5249,12293,60
ARCOMP_c0a332216a1cbbd8,cycle24_development,cycle24_final_refit_pool,5618,12356,72
ARCOMP_c0a4252007971914,cycle24_development,cycle24_final_refit_pool,846,11288,69
ARCOMP_c0a5ffbef0e5619a,independent_cycle25_test,,9698,13339,68
ARCOMP_c0a731f76b6a0672,independent_cycle25_test,,11817,13810,69
ARCOMP_c0c73fb30f7f467d,cycle24_development,cycle24_calibration_holdout,6069,12446,54
ARCOMP_c0fc2a98f1be3900,cycle24_development,cycle24_calibration_holdout,1124,11363,75
ARCOMP_c1939f22b1daa9a2,cycle24_development,cycle24_final_refit_pool,6396,12508,49
ARCOMP_c1a1267c830dd32f,independent_cycle25_test,,9522,13304,68
ARCOMP_c1f3129a520effa5,independent_cycle25_test,,13506,14144,56
ARCOMP_c21cf7b86a6e97ef,independent_cycle25_test,,8230,13011,71
ARCOMP_c2263f01c985a84a,cycle24_development,cycle24_final_refit_pool,5385,12314,60
ARCOMP_c2266a2675771bb4,cycle24_development,cycle24_final_refit_pool,1500,11445,67
ARCOMP_c2c995aab105f579,independent_cycle25_test,,7730,12864,75
ARCOMP_c2e6bb416329dc23,independent_cycle25_test,,9152,13243,64
ARCOMP_c3229b7c6c861e79,independent_cycle25_test,,7675,12849,66
ARCOMP_c32913b13c69b68c,cycle24_development,cycle24_final_refit_pool,2220,11618,57
ARCOMP_c32ae1d78ec6df1a,independent_cycle25_test,,9787,13365,37
ARCOMP_c35eecb62b6460f1,cycle24_development,cycle24_final_refit_pool,4872,12221,67
ARCOMP_c3905c95f62e8b76,supplementary_2026,,14439,14378,62
ARCOMP_c399fb823d4a3469,independent_cycle25_test,,11558,13757,62
ARCOMP_c3a2d0a36ef4b14c,cycle24_development,cycle24_final_refit_pool,651,11231,69
ARCOMP_c3bf55e7218ab424,cycle24_development,cycle24_final_refit_pool,1041,11341,70
ARCOMP_c423574efe0c2f23,independent_cycle25_test,,13105,14065,67
ARCOMP_c42affe2f49a9573,independent_cycle25_test,,9915,13410,62
ARCOMP_c4544a9e64903ef5,cycle24_development,cycle24_final_refit_pool,5342,12303,69
ARCOMP_c466638734908a7b,supplementary_2026,,14282,14341,55
ARCOMP_c477d8b6fc0d5c94,independent_cycle25_test,,11739,13793,67
ARCOMP_c48050e44a0d5647,independent_cycle25_test,,12086,13859,49
ARCOMP_c49488331fcb75e5,independent_cycle25_test,,12212,13888,2
ARCOMP_c49c98d93dc23021,independent_cycle25_test,,10672;10680,13560,119
ARCOMP_c4a1d922efbe9b11,cycle24_development,cycle24_final_refit_pool,5447,12321,70
ARCOMP_c4a9d89caf4d763b,cycle24_development,cycle24_calibration_holdout,494,11187,63
ARCOMP_c4b32eb0cb7d6c38,cycle24_development,cycle24_threshold_holdout,6585,12549,67
ARCOMP_c4b7f059ecbc5fa5,independent_cycle25_test,,9718,13344,4
ARCOMP_c4e31d4c7f6a48f3,independent_cycle25_test,,9893,13395,61
ARCOMP_c54129638689f00a,cycle24_development,cycle24_final_refit_pool,625,11223,65
ARCOMP_c542a7b689d79eb6,cycle24_development,cycle24_calibration_holdout,220,11115,71
ARCOMP_c5832a9424ddc324,independent_cycle25_test,,10020,13418,74
ARCOMP_c5a72ac78a0e63d2,cycle24_development,cycle24_final_refit_pool,975,11321,63
ARCOMP_c5ed616f5c789147,cycle24_development,cycle24_final_refit_pool,728,11256,63
ARCOMP_c63c449190d3d6df,cycle24_development,cycle24_final_refit_pool,480,11185,71
ARCOMP_c63c63d6099ef882,independent_cycle25_test,,10129,13437,31
ARCOMP_c6b61b1e5a4c4d41,cycle24_development,cycle24_final_refit_pool,146,11102,68
ARCOMP_c6c3d99237a5f3aa,independent_cycle25_test,,8540,13086,68
ARCOMP_c726a1e72691895a,cycle24_development,cycle24_final_refit_pool,7300,12720,22
ARCOMP_c73995ee2189ac92,independent_cycle25_test,,13612,14175,60
ARCOMP_c74f945c72f00edf,cycle24_development,cycle24_final_refit_pool,2920,11785,67
ARCOMP_c77ddc1a1c2d9513,cycle24_development,cycle24_final_refit_pool,3912,12021,65
ARCOMP_c788182cf8539a95,independent_cycle25_test,,8088,12975,65
ARCOMP_c789f542031a3a93,independent_cycle25_test,,11652,13776,63
ARCOMP_c789fa52021c0cb7,independent_cycle25_test,,9793,13367,62
ARCOMP_c7dbb46bc8eea975,independent_cycle25_test,,10598,13536,68
ARCOMP_c7eb431bb4c98e6e,cycle24_development,cycle24_final_refit_pool,956,11318,42
ARCOMP_c8112918551f35db,cycle24_development,cycle24_final_refit_pool,7237,12699,64
ARCOMP_c814338a143f1a9c,independent_cycle25_test,,11765,13801,68
ARCOMP_c835200b5e9db7c8,independent_cycle25_test,,7833,12896,69
ARCOMP_c851f2a5b3372783,independent_cycle25_test,,7583,12823,69
ARCOMP_c8c2621b6c455fb4,cycle24_development,cycle24_final_refit_pool,317,11137,66
ARCOMP_c8d8a3d231662284,independent_cycle25_test,,12109,13864,5
ARCOMP_c8e5f56b6f95a93a,independent_cycle25_test,,11760,13800,68
ARCOMP_c936deff128b37ab,independent_cycle25_test,,7913,12922,50
ARCOMP_c9455d746ab767c7,independent_cycle25_test,,12869,14018,68
ARCOMP_c976942a99217ccb,cycle24_development,cycle24_final_refit_pool,1628,11472,60
ARCOMP_c985343b956e5a37,cycle24_development,cycle24_final_refit_pool,6532,12541,62
ARCOMP_c987c1b16bbcff82,independent_cycle25_test,,10307,13473,68
ARCOMP_c9d48ce2f33f6e40,cycle24_development,cycle24_threshold_holdout,1497,11446,50
ARCOMP_c9e05226f13b9b71,cycle24_development,cycle24_final_refit_pool,2727,11741,71
ARCOMP_c9e5d6a3d420dea0,independent_cycle25_test,,13676,14189,62
ARCOMP_c9e6f4c3be05516d,cycle24_development,cycle24_calibration_holdout,4896,12228,32
ARCOMP_ca04c038d8ebbb4f,cycle24_development,cycle24_final_refit_pool,6317,12492,67
ARCOMP_ca314b9267f3a152,cycle24_development,cycle24_final_refit_pool,1249,11390,70
ARCOMP_ca39d016ebd24c8a,cycle24_development,cycle24_calibration_holdout,187,11109,61
ARCOMP_ca586411e58cd29d,independent_cycle25_test,,10603,13538,71
ARCOMP_ca737b20f83f4740,independent_cycle25_test,,13627,14180,65
ARCOMP_ca9465a9a4834c1d,independent_cycle25_test,,12708,13983,64
ARCOMP_cabcbc589b55ccee,cycle24_development,cycle24_final_refit_pool,803,11274,68
ARCOMP_cae40a9fb34a8dd7,cycle24_development,cycle24_final_refit_pool,6155,12463,68
ARCOMP_cae7470cc09145ec,cycle24_development,cycle24_final_refit_pool,3785,11988,52
ARCOMP_cb0c9f8c77e60318,independent_cycle25_test,,11209,13675,9
ARCOMP_cb23d538ff3bc619,cycle24_development,cycle24_final_refit_pool,4344;4817,12113,140
ARCOMP_cb26a6c5476bf4e4,cycle24_development,cycle24_final_refit_pool,2511,11683,64
ARCOMP_cb298d168269c9cd,cycle24_development,cycle24_threshold_holdout,532,11201,67
ARCOMP_cb43273053f98560,supplementary_2026,,14343,14372,62
ARCOMP_cb4cb04cb84030da,independent_cycle25_test,,11114,13652,67
ARCOMP_cb5ae53191920723,cycle24_development,cycle24_final_refit_pool,2337,11640,66
ARCOMP_cb6363136ae6944a,cycle24_development,cycle24_final_refit_pool,3635,11961,68
ARCOMP_cb6467f5e2746883,cycle24_development,cycle24_threshold_holdout,3330,11887,67
ARCOMP_cb663c209df1b2ec,independent_cycle25_test,,11786,13804,161
ARCOMP_cb97a0dcf2eba703,cycle24_development,cycle24_final_refit_pool,2661,11724,65
ARCOMP_cba20eef33f6db2d,cycle24_development,cycle24_final_refit_pool,6951,12637,59
ARCOMP_cba99ccbb4336941,independent_cycle25_test,,12930,14032,29
ARCOMP_cbe0de51d5057768,independent_cycle25_test,,9199,13247,69
ARCOMP_cbec0023932395e5,cycle24_development,cycle24_final_refit_pool,2341;2375,11642,68
ARCOMP_cbeedacb159bbfce,independent_cycle25_test,,12277,13909,73
ARCOMP_cbf7f86a97fb166e,supplementary_2026,,14332,14361,47
ARCOMP_cc05460c0c48c447,independent_cycle25_test,,13123,14070,59
ARCOMP_cc3056e82e403e6c,independent_cycle25_test,,10755,13569,56
ARCOMP_cc481986f296521b,cycle24_development,cycle24_final_refit_pool,5571,12349,66
ARCOMP_cc5920e93f40c9a2,independent_cycle25_test,,11291,13693,65
ARCOMP_cc69823c9787b5e2,cycle24_development,cycle24_threshold_holdout,1903,11535,72
ARCOMP_cc9b54463ab0ebcd,independent_cycle25_test,,13035,14056,67
ARCOMP_cca94a3fb5fddd51,cycle24_development,cycle24_final_refit_pool,1209,11380,68
ARCOMP_ccc83b018cde6647,cycle24_development,cycle24_final_refit_pool,4750,12199,67
ARCOMP_ccee72b0fb25d1be,cycle24_development,cycle24_final_refit_pool,4726,12195,67
ARCOMP_ccf3eb84864cea2e,cycle24_development,cycle24_final_refit_pool,3286,11872,65
ARCOMP_cd0138670df663a3,independent_cycle25_test,,8963,13184,68
ARCOMP_cd1eca32fa37e497,cycle24_development,cycle24_final_refit_pool,6327,12496,68
ARCOMP_cd3d84168dbd8b2a,cycle24_development,cycle24_final_refit_pool,7327,12731,66
ARCOMP_cd40e126f6cabc49,independent_cycle25_test,,7951;7959,12934,126
ARCOMP_cd59e2aba4b0a1d4,independent_cycle25_test,,12852,14013,31
ARCOMP_cd75c2788267b136,cycle25_early_diagnostic,,7431,12767,66
ARCOMP_cd7c21303ac2ade7,independent_cycle25_test,,10999,13622,68
ARCOMP_cd7d2f54edeb1006,independent_cycle25_test,,14063,14289,63
ARCOMP_cd8622ed5f37eab9,cycle24_development,cycle24_final_refit_pool,1931,11543,54
ARCOMP_ce19eaee7497f124,cycle24_development,cycle24_calibration_holdout,2522,11689,60
ARCOMP_ce975b6e2418ffb0,cycle24_development,cycle24_final_refit_pool,4683,12188,31
ARCOMP_cf01c4576a132c66,cycle25_early_diagnostic,,7450,12773,70
ARCOMP_cf18dec4755b2984,independent_cycle25_test,,12392,13920,67
ARCOMP_cf465fcc9df6b6d1,cycle24_development,cycle24_calibration_holdout,6798,12600,66
ARCOMP_cf4b63a93e9b6bcd,cycle24_development,cycle24_calibration_holdout,1979,11558,57
ARCOMP_cf4edb7690798647,independent_cycle25_test,,11487,13736,72
ARCOMP_cf7e15b14ce3f44d,independent_cycle25_test,,9111,13227,51
ARCOMP_cf7e3cd54a203b2e,independent_cycle25_test,,7807,12891,68
ARCOMP_cf93f05c21f9143b,independent_cycle25_test,,9706,13342,5
ARCOMP_cfe7a044c961a86c,independent_cycle25_test,,13476,14136,69
ARCOMP_d00ea1f74d53df88,independent_cycle25_test,,9969,13412,70
ARCOMP_d03bac9047252c3c,independent_cycle25_test,,12186,13881,65
ARCOMP_d05f9e032334fdce,independent_cycle25_test,,8878,13163,69
ARCOMP_d073c4fff2cf723a,independent_cycle25_test,,12055,13856,61
ARCOMP_d0bc3aaff9ac7830,cycle24_development,cycle24_final_refit_pool,6006,12432,70
ARCOMP_d0bd644b41471c7b,cycle24_development,cycle24_threshold_holdout,6545,12545,65
ARCOMP_d0bedd83f3aae771,cycle24_development,cycle24_final_refit_pool,1338,11408,67
ARCOMP_d127a2526eef76a0,cycle24_development,cycle24_final_refit_pool,764,11267,66
ARCOMP_d13b051f2d0ad6f7,cycle24_development,cycle24_final_refit_pool,3205,11849,61
ARCOMP_d160eb2a194abc8e,cycle24_development,cycle24_final_refit_pool,2711,11737,67
ARCOMP_d16916671d8f3d41,cycle24_development,cycle24_threshold_holdout,7097,12669,27
ARCOMP_d169fb216ddcbd69,cycle24_development,cycle24_final_refit_pool,2878,11777,69
ARCOMP_d16cc2598c9a2037,supplementary_2026,,14355,14366,63
ARCOMP_d19bed889fbeaea2,independent_cycle25_test,,12598,13963,50
ARCOMP_d1a9e9ad2de634f6,independent_cycle25_test,,8640,13112,70
ARCOMP_d1b578c64fbd228a,cycle24_development,cycle24_final_refit_pool,1168,11374,67
ARCOMP_d1ba6b9e7d192e41,independent_cycle25_test,,13548,14155,52
ARCOMP_d1d804e73e5294e1,cycle24_development,cycle24_final_refit_pool,6958,12639,7
ARCOMP_d1ea61b5935df401,independent_cycle25_test,,9388,13280,24
ARCOMP_d1f76fe336cc7919,independent_cycle25_test,,13117,14068,61
ARCOMP_d20c8b966a9e47a8,cycle24_development,cycle24_final_refit_pool,3386,11902,51
ARCOMP_d23a24ffcd59d365,independent_cycle25_test,,10248,13465,67
ARCOMP_d24426228e87f501,cycle24_development,cycle24_threshold_holdout,693,11246,65
ARCOMP_d2470e0a47d3f232,supplementary_2026,,14514,14400,48
ARCOMP_d255304f11a643a7,independent_cycle25_test,,7835,12897,66
ARCOMP_d2724083c867e8c8,cycle24_development,cycle24_threshold_holdout,3448,11916,68
ARCOMP_d2813588ecad87e2,cycle24_development,cycle24_final_refit_pool,6711,12578,62
ARCOMP_d2a5e88acea52202,cycle24_development,cycle24_final_refit_pool,2597,11713,67
ARCOMP_d2accfd2fce62f7c,cycle24_development,cycle24_final_refit_pool,2999,11801,68
ARCOMP_d2c14f39c9eb59e5,cycle24_development,cycle24_final_refit_pool,750,11261,66
ARCOMP_d2d33f0169684257,cycle24_development,cycle24_threshold_holdout,3996,12034,67
ARCOMP_d2fe3a2f92f5e693,cycle24_development,cycle24_final_refit_pool,7236,12698,45
ARCOMP_d2ff988b3ff4ea55,cycle24_development,cycle24_final_refit_pool,3019,11807,39
ARCOMP_d31c227b7327802d,cycle24_development,cycle24_threshold_holdout,1221,11383,68
ARCOMP_d32c6467b5f4cd44,supplementary_2026,,14375,14374,68
ARCOMP_d3468f27e67f5cf3,cycle24_development,cycle24_final_refit_pool,6210,12475,50
ARCOMP_d3506df83fc2bb9c,cycle24_development,cycle24_final_refit_pool,5483,12330,69
ARCOMP_d378842ca9ca1f75,independent_cycle25_test,,10015,13417,66
ARCOMP_d38ea39cdf9dee61,independent_cycle25_test,,13930,14264,66
ARCOMP_d3ce37a146364e03,cycle24_development,cycle24_final_refit_pool,6454,12526,67
ARCOMP_d3e045330ce080a2,supplementary_2026,,14371,14373,61
ARCOMP_d3f61796347afdc6,independent_cycle25_test,,12492,13939,42
ARCOMP_d41f0888a6bb4478,cycle24_development,cycle24_final_refit_pool,650,11232,71
ARCOMP_d42984e8a5a5b3a5,independent_cycle25_test,,8326,13034,67
ARCOMP_d4425b217ff89fea,independent_cycle25_test,,13501,14142,57
ARCOMP_d49fb3443b87c47b,cycle24_development,cycle24_final_refit_pool,3311,11882,68
ARCOMP_d4ed1b78fc273cfe,independent_cycle25_test,,9604;9606;9609,13320,204
ARCOMP_d511307890b02ca8,independent_cycle25_test,,8561,13092,69
ARCOMP_d53d27b7ac3a796f,independent_cycle25_test,,10678,13559,64
ARCOMP_d541595e93f5a05b,cycle24_development,cycle24_final_refit_pool,3826,12000,58
ARCOMP_d5562f064282265d,independent_cycle25_test,,9724,13346,65
ARCOMP_d55e6dbf38e48ce3,cycle24_development,cycle24_final_refit_pool,223,11118,68
ARCOMP_d5875c28d12211ae,independent_cycle25_test,,11263,13689,68
ARCOMP_d58b534fa3bfe77e,independent_cycle25_test,,13053,14058,27
ARCOMP_d58fcfdc092411b0,independent_cycle25_test,,11192,13673,69
ARCOMP_d5c0ff2779cdcbd2,independent_cycle25_test,,7699,12855,51
ARCOMP_d5cbce5223ba4be5,cycle24_development,cycle24_final_refit_pool,7034,12661,66
ARCOMP_d5f6d439613b59da,independent_cycle25_test,,10911,13603,68
ARCOMP_d623c92b19073f46,cycle24_development,cycle24_final_refit_pool,5002,12251,68
ARCOMP_d63c90fc97be6a94,cycle24_development,cycle24_final_refit_pool,5107,12268,64
ARCOMP_d6871d3d6fe789c5,independent_cycle25_test,,7896,12919,67
ARCOMP_d6b6f40ff85c2b1f,independent_cycle25_test,,12541,13952,38
ARCOMP_d6d5923736f78751,cycle24_development,cycle24_final_refit_pool,6613,12553,69
ARCOMP_d6dcff9cc189e740,independent_cycle25_test,,8914,13173,70
ARCOMP_d6f82df4a26275ff,independent_cycle25_test,,8370;8371,13045,135
ARCOMP_d700e30604b08f67,cycle24_development,cycle24_final_refit_pool,7275,12715,68
ARCOMP_d713f7de47fd89ad,independent_cycle25_test,,10720,13568,57
ARCOMP_d7233c9259e8ab21,cycle24_development,cycle24_final_refit_pool,2560,11696,58
ARCOMP_d72eec8192fc5a85,independent_cycle25_test,,9424,13285,64
ARCOMP_d72fe78b5a9f0768,independent_cycle25_test,,7872,12910,68
ARCOMP_d74d755356d58622,cycle24_development,cycle24_final_refit_pool,851,11291,65
ARCOMP_d750b39209d9f27c,cycle24_development,cycle24_final_refit_pool,403,11167,66
ARCOMP_d75fb545645fc827,independent_cycle25_test,,13203,14088,66
ARCOMP_d762513140e2b806,cycle24_development,cycle24_final_refit_pool,147,11104,70
ARCOMP_d76bdbb379fbb4b9,independent_cycle25_test,,13102,14063,42
ARCOMP_d77f2f48385da9ca,independent_cycle25_test,,13895,14253,37
ARCOMP_d7883fbda921f513,independent_cycle25_test,,12506;12511,13942,109
ARCOMP_d79fd708dbdf25bc,independent_cycle25_test,,13574,14165,58
ARCOMP_d7d354999a8512b9,cycle24_development,cycle24_final_refit_pool,2636,11718,66
ARCOMP_d806797037a5b802,cycle24_development,cycle24_final_refit_pool,6703,12576,59
ARCOMP_d80d8585c0467266,independent_cycle25_test,,9519,13309,67
ARCOMP_d81557c84e5e1749,independent_cycle25_test,,9405,13290,69
ARCOMP_d82a30f4a531f751,cycle24_development,cycle24_final_refit_pool,6530,12540,64
ARCOMP_d82ea6157f734967,cycle24_development,cycle24_final_refit_pool,3482,11919,26
ARCOMP_d844bdd76cb169ee,cycle24_development,cycle24_final_refit_pool,6167,12465,70
ARCOMP_d85a2a9694e25ac7,independent_cycle25_test,,13231,14095,65
ARCOMP_d85c2ced4b99c63d,cycle24_development,cycle24_threshold_holdout,401,11166,68
ARCOMP_d87f348e21c8e2c1,cycle24_development,cycle24_final_refit_pool,2144,11600,63
ARCOMP_d88a997373176e81,cycle24_development,cycle24_final_refit_pool,2541,11691,58
ARCOMP_d8e31e455b4b78ed,independent_cycle25_test,,9857,13380,60
ARCOMP_d910b41898f7a4a4,cycle24_development,cycle24_final_refit_pool,2191,11613,51
ARCOMP_d9428eb7e4cef374,independent_cycle25_test,,11679,13782,69
ARCOMP_d95dfd0d9bd8d719,cycle24_development,cycle24_final_refit_pool,2329,11639,67
ARCOMP_d968bf9324eac125,cycle24_development,,6692,12571,50
ARCOMP_d970eba867cb83cf,independent_cycle25_test,,12456,13927,69
ARCOMP_d97d7cf7ddf8bb77,cycle24_development,cycle24_final_refit_pool,3569,11945,64
ARCOMP_d99201be36269407,cycle24_development,cycle24_final_refit_pool,4152,12069,67
ARCOMP_d99651cbf2436f1f,cycle24_development,cycle24_threshold_holdout,1795,11512,70
ARCOMP_d9bab0643824eeff,cycle24_development,cycle24_final_refit_pool,5543,12340,63
ARCOMP_d9c96bb24b89e72e,cycle24_development,cycle24_final_refit_pool,6728,12584,60
ARCOMP_d9d6e1a56cb15e4a,independent_cycle25_test,,10949,13606,62
ARCOMP_d9f2f85adabffec9,cycle24_development,cycle24_final_refit_pool,6399,12512,52
ARCOMP_d9f300879c335370,cycle24_development,cycle24_final_refit_pool,3273,11868,68
ARCOMP_d9f3df3fcb44f314,cycle24_development,cycle24_final_refit_pool,878,11301,63
ARCOMP_d9fae1d0bdc8cbdf,cycle24_development,cycle24_final_refit_pool,1399,11420,52
ARCOMP_da027baf1b4c85ff,independent_cycle25_test,,9437,13287,58
ARCOMP_da12888d28564527,cycle25_early_diagnostic,,7472,12783,71
ARCOMP_da294167955921d8,independent_cycle25_test,,11287,13696,67
ARCOMP_da33a170ab5c1c46,independent_cycle25_test,,12733,13990,70
ARCOMP_da68299199191dec,cycle24_development,cycle24_calibration_holdout,5446,12322,64
ARCOMP_da6ff89a4221c898,cycle24_development,cycle24_final_refit_pool,3668,11965,66
ARCOMP_da97a54f4528f684,cycle24_development,cycle24_final_refit_pool,3647,11958,67
ARCOMP_db1220a8cb30b117,independent_cycle25_test,,10346,13477,72
ARCOMP_db29d476d42942d8,independent_cycle25_test,,13354,11114,66
ARCOMP_db8c9fe4b458a0f7,cycle24_development,cycle24_final_refit_pool,824,11281,69
ARCOMP_dbb4ed43fdf25b56,cycle24_development,cycle24_calibration_holdout,6560,12547,63
ARCOMP_dbe0ed5058ff6261,independent_cycle25_test,,9674,13333,67
ARCOMP_dbf3b8e48fac0a60,cycle24_development,cycle24_final_refit_pool,2750,11750,33
ARCOMP_dc3c7a78528339b4,cycle24_development,cycle24_final_refit_pool,5961,12418,69
ARCOMP_dc7854629857d050,independent_cycle25_test,,8377,13048,15
ARCOMP_dcb40ee352a60117,independent_cycle25_test,,11782;11830,13805,72
ARCOMP_dcb74361b048eed2,cycle24_development,cycle24_final_refit_pool,504,11191,66
ARCOMP_dcd42ebeab5b62b8,independent_cycle25_test,,13255,14092,65
ARCOMP_dceaa8c108f87cfd,cycle24_development,cycle24_final_refit_pool,3740,11977,66
ARCOMP_dcfce33b93e833b0,independent_cycle25_test,,8961,13189,70
ARCOMP_dd046014975dbceb,cycle24_development,cycle24_final_refit_pool,1744,11507,55
ARCOMP_dd071b57ae8ff423,independent_cycle25_test,,10811,13583,66
ARCOMP_dd4825ac47c8c720,independent_cycle25_test,,13552,14156,54
ARCOMP_dd4ac30d924f601f,independent_cycle25_test,,13567,14161,61
ARCOMP_dd6e3f1ceb7860fa,cycle24_development,cycle24_final_refit_pool,3563,11943,78
ARCOMP_dd8313bfe6520d74,supplementary_2026,,14506,14397,66
ARCOMP_dd8c61f1bcd63f47,cycle24_development,cycle24_calibration_holdout,2912,11781,47
ARCOMP_dd96bd9d8b17e3d8,independent_cycle25_test,,9600,13324,66
ARCOMP_dd9a467c3596f5e6,independent_cycle25_test,,11030,13627,66
ARCOMP_dd9cd173f2645092,cycle24_development,cycle24_final_refit_pool,4767,12204,66
ARCOMP_ddcbca23b369c97a,independent_cycle25_test,,13024,14054,64
ARCOMP_ddda608e1ccbceac,independent_cycle25_test,,11120,13655,67
ARCOMP_dde55c8b91b8925f,independent_cycle25_test,,11726,13797,63
ARCOMP_dde6e48df7cf7340,independent_cycle25_test,,10495,13515,68
ARCOMP_de44dc8b8907bbe5,cycle24_development,cycle24_calibration_holdout,2123,11594,57
ARCOMP_de48869f46f10948,cycle24_development,cycle24_final_refit_pool,3420,11905,66
ARCOMP_de5ea0e359d8416e,independent_cycle25_test,,11624,13771,39
ARCOMP_de5eb089e3fed4ef,independent_cycle25_test,,8554,13091,55
ARCOMP_de6c3cc251cb3d7d,independent_cycle25_test,,13432,14124,58
ARCOMP_de75dcb59b3d8932,cycle24_development,cycle24_final_refit_pool,3804,11991,62
ARCOMP_de7c66f8585d0c91,independent_cycle25_test,,8182,13001,71
ARCOMP_dec1df7be30f2176,independent_cycle25_test,,11689,13784,67
ARCOMP_deeeff87fa127834,cycle24_development,cycle24_final_refit_pool,2809,11760,67
ARCOMP_df0dda6a74e966c9,independent_cycle25_test,,9086,13218,65
ARCOMP_df1dd3a32df012c2,cycle24_development,cycle24_final_refit_pool,5673,12367,69
ARCOMP_df5e05d2782f03f6,independent_cycle25_test,,8475,13070,56
ARCOMP_df65147a4e0400f3,independent_cycle25_test,,7600,12828,47
ARCOMP_df685833cb6016d2,cycle24_development,cycle24_final_refit_pool,2968,11793,67
ARCOMP_df6f16947812f479,independent_cycle25_test,,13249,14091,55
ARCOMP_df71ca7b77d27352,cycle24_development,cycle24_threshold_holdout,926,11311,65
ARCOMP_dfa7803d854c3c63,cycle24_development,cycle24_final_refit_pool,2414,11662,61
ARCOMP_dfb62447c17e616a,cycle25_early_diagnostic,,7468,12781,71
ARCOMP_dfb6f9998c1b193e,cycle24_development,cycle24_threshold_holdout,1005,11332,70
ARCOMP_dfb89957ba250fd2,cycle24_development,cycle24_final_refit_pool,345,11147,67
ARCOMP_dfb986423809471d,independent_cycle25_test,,9588,13322,60
ARCOMP_e0411b2473e6ec3a,cycle24_development,cycle24_final_refit_pool,1275,11393,69
ARCOMP_e0495929f6501da8,cycle24_development,cycle24_final_refit_pool,4784,12206,68
ARCOMP_e04963080c7d6d7b,independent_cycle25_test,,10370,13483,65
ARCOMP_e0837539e37aa16c,cycle24_development,cycle24_final_refit_pool,6470,12527,58
ARCOMP_e0980a89e437479a,cycle24_development,cycle24_final_refit_pool,4908,12232,68
ARCOMP_e0b58791f1ceafea,cycle24_development,cycle24_final_refit_pool,393,11164,68
ARCOMP_e0bf75700acbf737,cycle24_development,cycle24_final_refit_pool,6002,12429,66
ARCOMP_e0cacbf8d97c9781,cycle24_development,cycle24_final_refit_pool,7310,12723,39
ARCOMP_e11c4787f235093d,cycle24_development,cycle24_final_refit_pool,5963,12419,66
ARCOMP_e123969f98604ed8,cycle24_development,cycle24_threshold_holdout,1390,11418,68
ARCOMP_e12cc069e6c1c974,cycle24_development,cycle24_final_refit_pool,2171,11605,66
ARCOMP_e133d94a9479dca1,cycle24_development,cycle24_calibration_holdout,2976,11796,25
ARCOMP_e13ee9e1e852e2b8,cycle24_development,cycle24_threshold_holdout,3836,12002,61
ARCOMP_e148d35f315e8b00,cycle24_development,cycle24_final_refit_pool,7334,12733,64
ARCOMP_e14e188f0fb027d0,cycle24_development,cycle24_final_refit_pool,970,11323,70
ARCOMP_e16ab37c8aec2e75,cycle24_development,cycle24_final_refit_pool,6242,12480,64
ARCOMP_e1dd1b7b7f80e557,independent_cycle25_test,,13187,14081,61
ARCOMP_e20ac77bc1ebc447,independent_cycle25_test,,9835,13377,60
ARCOMP_e213ac9032ace003,cycle24_development,cycle24_final_refit_pool,175,11106,69
ARCOMP_e269fd980eac6ce2,independent_cycle25_test,,11968,13841,65
ARCOMP_e27de23fe02823e7,independent_cycle25_test,,8990,13196,64
ARCOMP_e28aeabfe3f12a76,independent_cycle25_test,,12660,13979,60
ARCOMP_e2a521cd01b61472,cycle24_development,cycle24_final_refit_pool,98,11090,62
ARCOMP_e2fbb97579a99eea,cycle24_development,cycle24_final_refit_pool,5005,12256,68
ARCOMP_e303ae42ff66c1de,cycle24_development,cycle24_final_refit_pool,3260,11860,65
ARCOMP_e33ec273810213c8,independent_cycle25_test,,11753,13798,67
ARCOMP_e36be6c50e972ee9,independent_cycle25_test,,10439,13503,69
ARCOMP_e3a520033cfec9ed,independent_cycle25_test,,13663,14187,67
ARCOMP_e3a7c75d8451f368,independent_cycle25_test,,12701,13985,63
ARCOMP_e3b308108cd68eae,independent_cycle25_test,,8070,12969,55
ARCOMP_e3b40a612642ee89,independent_cycle25_test,,8737,13135,73
ARCOMP_e3be96dc24252ce8,cycle24_development,cycle24_final_refit_pool,1309,11396,72
ARCOMP_e3d26aade9d87332,cycle24_development,cycle24_final_refit_pool,4733,12196,68
ARCOMP_e3daa53da8f25c74,independent_cycle25_test,,7934,12929,59
ARCOMP_e3e74416df49ebd1,independent_cycle25_test,,10419,13493,70
ARCOMP_e3eb74d2de63ef7d,cycle24_development,cycle24_final_refit_pool,5229,12287,68
ARCOMP_e3f03e5964cd6da2,independent_cycle25_test,,7548,12803,69
ARCOMP_e3f120eea85b1892,cycle24_development,cycle24_threshold_holdout,5075,12266,63
ARCOMP_e3f5c9b9811f13ee,supplementary_2026,,14486,14390,68
ARCOMP_e412b5a9775bc503,cycle25_early_diagnostic,,7454,12776,63
ARCOMP_e42552fd123f93f8,independent_cycle25_test,,12037,13853,67
ARCOMP_e43e91dbeb7c74a4,cycle24_development,cycle24_final_refit_pool,5347;5355,12307,134
ARCOMP_e48aeac841bcec86,independent_cycle25_test,,12861,14016,63
ARCOMP_e4900582854fe73c,independent_cycle25_test,,11469,13734,68
ARCOMP_e4aa5d7cf35d1e2c,cycle24_development,cycle24_final_refit_pool,4963,12244,67
ARCOMP_e4ed120fd44adaa6,cycle24_development,cycle24_calibration_holdout,3515,11930,67
ARCOMP_e529999edcbce989,cycle24_development,cycle24_calibration_holdout,1425,11424,69
ARCOMP_e5378f0a6dedafd3,independent_cycle25_test,,7558,12810,68
ARCOMP_e542178507e8df61,cycle24_development,cycle24_final_refit_pool,2331,11638,67
ARCOMP_e542a67e473f5b0d,independent_cycle25_test,,13346,14112,65
ARCOMP_e5cd4a9d9602c5b4,independent_cycle25_test,,14172,14310,24
ARCOMP_e60579275df979ad,cycle24_development,cycle24_final_refit_pool,2981;2984,11799,129
ARCOMP_e62f160d87dd3d5b,supplementary_2026,,14392,14377,55
ARCOMP_e64d16ffe7ab3110,cycle24_development,cycle24_final_refit_pool,364,11157,68
ARCOMP_e65c2f44c65eb3ee,cycle24_development,cycle24_final_refit_pool,323,11140,74
ARCOMP_e67c09bca6cab95a,cycle24_development,cycle24_final_refit_pool,1520,11449,38
ARCOMP_e68206886cedf346,independent_cycle25_test,,7550,12805,43
ARCOMP_e694673368c4f73c,cycle24_development,cycle24_calibration_holdout,4042,12045,70
ARCOMP_e69f501a078cdd2f,cycle24_development,cycle24_calibration_holdout,3116,11833,57
ARCOMP_e69fe4f48b2de589,cycle24_development,cycle24_final_refit_pool,1113,11358,69
ARCOMP_e6c5b7fb56d8e659,independent_cycle25_test,,12768,13996,71
ARCOMP_e6ebf79357505d17,independent_cycle25_test,,13866,14243,57
ARCOMP_e6f52420d8c69436,cycle24_development,cycle24_calibration_holdout,4138,12065,69
ARCOMP_e7398f6dd899b31d,cycle24_development,cycle24_final_refit_pool,377,11158,69
ARCOMP_e77dbe65a22c6130,independent_cycle25_test,,9488,13298,32
ARCOMP_e78222f2d67e3c90,independent_cycle25_test,,8790,13146,70
ARCOMP_e78917b255896db5,cycle24_development,cycle24_final_refit_pool,2245,11623,68
ARCOMP_e7b28517ffc50fe2,independent_cycle25_test,,7570,12816,68
ARCOMP_e7ee6efca6102453,independent_cycle25_test,,7536,12797,68
ARCOMP_e80c7c42bafac6f5,cycle24_development,cycle24_final_refit_pool,4351,12114,69
ARCOMP_e82fe93170fc4061,independent_cycle25_test,,13294,14099,68
ARCOMP_e83269f6f0f492ba,cycle24_development,cycle24_final_refit_pool,7385,12749,68
ARCOMP_e837cf0051825151,cycle24_development,cycle24_calibration_holdout,7050,12663,52
ARCOMP_e83f57862c83a036,cycle24_development,cycle24_threshold_holdout,2852,11769,69
ARCOMP_e841155a7cca860f,cycle24_development,cycle24_final_refit_pool,1970,11555,65
ARCOMP_e88ec925720d9ecc,cycle24_development,cycle24_calibration_holdout,4734,12197,70
ARCOMP_e8badf6bf903e09c,cycle24_development,cycle24_threshold_holdout,71,11084,70
ARCOMP_e8c70065e67f27e6,cycle24_development,cycle24_calibration_holdout,5461,12332,74
ARCOMP_e8db226624a68f9d,independent_cycle25_test,,12334,13912,71
ARCOMP_e8fd85f1a76a7154,cycle24_development,cycle24_final_refit_pool,6063,12443,68
ARCOMP_e90dbc6204b90412,independent_cycle25_test,,13694,14194,67
ARCOMP_e91c2f02a9b158bc,independent_cycle25_test,,10466,13507,66
ARCOMP_e93f853ed09e6416,cycle24_development,cycle24_final_refit_pool,1126,11364,93
ARCOMP_e94654dfd691dc06,cycle24_development,cycle24_final_refit_pool,713,11258,65
ARCOMP_e9be3e245d8850bd,independent_cycle25_test,,11553,13755,61
ARCOMP_e9d232b55a85cdcb,independent_cycle25_test,,12703,13988,64
ARCOMP_ea0571c64363a84e,independent_cycle25_test,,10617,13540,54
ARCOMP_ea1d61ed5e68773f,independent_cycle25_test,,13306,14104,63
ARCOMP_ea21d0ecd1c9539a,independent_cycle25_test,,13675,14191,66
ARCOMP_ea23e7a622a6142e,cycle24_development,cycle24_final_refit_pool,1149;1165,11367,136
ARCOMP_ea4ea424c01433c8,cycle24_development,cycle24_final_refit_pool,6489,12530,43
ARCOMP_ea6019aa3ab875ab,cycle24_development,cycle24_final_refit_pool,2372,11654,64
ARCOMP_ea75f719dfe49701,independent_cycle25_test,,7544,12801,7
ARCOMP_eaa686f649137772,cycle24_development,cycle24_calibration_holdout,4231,12089,66
ARCOMP_eb031b1e1314a3e0,independent_cycle25_test,,7575,12819,29
ARCOMP_eb43a073cf0e99eb,cycle24_development,cycle24_final_refit_pool,371,11159,72
ARCOMP_eb7a8c9a5a01ecb9,cycle24_development,cycle24_final_refit_pool,3700,11969,31
ARCOMP_ebad1feb1c547d83,cycle24_development,cycle24_final_refit_pool,1735,11502,27
ARCOMP_ebb510c5bc28e7f2,cycle24_development,cycle24_calibration_holdout,6617,12558,67
ARCOMP_ebcfd67102bbf833,cycle24_development,cycle24_final_refit_pool,4092,12053,66
ARCOMP_ebf3b2507bcd963d,cycle24_development,cycle24_final_refit_pool,1237,11386,69
ARCOMP_ec3b65b790e5777c,independent_cycle25_test,,9403,13284,66
ARCOMP_ec7412fc149d0259,independent_cycle25_test,,12039,13855,71
ARCOMP_eca34c9472bef049,cycle24_development,cycle24_final_refit_pool,3457,11912,69
ARCOMP_ecab621941f98e5d,independent_cycle25_test,,9825,13375,6
ARCOMP_ecae797734db1ef3,independent_cycle25_test,,13636,14181,34
ARCOMP_ecd4f22af08df60a,cycle24_development,cycle24_final_refit_pool,1232,11385,62
ARCOMP_ecf32215dcfea10c,cycle24_development,cycle24_final_refit_pool,6670,12565,67
ARCOMP_ed3a1d5988193857,independent_cycle25_test,,10115,13435,66
ARCOMP_ed7b2dd339cfcdcd,cycle24_development,cycle24_final_refit_pool,7148,12683,70
ARCOMP_edca628b30b8c671,independent_cycle25_test,,9946,13407,63
ARCOMP_edcf64230461217e,cycle24_development,cycle24_final_refit_pool,4205,12082,67
ARCOMP_edff0b3cf681ba96,cycle24_development,cycle24_final_refit_pool,367,11156,66
ARCOMP_edffbe532abfce69,cycle24_development,cycle24_final_refit_pool,4111,12058,66
ARCOMP_ee225884e09423ed,independent_cycle25_test,,13133,14072,60
ARCOMP_ee40054ed09b638c,cycle24_development,cycle24_final_refit_pool,6599,12552,67
ARCOMP_ee506a98c59fcae4,cycle24_development,cycle24_final_refit_pool,5991,12427,68
ARCOMP_ee864d890e439e0d,cycle24_development,,2691,11730,66
ARCOMP_ee8c3cce1b2e794d,cycle24_development,cycle24_final_refit_pool,4288,12100,66
ARCOMP_eeac1f91b0e12c5a,independent_cycle25_test,,10413,13490,79
ARCOMP_eeb0740673d90cce,independent_cycle25_test,,7923,12927,71
ARCOMP_eee53825f32b97c1,independent_cycle25_test,,11310,13701,64
ARCOMP_ef1131e781810a8d,independent_cycle25_test,,12958,14038,61
ARCOMP_ef234d9393672712,cycle24_development,cycle24_final_refit_pool,5944,12412,52
ARCOMP_ef331afd7a055ead,cycle24_development,cycle24_final_refit_pool,603,11215,10
ARCOMP_ef39622f05dfc8bf,independent_cycle25_test,,12084,13858,52
ARCOMP_ef47750cf0c8cd91,independent_cycle25_test,,10730,13563,59
ARCOMP_ef6b48a4a5fad197,cycle24_development,cycle24_final_refit_pool,610,11218,69
ARCOMP_ef78db5ce9d3fcd0,independent_cycle25_test,,9125,13230,71
ARCOMP_ef853b8be4a8a88e,independent_cycle25_test,,9008,13201,60
ARCOMP_ef8b2fd229fb3fe9,independent_cycle25_test,,11372,13715,52
ARCOMP_ef90e698b3c0a576,independent_cycle25_test,,12589,13961,57
ARCOMP_efa1de6da9edd767,cycle24_development,cycle24_calibration_holdout,6591,12550,15
ARCOMP_efa83f8f61a697ab,cycle24_development,cycle24_final_refit_pool,4760,12201,65
ARCOMP_efe30158bfff5d21,independent_cycle25_test,,8123,12985,69
ARCOMP_effa09a66f9f31df,independent_cycle25_test,,10245,13464,66
ARCOMP_f02511165e1093e3,independent_cycle25_test,,10000,13416,71
ARCOMP_f055f1e590222925,cycle24_development,cycle24_final_refit_pool,1447,11428,65
ARCOMP_f05b08528c0cb255,supplementary_2026,,14453,14382,14
ARCOMP_f070837cbe2528b0,cycle24_development,cycle24_final_refit_pool,1339,11412,67
ARCOMP_f0953fd28da422a1,cycle24_development,cycle24_final_refit_pool,7262,12712,67
ARCOMP_f09da9f559e24a5d,supplementary_2026,,14535,14405,58
ARCOMP_f0ac02863265377f,independent_cycle25_test,,10153,13447,70
ARCOMP_f0d03ec473be9a18,independent_cycle25_test,,10638,13546,58
ARCOMP_f127e6b65a5a362f,cycle24_development,cycle24_final_refit_pool,1893,11534,67
ARCOMP_f15658a61ed14ff9,cycle24_development,cycle24_final_refit_pool,4942,12239,66
ARCOMP_f18e4e2d7df8b35d,cycle24_development,cycle24_final_refit_pool,5758,12384,70
ARCOMP_f1914e060db2f1b8,independent_cycle25_test,,13246,14090,65
ARCOMP_f1a7f7b940b5b100,cycle24_development,cycle24_final_refit_pool,677,11238,34
ARCOMP_f1b7be169d85e807,cycle24_development,cycle24_threshold_holdout,5772,12386,70
ARCOMP_f1c352820c678ad7,cycle24_development,cycle24_final_refit_pool,46,11078,53
ARCOMP_f1d144cf7fc6d74e,cycle24_development,cycle24_final_refit_pool,3658,11962,75
ARCOMP_f1d8bafef143118f,cycle24_development,cycle24_calibration_holdout,833,11283,68
ARCOMP_f212ee365903352f,cycle24_development,cycle24_final_refit_pool,6227,12478,63
ARCOMP_f222acd7a09e6e72,cycle24_development,cycle24_final_refit_pool,2693,11731,64
ARCOMP_f29bc43ffd1349e6,cycle25_early_diagnostic,,7493,12790,69
ARCOMP_f2a08e4aac0fb0ed,independent_cycle25_test,,8013,12948,69
ARCOMP_f2adc82b1cc3d2c3,cycle24_development,cycle24_final_refit_pool,5526,12335,66
ARCOMP_f32ecab77152e635,cycle24_development,cycle24_final_refit_pool,5422,12318,63
ARCOMP_f34048cf25179740,independent_cycle25_test,,14177,14313,65
ARCOMP_f346eb965aa512f6,independent_cycle25_test,,9390,13282,63
ARCOMP_f3bbbbf9f931d9b2,cycle24_development,cycle24_final_refit_pool,1873,11526,63
ARCOMP_f3c0324e1c8bb659,independent_cycle25_test,,11019,13624,53
ARCOMP_f3dd526dd34b871a,cycle24_development,cycle24_final_refit_pool,2839,11767,56
ARCOMP_f3e8088fe229a95e,cycle24_development,cycle24_final_refit_pool,2625,11716,64
ARCOMP_f3f37e4d9750f495,independent_cycle25_test,,7883,12913,66
ARCOMP_f41f1d5f196ee09e,independent_cycle25_test,,12160,13878,74
ARCOMP_f43212129c50cb69,independent_cycle25_test,,11644,13774,63
ARCOMP_f43e65e0f2e9dea8,cycle24_development,cycle24_final_refit_pool,6939,12632,41
ARCOMP_f44bbe2ce6d7d524,cycle24_development,cycle24_calibration_holdout,4201,12084,65
ARCOMP_f4984e2bf94d27db,independent_cycle25_test,,9075,13215,66
ARCOMP_f4b033fb30238f3b,cycle24_development,cycle24_final_refit_pool,1990,11562,57
ARCOMP_f51acc09f9a88b3e,independent_cycle25_test,,9751,13358,72
ARCOMP_f53377c7adbd1119,cycle25_early_diagnostic,,7419,12764,71
ARCOMP_f54b683a4f06fedb,cycle24_development,cycle24_final_refit_pool,2047,11578,62
ARCOMP_f58d0b89369648d6,independent_cycle25_test,,10424,13498,24
ARCOMP_f59cc1fb5b506b2d,cycle24_development,cycle24_final_refit_pool,6937,12630,54
ARCOMP_f5e901cb37897f02,cycle24_development,cycle24_calibration_holdout,576,11207,67
ARCOMP_f5ec3b3dfc747135,independent_cycle25_test,,13723,14206,64
ARCOMP_f62a0989b306c3db,cycle24_development,cycle24_final_refit_pool,1756,11506,56
ARCOMP_f62cd3e0abe9d09a,independent_cycle25_test,,11385,13716,67
ARCOMP_f6a17d140d00de39,cycle24_development,cycle24_calibration_holdout,2634,11717,64
ARCOMP_f6a2175e1050354b,cycle24_development,cycle24_threshold_holdout,2635,11719,67
ARCOMP_f6d700e8e912477f,cycle24_development,cycle24_threshold_holdout,702,11249,64
ARCOMP_f6f4287dedac8a9a,cycle24_development,cycle24_final_refit_pool,2812,11766,69
ARCOMP_f71734a75cf41f6c,independent_cycle25_test,,14165,14308,74
ARCOMP_f735f60167b242b1,cycle24_development,cycle24_calibration_holdout,3483,11920,70
ARCOMP_f73ec38391ef3ab8,independent_cycle25_test,,11054,13634,65
ARCOMP_f74d7bb4a7d87c16,cycle24_development,cycle24_calibration_holdout,2754,11752,24
ARCOMP_f74eea20d0eefc7e,cycle24_development,cycle24_final_refit_pool,6074,12447,64
ARCOMP_f75522584e870cd4,cycle24_development,cycle24_threshold_holdout,2028,11571,47
ARCOMP_f75b937cf2ebaa5c,cycle24_development,cycle24_final_refit_pool,1449,11429,66
ARCOMP_f7611ea221b4db78,cycle24_development,cycle24_final_refit_pool,7331,12732,45
ARCOMP_f7814859cb8a6924,cycle24_development,cycle24_final_refit_pool,1783,11510,56
ARCOMP_f7872a88bebfe079,independent_cycle25_test,,8421,13057,69
ARCOMP_f78c4f6994b5f82b,cycle25_early_diagnostic,,7476,12784,70
ARCOMP_f792b0a6f25e62ea,cycle24_development,cycle24_final_refit_pool,6301,12489,66
ARCOMP_f79552bf1bf5b177,cycle24_development,cycle24_final_refit_pool,3248,11856,63
ARCOMP_f7cd51ca06de5219,independent_cycle25_test,,11465,13733,65
ARCOMP_f803df046540980f,independent_cycle25_test,,13883,14248,56
ARCOMP_f806c95afd230ad3,independent_cycle25_test,,14045;14059,14283,72
ARCOMP_f81e16737dc9e5e9,independent_cycle25_test,,8927,13179,34
ARCOMP_f843a3b2452693c1,independent_cycle25_test,,10023,13420,71
ARCOMP_f8444dc19de59624,cycle24_development,cycle24_final_refit_pool,49,11079,20
ARCOMP_f857f638596bdb07,cycle24_development,cycle24_final_refit_pool,1367,11415,68
ARCOMP_f87137952110056e,cycle24_development,cycle24_threshold_holdout,1303,11398,55
ARCOMP_f8a3c804e74580cc,cycle24_development,cycle24_final_refit_pool,1422,11423,59
ARCOMP_f8d06f989a6e3bba,cycle24_development,cycle24_final_refit_pool,5345,12304,22
ARCOMP_f8e89946d9bca7cc,cycle24_development,cycle24_final_refit_pool,6824,12605,67
ARCOMP_f8ebbc607b788533,cycle24_development,cycle24_final_refit_pool,3875,12016,67
ARCOMP_f8f4039cea46aca7,cycle24_development,cycle24_final_refit_pool,5275,12296,62
ARCOMP_f91444a7056d997a,cycle24_development,cycle24_final_refit_pool,3874,12013,68
ARCOMP_f933b02c9ef84ae0,cycle24_development,cycle24_final_refit_pool,3400,11903,68
ARCOMP_f94f664c57a87725,cycle24_development,cycle24_final_refit_pool,3793,11990,60
ARCOMP_f98bcc42bb39b6e9,cycle24_development,cycle24_threshold_holdout,6359,12501,64
ARCOMP_f98c1caba438c045,cycle24_development,cycle24_final_refit_pool,6231,12479,58
ARCOMP_f99b821cba542f29,independent_cycle25_test,,12216,13889,73
ARCOMP_f9df56c9bd6c182b,independent_cycle25_test,,12238,13895,60
ARCOMP_f9f29ab784bc566a,independent_cycle25_test,,12356,13915,67
ARCOMP_fa1ece1cd57ac0c4,cycle24_development,cycle24_final_refit_pool,6889,12619,63
ARCOMP_fa342e455af2e47e,cycle24_development,cycle24_final_refit_pool,2193,11614,54
ARCOMP_fa6d6c11ad927591,cycle25_early_diagnostic,,7470,12782,71
ARCOMP_faa7bdac756d3094,cycle24_development,cycle24_final_refit_pool,221,11116,33
ARCOMP_faab5c9dc8e7191d,cycle24_development,cycle24_calibration_holdout,2358,11649,51
ARCOMP_fb1ee51684ad99d6,independent_cycle25_test,,11812,13812,65
ARCOMP_fb3364ee44c53037,independent_cycle25_test,,12997,14046,56
ARCOMP_fb5bfc7d9f499fac,independent_cycle25_test,,13011,14050,54
ARCOMP_fb6cfa6e26f2c384,independent_cycle25_test,,9489,13299,66
ARCOMP_fb763a3ffb6fce99,cycle25_early_diagnostic,,7414,12761,33
ARCOMP_fb87d7e917c0e3a5,cycle24_development,cycle24_final_refit_pool,6745,12591,64
ARCOMP_fbbce1012003b2f3,independent_cycle25_test,,13274,14096,67
ARCOMP_fbd9a1ed2fbaa15d,cycle24_development,cycle24_threshold_holdout,4921,12234,61
ARCOMP_fbe852318a19d15b,cycle24_development,cycle24_final_refit_pool,3082,11823,68
ARCOMP_fbf4aafcc1063d4f,cycle24_development,cycle24_final_refit_pool,218,11113,69
ARCOMP_fc141dca8d66b771,cycle24_development,cycle24_final_refit_pool,7100,12670,68
ARCOMP_fc35b74f37cdf301,independent_cycle25_test,,10520,13522,67
ARCOMP_fc4deda3a7308862,cycle24_development,cycle24_final_refit_pool,1807,11514,71
ARCOMP_fc699181908f4a7c,cycle24_development,cycle24_final_refit_pool,5326;5331,12299,122
ARCOMP_fc72c043f495a327,cycle24_development,cycle24_final_refit_pool,4166,12075,66
ARCOMP_fcad288627c98df3,cycle24_development,cycle24_final_refit_pool,3320,11883,66
ARCOMP_fcd5d4d438334d0c,independent_cycle25_test,,7805,12888,68
ARCOMP_fcffe56a39656db6,independent_cycle25_test,,11316,13704,67
ARCOMP_fd04e1c8c51b76b9,cycle24_development,cycle24_final_refit_pool,5073,12265,70
ARCOMP_fd19f24a605953fa,cycle24_development,cycle24_final_refit_pool,5415,12320,64
ARCOMP_fd2d05b45ea32746,cycle25_early_diagnostic,,7463,12778,41
ARCOMP_fd621bd4b76d3c3e,cycle24_development,cycle24_final_refit_pool,6437,12524,66
ARCOMP_fd659b5259547043,cycle24_development,cycle24_final_refit_pool,116,11096,67
ARCOMP_fd7089d11c97c060,cycle24_development,cycle24_final_refit_pool,759,11266,67
ARCOMP_fdb66097f6f77614,independent_cycle25_test,,9470,13293,66
ARCOMP_fdce8ebdef4be9c0,cycle24_development,cycle24_threshold_holdout,924,11310,67
ARCOMP_fdee4c80e30d2f89,independent_cycle25_test,,7854,12901,71
ARCOMP_fdfa132aaadc545c,independent_cycle25_test,,11662,13780,76
ARCOMP_fe039cdb93d3dc62,independent_cycle25_test,,10409,13489,70
ARCOMP_fe14da37331f9a58,cycle24_development,cycle24_calibration_holdout,6026,12435,68
ARCOMP_fe76b03c07bd2005,cycle24_development,cycle24_final_refit_pool,6407,12516,19
ARCOMP_feca4b3f8ef796ca,independent_cycle25_test,,13412,14126,64
ARCOMP_fecaa63892dfacfd,supplementary_2026,,14341,14360,65
ARCOMP_fed1e8e2295544ed,cycle24_development,cycle24_final_refit_pool,5337,12308,55
ARCOMP_feef4e0596e80574,cycle24_development,cycle24_final_refit_pool,725,11254,64
ARCOMP_ff10086bd1d1b642,cycle24_development,cycle24_final_refit_pool,631,11222,20
ARCOMP_ff1562445b85fb8e,independent_cycle25_test,,10146,13446,66
ARCOMP_ff5a5da47ea00b3f,independent_cycle25_test,,12888,14027,64
ARCOMP_ff6bb7c0bc1996e6,independent_cycle25_test,,9200,13248,1
ARCOMP_ff9da61cf061bb02,independent_cycle25_test,,12941,14035,61
ARCOMP_ffb02dcc6b29a88d,cycle24_development,cycle24_final_refit_pool,5246,12292,61
ARCOMP_ffccac65e47139ee,independent_cycle25_test,,7878,12911,68
ARCOMP_ffdb99a4a537a43b,independent_cycle25_test,,7555,12808,68
ARCOMP_ffea8a1b85c06f2e,independent_cycle25_test,,11050,13633,64
