sample_id,block_id,T_REC_dt,HARPNUM,NOAA_AR_clean,label_48h_final,status,shape,gcp_path,message,updated_at_utc
20260101_0024_HARP14215_NOAA14323,2026_HARP14215_20260101_0024_20260101_1624,2026-01-01 00:24:00,14215,14323,0,saved,"(512, 512, 6)",gs://suryabench-sharp-pipeline-bamidele/jsoc_2025_2026_production_v1/samples_npz/2026/20260101_0024_HARP14215_NOAA14323.npz,success,2026-06-22T16:39:58.243324+00:00
20260101_0200_HARP14215_NOAA14323,2026_HARP14215_20260101_0024_20260101_1624,2026-01-01 02:00:00,14215,14323,0,saved,"(512, 512, 6)",gs://suryabench-sharp-pipeline-bamidele/jsoc_2025_2026_production_v1/samples_npz/2026/20260101_0200_HARP14215_NOAA14323.npz,success,2026-06-22T16:40:06.165846+00:00
20260101_0336_HARP14215_NOAA14323,2026_HARP14215_20260101_0024_20260101_1624,2026-01-01 03:36:00,14215,14323,0,saved,"(512, 512, 6)",gs://suryabench-sharp-pipeline-bamidele/jsoc_2025_2026_production_v1/samples_npz/2026/20260101_0336_HARP14215_NOAA14323.npz,success,2026-06-22T16:40:13.976345+00:00
20260101_0512_HARP14215_NOAA14323,2026_HARP14215_20260101_0024_20260101_1624,2026-01-01 05:12:00,14215,14323,0,saved,"(512, 512, 6)",gs://suryabench-sharp-pipeline-bamidele/jsoc_2025_2026_production_v1/samples_npz/2026/20260101_0512_HARP14215_NOAA14323.npz,success,2026-06-22T16:40:21.974433+00:00
20260101_0648_HARP14215_NOAA14323,2026_HARP14215_20260101_0024_20260101_1624,2026-01-01 06:48:00,14215,14323,0,saved,"(512, 512, 6)",gs://suryabench-sharp-pipeline-bamidele/jsoc_2025_2026_production_v1/samples_npz/2026/20260101_0648_HARP14215_NOAA14323.npz,success,2026-06-22T16:40:29.792203+00:00
20260101_0824_HARP14215_NOAA14323,2026_HARP14215_20260101_0024_20260101_1624,2026-01-01 08:24:00,14215,14323,0,saved,"(512, 512, 6)",gs://suryabench-sharp-pipeline-bamidele/jsoc_2025_2026_production_v1/samples_npz/2026/20260101_0824_HARP14215_NOAA14323.npz,success,2026-06-22T16:40:37.604481+00:00
20260101_1000_HARP14215_NOAA14323,2026_HARP14215_20260101_0024_20260101_1624,2026-01-01 10:00:00,14215,14323,0,saved,"(512, 512, 6)",gs://suryabench-sharp-pipeline-bamidele/jsoc_2025_2026_production_v1/samples_npz/2026/20260101_1000_HARP14215_NOAA14323.npz,success,2026-06-22T16:40:45.337464+00:00
20260101_1136_HARP14215_NOAA14323,2026_HARP14215_20260101_0024_20260101_1624,2026-01-01 11:36:00,14215,14323,0,saved,"(512, 512, 6)",gs://suryabench-sharp-pipeline-bamidele/jsoc_2025_2026_production_v1/samples_npz/2026/20260101_1136_HARP14215_NOAA14323.npz,success,2026-06-22T16:40:53.113351+00:00
20260101_1312_HARP14215_NOAA14323,2026_HARP14215_20260101_0024_20260101_1624,2026-01-01 13:12:00,14215,14323,0,saved,"(512, 512, 6)",gs://suryabench-sharp-pipeline-bamidele/jsoc_2025_2026_production_v1/samples_npz/2026/20260101_1312_HARP14215_NOAA14323.npz,success,2026-06-22T16:41:00.616197+00:00
20260101_1448_HARP14215_NOAA14323,2026_HARP14215_20260101_0024_20260101_1624,2026-01-01 14:48:00,14215,14323,0,saved,"(512, 512, 6)",gs://suryabench-sharp-pipeline-bamidele/jsoc_2025_2026_production_v1/samples_npz/2026/20260101_1448_HARP14215_NOAA14323.npz,success,2026-06-22T16:41:08.275492+00:00
20260101_1624_HARP14215_NOAA14323,2026_HARP14215_20260101_0024_20260101_1624,2026-01-01 16:24:00,14215,14323,0,saved,"(512, 512, 6)",gs://suryabench-sharp-pipeline-bamidele/jsoc_2025_2026_production_v1/samples_npz/2026/20260101_1624_HARP14215_NOAA14323.npz,success,2026-06-22T16:41:15.883821+00:00
20260101_0036_HARP14220_NOAA14324,2026_HARP14220_20260101_0036_20260101_1012,2026-01-01 00:36:00,14220,14324,0,saved,"(512, 512, 6)",gs://suryabench-sharp-pipeline-bamidele/jsoc_2025_2026_production_v1/samples_npz/2026/20260101_0036_HARP14220_NOAA14324.npz,success,2026-06-22T16:50:47.008910+00:00
20260101_0212_HARP14220_NOAA14324,2026_HARP14220_20260101_0036_20260101_1012,2026-01-01 02:12:00,14220,14324,0,saved,"(512, 512, 6)",gs://suryabench-sharp-pipeline-bamidele/jsoc_2025_2026_production_v1/samples_npz/2026/20260101_0212_HARP14220_NOAA14324.npz,success,2026-06-22T16:50:53.997917+00:00
20260101_0348_HARP14220_NOAA14324,2026_HARP14220_20260101_0036_20260101_1012,2026-01-01 03:48:00,14220,14324,0,saved,"(512, 512, 6)",gs://suryabench-sharp-pipeline-bamidele/jsoc_2025_2026_production_v1/samples_npz/2026/20260101_0348_HARP14220_NOAA14324.npz,success,2026-06-22T16:51:00.787765+00:00
20260101_0524_HARP14220_NOAA14324,2026_HARP14220_20260101_0036_20260101_1012,2026-01-01 05:24:00,14220,14324,0,saved,"(512, 512, 6)",gs://suryabench-sharp-pipeline-bamidele/jsoc_2025_2026_production_v1/samples_npz/2026/20260101_0524_HARP14220_NOAA14324.npz,success,2026-06-22T16:51:07.631279+00:00
20260101_0700_HARP14220_NOAA14324,2026_HARP14220_20260101_0036_20260101_1012,2026-01-01 07:00:00,14220,14324,0,saved,"(512, 512, 6)",gs://suryabench-sharp-pipeline-bamidele/jsoc_2025_2026_production_v1/samples_npz/2026/20260101_0700_HARP14220_NOAA14324.npz,success,2026-06-22T16:51:14.355943+00:00
20260101_0836_HARP14220_NOAA14324,2026_HARP14220_20260101_0036_20260101_1012,2026-01-01 08:36:00,14220,14324,0,saved,"(512, 512, 6)",gs://suryabench-sharp-pipeline-bamidele/jsoc_2025_2026_production_v1/samples_npz/2026/20260101_0836_HARP14220_NOAA14324.npz,success,2026-06-22T16:51:21.351201+00:00
20260101_1012_HARP14220_NOAA14324,2026_HARP14220_20260101_0036_20260101_1012,2026-01-01 10:12:00,14220,14324,0,saved,"(512, 512, 6)",gs://suryabench-sharp-pipeline-bamidele/jsoc_2025_2026_production_v1/samples_npz/2026/20260101_1012_HARP14220_NOAA14324.npz,success,2026-06-22T16:51:28.102236+00:00
20260101_0100_HARP14239_NOAA14332,2026_HARP14239_20260101_0100_20260101_2324,2026-01-01 01:00:00,14239,14332,0,saved,"(512, 512, 6)",gs://suryabench-sharp-pipeline-bamidele/jsoc_2025_2026_production_v1/samples_npz/2026/20260101_0100_HARP14239_NOAA14332.npz,success,2026-06-22T17:02:03.745300+00:00
20260101_0236_HARP14239_NOAA14332,2026_HARP14239_20260101_0100_20260101_2324,2026-01-01 02:36:00,14239,14332,0,saved,"(512, 512, 6)",gs://suryabench-sharp-pipeline-bamidele/jsoc_2025_2026_production_v1/samples_npz/2026/20260101_0236_HARP14239_NOAA14332.npz,success,2026-06-22T17:02:10.739226+00:00
20260101_0412_HARP14239_NOAA14332,2026_HARP14239_20260101_0100_20260101_2324,2026-01-01 04:12:00,14239,14332,0,saved,"(512, 512, 6)",gs://suryabench-sharp-pipeline-bamidele/jsoc_2025_2026_production_v1/samples_npz/2026/20260101_0412_HARP14239_NOAA14332.npz,success,2026-06-22T17:02:17.497559+00:00
20260101_0548_HARP14239_NOAA14332,2026_HARP14239_20260101_0100_20260101_2324,2026-01-01 05:48:00,14239,14332,0,saved,"(512, 512, 6)",gs://suryabench-sharp-pipeline-bamidele/jsoc_2025_2026_production_v1/samples_npz/2026/20260101_0548_HARP14239_NOAA14332.npz,success,2026-06-22T17:02:24.399768+00:00
20260101_0724_HARP14239_NOAA14332,2026_HARP14239_20260101_0100_20260101_2324,2026-01-01 07:24:00,14239,14332,0,saved,"(512, 512, 6)",gs://suryabench-sharp-pipeline-bamidele/jsoc_2025_2026_production_v1/samples_npz/2026/20260101_0724_HARP14239_NOAA14332.npz,success,2026-06-22T17:02:31.022556+00:00
20260101_0900_HARP14239_NOAA14332,2026_HARP14239_20260101_0100_20260101_2324,2026-01-01 09:00:00,14239,14332,0,saved,"(512, 512, 6)",gs://suryabench-sharp-pipeline-bamidele/jsoc_2025_2026_production_v1/samples_npz/2026/20260101_0900_HARP14239_NOAA14332.npz,success,2026-06-22T17:02:37.836513+00:00
20260101_1036_HARP14239_NOAA14332,2026_HARP14239_20260101_0100_20260101_2324,2026-01-01 10:36:00,14239,14332,0,saved,"(512, 512, 6)",gs://suryabench-sharp-pipeline-bamidele/jsoc_2025_2026_production_v1/samples_npz/2026/20260101_1036_HARP14239_NOAA14332.npz,success,2026-06-22T17:02:44.617230+00:00
20260101_1212_HARP14239_NOAA14332,2026_HARP14239_20260101_0100_20260101_2324,2026-01-01 12:12:00,14239,14332,0,saved,"(512, 512, 6)",gs://suryabench-sharp-pipeline-bamidele/jsoc_2025_2026_production_v1/samples_npz/2026/20260101_1212_HARP14239_NOAA14332.npz,success,2026-06-22T17:02:51.368171+00:00
20260101_1348_HARP14239_NOAA14332,2026_HARP14239_20260101_0100_20260101_2324,2026-01-01 13:48:00,14239,14332,0,saved,"(512, 512, 6)",gs://suryabench-sharp-pipeline-bamidele/jsoc_2025_2026_production_v1/samples_npz/2026/20260101_1348_HARP14239_NOAA14332.npz,success,2026-06-22T17:02:58.213076+00:00
20260101_1524_HARP14239_NOAA14332,2026_HARP14239_20260101_0100_20260101_2324,2026-01-01 15:24:00,14239,14332,0,saved,"(512, 512, 6)",gs://suryabench-sharp-pipeline-bamidele/jsoc_2025_2026_production_v1/samples_npz/2026/20260101_1524_HARP14239_NOAA14332.npz,success,2026-06-22T17:03:05.008845+00:00
20260101_1700_HARP14239_NOAA14332,2026_HARP14239_20260101_0100_20260101_2324,2026-01-01 17:00:00,14239,14332,0,saved,"(512, 512, 6)",gs://suryabench-sharp-pipeline-bamidele/jsoc_2025_2026_production_v1/samples_npz/2026/20260101_1700_HARP14239_NOAA14332.npz,success,2026-06-22T17:03:11.739672+00:00
20260101_1836_HARP14239_NOAA14332,2026_HARP14239_20260101_0100_20260101_2324,2026-01-01 18:36:00,14239,14332,0,saved,"(512, 512, 6)",gs://suryabench-sharp-pipeline-bamidele/jsoc_2025_2026_production_v1/samples_npz/2026/20260101_1836_HARP14239_NOAA14332.npz,success,2026-06-22T17:03:18.346702+00:00
20260101_2012_HARP14239_NOAA14332,2026_HARP14239_20260101_0100_20260101_2324,2026-01-01 20:12:00,14239,14332,0,saved,"(512, 512, 6)",gs://suryabench-sharp-pipeline-bamidele/jsoc_2025_2026_production_v1/samples_npz/2026/20260101_2012_HARP14239_NOAA14332.npz,success,2026-06-22T17:03:25.107627+00:00
20260101_2148_HARP14239_NOAA14332,2026_HARP14239_20260101_0100_20260101_2324,2026-01-01 21:48:00,14239,14332,0,saved,"(512, 512, 6)",gs://suryabench-sharp-pipeline-bamidele/jsoc_2025_2026_production_v1/samples_npz/2026/20260101_2148_HARP14239_NOAA14332.npz,success,2026-06-22T17:03:31.786203+00:00
20260101_2324_HARP14239_NOAA14332,2026_HARP14239_20260101_0100_20260101_2324,2026-01-01 23:24:00,14239,14332,0,saved,"(512, 512, 6)",gs://suryabench-sharp-pipeline-bamidele/jsoc_2025_2026_production_v1/samples_npz/2026/20260101_2324_HARP14239_NOAA14332.npz,success,2026-06-22T17:03:38.636609+00:00
20260101_1324_HARP14220_NOAA14324,2026_HARP14220_20260101_1324_20260102_1148,2026-01-01 13:24:00,14220,14324,0,saved,"(512, 512, 6)",gs://suryabench-sharp-pipeline-bamidele/jsoc_2025_2026_production_v1/samples_npz/2026/20260101_1324_HARP14220_NOAA14324.npz,success,2026-06-22T17:16:10.789628+00:00
20260101_1500_HARP14220_NOAA14324,2026_HARP14220_20260101_1324_20260102_1148,2026-01-01 15:00:00,14220,14324,0,saved,"(512, 512, 6)",gs://suryabench-sharp-pipeline-bamidele/jsoc_2025_2026_production_v1/samples_npz/2026/20260101_1500_HARP14220_NOAA14324.npz,success,2026-06-22T17:16:17.500619+00:00
20260101_1636_HARP14220_NOAA14324,2026_HARP14220_20260101_1324_20260102_1148,2026-01-01 16:36:00,14220,14324,0,saved,"(512, 512, 6)",gs://suryabench-sharp-pipeline-bamidele/jsoc_2025_2026_production_v1/samples_npz/2026/20260101_1636_HARP14220_NOAA14324.npz,success,2026-06-22T17:16:24.384644+00:00
20260101_1812_HARP14220_NOAA14324,2026_HARP14220_20260101_1324_20260102_1148,2026-01-01 18:12:00,14220,14324,0,saved,"(512, 512, 6)",gs://suryabench-sharp-pipeline-bamidele/jsoc_2025_2026_production_v1/samples_npz/2026/20260101_1812_HARP14220_NOAA14324.npz,success,2026-06-22T17:16:31.312399+00:00
20260101_1948_HARP14220_NOAA14324,2026_HARP14220_20260101_1324_20260102_1148,2026-01-01 19:48:00,14220,14324,0,saved,"(512, 512, 6)",gs://suryabench-sharp-pipeline-bamidele/jsoc_2025_2026_production_v1/samples_npz/2026/20260101_1948_HARP14220_NOAA14324.npz,success,2026-06-22T17:16:38.100887+00:00
20260101_2124_HARP14220_NOAA14324,2026_HARP14220_20260101_1324_20260102_1148,2026-01-01 21:24:00,14220,14324,0,saved,"(512, 512, 6)",gs://suryabench-sharp-pipeline-bamidele/jsoc_2025_2026_production_v1/samples_npz/2026/20260101_2124_HARP14220_NOAA14324.npz,success,2026-06-22T17:16:44.901688+00:00
20260101_2300_HARP14220_NOAA14324,2026_HARP14220_20260101_1324_20260102_1148,2026-01-01 23:00:00,14220,14324,0,saved,"(512, 512, 6)",gs://suryabench-sharp-pipeline-bamidele/jsoc_2025_2026_production_v1/samples_npz/2026/20260101_2300_HARP14220_NOAA14324.npz,success,2026-06-22T17:16:51.673045+00:00
20260102_0036_HARP14220_NOAA14324,2026_HARP14220_20260101_1324_20260102_1148,2026-01-02 00:36:00,14220,14324,0,saved,"(512, 512, 6)",gs://suryabench-sharp-pipeline-bamidele/jsoc_2025_2026_production_v1/samples_npz/2026/20260102_0036_HARP14220_NOAA14324.npz,success,2026-06-22T17:16:58.388334+00:00
20260102_0212_HARP14220_NOAA14324,2026_HARP14220_20260101_1324_20260102_1148,2026-01-02 02:12:00,14220,14324,0,saved,"(512, 512, 6)",gs://suryabench-sharp-pipeline-bamidele/jsoc_2025_2026_production_v1/samples_npz/2026/20260102_0212_HARP14220_NOAA14324.npz,success,2026-06-22T17:17:05.193446+00:00
20260102_0348_HARP14220_NOAA14324,2026_HARP14220_20260101_1324_20260102_1148,2026-01-02 03:48:00,14220,14324,0,saved,"(512, 512, 6)",gs://suryabench-sharp-pipeline-bamidele/jsoc_2025_2026_production_v1/samples_npz/2026/20260102_0348_HARP14220_NOAA14324.npz,success,2026-06-22T17:17:12.000246+00:00
20260102_0524_HARP14220_NOAA14324,2026_HARP14220_20260101_1324_20260102_1148,2026-01-02 05:24:00,14220,14324,0,saved,"(512, 512, 6)",gs://suryabench-sharp-pipeline-bamidele/jsoc_2025_2026_production_v1/samples_npz/2026/20260102_0524_HARP14220_NOAA14324.npz,success,2026-06-22T17:17:18.785845+00:00
20260102_0700_HARP14220_NOAA14324,2026_HARP14220_20260101_1324_20260102_1148,2026-01-02 07:00:00,14220,14324,0,saved,"(512, 512, 6)",gs://suryabench-sharp-pipeline-bamidele/jsoc_2025_2026_production_v1/samples_npz/2026/20260102_0700_HARP14220_NOAA14324.npz,success,2026-06-22T17:17:25.715170+00:00
20260102_0836_HARP14220_NOAA14324,2026_HARP14220_20260101_1324_20260102_1148,2026-01-02 08:36:00,14220,14324,0,saved,"(512, 512, 6)",gs://suryabench-sharp-pipeline-bamidele/jsoc_2025_2026_production_v1/samples_npz/2026/20260102_0836_HARP14220_NOAA14324.npz,success,2026-06-22T17:17:32.432571+00:00
20260102_1012_HARP14220_NOAA14324,2026_HARP14220_20260101_1324_20260102_1148,2026-01-02 10:12:00,14220,14324,0,saved,"(512, 512, 6)",gs://suryabench-sharp-pipeline-bamidele/jsoc_2025_2026_production_v1/samples_npz/2026/20260102_1012_HARP14220_NOAA14324.npz,success,2026-06-22T17:17:39.232163+00:00
20260102_1148_HARP14220_NOAA14324,2026_HARP14220_20260101_1324_20260102_1148,2026-01-02 11:48:00,14220,14324,0,saved,"(512, 512, 6)",gs://suryabench-sharp-pipeline-bamidele/jsoc_2025_2026_production_v1/samples_npz/2026/20260102_1148_HARP14220_NOAA14324.npz,success,2026-06-22T17:17:45.981973+00:00
20260101_1936_HARP14215_NOAA14323,2026_HARP14215_20260101_1936_20260102_1624,2026-01-01 19:36:00,14215,14323,0,saved,"(512, 512, 6)",gs://suryabench-sharp-pipeline-bamidele/jsoc_2025_2026_production_v1/samples_npz/2026/20260101_1936_HARP14215_NOAA14323.npz,success,2026-06-22T17:31:22.174463+00:00
20260101_2112_HARP14215_NOAA14323,2026_HARP14215_20260101_1936_20260102_1624,2026-01-01 21:12:00,14215,14323,0,saved,"(512, 512, 6)",gs://suryabench-sharp-pipeline-bamidele/jsoc_2025_2026_production_v1/samples_npz/2026/20260101_2112_HARP14215_NOAA14323.npz,success,2026-06-22T17:31:30.980821+00:00
20260101_2248_HARP14215_NOAA14323,2026_HARP14215_20260101_1936_20260102_1624,2026-01-01 22:48:00,14215,14323,0,saved,"(512, 512, 6)",gs://suryabench-sharp-pipeline-bamidele/jsoc_2025_2026_production_v1/samples_npz/2026/20260101_2248_HARP14215_NOAA14323.npz,success,2026-06-22T17:31:39.906746+00:00
20260102_0024_HARP14215_NOAA14323,2026_HARP14215_20260101_1936_20260102_1624,2026-01-02 00:24:00,14215,14323,0,saved,"(512, 512, 6)",gs://suryabench-sharp-pipeline-bamidele/jsoc_2025_2026_production_v1/samples_npz/2026/20260102_0024_HARP14215_NOAA14323.npz,success,2026-06-22T17:31:48.695626+00:00
20260102_0200_HARP14215_NOAA14323,2026_HARP14215_20260101_1936_20260102_1624,2026-01-02 02:00:00,14215,14323,0,saved,"(512, 512, 6)",gs://suryabench-sharp-pipeline-bamidele/jsoc_2025_2026_production_v1/samples_npz/2026/20260102_0200_HARP14215_NOAA14323.npz,success,2026-06-22T17:31:57.250208+00:00
20260102_0336_HARP14215_NOAA14323,2026_HARP14215_20260101_1936_20260102_1624,2026-01-02 03:36:00,14215,14323,0,saved,"(512, 512, 6)",gs://suryabench-sharp-pipeline-bamidele/jsoc_2025_2026_production_v1/samples_npz/2026/20260102_0336_HARP14215_NOAA14323.npz,success,2026-06-22T17:32:05.642120+00:00
20260102_0512_HARP14215_NOAA14323,2026_HARP14215_20260101_1936_20260102_1624,2026-01-02 05:12:00,14215,14323,0,saved,"(512, 512, 6)",gs://suryabench-sharp-pipeline-bamidele/jsoc_2025_2026_production_v1/samples_npz/2026/20260102_0512_HARP14215_NOAA14323.npz,success,2026-06-22T17:32:14.810013+00:00
20260102_0648_HARP14215_NOAA14323,2026_HARP14215_20260101_1936_20260102_1624,2026-01-02 06:48:00,14215,14323,0,saved,"(512, 512, 6)",gs://suryabench-sharp-pipeline-bamidele/jsoc_2025_2026_production_v1/samples_npz/2026/20260102_0648_HARP14215_NOAA14323.npz,success,2026-06-22T17:32:23.662489+00:00
20260102_0824_HARP14215_NOAA14323,2026_HARP14215_20260101_1936_20260102_1624,2026-01-02 08:24:00,14215,14323,0,saved,"(512, 512, 6)",gs://suryabench-sharp-pipeline-bamidele/jsoc_2025_2026_production_v1/samples_npz/2026/20260102_0824_HARP14215_NOAA14323.npz,success,2026-06-22T17:32:32.384130+00:00
20260102_1000_HARP14215_NOAA14323,2026_HARP14215_20260101_1936_20260102_1624,2026-01-02 10:00:00,14215,14323,0,saved,"(512, 512, 6)",gs://suryabench-sharp-pipeline-bamidele/jsoc_2025_2026_production_v1/samples_npz/2026/20260102_1000_HARP14215_NOAA14323.npz,success,2026-06-22T17:32:40.856620+00:00
20260102_1136_HARP14215_NOAA14323,2026_HARP14215_20260101_1936_20260102_1624,2026-01-02 11:36:00,14215,14323,0,saved,"(512, 512, 6)",gs://suryabench-sharp-pipeline-bamidele/jsoc_2025_2026_production_v1/samples_npz/2026/20260102_1136_HARP14215_NOAA14323.npz,success,2026-06-22T17:32:49.208626+00:00
20260102_1312_HARP14215_NOAA14323,2026_HARP14215_20260101_1936_20260102_1624,2026-01-02 13:12:00,14215,14323,0,saved,"(512, 512, 6)",gs://suryabench-sharp-pipeline-bamidele/jsoc_2025_2026_production_v1/samples_npz/2026/20260102_1312_HARP14215_NOAA14323.npz,success,2026-06-22T17:32:58.009839+00:00
20260102_1448_HARP14215_NOAA14323,2026_HARP14215_20260101_1936_20260102_1624,2026-01-02 14:48:00,14215,14323,0,saved,"(512, 512, 6)",gs://suryabench-sharp-pipeline-bamidele/jsoc_2025_2026_production_v1/samples_npz/2026/20260102_1448_HARP14215_NOAA14323.npz,success,2026-06-22T17:33:06.186410+00:00
20260102_1624_HARP14215_NOAA14323,2026_HARP14215_20260101_1936_20260102_1624,2026-01-02 16:24:00,14215,14323,0,saved,"(512, 512, 6)",gs://suryabench-sharp-pipeline-bamidele/jsoc_2025_2026_production_v1/samples_npz/2026/20260102_1624_HARP14215_NOAA14323.npz,success,2026-06-22T17:33:14.875399+00:00
20260102_0012_HARP14228_NOAA14331,2026_HARP14228_20260102_0012_20260102_2236,2026-01-02 00:12:00,14228,14331,0,saved,"(512, 512, 6)",gs://suryabench-sharp-pipeline-bamidele/jsoc_2025_2026_production_v1/samples_npz/2026/20260102_0012_HARP14228_NOAA14331.npz,success,2026-06-22T17:43:03.493286+00:00
20260102_0148_HARP14228_NOAA14331,2026_HARP14228_20260102_0012_20260102_2236,2026-01-02 01:48:00,14228,14331,0,saved,"(512, 512, 6)",gs://suryabench-sharp-pipeline-bamidele/jsoc_2025_2026_production_v1/samples_npz/2026/20260102_0148_HARP14228_NOAA14331.npz,success,2026-06-22T17:43:10.196831+00:00
20260102_0324_HARP14228_NOAA14331,2026_HARP14228_20260102_0012_20260102_2236,2026-01-02 03:24:00,14228,14331,0,saved,"(512, 512, 6)",gs://suryabench-sharp-pipeline-bamidele/jsoc_2025_2026_production_v1/samples_npz/2026/20260102_0324_HARP14228_NOAA14331.npz,success,2026-06-22T17:43:16.640870+00:00
20260102_0500_HARP14228_NOAA14331,2026_HARP14228_20260102_0012_20260102_2236,2026-01-02 05:00:00,14228,14331,0,saved,"(512, 512, 6)",gs://suryabench-sharp-pipeline-bamidele/jsoc_2025_2026_production_v1/samples_npz/2026/20260102_0500_HARP14228_NOAA14331.npz,success,2026-06-22T17:43:23.185307+00:00
20260102_0636_HARP14228_NOAA14331,2026_HARP14228_20260102_0012_20260102_2236,2026-01-02 06:36:00,14228,14331,0,saved,"(512, 512, 6)",gs://suryabench-sharp-pipeline-bamidele/jsoc_2025_2026_production_v1/samples_npz/2026/20260102_0636_HARP14228_NOAA14331.npz,success,2026-06-22T17:43:29.768012+00:00
20260102_0812_HARP14228_NOAA14331,2026_HARP14228_20260102_0012_20260102_2236,2026-01-02 08:12:00,14228,14331,0,saved,"(512, 512, 6)",gs://suryabench-sharp-pipeline-bamidele/jsoc_2025_2026_production_v1/samples_npz/2026/20260102_0812_HARP14228_NOAA14331.npz,success,2026-06-22T17:43:36.369314+00:00
20260102_0948_HARP14228_NOAA14331,2026_HARP14228_20260102_0012_20260102_2236,2026-01-02 09:48:00,14228,14331,0,saved,"(512, 512, 6)",gs://suryabench-sharp-pipeline-bamidele/jsoc_2025_2026_production_v1/samples_npz/2026/20260102_0948_HARP14228_NOAA14331.npz,success,2026-06-22T17:43:42.846690+00:00
20260102_1124_HARP14228_NOAA14331,2026_HARP14228_20260102_0012_20260102_2236,2026-01-02 11:24:00,14228,14331,0,saved,"(512, 512, 6)",gs://suryabench-sharp-pipeline-bamidele/jsoc_2025_2026_production_v1/samples_npz/2026/20260102_1124_HARP14228_NOAA14331.npz,success,2026-06-22T17:43:49.320988+00:00
20260102_1300_HARP14228_NOAA14331,2026_HARP14228_20260102_0012_20260102_2236,2026-01-02 13:00:00,14228,14331,0,saved,"(512, 512, 6)",gs://suryabench-sharp-pipeline-bamidele/jsoc_2025_2026_production_v1/samples_npz/2026/20260102_1300_HARP14228_NOAA14331.npz,success,2026-06-22T17:43:55.732150+00:00
20260102_1436_HARP14228_NOAA14331,2026_HARP14228_20260102_0012_20260102_2236,2026-01-02 14:36:00,14228,14331,0,saved,"(512, 512, 6)",gs://suryabench-sharp-pipeline-bamidele/jsoc_2025_2026_production_v1/samples_npz/2026/20260102_1436_HARP14228_NOAA14331.npz,success,2026-06-22T17:44:02.153230+00:00
20260102_1612_HARP14228_NOAA14331,2026_HARP14228_20260102_0012_20260102_2236,2026-01-02 16:12:00,14228,14331,0,saved,"(512, 512, 6)",gs://suryabench-sharp-pipeline-bamidele/jsoc_2025_2026_production_v1/samples_npz/2026/20260102_1612_HARP14228_NOAA14331.npz,success,2026-06-22T17:44:08.623247+00:00
20260102_1748_HARP14228_NOAA14331,2026_HARP14228_20260102_0012_20260102_2236,2026-01-02 17:48:00,14228,14331,0,saved,"(512, 512, 6)",gs://suryabench-sharp-pipeline-bamidele/jsoc_2025_2026_production_v1/samples_npz/2026/20260102_1748_HARP14228_NOAA14331.npz,success,2026-06-22T17:44:15.238858+00:00
20260102_1924_HARP14228_NOAA14331,2026_HARP14228_20260102_0012_20260102_2236,2026-01-02 19:24:00,14228,14331,0,saved,"(512, 512, 6)",gs://suryabench-sharp-pipeline-bamidele/jsoc_2025_2026_production_v1/samples_npz/2026/20260102_1924_HARP14228_NOAA14331.npz,success,2026-06-22T17:44:21.749656+00:00
20260102_2100_HARP14228_NOAA14331,2026_HARP14228_20260102_0012_20260102_2236,2026-01-02 21:00:00,14228,14331,0,saved,"(512, 512, 6)",gs://suryabench-sharp-pipeline-bamidele/jsoc_2025_2026_production_v1/samples_npz/2026/20260102_2100_HARP14228_NOAA14331.npz,success,2026-06-22T17:44:28.231132+00:00
20260102_2236_HARP14228_NOAA14331,2026_HARP14228_20260102_0012_20260102_2236,2026-01-02 22:36:00,14228,14331,0,saved,"(512, 512, 6)",gs://suryabench-sharp-pipeline-bamidele/jsoc_2025_2026_production_v1/samples_npz/2026/20260102_2236_HARP14228_NOAA14331.npz,success,2026-06-22T17:44:34.785675+00:00
20260102_0100_HARP14239_NOAA14332,2026_HARP14239_20260102_0100_20260102_2324,2026-01-02 01:00:00,14239,14332,0,saved,"(512, 512, 6)",gs://suryabench-sharp-pipeline-bamidele/jsoc_2025_2026_production_v1/samples_npz/2026/20260102_0100_HARP14239_NOAA14332.npz,success,2026-06-22T17:54:03.788665+00:00
20260102_0236_HARP14239_NOAA14332,2026_HARP14239_20260102_0100_20260102_2324,2026-01-02 02:36:00,14239,14332,0,saved,"(512, 512, 6)",gs://suryabench-sharp-pipeline-bamidele/jsoc_2025_2026_production_v1/samples_npz/2026/20260102_0236_HARP14239_NOAA14332.npz,success,2026-06-22T17:54:10.307900+00:00
20260102_0412_HARP14239_NOAA14332,2026_HARP14239_20260102_0100_20260102_2324,2026-01-02 04:12:00,14239,14332,0,saved,"(512, 512, 6)",gs://suryabench-sharp-pipeline-bamidele/jsoc_2025_2026_production_v1/samples_npz/2026/20260102_0412_HARP14239_NOAA14332.npz,success,2026-06-22T17:54:16.758194+00:00
20260102_0548_HARP14239_NOAA14332,2026_HARP14239_20260102_0100_20260102_2324,2026-01-02 05:48:00,14239,14332,0,saved,"(512, 512, 6)",gs://suryabench-sharp-pipeline-bamidele/jsoc_2025_2026_production_v1/samples_npz/2026/20260102_0548_HARP14239_NOAA14332.npz,success,2026-06-22T17:54:23.395240+00:00
20260102_0724_HARP14239_NOAA14332,2026_HARP14239_20260102_0100_20260102_2324,2026-01-02 07:24:00,14239,14332,0,saved,"(512, 512, 6)",gs://suryabench-sharp-pipeline-bamidele/jsoc_2025_2026_production_v1/samples_npz/2026/20260102_0724_HARP14239_NOAA14332.npz,success,2026-06-22T17:54:29.873126+00:00
20260102_0900_HARP14239_NOAA14332,2026_HARP14239_20260102_0100_20260102_2324,2026-01-02 09:00:00,14239,14332,0,saved,"(512, 512, 6)",gs://suryabench-sharp-pipeline-bamidele/jsoc_2025_2026_production_v1/samples_npz/2026/20260102_0900_HARP14239_NOAA14332.npz,success,2026-06-22T17:54:36.291926+00:00
20260102_1036_HARP14239_NOAA14332,2026_HARP14239_20260102_0100_20260102_2324,2026-01-02 10:36:00,14239,14332,0,saved,"(512, 512, 6)",gs://suryabench-sharp-pipeline-bamidele/jsoc_2025_2026_production_v1/samples_npz/2026/20260102_1036_HARP14239_NOAA14332.npz,success,2026-06-22T17:54:42.766144+00:00
20260102_1212_HARP14239_NOAA14332,2026_HARP14239_20260102_0100_20260102_2324,2026-01-02 12:12:00,14239,14332,0,saved,"(512, 512, 6)",gs://suryabench-sharp-pipeline-bamidele/jsoc_2025_2026_production_v1/samples_npz/2026/20260102_1212_HARP14239_NOAA14332.npz,success,2026-06-22T17:54:49.228282+00:00
20260102_1348_HARP14239_NOAA14332,2026_HARP14239_20260102_0100_20260102_2324,2026-01-02 13:48:00,14239,14332,0,saved,"(512, 512, 6)",gs://suryabench-sharp-pipeline-bamidele/jsoc_2025_2026_production_v1/samples_npz/2026/20260102_1348_HARP14239_NOAA14332.npz,success,2026-06-22T17:54:55.769115+00:00
20260102_1524_HARP14239_NOAA14332,2026_HARP14239_20260102_0100_20260102_2324,2026-01-02 15:24:00,14239,14332,0,saved,"(512, 512, 6)",gs://suryabench-sharp-pipeline-bamidele/jsoc_2025_2026_production_v1/samples_npz/2026/20260102_1524_HARP14239_NOAA14332.npz,success,2026-06-22T17:55:02.258406+00:00
20260102_1700_HARP14239_NOAA14332,2026_HARP14239_20260102_0100_20260102_2324,2026-01-02 17:00:00,14239,14332,0,saved,"(512, 512, 6)",gs://suryabench-sharp-pipeline-bamidele/jsoc_2025_2026_production_v1/samples_npz/2026/20260102_1700_HARP14239_NOAA14332.npz,success,2026-06-22T17:55:08.968708+00:00
20260102_1836_HARP14239_NOAA14332,2026_HARP14239_20260102_0100_20260102_2324,2026-01-02 18:36:00,14239,14332,0,saved,"(512, 512, 6)",gs://suryabench-sharp-pipeline-bamidele/jsoc_2025_2026_production_v1/samples_npz/2026/20260102_1836_HARP14239_NOAA14332.npz,success,2026-06-22T17:55:15.486186+00:00
20260102_2012_HARP14239_NOAA14332,2026_HARP14239_20260102_0100_20260102_2324,2026-01-02 20:12:00,14239,14332,0,saved,"(512, 512, 6)",gs://suryabench-sharp-pipeline-bamidele/jsoc_2025_2026_production_v1/samples_npz/2026/20260102_2012_HARP14239_NOAA14332.npz,success,2026-06-22T17:55:22.097987+00:00
20260102_2148_HARP14239_NOAA14332,2026_HARP14239_20260102_0100_20260102_2324,2026-01-02 21:48:00,14239,14332,0,saved,"(512, 512, 6)",gs://suryabench-sharp-pipeline-bamidele/jsoc_2025_2026_production_v1/samples_npz/2026/20260102_2148_HARP14239_NOAA14332.npz,success,2026-06-22T17:55:28.517729+00:00
20260102_2324_HARP14239_NOAA14332,2026_HARP14239_20260102_0100_20260102_2324,2026-01-02 23:24:00,14239,14332,0,saved,"(512, 512, 6)",gs://suryabench-sharp-pipeline-bamidele/jsoc_2025_2026_production_v1/samples_npz/2026/20260102_2324_HARP14239_NOAA14332.npz,success,2026-06-22T17:55:35.033567+00:00
20260102_1100_HARP14246_NOAA14337,2026_HARP14246_20260102_1100_20260103_0748,2026-01-02 11:00:00,14246,14337,0,saved,"(512, 512, 6)",gs://suryabench-sharp-pipeline-bamidele/jsoc_2025_2026_production_v1/samples_npz/2026/20260102_1100_HARP14246_NOAA14337.npz,success,2026-06-22T18:05:21.767230+00:00
20260102_1236_HARP14246_NOAA14337,2026_HARP14246_20260102_1100_20260103_0748,2026-01-02 12:36:00,14246,14337,0,saved,"(512, 512, 6)",gs://suryabench-sharp-pipeline-bamidele/jsoc_2025_2026_production_v1/samples_npz/2026/20260102_1236_HARP14246_NOAA14337.npz,success,2026-06-22T18:05:28.388511+00:00
20260102_1412_HARP14246_NOAA14337,2026_HARP14246_20260102_1100_20260103_0748,2026-01-02 14:12:00,14246,14337,0,saved,"(512, 512, 6)",gs://suryabench-sharp-pipeline-bamidele/jsoc_2025_2026_production_v1/samples_npz/2026/20260102_1412_HARP14246_NOAA14337.npz,success,2026-06-22T18:05:35.055460+00:00
20260102_1548_HARP14246_NOAA14337,2026_HARP14246_20260102_1100_20260103_0748,2026-01-02 15:48:00,14246,14337,0,saved,"(512, 512, 6)",gs://suryabench-sharp-pipeline-bamidele/jsoc_2025_2026_production_v1/samples_npz/2026/20260102_1548_HARP14246_NOAA14337.npz,success,2026-06-22T18:05:41.953731+00:00
20260102_1724_HARP14246_NOAA14337,2026_HARP14246_20260102_1100_20260103_0748,2026-01-02 17:24:00,14246,14337,0,saved,"(512, 512, 6)",gs://suryabench-sharp-pipeline-bamidele/jsoc_2025_2026_production_v1/samples_npz/2026/20260102_1724_HARP14246_NOAA14337.npz,success,2026-06-22T18:05:48.723853+00:00
20260102_1900_HARP14246_NOAA14337,2026_HARP14246_20260102_1100_20260103_0748,2026-01-02 19:00:00,14246,14337,0,saved,"(512, 512, 6)",gs://suryabench-sharp-pipeline-bamidele/jsoc_2025_2026_production_v1/samples_npz/2026/20260102_1900_HARP14246_NOAA14337.npz,success,2026-06-22T18:05:55.466732+00:00
20260102_2036_HARP14246_NOAA14337,2026_HARP14246_20260102_1100_20260103_0748,2026-01-02 20:36:00,14246,14337,0,saved,"(512, 512, 6)",gs://suryabench-sharp-pipeline-bamidele/jsoc_2025_2026_production_v1/samples_npz/2026/20260102_2036_HARP14246_NOAA14337.npz,success,2026-06-22T18:06:02.038967+00:00
20260102_2212_HARP14246_NOAA14337,2026_HARP14246_20260102_1100_20260103_0748,2026-01-02 22:12:00,14246,14337,0,saved,"(512, 512, 6)",gs://suryabench-sharp-pipeline-bamidele/jsoc_2025_2026_production_v1/samples_npz/2026/20260102_2212_HARP14246_NOAA14337.npz,success,2026-06-22T18:06:08.644262+00:00
20260102_2348_HARP14246_NOAA14337,2026_HARP14246_20260102_1100_20260103_0748,2026-01-02 23:48:00,14246,14337,0,saved,"(512, 512, 6)",gs://suryabench-sharp-pipeline-bamidele/jsoc_2025_2026_production_v1/samples_npz/2026/20260102_2348_HARP14246_NOAA14337.npz,success,2026-06-22T18:06:15.400958+00:00
20260103_0124_HARP14246_NOAA14337,2026_HARP14246_20260102_1100_20260103_0748,2026-01-03 01:24:00,14246,14337,0,saved,"(512, 512, 6)",gs://suryabench-sharp-pipeline-bamidele/jsoc_2025_2026_production_v1/samples_npz/2026/20260103_0124_HARP14246_NOAA14337.npz,success,2026-06-22T18:06:22.207752+00:00
20260103_0300_HARP14246_NOAA14337,2026_HARP14246_20260102_1100_20260103_0748,2026-01-03 03:00:00,14246,14337,0,saved,"(512, 512, 6)",gs://suryabench-sharp-pipeline-bamidele/jsoc_2025_2026_production_v1/samples_npz/2026/20260103_0300_HARP14246_NOAA14337.npz,success,2026-06-22T18:06:28.941719+00:00
20260103_0436_HARP14246_NOAA14337,2026_HARP14246_20260102_1100_20260103_0748,2026-01-03 04:36:00,14246,14337,0,saved,"(512, 512, 6)",gs://suryabench-sharp-pipeline-bamidele/jsoc_2025_2026_production_v1/samples_npz/2026/20260103_0436_HARP14246_NOAA14337.npz,success,2026-06-22T18:06:35.600386+00:00
20260103_0612_HARP14246_NOAA14337,2026_HARP14246_20260102_1100_20260103_0748,2026-01-03 06:12:00,14246,14337,0,saved,"(512, 512, 6)",gs://suryabench-sharp-pipeline-bamidele/jsoc_2025_2026_production_v1/samples_npz/2026/20260103_0612_HARP14246_NOAA14337.npz,success,2026-06-22T18:06:42.146332+00:00
20260103_0748_HARP14246_NOAA14337,2026_HARP14246_20260102_1100_20260103_0748,2026-01-03 07:48:00,14246,14337,0,saved,"(512, 512, 6)",gs://suryabench-sharp-pipeline-bamidele/jsoc_2025_2026_production_v1/samples_npz/2026/20260103_0748_HARP14246_NOAA14337.npz,success,2026-06-22T18:06:48.631445+00:00
20260102_1324_HARP14220_NOAA14324,2026_HARP14220_20260102_1324_20260103_0836,2026-01-02 13:24:00,14220,14324,0,saved,"(512, 512, 6)",gs://suryabench-sharp-pipeline-bamidele/jsoc_2025_2026_production_v1/samples_npz/2026/20260102_1324_HARP14220_NOAA14324.npz,success,2026-06-22T18:16:29.805358+00:00
20260102_1500_HARP14220_NOAA14324,2026_HARP14220_20260102_1324_20260103_0836,2026-01-02 15:00:00,14220,14324,0,saved,"(512, 512, 6)",gs://suryabench-sharp-pipeline-bamidele/jsoc_2025_2026_production_v1/samples_npz/2026/20260102_1500_HARP14220_NOAA14324.npz,success,2026-06-22T18:16:36.463303+00:00
20260102_1636_HARP14220_NOAA14324,2026_HARP14220_20260102_1324_20260103_0836,2026-01-02 16:36:00,14220,14324,0,saved,"(512, 512, 6)",gs://suryabench-sharp-pipeline-bamidele/jsoc_2025_2026_production_v1/samples_npz/2026/20260102_1636_HARP14220_NOAA14324.npz,success,2026-06-22T18:16:43.108705+00:00
20260102_1812_HARP14220_NOAA14324,2026_HARP14220_20260102_1324_20260103_0836,2026-01-02 18:12:00,14220,14324,0,saved,"(512, 512, 6)",gs://suryabench-sharp-pipeline-bamidele/jsoc_2025_2026_production_v1/samples_npz/2026/20260102_1812_HARP14220_NOAA14324.npz,success,2026-06-22T18:16:49.753246+00:00
20260102_1948_HARP14220_NOAA14324,2026_HARP14220_20260102_1324_20260103_0836,2026-01-02 19:48:00,14220,14324,0,saved,"(512, 512, 6)",gs://suryabench-sharp-pipeline-bamidele/jsoc_2025_2026_production_v1/samples_npz/2026/20260102_1948_HARP14220_NOAA14324.npz,success,2026-06-22T18:16:56.424602+00:00
20260102_2124_HARP14220_NOAA14324,2026_HARP14220_20260102_1324_20260103_0836,2026-01-02 21:24:00,14220,14324,0,saved,"(512, 512, 6)",gs://suryabench-sharp-pipeline-bamidele/jsoc_2025_2026_production_v1/samples_npz/2026/20260102_2124_HARP14220_NOAA14324.npz,success,2026-06-22T18:17:03.012834+00:00
20260102_2300_HARP14220_NOAA14324,2026_HARP14220_20260102_1324_20260103_0836,2026-01-02 23:00:00,14220,14324,0,saved,"(512, 512, 6)",gs://suryabench-sharp-pipeline-bamidele/jsoc_2025_2026_production_v1/samples_npz/2026/20260102_2300_HARP14220_NOAA14324.npz,success,2026-06-22T18:17:09.617373+00:00
20260103_0036_HARP14220_NOAA14324,2026_HARP14220_20260102_1324_20260103_0836,2026-01-03 00:36:00,14220,14324,0,saved,"(512, 512, 6)",gs://suryabench-sharp-pipeline-bamidele/jsoc_2025_2026_production_v1/samples_npz/2026/20260103_0036_HARP14220_NOAA14324.npz,success,2026-06-22T18:17:16.217178+00:00
20260103_0212_HARP14220_NOAA14324,2026_HARP14220_20260102_1324_20260103_0836,2026-01-03 02:12:00,14220,14324,0,saved,"(512, 512, 6)",gs://suryabench-sharp-pipeline-bamidele/jsoc_2025_2026_production_v1/samples_npz/2026/20260103_0212_HARP14220_NOAA14324.npz,success,2026-06-22T18:17:23.034682+00:00
20260103_0348_HARP14220_NOAA14324,2026_HARP14220_20260102_1324_20260103_0836,2026-01-03 03:48:00,14220,14324,0,saved,"(512, 512, 6)",gs://suryabench-sharp-pipeline-bamidele/jsoc_2025_2026_production_v1/samples_npz/2026/20260103_0348_HARP14220_NOAA14324.npz,success,2026-06-22T18:17:29.759307+00:00
20260103_0524_HARP14220_NOAA14324,2026_HARP14220_20260102_1324_20260103_0836,2026-01-03 05:24:00,14220,14324,0,saved,"(512, 512, 6)",gs://suryabench-sharp-pipeline-bamidele/jsoc_2025_2026_production_v1/samples_npz/2026/20260103_0524_HARP14220_NOAA14324.npz,success,2026-06-22T18:17:36.399120+00:00
20260103_0700_HARP14220_NOAA14324,2026_HARP14220_20260102_1324_20260103_0836,2026-01-03 07:00:00,14220,14324,0,saved,"(512, 512, 6)",gs://suryabench-sharp-pipeline-bamidele/jsoc_2025_2026_production_v1/samples_npz/2026/20260103_0700_HARP14220_NOAA14324.npz,success,2026-06-22T18:17:43.033305+00:00
20260103_0836_HARP14220_NOAA14324,2026_HARP14220_20260102_1324_20260103_0836,2026-01-03 08:36:00,14220,14324,0,saved,"(512, 512, 6)",gs://suryabench-sharp-pipeline-bamidele/jsoc_2025_2026_production_v1/samples_npz/2026/20260103_0836_HARP14220_NOAA14324.npz,success,2026-06-22T18:17:49.703814+00:00
20260102_1936_HARP14215_NOAA14323,2026_HARP14215_20260102_1936_20260103_0824,2026-01-02 19:36:00,14215,14323,0,saved,"(512, 512, 6)",gs://suryabench-sharp-pipeline-bamidele/jsoc_2025_2026_production_v1/samples_npz/2026/20260102_1936_HARP14215_NOAA14323.npz,success,2026-06-22T18:27:56.567672+00:00
20260102_2112_HARP14215_NOAA14323,2026_HARP14215_20260102_1936_20260103_0824,2026-01-02 21:12:00,14215,14323,0,saved,"(512, 512, 6)",gs://suryabench-sharp-pipeline-bamidele/jsoc_2025_2026_production_v1/samples_npz/2026/20260102_2112_HARP14215_NOAA14323.npz,success,2026-06-22T18:28:04.000657+00:00
20260102_2248_HARP14215_NOAA14323,2026_HARP14215_20260102_1936_20260103_0824,2026-01-02 22:48:00,14215,14323,0,saved,"(512, 512, 6)",gs://suryabench-sharp-pipeline-bamidele/jsoc_2025_2026_production_v1/samples_npz/2026/20260102_2248_HARP14215_NOAA14323.npz,success,2026-06-22T18:28:11.419146+00:00
20260103_0024_HARP14215_NOAA14323,2026_HARP14215_20260102_1936_20260103_0824,2026-01-03 00:24:00,14215,14323,0,saved,"(512, 512, 6)",gs://suryabench-sharp-pipeline-bamidele/jsoc_2025_2026_production_v1/samples_npz/2026/20260103_0024_HARP14215_NOAA14323.npz,success,2026-06-22T18:28:18.909985+00:00
20260103_0200_HARP14215_NOAA14323,2026_HARP14215_20260102_1936_20260103_0824,2026-01-03 02:00:00,14215,14323,0,saved,"(512, 512, 6)",gs://suryabench-sharp-pipeline-bamidele/jsoc_2025_2026_production_v1/samples_npz/2026/20260103_0200_HARP14215_NOAA14323.npz,success,2026-06-22T18:28:26.341650+00:00
20260103_0336_HARP14215_NOAA14323,2026_HARP14215_20260102_1936_20260103_0824,2026-01-03 03:36:00,14215,14323,0,saved,"(512, 512, 6)",gs://suryabench-sharp-pipeline-bamidele/jsoc_2025_2026_production_v1/samples_npz/2026/20260103_0336_HARP14215_NOAA14323.npz,success,2026-06-22T18:28:33.679295+00:00
20260103_0512_HARP14215_NOAA14323,2026_HARP14215_20260102_1936_20260103_0824,2026-01-03 05:12:00,14215,14323,0,saved,"(512, 512, 6)",gs://suryabench-sharp-pipeline-bamidele/jsoc_2025_2026_production_v1/samples_npz/2026/20260103_0512_HARP14215_NOAA14323.npz,success,2026-06-22T18:28:41.001254+00:00
20260103_0648_HARP14215_NOAA14323,2026_HARP14215_20260102_1936_20260103_0824,2026-01-03 06:48:00,14215,14323,0,saved,"(512, 512, 6)",gs://suryabench-sharp-pipeline-bamidele/jsoc_2025_2026_production_v1/samples_npz/2026/20260103_0648_HARP14215_NOAA14323.npz,success,2026-06-22T18:28:48.390798+00:00
20260103_0824_HARP14215_NOAA14323,2026_HARP14215_20260102_1936_20260103_0824,2026-01-03 08:24:00,14215,14323,0,saved,"(512, 512, 6)",gs://suryabench-sharp-pipeline-bamidele/jsoc_2025_2026_production_v1/samples_npz/2026/20260103_0824_HARP14215_NOAA14323.npz,success,2026-06-22T18:28:55.661517+00:00
20260103_0012_HARP14228_NOAA14331,2026_HARP14228_20260103_0012_20260103_0812,2026-01-03 00:12:00,14228,14331,0,saved,"(512, 512, 6)",gs://suryabench-sharp-pipeline-bamidele/jsoc_2025_2026_production_v1/samples_npz/2026/20260103_0012_HARP14228_NOAA14331.npz,success,2026-06-22T18:37:37.471618+00:00
20260103_0148_HARP14228_NOAA14331,2026_HARP14228_20260103_0012_20260103_0812,2026-01-03 01:48:00,14228,14331,0,saved,"(512, 512, 6)",gs://suryabench-sharp-pipeline-bamidele/jsoc_2025_2026_production_v1/samples_npz/2026/20260103_0148_HARP14228_NOAA14331.npz,success,2026-06-22T18:37:44.008955+00:00
20260103_0324_HARP14228_NOAA14331,2026_HARP14228_20260103_0012_20260103_0812,2026-01-03 03:24:00,14228,14331,0,saved,"(512, 512, 6)",gs://suryabench-sharp-pipeline-bamidele/jsoc_2025_2026_production_v1/samples_npz/2026/20260103_0324_HARP14228_NOAA14331.npz,success,2026-06-22T18:37:50.564949+00:00
20260103_0500_HARP14228_NOAA14331,2026_HARP14228_20260103_0012_20260103_0812,2026-01-03 05:00:00,14228,14331,0,saved,"(512, 512, 6)",gs://suryabench-sharp-pipeline-bamidele/jsoc_2025_2026_production_v1/samples_npz/2026/20260103_0500_HARP14228_NOAA14331.npz,success,2026-06-22T18:37:56.955724+00:00
20260103_0636_HARP14228_NOAA14331,2026_HARP14228_20260103_0012_20260103_0812,2026-01-03 06:36:00,14228,14331,0,saved,"(512, 512, 6)",gs://suryabench-sharp-pipeline-bamidele/jsoc_2025_2026_production_v1/samples_npz/2026/20260103_0636_HARP14228_NOAA14331.npz,success,2026-06-22T18:38:03.335168+00:00
20260103_0812_HARP14228_NOAA14331,2026_HARP14228_20260103_0012_20260103_0812,2026-01-03 08:12:00,14228,14331,0,saved,"(512, 512, 6)",gs://suryabench-sharp-pipeline-bamidele/jsoc_2025_2026_production_v1/samples_npz/2026/20260103_0812_HARP14228_NOAA14331.npz,success,2026-06-22T18:38:09.678644+00:00
20260103_0036_HARP14245_NOAA14337,2026_HARP14245_20260103_0036_20260103_0836,2026-01-03 00:36:00,14245,14337,0,saved,"(512, 512, 6)",gs://suryabench-sharp-pipeline-bamidele/jsoc_2025_2026_production_v1/samples_npz/2026/20260103_0036_HARP14245_NOAA14337.npz,success,2026-06-22T18:46:41.818981+00:00
20260103_0212_HARP14245_NOAA14337,2026_HARP14245_20260103_0036_20260103_0836,2026-01-03 02:12:00,14245,14337,0,saved,"(512, 512, 6)",gs://suryabench-sharp-pipeline-bamidele/jsoc_2025_2026_production_v1/samples_npz/2026/20260103_0212_HARP14245_NOAA14337.npz,success,2026-06-22T18:46:48.132155+00:00
20260103_0348_HARP14245_NOAA14337,2026_HARP14245_20260103_0036_20260103_0836,2026-01-03 03:48:00,14245,14337,0,saved,"(512, 512, 6)",gs://suryabench-sharp-pipeline-bamidele/jsoc_2025_2026_production_v1/samples_npz/2026/20260103_0348_HARP14245_NOAA14337.npz,success,2026-06-22T18:46:54.454062+00:00
20260103_0524_HARP14245_NOAA14337,2026_HARP14245_20260103_0036_20260103_0836,2026-01-03 05:24:00,14245,14337,0,saved,"(512, 512, 6)",gs://suryabench-sharp-pipeline-bamidele/jsoc_2025_2026_production_v1/samples_npz/2026/20260103_0524_HARP14245_NOAA14337.npz,success,2026-06-22T18:47:00.749012+00:00
20260103_0700_HARP14245_NOAA14337,2026_HARP14245_20260103_0036_20260103_0836,2026-01-03 07:00:00,14245,14337,0,saved,"(512, 512, 6)",gs://suryabench-sharp-pipeline-bamidele/jsoc_2025_2026_production_v1/samples_npz/2026/20260103_0700_HARP14245_NOAA14337.npz,success,2026-06-22T18:47:07.101866+00:00
20260103_0836_HARP14245_NOAA14337,2026_HARP14245_20260103_0036_20260103_0836,2026-01-03 08:36:00,14245,14337,0,saved,"(512, 512, 6)",gs://suryabench-sharp-pipeline-bamidele/jsoc_2025_2026_production_v1/samples_npz/2026/20260103_0836_HARP14245_NOAA14337.npz,success,2026-06-22T18:47:13.414213+00:00
20260103_0100_HARP14239_NOAA14332,2026_HARP14239_20260103_0100_20260103_0724,2026-01-03 01:00:00,14239,14332,0,saved,"(512, 512, 6)",gs://suryabench-sharp-pipeline-bamidele/jsoc_2025_2026_production_v1/samples_npz/2026/20260103_0100_HARP14239_NOAA14332.npz,success,2026-06-22T18:55:58.887573+00:00
20260103_0236_HARP14239_NOAA14332,2026_HARP14239_20260103_0100_20260103_0724,2026-01-03 02:36:00,14239,14332,0,saved,"(512, 512, 6)",gs://suryabench-sharp-pipeline-bamidele/jsoc_2025_2026_production_v1/samples_npz/2026/20260103_0236_HARP14239_NOAA14332.npz,success,2026-06-22T18:56:05.248142+00:00
20260103_0412_HARP14239_NOAA14332,2026_HARP14239_20260103_0100_20260103_0724,2026-01-03 04:12:00,14239,14332,0,saved,"(512, 512, 6)",gs://suryabench-sharp-pipeline-bamidele/jsoc_2025_2026_production_v1/samples_npz/2026/20260103_0412_HARP14239_NOAA14332.npz,success,2026-06-22T18:56:11.486228+00:00
20260103_0548_HARP14239_NOAA14332,2026_HARP14239_20260103_0100_20260103_0724,2026-01-03 05:48:00,14239,14332,0,saved,"(512, 512, 6)",gs://suryabench-sharp-pipeline-bamidele/jsoc_2025_2026_production_v1/samples_npz/2026/20260103_0548_HARP14239_NOAA14332.npz,success,2026-06-22T18:56:17.713436+00:00
20260103_0724_HARP14239_NOAA14332,2026_HARP14239_20260103_0100_20260103_0724,2026-01-03 07:24:00,14239,14332,0,saved,"(512, 512, 6)",gs://suryabench-sharp-pipeline-bamidele/jsoc_2025_2026_production_v1/samples_npz/2026/20260103_0724_HARP14239_NOAA14332.npz,success,2026-06-22T18:56:24.070696+00:00
20260103_1924_HARP14239_NOAA14332,2026_HARP14239_20260103_1924_20260104_1748,2026-01-03 19:24:00,14239,14332,0,saved,"(512, 512, 6)",gs://suryabench-sharp-pipeline-bamidele/jsoc_2025_2026_production_v1/samples_npz/2026/20260103_1924_HARP14239_NOAA14332.npz,success,2026-06-22T19:06:14.684178+00:00
20260103_2100_HARP14239_NOAA14332,2026_HARP14239_20260103_1924_20260104_1748,2026-01-03 21:00:00,14239,14332,0,saved,"(512, 512, 6)",gs://suryabench-sharp-pipeline-bamidele/jsoc_2025_2026_production_v1/samples_npz/2026/20260103_2100_HARP14239_NOAA14332.npz,success,2026-06-22T19:06:21.441674+00:00
20260103_2236_HARP14239_NOAA14332,2026_HARP14239_20260103_1924_20260104_1748,2026-01-03 22:36:00,14239,14332,0,saved,"(512, 512, 6)",gs://suryabench-sharp-pipeline-bamidele/jsoc_2025_2026_production_v1/samples_npz/2026/20260103_2236_HARP14239_NOAA14332.npz,success,2026-06-22T19:06:27.946702+00:00
20260104_0012_HARP14239_NOAA14332,2026_HARP14239_20260103_1924_20260104_1748,2026-01-04 00:12:00,14239,14332,0,saved,"(512, 512, 6)",gs://suryabench-sharp-pipeline-bamidele/jsoc_2025_2026_production_v1/samples_npz/2026/20260104_0012_HARP14239_NOAA14332.npz,success,2026-06-22T19:06:34.471199+00:00
20260104_0148_HARP14239_NOAA14332,2026_HARP14239_20260103_1924_20260104_1748,2026-01-04 01:48:00,14239,14332,0,saved,"(512, 512, 6)",gs://suryabench-sharp-pipeline-bamidele/jsoc_2025_2026_production_v1/samples_npz/2026/20260104_0148_HARP14239_NOAA14332.npz,success,2026-06-22T19:06:40.963203+00:00
20260104_0324_HARP14239_NOAA14332,2026_HARP14239_20260103_1924_20260104_1748,2026-01-04 03:24:00,14239,14332,0,saved,"(512, 512, 6)",gs://suryabench-sharp-pipeline-bamidele/jsoc_2025_2026_production_v1/samples_npz/2026/20260104_0324_HARP14239_NOAA14332.npz,success,2026-06-22T19:06:47.457169+00:00
20260104_0500_HARP14239_NOAA14332,2026_HARP14239_20260103_1924_20260104_1748,2026-01-04 05:00:00,14239,14332,0,saved,"(512, 512, 6)",gs://suryabench-sharp-pipeline-bamidele/jsoc_2025_2026_production_v1/samples_npz/2026/20260104_0500_HARP14239_NOAA14332.npz,success,2026-06-22T19:06:54.018676+00:00
20260104_0636_HARP14239_NOAA14332,2026_HARP14239_20260103_1924_20260104_1748,2026-01-04 06:36:00,14239,14332,0,saved,"(512, 512, 6)",gs://suryabench-sharp-pipeline-bamidele/jsoc_2025_2026_production_v1/samples_npz/2026/20260104_0636_HARP14239_NOAA14332.npz,success,2026-06-22T19:07:00.455257+00:00
20260104_0812_HARP14239_NOAA14332,2026_HARP14239_20260103_1924_20260104_1748,2026-01-04 08:12:00,14239,14332,0,saved,"(512, 512, 6)",gs://suryabench-sharp-pipeline-bamidele/jsoc_2025_2026_production_v1/samples_npz/2026/20260104_0812_HARP14239_NOAA14332.npz,success,2026-06-22T19:07:06.602038+00:00
20260104_0948_HARP14239_NOAA14332,2026_HARP14239_20260103_1924_20260104_1748,2026-01-04 09:48:00,14239,14332,0,saved,"(512, 512, 6)",gs://suryabench-sharp-pipeline-bamidele/jsoc_2025_2026_production_v1/samples_npz/2026/20260104_0948_HARP14239_NOAA14332.npz,success,2026-06-22T19:07:12.764848+00:00
20260104_1124_HARP14239_NOAA14332,2026_HARP14239_20260103_1924_20260104_1748,2026-01-04 11:24:00,14239,14332,0,saved,"(512, 512, 6)",gs://suryabench-sharp-pipeline-bamidele/jsoc_2025_2026_production_v1/samples_npz/2026/20260104_1124_HARP14239_NOAA14332.npz,success,2026-06-22T19:07:19.202256+00:00
20260104_1300_HARP14239_NOAA14332,2026_HARP14239_20260103_1924_20260104_1748,2026-01-04 13:00:00,14239,14332,0,saved,"(512, 512, 6)",gs://suryabench-sharp-pipeline-bamidele/jsoc_2025_2026_production_v1/samples_npz/2026/20260104_1300_HARP14239_NOAA14332.npz,success,2026-06-22T19:07:25.558644+00:00
20260104_1436_HARP14239_NOAA14332,2026_HARP14239_20260103_1924_20260104_1748,2026-01-04 14:36:00,14239,14332,0,saved,"(512, 512, 6)",gs://suryabench-sharp-pipeline-bamidele/jsoc_2025_2026_production_v1/samples_npz/2026/20260104_1436_HARP14239_NOAA14332.npz,success,2026-06-22T19:07:31.934353+00:00
20260104_1612_HARP14239_NOAA14332,2026_HARP14239_20260103_1924_20260104_1748,2026-01-04 16:12:00,14239,14332,0,saved,"(512, 512, 6)",gs://suryabench-sharp-pipeline-bamidele/jsoc_2025_2026_production_v1/samples_npz/2026/20260104_1612_HARP14239_NOAA14332.npz,success,2026-06-22T19:07:38.261805+00:00
20260104_1748_HARP14239_NOAA14332,2026_HARP14239_20260103_1924_20260104_1748,2026-01-04 17:48:00,14239,14332,0,saved,"(512, 512, 6)",gs://suryabench-sharp-pipeline-bamidele/jsoc_2025_2026_production_v1/samples_npz/2026/20260104_1748_HARP14239_NOAA14332.npz,success,2026-06-22T19:07:44.608007+00:00
20260103_1948_HARP14246_NOAA14337,2026_HARP14246_20260103_1948_20260104_1812,2026-01-03 19:48:00,14246,14337,0,saved,"(512, 512, 6)",gs://suryabench-sharp-pipeline-bamidele/jsoc_2025_2026_production_v1/samples_npz/2026/20260103_1948_HARP14246_NOAA14337.npz,success,2026-06-22T19:17:43.756264+00:00
20260103_2124_HARP14246_NOAA14337,2026_HARP14246_20260103_1948_20260104_1812,2026-01-03 21:24:00,14246,14337,0,saved,"(512, 512, 6)",gs://suryabench-sharp-pipeline-bamidele/jsoc_2025_2026_production_v1/samples_npz/2026/20260103_2124_HARP14246_NOAA14337.npz,success,2026-06-22T19:17:50.109731+00:00
20260103_2300_HARP14246_NOAA14337,2026_HARP14246_20260103_1948_20260104_1812,2026-01-03 23:00:00,14246,14337,0,saved,"(512, 512, 6)",gs://suryabench-sharp-pipeline-bamidele/jsoc_2025_2026_production_v1/samples_npz/2026/20260103_2300_HARP14246_NOAA14337.npz,success,2026-06-22T19:17:56.526106+00:00
20260104_0036_HARP14246_NOAA14337,2026_HARP14246_20260103_1948_20260104_1812,2026-01-04 00:36:00,14246,14337,0,saved,"(512, 512, 6)",gs://suryabench-sharp-pipeline-bamidele/jsoc_2025_2026_production_v1/samples_npz/2026/20260104_0036_HARP14246_NOAA14337.npz,success,2026-06-22T19:18:02.888586+00:00
20260104_0212_HARP14246_NOAA14337,2026_HARP14246_20260103_1948_20260104_1812,2026-01-04 02:12:00,14246,14337,0,saved,"(512, 512, 6)",gs://suryabench-sharp-pipeline-bamidele/jsoc_2025_2026_production_v1/samples_npz/2026/20260104_0212_HARP14246_NOAA14337.npz,success,2026-06-22T19:18:09.338622+00:00
20260104_0348_HARP14246_NOAA14337,2026_HARP14246_20260103_1948_20260104_1812,2026-01-04 03:48:00,14246,14337,0,saved,"(512, 512, 6)",gs://suryabench-sharp-pipeline-bamidele/jsoc_2025_2026_production_v1/samples_npz/2026/20260104_0348_HARP14246_NOAA14337.npz,success,2026-06-22T19:18:15.708220+00:00
20260104_0524_HARP14246_NOAA14337,2026_HARP14246_20260103_1948_20260104_1812,2026-01-04 05:24:00,14246,14337,0,saved,"(512, 512, 6)",gs://suryabench-sharp-pipeline-bamidele/jsoc_2025_2026_production_v1/samples_npz/2026/20260104_0524_HARP14246_NOAA14337.npz,success,2026-06-22T19:18:22.056853+00:00
20260104_0700_HARP14246_NOAA14337,2026_HARP14246_20260103_1948_20260104_1812,2026-01-04 07:00:00,14246,14337,0,saved,"(512, 512, 6)",gs://suryabench-sharp-pipeline-bamidele/jsoc_2025_2026_production_v1/samples_npz/2026/20260104_0700_HARP14246_NOAA14337.npz,success,2026-06-22T19:18:28.388046+00:00
20260104_0836_HARP14246_NOAA14337,2026_HARP14246_20260103_1948_20260104_1812,2026-01-04 08:36:00,14246,14337,0,saved,"(512, 512, 6)",gs://suryabench-sharp-pipeline-bamidele/jsoc_2025_2026_production_v1/samples_npz/2026/20260104_0836_HARP14246_NOAA14337.npz,success,2026-06-22T19:18:34.655639+00:00
20260104_1012_HARP14246_NOAA14337,2026_HARP14246_20260103_1948_20260104_1812,2026-01-04 10:12:00,14246,14337,0,saved,"(512, 512, 6)",gs://suryabench-sharp-pipeline-bamidele/jsoc_2025_2026_production_v1/samples_npz/2026/20260104_1012_HARP14246_NOAA14337.npz,success,2026-06-22T19:18:41.030370+00:00
20260104_1148_HARP14246_NOAA14337,2026_HARP14246_20260103_1948_20260104_1812,2026-01-04 11:48:00,14246,14337,0,saved,"(512, 512, 6)",gs://suryabench-sharp-pipeline-bamidele/jsoc_2025_2026_production_v1/samples_npz/2026/20260104_1148_HARP14246_NOAA14337.npz,success,2026-06-22T19:18:47.324423+00:00
20260104_1324_HARP14246_NOAA14337,2026_HARP14246_20260103_1948_20260104_1812,2026-01-04 13:24:00,14246,14337,0,saved,"(512, 512, 6)",gs://suryabench-sharp-pipeline-bamidele/jsoc_2025_2026_production_v1/samples_npz/2026/20260104_1324_HARP14246_NOAA14337.npz,success,2026-06-22T19:18:53.674457+00:00
20260104_1500_HARP14246_NOAA14337,2026_HARP14246_20260103_1948_20260104_1812,2026-01-04 15:00:00,14246,14337,0,saved,"(512, 512, 6)",gs://suryabench-sharp-pipeline-bamidele/jsoc_2025_2026_production_v1/samples_npz/2026/20260104_1500_HARP14246_NOAA14337.npz,success,2026-06-22T19:18:59.959823+00:00
20260104_1636_HARP14246_NOAA14337,2026_HARP14246_20260103_1948_20260104_1812,2026-01-04 16:36:00,14246,14337,0,saved,"(512, 512, 6)",gs://suryabench-sharp-pipeline-bamidele/jsoc_2025_2026_production_v1/samples_npz/2026/20260104_1636_HARP14246_NOAA14337.npz,success,2026-06-22T19:19:06.364121+00:00
20260104_1812_HARP14246_NOAA14337,2026_HARP14246_20260103_1948_20260104_1812,2026-01-04 18:12:00,14246,14337,0,saved,"(512, 512, 6)",gs://suryabench-sharp-pipeline-bamidele/jsoc_2025_2026_production_v1/samples_npz/2026/20260104_1812_HARP14246_NOAA14337.npz,success,2026-06-22T19:19:12.752029+00:00
20260103_2012_HARP14228_NOAA14331,2026_HARP14228_20260103_2012_20260104_1836,2026-01-03 20:12:00,14228,14331,0,saved,"(512, 512, 6)",gs://suryabench-sharp-pipeline-bamidele/jsoc_2025_2026_production_v1/samples_npz/2026/20260103_2012_HARP14228_NOAA14331.npz,success,2026-06-22T19:30:41.871032+00:00
20260103_2148_HARP14228_NOAA14331,2026_HARP14228_20260103_2012_20260104_1836,2026-01-03 21:48:00,14228,14331,0,saved,"(512, 512, 6)",gs://suryabench-sharp-pipeline-bamidele/jsoc_2025_2026_production_v1/samples_npz/2026/20260103_2148_HARP14228_NOAA14331.npz,success,2026-06-22T19:30:48.531255+00:00
20260103_2324_HARP14228_NOAA14331,2026_HARP14228_20260103_2012_20260104_1836,2026-01-03 23:24:00,14228,14331,0,saved,"(512, 512, 6)",gs://suryabench-sharp-pipeline-bamidele/jsoc_2025_2026_production_v1/samples_npz/2026/20260103_2324_HARP14228_NOAA14331.npz,success,2026-06-22T19:30:54.968703+00:00
20260104_0100_HARP14228_NOAA14331,2026_HARP14228_20260103_2012_20260104_1836,2026-01-04 01:00:00,14228,14331,0,saved,"(512, 512, 6)",gs://suryabench-sharp-pipeline-bamidele/jsoc_2025_2026_production_v1/samples_npz/2026/20260104_0100_HARP14228_NOAA14331.npz,success,2026-06-22T19:31:01.369076+00:00
20260104_0236_HARP14228_NOAA14331,2026_HARP14228_20260103_2012_20260104_1836,2026-01-04 02:36:00,14228,14331,0,saved,"(512, 512, 6)",gs://suryabench-sharp-pipeline-bamidele/jsoc_2025_2026_production_v1/samples_npz/2026/20260104_0236_HARP14228_NOAA14331.npz,success,2026-06-22T19:31:07.776468+00:00
20260104_0412_HARP14228_NOAA14331,2026_HARP14228_20260103_2012_20260104_1836,2026-01-04 04:12:00,14228,14331,0,saved,"(512, 512, 6)",gs://suryabench-sharp-pipeline-bamidele/jsoc_2025_2026_production_v1/samples_npz/2026/20260104_0412_HARP14228_NOAA14331.npz,success,2026-06-22T19:31:14.117984+00:00
20260104_0548_HARP14228_NOAA14331,2026_HARP14228_20260103_2012_20260104_1836,2026-01-04 05:48:00,14228,14331,0,saved,"(512, 512, 6)",gs://suryabench-sharp-pipeline-bamidele/jsoc_2025_2026_production_v1/samples_npz/2026/20260104_0548_HARP14228_NOAA14331.npz,success,2026-06-22T19:31:20.455292+00:00
20260104_0724_HARP14228_NOAA14331,2026_HARP14228_20260103_2012_20260104_1836,2026-01-04 07:24:00,14228,14331,0,saved,"(512, 512, 6)",gs://suryabench-sharp-pipeline-bamidele/jsoc_2025_2026_production_v1/samples_npz/2026/20260104_0724_HARP14228_NOAA14331.npz,success,2026-06-22T19:31:26.820082+00:00
20260104_0900_HARP14228_NOAA14331,2026_HARP14228_20260103_2012_20260104_1836,2026-01-04 09:00:00,14228,14331,0,saved,"(512, 512, 6)",gs://suryabench-sharp-pipeline-bamidele/jsoc_2025_2026_production_v1/samples_npz/2026/20260104_0900_HARP14228_NOAA14331.npz,success,2026-06-22T19:31:33.135951+00:00
20260104_1036_HARP14228_NOAA14331,2026_HARP14228_20260103_2012_20260104_1836,2026-01-04 10:36:00,14228,14331,0,saved,"(512, 512, 6)",gs://suryabench-sharp-pipeline-bamidele/jsoc_2025_2026_production_v1/samples_npz/2026/20260104_1036_HARP14228_NOAA14331.npz,success,2026-06-22T19:31:39.560741+00:00
20260104_1212_HARP14228_NOAA14331,2026_HARP14228_20260103_2012_20260104_1836,2026-01-04 12:12:00,14228,14331,0,saved,"(512, 512, 6)",gs://suryabench-sharp-pipeline-bamidele/jsoc_2025_2026_production_v1/samples_npz/2026/20260104_1212_HARP14228_NOAA14331.npz,success,2026-06-22T19:31:46.011483+00:00
20260104_1348_HARP14228_NOAA14331,2026_HARP14228_20260103_2012_20260104_1836,2026-01-04 13:48:00,14228,14331,0,saved,"(512, 512, 6)",gs://suryabench-sharp-pipeline-bamidele/jsoc_2025_2026_production_v1/samples_npz/2026/20260104_1348_HARP14228_NOAA14331.npz,success,2026-06-22T19:31:52.412012+00:00
20260104_1524_HARP14228_NOAA14331,2026_HARP14228_20260103_2012_20260104_1836,2026-01-04 15:24:00,14228,14331,0,saved,"(512, 512, 6)",gs://suryabench-sharp-pipeline-bamidele/jsoc_2025_2026_production_v1/samples_npz/2026/20260104_1524_HARP14228_NOAA14331.npz,success,2026-06-22T19:31:58.813926+00:00
20260104_1700_HARP14228_NOAA14331,2026_HARP14228_20260103_2012_20260104_1836,2026-01-04 17:00:00,14228,14331,0,saved,"(512, 512, 6)",gs://suryabench-sharp-pipeline-bamidele/jsoc_2025_2026_production_v1/samples_npz/2026/20260104_1700_HARP14228_NOAA14331.npz,success,2026-06-22T19:32:05.172855+00:00
20260104_1836_HARP14228_NOAA14331,2026_HARP14228_20260103_2012_20260104_1836,2026-01-04 18:36:00,14228,14331,0,saved,"(512, 512, 6)",gs://suryabench-sharp-pipeline-bamidele/jsoc_2025_2026_production_v1/samples_npz/2026/20260104_1836_HARP14228_NOAA14331.npz,success,2026-06-22T19:32:11.505301+00:00
20260103_2024_HARP14215_NOAA14323,2026_HARP14215_20260103_2024_20260103_2336,2026-01-03 20:24:00,14215,14323,0,saved,"(512, 512, 6)",gs://suryabench-sharp-pipeline-bamidele/jsoc_2025_2026_production_v1/samples_npz/2026/20260103_2024_HARP14215_NOAA14323.npz,success,2026-06-22T19:41:13.702912+00:00
20260103_2200_HARP14215_NOAA14323,2026_HARP14215_20260103_2024_20260103_2336,2026-01-03 22:00:00,14215,14323,0,saved,"(512, 512, 6)",gs://suryabench-sharp-pipeline-bamidele/jsoc_2025_2026_production_v1/samples_npz/2026/20260103_2200_HARP14215_NOAA14323.npz,success,2026-06-22T19:41:20.747997+00:00
20260103_2336_HARP14215_NOAA14323,2026_HARP14215_20260103_2024_20260103_2336,2026-01-03 23:36:00,14215,14323,0,saved,"(512, 512, 6)",gs://suryabench-sharp-pipeline-bamidele/jsoc_2025_2026_production_v1/samples_npz/2026/20260103_2336_HARP14215_NOAA14323.npz,success,2026-06-22T19:41:27.678699+00:00
20260103_2036_HARP14220_NOAA14324,2026_HARP14220_20260103_2036_20260104_0436,2026-01-03 20:36:00,14220,14324,0,saved,"(512, 512, 6)",gs://suryabench-sharp-pipeline-bamidele/jsoc_2025_2026_production_v1/samples_npz/2026/20260103_2036_HARP14220_NOAA14324.npz,success,2026-06-22T19:50:46.657288+00:00
20260103_2212_HARP14220_NOAA14324,2026_HARP14220_20260103_2036_20260104_0436,2026-01-03 22:12:00,14220,14324,0,saved,"(512, 512, 6)",gs://suryabench-sharp-pipeline-bamidele/jsoc_2025_2026_production_v1/samples_npz/2026/20260103_2212_HARP14220_NOAA14324.npz,success,2026-06-22T19:50:53.716160+00:00
20260103_2348_HARP14220_NOAA14324,2026_HARP14220_20260103_2036_20260104_0436,2026-01-03 23:48:00,14220,14324,0,saved,"(512, 512, 6)",gs://suryabench-sharp-pipeline-bamidele/jsoc_2025_2026_production_v1/samples_npz/2026/20260103_2348_HARP14220_NOAA14324.npz,success,2026-06-22T19:51:00.226040+00:00
20260104_0124_HARP14220_NOAA14324,2026_HARP14220_20260103_2036_20260104_0436,2026-01-04 01:24:00,14220,14324,0,saved,"(512, 512, 6)",gs://suryabench-sharp-pipeline-bamidele/jsoc_2025_2026_production_v1/samples_npz/2026/20260104_0124_HARP14220_NOAA14324.npz,success,2026-06-22T19:51:06.656339+00:00
20260104_0300_HARP14220_NOAA14324,2026_HARP14220_20260103_2036_20260104_0436,2026-01-04 03:00:00,14220,14324,0,saved,"(512, 512, 6)",gs://suryabench-sharp-pipeline-bamidele/jsoc_2025_2026_production_v1/samples_npz/2026/20260104_0300_HARP14220_NOAA14324.npz,success,2026-06-22T19:51:13.190786+00:00
20260104_0436_HARP14220_NOAA14324,2026_HARP14220_20260103_2036_20260104_0436,2026-01-04 04:36:00,14220,14324,0,saved,"(512, 512, 6)",gs://suryabench-sharp-pipeline-bamidele/jsoc_2025_2026_production_v1/samples_npz/2026/20260104_0436_HARP14220_NOAA14324.npz,success,2026-06-22T19:51:19.742725+00:00
20260103_2036_HARP14245_NOAA14337,2026_HARP14245_20260103_2036_20260104_1900,2026-01-03 20:36:00,14245,14337,0,saved,"(512, 512, 6)",gs://suryabench-sharp-pipeline-bamidele/jsoc_2025_2026_production_v1/samples_npz/2026/20260103_2036_HARP14245_NOAA14337.npz,success,2026-06-22T20:00:54.749134+00:00
20260103_2212_HARP14245_NOAA14337,2026_HARP14245_20260103_2036_20260104_1900,2026-01-03 22:12:00,14245,14337,0,saved,"(512, 512, 6)",gs://suryabench-sharp-pipeline-bamidele/jsoc_2025_2026_production_v1/samples_npz/2026/20260103_2212_HARP14245_NOAA14337.npz,success,2026-06-22T20:01:01.115003+00:00
20260103_2348_HARP14245_NOAA14337,2026_HARP14245_20260103_2036_20260104_1900,2026-01-03 23:48:00,14245,14337,0,saved,"(512, 512, 6)",gs://suryabench-sharp-pipeline-bamidele/jsoc_2025_2026_production_v1/samples_npz/2026/20260103_2348_HARP14245_NOAA14337.npz,success,2026-06-22T20:01:07.636371+00:00
20260104_0124_HARP14245_NOAA14337,2026_HARP14245_20260103_2036_20260104_1900,2026-01-04 01:24:00,14245,14337,0,saved,"(512, 512, 6)",gs://suryabench-sharp-pipeline-bamidele/jsoc_2025_2026_production_v1/samples_npz/2026/20260104_0124_HARP14245_NOAA14337.npz,success,2026-06-22T20:01:14.092412+00:00
20260104_0300_HARP14245_NOAA14337,2026_HARP14245_20260103_2036_20260104_1900,2026-01-04 03:00:00,14245,14337,0,saved,"(512, 512, 6)",gs://suryabench-sharp-pipeline-bamidele/jsoc_2025_2026_production_v1/samples_npz/2026/20260104_0300_HARP14245_NOAA14337.npz,success,2026-06-22T20:01:20.504782+00:00
20260104_0436_HARP14245_NOAA14337,2026_HARP14245_20260103_2036_20260104_1900,2026-01-04 04:36:00,14245,14337,0,saved,"(512, 512, 6)",gs://suryabench-sharp-pipeline-bamidele/jsoc_2025_2026_production_v1/samples_npz/2026/20260104_0436_HARP14245_NOAA14337.npz,success,2026-06-22T20:01:26.894957+00:00
20260104_0612_HARP14245_NOAA14337,2026_HARP14245_20260103_2036_20260104_1900,2026-01-04 06:12:00,14245,14337,0,saved,"(512, 512, 6)",gs://suryabench-sharp-pipeline-bamidele/jsoc_2025_2026_production_v1/samples_npz/2026/20260104_0612_HARP14245_NOAA14337.npz,success,2026-06-22T20:01:33.203204+00:00
20260104_0748_HARP14245_NOAA14337,2026_HARP14245_20260103_2036_20260104_1900,2026-01-04 07:48:00,14245,14337,0,saved,"(512, 512, 6)",gs://suryabench-sharp-pipeline-bamidele/jsoc_2025_2026_production_v1/samples_npz/2026/20260104_0748_HARP14245_NOAA14337.npz,success,2026-06-22T20:01:39.650837+00:00
20260104_0924_HARP14245_NOAA14337,2026_HARP14245_20260103_2036_20260104_1900,2026-01-04 09:24:00,14245,14337,0,saved,"(512, 512, 6)",gs://suryabench-sharp-pipeline-bamidele/jsoc_2025_2026_production_v1/samples_npz/2026/20260104_0924_HARP14245_NOAA14337.npz,success,2026-06-22T20:01:46.031326+00:00
20260104_1100_HARP14245_NOAA14337,2026_HARP14245_20260103_2036_20260104_1900,2026-01-04 11:00:00,14245,14337,0,saved,"(512, 512, 6)",gs://suryabench-sharp-pipeline-bamidele/jsoc_2025_2026_production_v1/samples_npz/2026/20260104_1100_HARP14245_NOAA14337.npz,success,2026-06-22T20:01:52.581991+00:00
20260104_1236_HARP14245_NOAA14337,2026_HARP14245_20260103_2036_20260104_1900,2026-01-04 12:36:00,14245,14337,0,saved,"(512, 512, 6)",gs://suryabench-sharp-pipeline-bamidele/jsoc_2025_2026_production_v1/samples_npz/2026/20260104_1236_HARP14245_NOAA14337.npz,success,2026-06-22T20:01:59.083447+00:00
20260104_1412_HARP14245_NOAA14337,2026_HARP14245_20260103_2036_20260104_1900,2026-01-04 14:12:00,14245,14337,0,saved,"(512, 512, 6)",gs://suryabench-sharp-pipeline-bamidele/jsoc_2025_2026_production_v1/samples_npz/2026/20260104_1412_HARP14245_NOAA14337.npz,success,2026-06-22T20:02:05.539742+00:00
20260104_1548_HARP14245_NOAA14337,2026_HARP14245_20260103_2036_20260104_1900,2026-01-04 15:48:00,14245,14337,0,saved,"(512, 512, 6)",gs://suryabench-sharp-pipeline-bamidele/jsoc_2025_2026_production_v1/samples_npz/2026/20260104_1548_HARP14245_NOAA14337.npz,success,2026-06-22T20:02:11.957135+00:00
20260104_1724_HARP14245_NOAA14337,2026_HARP14245_20260103_2036_20260104_1900,2026-01-04 17:24:00,14245,14337,0,saved,"(512, 512, 6)",gs://suryabench-sharp-pipeline-bamidele/jsoc_2025_2026_production_v1/samples_npz/2026/20260104_1724_HARP14245_NOAA14337.npz,success,2026-06-22T20:02:18.353041+00:00
20260104_1900_HARP14245_NOAA14337,2026_HARP14245_20260103_2036_20260104_1900,2026-01-04 19:00:00,14245,14337,0,saved,"(512, 512, 6)",gs://suryabench-sharp-pipeline-bamidele/jsoc_2025_2026_production_v1/samples_npz/2026/20260104_1900_HARP14245_NOAA14337.npz,success,2026-06-22T20:02:24.899709+00:00
20260104_1924_HARP14239_NOAA14332,2026_HARP14239_20260104_1924_20260105_0948,2026-01-04 19:24:00,14239,14332,0,saved,"(512, 512, 6)",gs://suryabench-sharp-pipeline-bamidele/jsoc_2025_2026_production_v1/samples_npz/2026/20260104_1924_HARP14239_NOAA14332.npz,success,2026-06-22T20:12:17.371006+00:00
20260104_2100_HARP14239_NOAA14332,2026_HARP14239_20260104_1924_20260105_0948,2026-01-04 21:00:00,14239,14332,0,saved,"(512, 512, 6)",gs://suryabench-sharp-pipeline-bamidele/jsoc_2025_2026_production_v1/samples_npz/2026/20260104_2100_HARP14239_NOAA14332.npz,success,2026-06-22T20:12:23.964316+00:00
20260104_2236_HARP14239_NOAA14332,2026_HARP14239_20260104_1924_20260105_0948,2026-01-04 22:36:00,14239,14332,0,saved,"(512, 512, 6)",gs://suryabench-sharp-pipeline-bamidele/jsoc_2025_2026_production_v1/samples_npz/2026/20260104_2236_HARP14239_NOAA14332.npz,success,2026-06-22T20:12:30.377505+00:00
20260105_0012_HARP14239_NOAA14332,2026_HARP14239_20260104_1924_20260105_0948,2026-01-05 00:12:00,14239,14332,0,saved,"(512, 512, 6)",gs://suryabench-sharp-pipeline-bamidele/jsoc_2025_2026_production_v1/samples_npz/2026/20260105_0012_HARP14239_NOAA14332.npz,success,2026-06-22T20:12:36.740972+00:00
20260105_0148_HARP14239_NOAA14332,2026_HARP14239_20260104_1924_20260105_0948,2026-01-05 01:48:00,14239,14332,0,saved,"(512, 512, 6)",gs://suryabench-sharp-pipeline-bamidele/jsoc_2025_2026_production_v1/samples_npz/2026/20260105_0148_HARP14239_NOAA14332.npz,success,2026-06-22T20:12:43.103092+00:00
20260105_0324_HARP14239_NOAA14332,2026_HARP14239_20260104_1924_20260105_0948,2026-01-05 03:24:00,14239,14332,0,saved,"(512, 512, 6)",gs://suryabench-sharp-pipeline-bamidele/jsoc_2025_2026_production_v1/samples_npz/2026/20260105_0324_HARP14239_NOAA14332.npz,success,2026-06-22T20:12:49.447477+00:00
20260105_0500_HARP14239_NOAA14332,2026_HARP14239_20260104_1924_20260105_0948,2026-01-05 05:00:00,14239,14332,0,saved,"(512, 512, 6)",gs://suryabench-sharp-pipeline-bamidele/jsoc_2025_2026_production_v1/samples_npz/2026/20260105_0500_HARP14239_NOAA14332.npz,success,2026-06-22T20:12:55.750092+00:00
20260105_0636_HARP14239_NOAA14332,2026_HARP14239_20260104_1924_20260105_0948,2026-01-05 06:36:00,14239,14332,0,saved,"(512, 512, 6)",gs://suryabench-sharp-pipeline-bamidele/jsoc_2025_2026_production_v1/samples_npz/2026/20260105_0636_HARP14239_NOAA14332.npz,success,2026-06-22T20:13:02.012064+00:00
20260105_0812_HARP14239_NOAA14332,2026_HARP14239_20260104_1924_20260105_0948,2026-01-05 08:12:00,14239,14332,0,saved,"(512, 512, 6)",gs://suryabench-sharp-pipeline-bamidele/jsoc_2025_2026_production_v1/samples_npz/2026/20260105_0812_HARP14239_NOAA14332.npz,success,2026-06-22T20:13:08.305953+00:00
20260105_0948_HARP14239_NOAA14332,2026_HARP14239_20260104_1924_20260105_0948,2026-01-05 09:48:00,14239,14332,0,saved,"(512, 512, 6)",gs://suryabench-sharp-pipeline-bamidele/jsoc_2025_2026_production_v1/samples_npz/2026/20260105_0948_HARP14239_NOAA14332.npz,success,2026-06-22T20:13:14.613414+00:00
20260104_1948_HARP14246_NOAA14337,2026_HARP14246_20260104_1948_20260105_1812,2026-01-04 19:48:00,14246,14337,0,saved,"(512, 512, 6)",gs://suryabench-sharp-pipeline-bamidele/jsoc_2025_2026_production_v1/samples_npz/2026/20260104_1948_HARP14246_NOAA14337.npz,success,2026-06-22T20:23:37.344683+00:00
20260104_2124_HARP14246_NOAA14337,2026_HARP14246_20260104_1948_20260105_1812,2026-01-04 21:24:00,14246,14337,0,saved,"(512, 512, 6)",gs://suryabench-sharp-pipeline-bamidele/jsoc_2025_2026_production_v1/samples_npz/2026/20260104_2124_HARP14246_NOAA14337.npz,success,2026-06-22T20:23:43.851944+00:00
20260104_2300_HARP14246_NOAA14337,2026_HARP14246_20260104_1948_20260105_1812,2026-01-04 23:00:00,14246,14337,0,saved,"(512, 512, 6)",gs://suryabench-sharp-pipeline-bamidele/jsoc_2025_2026_production_v1/samples_npz/2026/20260104_2300_HARP14246_NOAA14337.npz,success,2026-06-22T20:23:50.309210+00:00
20260105_0036_HARP14246_NOAA14337,2026_HARP14246_20260104_1948_20260105_1812,2026-01-05 00:36:00,14246,14337,0,saved,"(512, 512, 6)",gs://suryabench-sharp-pipeline-bamidele/jsoc_2025_2026_production_v1/samples_npz/2026/20260105_0036_HARP14246_NOAA14337.npz,success,2026-06-22T20:23:56.935406+00:00
20260105_0212_HARP14246_NOAA14337,2026_HARP14246_20260104_1948_20260105_1812,2026-01-05 02:12:00,14246,14337,0,saved,"(512, 512, 6)",gs://suryabench-sharp-pipeline-bamidele/jsoc_2025_2026_production_v1/samples_npz/2026/20260105_0212_HARP14246_NOAA14337.npz,success,2026-06-22T20:24:03.490174+00:00
20260105_0348_HARP14246_NOAA14337,2026_HARP14246_20260104_1948_20260105_1812,2026-01-05 03:48:00,14246,14337,0,saved,"(512, 512, 6)",gs://suryabench-sharp-pipeline-bamidele/jsoc_2025_2026_production_v1/samples_npz/2026/20260105_0348_HARP14246_NOAA14337.npz,success,2026-06-22T20:24:10.053798+00:00
20260105_0524_HARP14246_NOAA14337,2026_HARP14246_20260104_1948_20260105_1812,2026-01-05 05:24:00,14246,14337,0,saved,"(512, 512, 6)",gs://suryabench-sharp-pipeline-bamidele/jsoc_2025_2026_production_v1/samples_npz/2026/20260105_0524_HARP14246_NOAA14337.npz,success,2026-06-22T20:24:16.584896+00:00
20260105_0700_HARP14246_NOAA14337,2026_HARP14246_20260104_1948_20260105_1812,2026-01-05 07:00:00,14246,14337,0,saved,"(512, 512, 6)",gs://suryabench-sharp-pipeline-bamidele/jsoc_2025_2026_production_v1/samples_npz/2026/20260105_0700_HARP14246_NOAA14337.npz,success,2026-06-22T20:24:23.197869+00:00
20260105_0836_HARP14246_NOAA14337,2026_HARP14246_20260104_1948_20260105_1812,2026-01-05 08:36:00,14246,14337,0,saved,"(512, 512, 6)",gs://suryabench-sharp-pipeline-bamidele/jsoc_2025_2026_production_v1/samples_npz/2026/20260105_0836_HARP14246_NOAA14337.npz,success,2026-06-22T20:24:29.838860+00:00
20260105_1012_HARP14246_NOAA14337,2026_HARP14246_20260104_1948_20260105_1812,2026-01-05 10:12:00,14246,14337,0,saved,"(512, 512, 6)",gs://suryabench-sharp-pipeline-bamidele/jsoc_2025_2026_production_v1/samples_npz/2026/20260105_1012_HARP14246_NOAA14337.npz,success,2026-06-22T20:24:36.581327+00:00
20260105_1148_HARP14246_NOAA14337,2026_HARP14246_20260104_1948_20260105_1812,2026-01-05 11:48:00,14246,14337,0,saved,"(512, 512, 6)",gs://suryabench-sharp-pipeline-bamidele/jsoc_2025_2026_production_v1/samples_npz/2026/20260105_1148_HARP14246_NOAA14337.npz,success,2026-06-22T20:24:43.525481+00:00
20260105_1324_HARP14246_NOAA14337,2026_HARP14246_20260104_1948_20260105_1812,2026-01-05 13:24:00,14246,14337,0,saved,"(512, 512, 6)",gs://suryabench-sharp-pipeline-bamidele/jsoc_2025_2026_production_v1/samples_npz/2026/20260105_1324_HARP14246_NOAA14337.npz,success,2026-06-22T20:24:50.371124+00:00
20260105_1500_HARP14246_NOAA14337,2026_HARP14246_20260104_1948_20260105_1812,2026-01-05 15:00:00,14246,14337,0,saved,"(512, 512, 6)",gs://suryabench-sharp-pipeline-bamidele/jsoc_2025_2026_production_v1/samples_npz/2026/20260105_1500_HARP14246_NOAA14337.npz,success,2026-06-22T20:24:57.065624+00:00
20260105_1636_HARP14246_NOAA14337,2026_HARP14246_20260104_1948_20260105_1812,2026-01-05 16:36:00,14246,14337,0,saved,"(512, 512, 6)",gs://suryabench-sharp-pipeline-bamidele/jsoc_2025_2026_production_v1/samples_npz/2026/20260105_1636_HARP14246_NOAA14337.npz,success,2026-06-22T20:25:03.873424+00:00
20260105_1812_HARP14246_NOAA14337,2026_HARP14246_20260104_1948_20260105_1812,2026-01-05 18:12:00,14246,14337,0,saved,"(512, 512, 6)",gs://suryabench-sharp-pipeline-bamidele/jsoc_2025_2026_production_v1/samples_npz/2026/20260105_1812_HARP14246_NOAA14337.npz,success,2026-06-22T20:25:10.725952+00:00
20260104_2012_HARP14228_NOAA14331,2026_HARP14228_20260104_2012_20260105_1836,2026-01-04 20:12:00,14228,14331,0,saved,"(512, 512, 6)",gs://suryabench-sharp-pipeline-bamidele/jsoc_2025_2026_production_v1/samples_npz/2026/20260104_2012_HARP14228_NOAA14331.npz,success,2026-06-22T20:34:57.141624+00:00
20260104_2148_HARP14228_NOAA14331,2026_HARP14228_20260104_2012_20260105_1836,2026-01-04 21:48:00,14228,14331,0,saved,"(512, 512, 6)",gs://suryabench-sharp-pipeline-bamidele/jsoc_2025_2026_production_v1/samples_npz/2026/20260104_2148_HARP14228_NOAA14331.npz,success,2026-06-22T20:35:03.621120+00:00
20260104_2324_HARP14228_NOAA14331,2026_HARP14228_20260104_2012_20260105_1836,2026-01-04 23:24:00,14228,14331,0,saved,"(512, 512, 6)",gs://suryabench-sharp-pipeline-bamidele/jsoc_2025_2026_production_v1/samples_npz/2026/20260104_2324_HARP14228_NOAA14331.npz,success,2026-06-22T20:35:10.085392+00:00
20260105_0100_HARP14228_NOAA14331,2026_HARP14228_20260104_2012_20260105_1836,2026-01-05 01:00:00,14228,14331,0,saved,"(512, 512, 6)",gs://suryabench-sharp-pipeline-bamidele/jsoc_2025_2026_production_v1/samples_npz/2026/20260105_0100_HARP14228_NOAA14331.npz,success,2026-06-22T20:35:16.543767+00:00
20260105_0236_HARP14228_NOAA14331,2026_HARP14228_20260104_2012_20260105_1836,2026-01-05 02:36:00,14228,14331,0,saved,"(512, 512, 6)",gs://suryabench-sharp-pipeline-bamidele/jsoc_2025_2026_production_v1/samples_npz/2026/20260105_0236_HARP14228_NOAA14331.npz,success,2026-06-22T20:35:23.016374+00:00
20260105_0412_HARP14228_NOAA14331,2026_HARP14228_20260104_2012_20260105_1836,2026-01-05 04:12:00,14228,14331,0,saved,"(512, 512, 6)",gs://suryabench-sharp-pipeline-bamidele/jsoc_2025_2026_production_v1/samples_npz/2026/20260105_0412_HARP14228_NOAA14331.npz,success,2026-06-22T20:35:29.401240+00:00
20260105_0548_HARP14228_NOAA14331,2026_HARP14228_20260104_2012_20260105_1836,2026-01-05 05:48:00,14228,14331,0,saved,"(512, 512, 6)",gs://suryabench-sharp-pipeline-bamidele/jsoc_2025_2026_production_v1/samples_npz/2026/20260105_0548_HARP14228_NOAA14331.npz,success,2026-06-22T20:35:35.731738+00:00
20260105_0724_HARP14228_NOAA14331,2026_HARP14228_20260104_2012_20260105_1836,2026-01-05 07:24:00,14228,14331,0,saved,"(512, 512, 6)",gs://suryabench-sharp-pipeline-bamidele/jsoc_2025_2026_production_v1/samples_npz/2026/20260105_0724_HARP14228_NOAA14331.npz,success,2026-06-22T20:35:42.094480+00:00
20260105_0900_HARP14228_NOAA14331,2026_HARP14228_20260104_2012_20260105_1836,2026-01-05 09:00:00,14228,14331,0,saved,"(512, 512, 6)",gs://suryabench-sharp-pipeline-bamidele/jsoc_2025_2026_production_v1/samples_npz/2026/20260105_0900_HARP14228_NOAA14331.npz,success,2026-06-22T20:35:48.485817+00:00
20260105_1036_HARP14228_NOAA14331,2026_HARP14228_20260104_2012_20260105_1836,2026-01-05 10:36:00,14228,14331,0,saved,"(512, 512, 6)",gs://suryabench-sharp-pipeline-bamidele/jsoc_2025_2026_production_v1/samples_npz/2026/20260105_1036_HARP14228_NOAA14331.npz,success,2026-06-22T20:35:54.880138+00:00
20260105_1212_HARP14228_NOAA14331,2026_HARP14228_20260104_2012_20260105_1836,2026-01-05 12:12:00,14228,14331,0,saved,"(512, 512, 6)",gs://suryabench-sharp-pipeline-bamidele/jsoc_2025_2026_production_v1/samples_npz/2026/20260105_1212_HARP14228_NOAA14331.npz,success,2026-06-22T20:36:01.269636+00:00
20260105_1348_HARP14228_NOAA14331,2026_HARP14228_20260104_2012_20260105_1836,2026-01-05 13:48:00,14228,14331,0,saved,"(512, 512, 6)",gs://suryabench-sharp-pipeline-bamidele/jsoc_2025_2026_production_v1/samples_npz/2026/20260105_1348_HARP14228_NOAA14331.npz,success,2026-06-22T20:36:07.615944+00:00
20260105_1524_HARP14228_NOAA14331,2026_HARP14228_20260104_2012_20260105_1836,2026-01-05 15:24:00,14228,14331,0,saved,"(512, 512, 6)",gs://suryabench-sharp-pipeline-bamidele/jsoc_2025_2026_production_v1/samples_npz/2026/20260105_1524_HARP14228_NOAA14331.npz,success,2026-06-22T20:36:14.007678+00:00
20260105_1700_HARP14228_NOAA14331,2026_HARP14228_20260104_2012_20260105_1836,2026-01-05 17:00:00,14228,14331,0,saved,"(512, 512, 6)",gs://suryabench-sharp-pipeline-bamidele/jsoc_2025_2026_production_v1/samples_npz/2026/20260105_1700_HARP14228_NOAA14331.npz,success,2026-06-22T20:36:20.466258+00:00
20260105_1836_HARP14228_NOAA14331,2026_HARP14228_20260104_2012_20260105_1836,2026-01-05 18:36:00,14228,14331,0,saved,"(512, 512, 6)",gs://suryabench-sharp-pipeline-bamidele/jsoc_2025_2026_production_v1/samples_npz/2026/20260105_1836_HARP14228_NOAA14331.npz,success,2026-06-22T20:36:26.892605+00:00
20260104_2036_HARP14245_NOAA14337,2026_HARP14245_20260104_2036_20260104_2212,2026-01-04 20:36:00,14245,14337,0,saved,"(512, 512, 6)",gs://suryabench-sharp-pipeline-bamidele/jsoc_2025_2026_production_v1/samples_npz/2026/20260104_2036_HARP14245_NOAA14337.npz,success,2026-06-22T20:44:08.500852+00:00
20260104_2212_HARP14245_NOAA14337,2026_HARP14245_20260104_2036_20260104_2212,2026-01-04 22:12:00,14245,14337,0,saved,"(512, 512, 6)",gs://suryabench-sharp-pipeline-bamidele/jsoc_2025_2026_production_v1/samples_npz/2026/20260104_2212_HARP14245_NOAA14337.npz,success,2026-06-22T20:44:14.879889+00:00
20260105_0124_HARP14245_NOAA14337,2026_HARP14245_20260105_0124_20260105_0612,2026-01-05 01:24:00,14245,14337,0,saved,"(512, 512, 6)",gs://suryabench-sharp-pipeline-bamidele/jsoc_2025_2026_production_v1/samples_npz/2026/20260105_0124_HARP14245_NOAA14337.npz,success,2026-06-22T20:53:14.737467+00:00
20260105_0300_HARP14245_NOAA14337,2026_HARP14245_20260105_0124_20260105_0612,2026-01-05 03:00:00,14245,14337,0,saved,"(512, 512, 6)",gs://suryabench-sharp-pipeline-bamidele/jsoc_2025_2026_production_v1/samples_npz/2026/20260105_0300_HARP14245_NOAA14337.npz,success,2026-06-22T20:53:21.023892+00:00
20260105_0436_HARP14245_NOAA14337,2026_HARP14245_20260105_0124_20260105_0612,2026-01-05 04:36:00,14245,14337,0,saved,"(512, 512, 6)",gs://suryabench-sharp-pipeline-bamidele/jsoc_2025_2026_production_v1/samples_npz/2026/20260105_0436_HARP14245_NOAA14337.npz,success,2026-06-22T20:53:27.648172+00:00
20260105_0612_HARP14245_NOAA14337,2026_HARP14245_20260105_0124_20260105_0612,2026-01-05 06:12:00,14245,14337,0,saved,"(512, 512, 6)",gs://suryabench-sharp-pipeline-bamidele/jsoc_2025_2026_production_v1/samples_npz/2026/20260105_0612_HARP14245_NOAA14337.npz,success,2026-06-22T20:53:33.859142+00:00
20260105_0924_HARP14245_NOAA14337,2026_HARP14245_20260105_0924_20260105_1724,2026-01-05 09:24:00,14245,14337,0,saved,"(512, 512, 6)",gs://suryabench-sharp-pipeline-bamidele/jsoc_2025_2026_production_v1/samples_npz/2026/20260105_0924_HARP14245_NOAA14337.npz,success,2026-06-22T21:02:37.318670+00:00
20260105_1100_HARP14245_NOAA14337,2026_HARP14245_20260105_0924_20260105_1724,2026-01-05 11:00:00,14245,14337,0,saved,"(512, 512, 6)",gs://suryabench-sharp-pipeline-bamidele/jsoc_2025_2026_production_v1/samples_npz/2026/20260105_1100_HARP14245_NOAA14337.npz,success,2026-06-22T21:02:43.959325+00:00
20260105_1236_HARP14245_NOAA14337,2026_HARP14245_20260105_0924_20260105_1724,2026-01-05 12:36:00,14245,14337,0,saved,"(512, 512, 6)",gs://suryabench-sharp-pipeline-bamidele/jsoc_2025_2026_production_v1/samples_npz/2026/20260105_1236_HARP14245_NOAA14337.npz,success,2026-06-22T21:02:50.528718+00:00
20260105_1412_HARP14245_NOAA14337,2026_HARP14245_20260105_0924_20260105_1724,2026-01-05 14:12:00,14245,14337,0,saved,"(512, 512, 6)",gs://suryabench-sharp-pipeline-bamidele/jsoc_2025_2026_production_v1/samples_npz/2026/20260105_1412_HARP14245_NOAA14337.npz,success,2026-06-22T21:02:57.077831+00:00
20260105_1548_HARP14245_NOAA14337,2026_HARP14245_20260105_0924_20260105_1724,2026-01-05 15:48:00,14245,14337,0,saved,"(512, 512, 6)",gs://suryabench-sharp-pipeline-bamidele/jsoc_2025_2026_production_v1/samples_npz/2026/20260105_1548_HARP14245_NOAA14337.npz,success,2026-06-22T21:03:03.579161+00:00
20260105_1724_HARP14245_NOAA14337,2026_HARP14245_20260105_0924_20260105_1724,2026-01-05 17:24:00,14245,14337,0,saved,"(512, 512, 6)",gs://suryabench-sharp-pipeline-bamidele/jsoc_2025_2026_production_v1/samples_npz/2026/20260105_1724_HARP14245_NOAA14337.npz,success,2026-06-22T21:03:10.181906+00:00
20260105_1948_HARP14246_NOAA14337,2026_HARP14246_20260105_1948_20260106_1848,2026-01-05 19:48:00,14246,14337,0,saved,"(512, 512, 6)",gs://suryabench-sharp-pipeline-bamidele/jsoc_2025_2026_production_v1/samples_npz/2026/20260105_1948_HARP14246_NOAA14337.npz,success,2026-06-22T21:21:43.851468+00:00
20260105_2124_HARP14246_NOAA14337,2026_HARP14246_20260105_1948_20260106_1848,2026-01-05 21:24:00,14246,14337,0,saved,"(512, 512, 6)",gs://suryabench-sharp-pipeline-bamidele/jsoc_2025_2026_production_v1/samples_npz/2026/20260105_2124_HARP14246_NOAA14337.npz,success,2026-06-22T21:21:50.179641+00:00
20260105_2300_HARP14246_NOAA14337,2026_HARP14246_20260105_1948_20260106_1848,2026-01-05 23:00:00,14246,14337,0,saved,"(512, 512, 6)",gs://suryabench-sharp-pipeline-bamidele/jsoc_2025_2026_production_v1/samples_npz/2026/20260105_2300_HARP14246_NOAA14337.npz,success,2026-06-22T21:21:56.555825+00:00
20260106_0036_HARP14246_NOAA14337,2026_HARP14246_20260105_1948_20260106_1848,2026-01-06 00:36:00,14246,14337,0,saved,"(512, 512, 6)",gs://suryabench-sharp-pipeline-bamidele/jsoc_2025_2026_production_v1/samples_npz/2026/20260106_0036_HARP14246_NOAA14337.npz,success,2026-06-22T21:22:02.919087+00:00
20260106_0212_HARP14246_NOAA14337,2026_HARP14246_20260105_1948_20260106_1848,2026-01-06 02:12:00,14246,14337,0,saved,"(512, 512, 6)",gs://suryabench-sharp-pipeline-bamidele/jsoc_2025_2026_production_v1/samples_npz/2026/20260106_0212_HARP14246_NOAA14337.npz,success,2026-06-22T21:22:09.317811+00:00
20260106_0348_HARP14246_NOAA14337,2026_HARP14246_20260105_1948_20260106_1848,2026-01-06 03:48:00,14246,14337,0,saved,"(512, 512, 6)",gs://suryabench-sharp-pipeline-bamidele/jsoc_2025_2026_production_v1/samples_npz/2026/20260106_0348_HARP14246_NOAA14337.npz,success,2026-06-22T21:22:15.661322+00:00
20260106_0524_HARP14246_NOAA14337,2026_HARP14246_20260105_1948_20260106_1848,2026-01-06 05:24:00,14246,14337,0,saved,"(512, 512, 6)",gs://suryabench-sharp-pipeline-bamidele/jsoc_2025_2026_production_v1/samples_npz/2026/20260106_0524_HARP14246_NOAA14337.npz,success,2026-06-22T21:22:22.245239+00:00
20260106_0700_HARP14246_NOAA14337,2026_HARP14246_20260105_1948_20260106_1848,2026-01-06 07:00:00,14246,14337,0,saved,"(512, 512, 6)",gs://suryabench-sharp-pipeline-bamidele/jsoc_2025_2026_production_v1/samples_npz/2026/20260106_0700_HARP14246_NOAA14337.npz,success,2026-06-22T21:22:28.612594+00:00
20260106_0912_HARP14246_NOAA14337,2026_HARP14246_20260105_1948_20260106_1848,2026-01-06 09:12:00,14246,14337,0,saved,"(512, 512, 6)",gs://suryabench-sharp-pipeline-bamidele/jsoc_2025_2026_production_v1/samples_npz/2026/20260106_0912_HARP14246_NOAA14337.npz,success,2026-06-22T21:22:34.971131+00:00
20260106_1048_HARP14246_NOAA14337,2026_HARP14246_20260105_1948_20260106_1848,2026-01-06 10:48:00,14246,14337,0,saved,"(512, 512, 6)",gs://suryabench-sharp-pipeline-bamidele/jsoc_2025_2026_production_v1/samples_npz/2026/20260106_1048_HARP14246_NOAA14337.npz,success,2026-06-22T21:22:41.344927+00:00
20260106_1224_HARP14246_NOAA14337,2026_HARP14246_20260105_1948_20260106_1848,2026-01-06 12:24:00,14246,14337,0,saved,"(512, 512, 6)",gs://suryabench-sharp-pipeline-bamidele/jsoc_2025_2026_production_v1/samples_npz/2026/20260106_1224_HARP14246_NOAA14337.npz,success,2026-06-22T21:22:47.692252+00:00
20260106_1400_HARP14246_NOAA14337,2026_HARP14246_20260105_1948_20260106_1848,2026-01-06 14:00:00,14246,14337,0,saved,"(512, 512, 6)",gs://suryabench-sharp-pipeline-bamidele/jsoc_2025_2026_production_v1/samples_npz/2026/20260106_1400_HARP14246_NOAA14337.npz,success,2026-06-22T21:22:54.132308+00:00
20260106_1536_HARP14246_NOAA14337,2026_HARP14246_20260105_1948_20260106_1848,2026-01-06 15:36:00,14246,14337,0,saved,"(512, 512, 6)",gs://suryabench-sharp-pipeline-bamidele/jsoc_2025_2026_production_v1/samples_npz/2026/20260106_1536_HARP14246_NOAA14337.npz,success,2026-06-22T21:23:00.604167+00:00
20260106_1712_HARP14246_NOAA14337,2026_HARP14246_20260105_1948_20260106_1848,2026-01-06 17:12:00,14246,14337,0,saved,"(512, 512, 6)",gs://suryabench-sharp-pipeline-bamidele/jsoc_2025_2026_production_v1/samples_npz/2026/20260106_1712_HARP14246_NOAA14337.npz,success,2026-06-22T21:23:07.012160+00:00
20260106_1848_HARP14246_NOAA14337,2026_HARP14246_20260105_1948_20260106_1848,2026-01-06 18:48:00,14246,14337,0,saved,"(512, 512, 6)",gs://suryabench-sharp-pipeline-bamidele/jsoc_2025_2026_production_v1/samples_npz/2026/20260106_1848_HARP14246_NOAA14337.npz,success,2026-06-22T21:23:13.411947+00:00
20260105_2012_HARP14228_NOAA14331,2026_HARP14228_20260105_2012_20260106_1424,2026-01-05 20:12:00,14228,14331,0,saved,"(512, 512, 6)",gs://suryabench-sharp-pipeline-bamidele/jsoc_2025_2026_production_v1/samples_npz/2026/20260105_2012_HARP14228_NOAA14331.npz,success,2026-06-22T21:39:31.094752+00:00
20260105_2148_HARP14228_NOAA14331,2026_HARP14228_20260105_2012_20260106_1424,2026-01-05 21:48:00,14228,14331,0,saved,"(512, 512, 6)",gs://suryabench-sharp-pipeline-bamidele/jsoc_2025_2026_production_v1/samples_npz/2026/20260105_2148_HARP14228_NOAA14331.npz,success,2026-06-22T21:39:37.549801+00:00
20260105_2324_HARP14228_NOAA14331,2026_HARP14228_20260105_2012_20260106_1424,2026-01-05 23:24:00,14228,14331,0,saved,"(512, 512, 6)",gs://suryabench-sharp-pipeline-bamidele/jsoc_2025_2026_production_v1/samples_npz/2026/20260105_2324_HARP14228_NOAA14331.npz,success,2026-06-22T21:39:43.974167+00:00
20260106_0100_HARP14228_NOAA14331,2026_HARP14228_20260105_2012_20260106_1424,2026-01-06 01:00:00,14228,14331,0,saved,"(512, 512, 6)",gs://suryabench-sharp-pipeline-bamidele/jsoc_2025_2026_production_v1/samples_npz/2026/20260106_0100_HARP14228_NOAA14331.npz,success,2026-06-22T21:39:50.382364+00:00
20260106_0236_HARP14228_NOAA14331,2026_HARP14228_20260105_2012_20260106_1424,2026-01-06 02:36:00,14228,14331,0,saved,"(512, 512, 6)",gs://suryabench-sharp-pipeline-bamidele/jsoc_2025_2026_production_v1/samples_npz/2026/20260106_0236_HARP14228_NOAA14331.npz,success,2026-06-22T21:39:56.737712+00:00
20260106_0412_HARP14228_NOAA14331,2026_HARP14228_20260105_2012_20260106_1424,2026-01-06 04:12:00,14228,14331,0,saved,"(512, 512, 6)",gs://suryabench-sharp-pipeline-bamidele/jsoc_2025_2026_production_v1/samples_npz/2026/20260106_0412_HARP14228_NOAA14331.npz,success,2026-06-22T21:40:03.169494+00:00
20260106_0548_HARP14228_NOAA14331,2026_HARP14228_20260105_2012_20260106_1424,2026-01-06 05:48:00,14228,14331,0,saved,"(512, 512, 6)",gs://suryabench-sharp-pipeline-bamidele/jsoc_2025_2026_production_v1/samples_npz/2026/20260106_0548_HARP14228_NOAA14331.npz,success,2026-06-22T21:40:09.705862+00:00
20260106_0800_HARP14228_NOAA14331,2026_HARP14228_20260105_2012_20260106_1424,2026-01-06 08:00:00,14228,14331,0,saved,"(512, 512, 6)",gs://suryabench-sharp-pipeline-bamidele/jsoc_2025_2026_production_v1/samples_npz/2026/20260106_0800_HARP14228_NOAA14331.npz,success,2026-06-22T21:40:16.088112+00:00
20260106_0936_HARP14228_NOAA14331,2026_HARP14228_20260105_2012_20260106_1424,2026-01-06 09:36:00,14228,14331,0,saved,"(512, 512, 6)",gs://suryabench-sharp-pipeline-bamidele/jsoc_2025_2026_production_v1/samples_npz/2026/20260106_0936_HARP14228_NOAA14331.npz,success,2026-06-22T21:40:22.489037+00:00
20260106_1112_HARP14228_NOAA14331,2026_HARP14228_20260105_2012_20260106_1424,2026-01-06 11:12:00,14228,14331,0,saved,"(512, 512, 6)",gs://suryabench-sharp-pipeline-bamidele/jsoc_2025_2026_production_v1/samples_npz/2026/20260106_1112_HARP14228_NOAA14331.npz,success,2026-06-22T21:40:29.042849+00:00
20260106_1248_HARP14228_NOAA14331,2026_HARP14228_20260105_2012_20260106_1424,2026-01-06 12:48:00,14228,14331,0,saved,"(512, 512, 6)",gs://suryabench-sharp-pipeline-bamidele/jsoc_2025_2026_production_v1/samples_npz/2026/20260106_1248_HARP14228_NOAA14331.npz,success,2026-06-22T21:40:35.543071+00:00
20260106_1424_HARP14228_NOAA14331,2026_HARP14228_20260105_2012_20260106_1424,2026-01-06 14:24:00,14228,14331,0,saved,"(512, 512, 6)",gs://suryabench-sharp-pipeline-bamidele/jsoc_2025_2026_production_v1/samples_npz/2026/20260106_1424_HARP14228_NOAA14331.npz,success,2026-06-22T21:40:41.940475+00:00
20260105_2036_HARP14245_NOAA14337,2026_HARP14245_20260105_2036_20260106_1624,2026-01-05 20:36:00,14245,14337,0,saved,"(512, 512, 6)",gs://suryabench-sharp-pipeline-bamidele/jsoc_2025_2026_production_v1/samples_npz/2026/20260105_2036_HARP14245_NOAA14337.npz,success,2026-06-22T21:57:47.128930+00:00
20260105_2212_HARP14245_NOAA14337,2026_HARP14245_20260105_2036_20260106_1624,2026-01-05 22:12:00,14245,14337,0,saved,"(512, 512, 6)",gs://suryabench-sharp-pipeline-bamidele/jsoc_2025_2026_production_v1/samples_npz/2026/20260105_2212_HARP14245_NOAA14337.npz,success,2026-06-22T21:57:53.521213+00:00
20260105_2348_HARP14245_NOAA14337,2026_HARP14245_20260105_2036_20260106_1624,2026-01-05 23:48:00,14245,14337,0,saved,"(512, 512, 6)",gs://suryabench-sharp-pipeline-bamidele/jsoc_2025_2026_production_v1/samples_npz/2026/20260105_2348_HARP14245_NOAA14337.npz,success,2026-06-22T21:57:59.923656+00:00
20260106_0124_HARP14245_NOAA14337,2026_HARP14245_20260105_2036_20260106_1624,2026-01-06 01:24:00,14245,14337,0,saved,"(512, 512, 6)",gs://suryabench-sharp-pipeline-bamidele/jsoc_2025_2026_production_v1/samples_npz/2026/20260106_0124_HARP14245_NOAA14337.npz,success,2026-06-22T21:58:06.274008+00:00
20260106_0300_HARP14245_NOAA14337,2026_HARP14245_20260105_2036_20260106_1624,2026-01-06 03:00:00,14245,14337,0,saved,"(512, 512, 6)",gs://suryabench-sharp-pipeline-bamidele/jsoc_2025_2026_production_v1/samples_npz/2026/20260106_0300_HARP14245_NOAA14337.npz,success,2026-06-22T21:58:12.650348+00:00
20260106_0436_HARP14245_NOAA14337,2026_HARP14245_20260105_2036_20260106_1624,2026-01-06 04:36:00,14245,14337,0,saved,"(512, 512, 6)",gs://suryabench-sharp-pipeline-bamidele/jsoc_2025_2026_production_v1/samples_npz/2026/20260106_0436_HARP14245_NOAA14337.npz,success,2026-06-22T21:58:19.061687+00:00
20260106_0612_HARP14245_NOAA14337,2026_HARP14245_20260105_2036_20260106_1624,2026-01-06 06:12:00,14245,14337,0,saved,"(512, 512, 6)",gs://suryabench-sharp-pipeline-bamidele/jsoc_2025_2026_production_v1/samples_npz/2026/20260106_0612_HARP14245_NOAA14337.npz,success,2026-06-22T21:58:25.546189+00:00
20260106_0824_HARP14245_NOAA14337,2026_HARP14245_20260105_2036_20260106_1624,2026-01-06 08:24:00,14245,14337,0,saved,"(512, 512, 6)",gs://suryabench-sharp-pipeline-bamidele/jsoc_2025_2026_production_v1/samples_npz/2026/20260106_0824_HARP14245_NOAA14337.npz,success,2026-06-22T21:58:31.931110+00:00
20260106_1000_HARP14245_NOAA14337,2026_HARP14245_20260105_2036_20260106_1624,2026-01-06 10:00:00,14245,14337,0,saved,"(512, 512, 6)",gs://suryabench-sharp-pipeline-bamidele/jsoc_2025_2026_production_v1/samples_npz/2026/20260106_1000_HARP14245_NOAA14337.npz,success,2026-06-22T21:58:38.380908+00:00
20260106_1136_HARP14245_NOAA14337,2026_HARP14245_20260105_2036_20260106_1624,2026-01-06 11:36:00,14245,14337,0,saved,"(512, 512, 6)",gs://suryabench-sharp-pipeline-bamidele/jsoc_2025_2026_production_v1/samples_npz/2026/20260106_1136_HARP14245_NOAA14337.npz,success,2026-06-22T21:58:44.746880+00:00
20260106_1312_HARP14245_NOAA14337,2026_HARP14245_20260105_2036_20260106_1624,2026-01-06 13:12:00,14245,14337,0,saved,"(512, 512, 6)",gs://suryabench-sharp-pipeline-bamidele/jsoc_2025_2026_production_v1/samples_npz/2026/20260106_1312_HARP14245_NOAA14337.npz,success,2026-06-22T21:58:51.142871+00:00
20260106_1448_HARP14245_NOAA14337,2026_HARP14245_20260105_2036_20260106_1624,2026-01-06 14:48:00,14245,14337,0,saved,"(512, 512, 6)",gs://suryabench-sharp-pipeline-bamidele/jsoc_2025_2026_production_v1/samples_npz/2026/20260106_1448_HARP14245_NOAA14337.npz,success,2026-06-22T21:58:57.456105+00:00
20260106_1624_HARP14245_NOAA14337,2026_HARP14245_20260105_2036_20260106_1624,2026-01-06 16:24:00,14245,14337,0,saved,"(512, 512, 6)",gs://suryabench-sharp-pipeline-bamidele/jsoc_2025_2026_production_v1/samples_npz/2026/20260106_1624_HARP14245_NOAA14337.npz,success,2026-06-22T21:59:03.785200+00:00
20260106_1524_HARP14251_NOAA14334,2026_HARP14251_20260106_1524_20260106_1836,2026-01-06 15:24:00,14251,14334,0,saved,"(512, 512, 6)",gs://suryabench-sharp-pipeline-bamidele/jsoc_2025_2026_production_v1/samples_npz/2026/20260106_1524_HARP14251_NOAA14334.npz,success,2026-06-22T22:07:18.747257+00:00
20260106_1700_HARP14251_NOAA14334,2026_HARP14251_20260106_1524_20260106_1836,2026-01-06 17:00:00,14251,14334,0,saved,"(512, 512, 6)",gs://suryabench-sharp-pipeline-bamidele/jsoc_2025_2026_production_v1/samples_npz/2026/20260106_1700_HARP14251_NOAA14334.npz,success,2026-06-22T22:07:25.955890+00:00
20260106_1836_HARP14251_NOAA14334,2026_HARP14251_20260106_1524_20260106_1836,2026-01-06 18:36:00,14251,14334,0,saved,"(512, 512, 6)",gs://suryabench-sharp-pipeline-bamidele/jsoc_2025_2026_production_v1/samples_npz/2026/20260106_1836_HARP14251_NOAA14334.npz,success,2026-06-22T22:07:32.937929+00:00
20260106_2124_HARP14245_NOAA14337,2026_HARP14245_20260106_2124_20260107_0700,2026-01-06 21:24:00,14245,14337,0,saved,"(512, 512, 6)",gs://suryabench-sharp-pipeline-bamidele/jsoc_2025_2026_production_v1/samples_npz/2026/20260106_2124_HARP14245_NOAA14337.npz,success,2026-06-22T22:16:15.911635+00:00
20260106_2300_HARP14245_NOAA14337,2026_HARP14245_20260106_2124_20260107_0700,2026-01-06 23:00:00,14245,14337,0,saved,"(512, 512, 6)",gs://suryabench-sharp-pipeline-bamidele/jsoc_2025_2026_production_v1/samples_npz/2026/20260106_2300_HARP14245_NOAA14337.npz,success,2026-06-22T22:16:22.381392+00:00
20260107_0036_HARP14245_NOAA14337,2026_HARP14245_20260106_2124_20260107_0700,2026-01-07 00:36:00,14245,14337,0,saved,"(512, 512, 6)",gs://suryabench-sharp-pipeline-bamidele/jsoc_2025_2026_production_v1/samples_npz/2026/20260107_0036_HARP14245_NOAA14337.npz,success,2026-06-22T22:16:28.750083+00:00
20260107_0212_HARP14245_NOAA14337,2026_HARP14245_20260106_2124_20260107_0700,2026-01-07 02:12:00,14245,14337,0,saved,"(512, 512, 6)",gs://suryabench-sharp-pipeline-bamidele/jsoc_2025_2026_production_v1/samples_npz/2026/20260107_0212_HARP14245_NOAA14337.npz,success,2026-06-22T22:16:35.121414+00:00
20260107_0348_HARP14245_NOAA14337,2026_HARP14245_20260106_2124_20260107_0700,2026-01-07 03:48:00,14245,14337,0,saved,"(512, 512, 6)",gs://suryabench-sharp-pipeline-bamidele/jsoc_2025_2026_production_v1/samples_npz/2026/20260107_0348_HARP14245_NOAA14337.npz,success,2026-06-22T22:16:41.484919+00:00
20260107_0524_HARP14245_NOAA14337,2026_HARP14245_20260106_2124_20260107_0700,2026-01-07 05:24:00,14245,14337,0,saved,"(512, 512, 6)",gs://suryabench-sharp-pipeline-bamidele/jsoc_2025_2026_production_v1/samples_npz/2026/20260107_0524_HARP14245_NOAA14337.npz,success,2026-06-22T22:16:47.851049+00:00
20260107_0700_HARP14245_NOAA14337,2026_HARP14245_20260106_2124_20260107_0700,2026-01-07 07:00:00,14245,14337,0,saved,"(512, 512, 6)",gs://suryabench-sharp-pipeline-bamidele/jsoc_2025_2026_production_v1/samples_npz/2026/20260107_0700_HARP14245_NOAA14337.npz,success,2026-06-22T22:16:54.251310+00:00
20260106_2200_HARP14251_NOAA14334,2026_HARP14251_20260106_2200_20260107_0424,2026-01-06 22:00:00,14251,14334,0,saved,"(512, 512, 6)",gs://suryabench-sharp-pipeline-bamidele/jsoc_2025_2026_production_v1/samples_npz/2026/20260106_2200_HARP14251_NOAA14334.npz,success,2026-06-22T22:24:45.408061+00:00
20260106_2336_HARP14251_NOAA14334,2026_HARP14251_20260106_2200_20260107_0424,2026-01-06 23:36:00,14251,14334,0,saved,"(512, 512, 6)",gs://suryabench-sharp-pipeline-bamidele/jsoc_2025_2026_production_v1/samples_npz/2026/20260106_2336_HARP14251_NOAA14334.npz,success,2026-06-22T22:24:51.964730+00:00
20260107_0112_HARP14251_NOAA14334,2026_HARP14251_20260106_2200_20260107_0424,2026-01-07 01:12:00,14251,14334,0,saved,"(512, 512, 6)",gs://suryabench-sharp-pipeline-bamidele/jsoc_2025_2026_production_v1/samples_npz/2026/20260107_0112_HARP14251_NOAA14334.npz,success,2026-06-22T22:24:58.504102+00:00
20260107_0248_HARP14251_NOAA14334,2026_HARP14251_20260106_2200_20260107_0424,2026-01-07 02:48:00,14251,14334,0,saved,"(512, 512, 6)",gs://suryabench-sharp-pipeline-bamidele/jsoc_2025_2026_production_v1/samples_npz/2026/20260107_0248_HARP14251_NOAA14334.npz,success,2026-06-22T22:25:05.094047+00:00
20260107_0424_HARP14251_NOAA14334,2026_HARP14251_20260106_2200_20260107_0424,2026-01-07 04:24:00,14251,14334,0,saved,"(512, 512, 6)",gs://suryabench-sharp-pipeline-bamidele/jsoc_2025_2026_production_v1/samples_npz/2026/20260107_0424_HARP14251_NOAA14334.npz,success,2026-06-22T22:25:11.742316+00:00
20260106_2212_HARP14246_NOAA14337,2026_HARP14246_20260106_2212_20260107_0124,2026-01-06 22:12:00,14246,14337,0,saved,"(512, 512, 6)",gs://suryabench-sharp-pipeline-bamidele/jsoc_2025_2026_production_v1/samples_npz/2026/20260106_2212_HARP14246_NOAA14337.npz,success,2026-06-22T22:32:36.082108+00:00
20260106_2348_HARP14246_NOAA14337,2026_HARP14246_20260106_2212_20260107_0124,2026-01-06 23:48:00,14246,14337,0,saved,"(512, 512, 6)",gs://suryabench-sharp-pipeline-bamidele/jsoc_2025_2026_production_v1/samples_npz/2026/20260106_2348_HARP14246_NOAA14337.npz,success,2026-06-22T22:32:42.559807+00:00
20260107_0124_HARP14246_NOAA14337,2026_HARP14246_20260106_2212_20260107_0124,2026-01-07 01:24:00,14246,14337,0,saved,"(512, 512, 6)",gs://suryabench-sharp-pipeline-bamidele/jsoc_2025_2026_production_v1/samples_npz/2026/20260107_0124_HARP14246_NOAA14337.npz,success,2026-06-22T22:32:48.922859+00:00
20260107_1036_HARP14245_NOAA14337,2026_HARP14245_20260107_1036_20260107_1212,2026-01-07 10:36:00,14245,14337,0,saved,"(512, 512, 6)",gs://suryabench-sharp-pipeline-bamidele/jsoc_2025_2026_production_v1/samples_npz/2026/20260107_1036_HARP14245_NOAA14337.npz,success,2026-06-22T22:39:59.669016+00:00
20260107_1212_HARP14245_NOAA14337,2026_HARP14245_20260107_1036_20260107_1212,2026-01-07 12:12:00,14245,14337,0,saved,"(512, 512, 6)",gs://suryabench-sharp-pipeline-bamidele/jsoc_2025_2026_production_v1/samples_npz/2026/20260107_1212_HARP14245_NOAA14337.npz,success,2026-06-22T22:40:05.930899+00:00
20260107_1112_HARP14251_NOAA14334,2026_HARP14251_20260107_1112_20260107_1248,2026-01-07 11:12:00,14251,14334,0,saved,"(512, 512, 6)",gs://suryabench-sharp-pipeline-bamidele/jsoc_2025_2026_production_v1/samples_npz/2026/20260107_1112_HARP14251_NOAA14334.npz,success,2026-06-22T22:46:51.771522+00:00
20260107_1248_HARP14251_NOAA14334,2026_HARP14251_20260107_1112_20260107_1248,2026-01-07 12:48:00,14251,14334,0,saved,"(512, 512, 6)",gs://suryabench-sharp-pipeline-bamidele/jsoc_2025_2026_production_v1/samples_npz/2026/20260107_1248_HARP14251_NOAA14334.npz,success,2026-06-22T22:46:58.499074+00:00
20260107_1948_HARP14251_NOAA14334,2026_HARP14251_20260107_1948_20260108_0524,2026-01-07 19:48:00,14251,14334,0,saved,"(512, 512, 6)",gs://suryabench-sharp-pipeline-bamidele/jsoc_2025_2026_production_v1/samples_npz/2026/20260107_1948_HARP14251_NOAA14334.npz,success,2026-06-22T22:56:37.332238+00:00
20260107_2124_HARP14251_NOAA14334,2026_HARP14251_20260107_1948_20260108_0524,2026-01-07 21:24:00,14251,14334,0,saved,"(512, 512, 6)",gs://suryabench-sharp-pipeline-bamidele/jsoc_2025_2026_production_v1/samples_npz/2026/20260107_2124_HARP14251_NOAA14334.npz,success,2026-06-22T22:56:43.894462+00:00
20260107_2300_HARP14251_NOAA14334,2026_HARP14251_20260107_1948_20260108_0524,2026-01-07 23:00:00,14251,14334,0,saved,"(512, 512, 6)",gs://suryabench-sharp-pipeline-bamidele/jsoc_2025_2026_production_v1/samples_npz/2026/20260107_2300_HARP14251_NOAA14334.npz,success,2026-06-22T22:56:50.543461+00:00
20260108_0036_HARP14251_NOAA14334,2026_HARP14251_20260107_1948_20260108_0524,2026-01-08 00:36:00,14251,14334,0,saved,"(512, 512, 6)",gs://suryabench-sharp-pipeline-bamidele/jsoc_2025_2026_production_v1/samples_npz/2026/20260108_0036_HARP14251_NOAA14334.npz,success,2026-06-22T22:56:57.113849+00:00
20260108_0212_HARP14251_NOAA14334,2026_HARP14251_20260107_1948_20260108_0524,2026-01-08 02:12:00,14251,14334,0,saved,"(512, 512, 6)",gs://suryabench-sharp-pipeline-bamidele/jsoc_2025_2026_production_v1/samples_npz/2026/20260108_0212_HARP14251_NOAA14334.npz,success,2026-06-22T22:57:03.576188+00:00
20260108_0348_HARP14251_NOAA14334,2026_HARP14251_20260107_1948_20260108_0524,2026-01-08 03:48:00,14251,14334,0,saved,"(512, 512, 6)",gs://suryabench-sharp-pipeline-bamidele/jsoc_2025_2026_production_v1/samples_npz/2026/20260108_0348_HARP14251_NOAA14334.npz,success,2026-06-22T22:57:10.066992+00:00
20260108_0524_HARP14251_NOAA14334,2026_HARP14251_20260107_1948_20260108_0524,2026-01-08 05:24:00,14251,14334,0,saved,"(512, 512, 6)",gs://suryabench-sharp-pipeline-bamidele/jsoc_2025_2026_production_v1/samples_npz/2026/20260108_0524_HARP14251_NOAA14334.npz,success,2026-06-22T22:57:16.558821+00:00
20260108_0912_HARP14251_NOAA14334,2026_HARP14251_20260108_0912_20260109_0424,2026-01-08 09:12:00,14251,14334,0,saved,"(512, 512, 6)",gs://suryabench-sharp-pipeline-bamidele/jsoc_2025_2026_production_v1/samples_npz/2026/20260108_0912_HARP14251_NOAA14334.npz,success,2026-06-22T23:06:40.525837+00:00
20260108_1048_HARP14251_NOAA14334,2026_HARP14251_20260108_0912_20260109_0424,2026-01-08 10:48:00,14251,14334,0,saved,"(512, 512, 6)",gs://suryabench-sharp-pipeline-bamidele/jsoc_2025_2026_production_v1/samples_npz/2026/20260108_1048_HARP14251_NOAA14334.npz,success,2026-06-22T23:06:47.231512+00:00
20260108_1224_HARP14251_NOAA14334,2026_HARP14251_20260108_0912_20260109_0424,2026-01-08 12:24:00,14251,14334,0,saved,"(512, 512, 6)",gs://suryabench-sharp-pipeline-bamidele/jsoc_2025_2026_production_v1/samples_npz/2026/20260108_1224_HARP14251_NOAA14334.npz,success,2026-06-22T23:06:53.817786+00:00
20260108_1400_HARP14251_NOAA14334,2026_HARP14251_20260108_0912_20260109_0424,2026-01-08 14:00:00,14251,14334,0,saved,"(512, 512, 6)",gs://suryabench-sharp-pipeline-bamidele/jsoc_2025_2026_production_v1/samples_npz/2026/20260108_1400_HARP14251_NOAA14334.npz,success,2026-06-22T23:07:00.443406+00:00
20260108_1536_HARP14251_NOAA14334,2026_HARP14251_20260108_0912_20260109_0424,2026-01-08 15:36:00,14251,14334,0,saved,"(512, 512, 6)",gs://suryabench-sharp-pipeline-bamidele/jsoc_2025_2026_production_v1/samples_npz/2026/20260108_1536_HARP14251_NOAA14334.npz,success,2026-06-22T23:07:07.281982+00:00
20260108_1712_HARP14251_NOAA14334,2026_HARP14251_20260108_0912_20260109_0424,2026-01-08 17:12:00,14251,14334,0,saved,"(512, 512, 6)",gs://suryabench-sharp-pipeline-bamidele/jsoc_2025_2026_production_v1/samples_npz/2026/20260108_1712_HARP14251_NOAA14334.npz,success,2026-06-22T23:07:14.150842+00:00
20260108_1848_HARP14251_NOAA14334,2026_HARP14251_20260108_0912_20260109_0424,2026-01-08 18:48:00,14251,14334,0,saved,"(512, 512, 6)",gs://suryabench-sharp-pipeline-bamidele/jsoc_2025_2026_production_v1/samples_npz/2026/20260108_1848_HARP14251_NOAA14334.npz,success,2026-06-22T23:07:20.792351+00:00
20260108_2024_HARP14251_NOAA14334,2026_HARP14251_20260108_0912_20260109_0424,2026-01-08 20:24:00,14251,14334,0,saved,"(512, 512, 6)",gs://suryabench-sharp-pipeline-bamidele/jsoc_2025_2026_production_v1/samples_npz/2026/20260108_2024_HARP14251_NOAA14334.npz,success,2026-06-22T23:07:27.263915+00:00
20260108_2200_HARP14251_NOAA14334,2026_HARP14251_20260108_0912_20260109_0424,2026-01-08 22:00:00,14251,14334,0,saved,"(512, 512, 6)",gs://suryabench-sharp-pipeline-bamidele/jsoc_2025_2026_production_v1/samples_npz/2026/20260108_2200_HARP14251_NOAA14334.npz,success,2026-06-22T23:07:33.709845+00:00
20260108_2336_HARP14251_NOAA14334,2026_HARP14251_20260108_0912_20260109_0424,2026-01-08 23:36:00,14251,14334,0,saved,"(512, 512, 6)",gs://suryabench-sharp-pipeline-bamidele/jsoc_2025_2026_production_v1/samples_npz/2026/20260108_2336_HARP14251_NOAA14334.npz,success,2026-06-22T23:07:40.222715+00:00
20260109_0112_HARP14251_NOAA14334,2026_HARP14251_20260108_0912_20260109_0424,2026-01-09 01:12:00,14251,14334,0,saved,"(512, 512, 6)",gs://suryabench-sharp-pipeline-bamidele/jsoc_2025_2026_production_v1/samples_npz/2026/20260109_0112_HARP14251_NOAA14334.npz,success,2026-06-22T23:07:46.720855+00:00
20260109_0248_HARP14251_NOAA14334,2026_HARP14251_20260108_0912_20260109_0424,2026-01-09 02:48:00,14251,14334,0,saved,"(512, 512, 6)",gs://suryabench-sharp-pipeline-bamidele/jsoc_2025_2026_production_v1/samples_npz/2026/20260109_0248_HARP14251_NOAA14334.npz,success,2026-06-22T23:07:53.226913+00:00
20260109_0424_HARP14251_NOAA14334,2026_HARP14251_20260108_0912_20260109_0424,2026-01-09 04:24:00,14251,14334,0,saved,"(512, 512, 6)",gs://suryabench-sharp-pipeline-bamidele/jsoc_2025_2026_production_v1/samples_npz/2026/20260109_0424_HARP14251_NOAA14334.npz,success,2026-06-22T23:07:59.760949+00:00
20260108_1900_HARP14260_NOAA14336,2026_HARP14260_20260108_1900_20260109_0612,2026-01-08 19:00:00,14260,14336,0,saved,"(512, 512, 6)",gs://suryabench-sharp-pipeline-bamidele/jsoc_2025_2026_production_v1/samples_npz/2026/20260108_1900_HARP14260_NOAA14336.npz,success,2026-06-22T23:17:21.929912+00:00
20260108_2036_HARP14260_NOAA14336,2026_HARP14260_20260108_1900_20260109_0612,2026-01-08 20:36:00,14260,14336,0,saved,"(512, 512, 6)",gs://suryabench-sharp-pipeline-bamidele/jsoc_2025_2026_production_v1/samples_npz/2026/20260108_2036_HARP14260_NOAA14336.npz,success,2026-06-22T23:17:28.432463+00:00
20260108_2212_HARP14260_NOAA14336,2026_HARP14260_20260108_1900_20260109_0612,2026-01-08 22:12:00,14260,14336,0,saved,"(512, 512, 6)",gs://suryabench-sharp-pipeline-bamidele/jsoc_2025_2026_production_v1/samples_npz/2026/20260108_2212_HARP14260_NOAA14336.npz,success,2026-06-22T23:17:34.931387+00:00
20260108_2348_HARP14260_NOAA14336,2026_HARP14260_20260108_1900_20260109_0612,2026-01-08 23:48:00,14260,14336,0,saved,"(512, 512, 6)",gs://suryabench-sharp-pipeline-bamidele/jsoc_2025_2026_production_v1/samples_npz/2026/20260108_2348_HARP14260_NOAA14336.npz,success,2026-06-22T23:17:41.425855+00:00
20260109_0124_HARP14260_NOAA14336,2026_HARP14260_20260108_1900_20260109_0612,2026-01-09 01:24:00,14260,14336,0,saved,"(512, 512, 6)",gs://suryabench-sharp-pipeline-bamidele/jsoc_2025_2026_production_v1/samples_npz/2026/20260109_0124_HARP14260_NOAA14336.npz,success,2026-06-22T23:17:47.858415+00:00
20260109_0300_HARP14260_NOAA14336,2026_HARP14260_20260108_1900_20260109_0612,2026-01-09 03:00:00,14260,14336,0,saved,"(512, 512, 6)",gs://suryabench-sharp-pipeline-bamidele/jsoc_2025_2026_production_v1/samples_npz/2026/20260109_0300_HARP14260_NOAA14336.npz,success,2026-06-22T23:17:54.358980+00:00
20260109_0436_HARP14260_NOAA14336,2026_HARP14260_20260108_1900_20260109_0612,2026-01-09 04:36:00,14260,14336,0,saved,"(512, 512, 6)",gs://suryabench-sharp-pipeline-bamidele/jsoc_2025_2026_production_v1/samples_npz/2026/20260109_0436_HARP14260_NOAA14336.npz,success,2026-06-22T23:18:00.791048+00:00
20260109_0612_HARP14260_NOAA14336,2026_HARP14260_20260108_1900_20260109_0612,2026-01-09 06:12:00,14260,14336,0,saved,"(512, 512, 6)",gs://suryabench-sharp-pipeline-bamidele/jsoc_2025_2026_production_v1/samples_npz/2026/20260109_0612_HARP14260_NOAA14336.npz,success,2026-06-22T23:18:07.299021+00:00
20260109_1000_HARP14260_NOAA14336,2026_HARP14260_20260109_1000_20260109_1624,2026-01-09 10:00:00,14260,14336,0,saved,"(512, 512, 6)",gs://suryabench-sharp-pipeline-bamidele/jsoc_2025_2026_production_v1/samples_npz/2026/20260109_1000_HARP14260_NOAA14336.npz,success,2026-06-22T23:26:22.817217+00:00
20260109_1136_HARP14260_NOAA14336,2026_HARP14260_20260109_1000_20260109_1624,2026-01-09 11:36:00,14260,14336,0,saved,"(512, 512, 6)",gs://suryabench-sharp-pipeline-bamidele/jsoc_2025_2026_production_v1/samples_npz/2026/20260109_1136_HARP14260_NOAA14336.npz,success,2026-06-22T23:26:29.160761+00:00
20260109_1312_HARP14260_NOAA14336,2026_HARP14260_20260109_1000_20260109_1624,2026-01-09 13:12:00,14260,14336,0,saved,"(512, 512, 6)",gs://suryabench-sharp-pipeline-bamidele/jsoc_2025_2026_production_v1/samples_npz/2026/20260109_1312_HARP14260_NOAA14336.npz,success,2026-06-22T23:26:35.453905+00:00
20260109_1448_HARP14260_NOAA14336,2026_HARP14260_20260109_1000_20260109_1624,2026-01-09 14:48:00,14260,14336,0,saved,"(512, 512, 6)",gs://suryabench-sharp-pipeline-bamidele/jsoc_2025_2026_production_v1/samples_npz/2026/20260109_1448_HARP14260_NOAA14336.npz,success,2026-06-22T23:26:41.738351+00:00
20260109_1624_HARP14260_NOAA14336,2026_HARP14260_20260109_1000_20260109_1624,2026-01-09 16:24:00,14260,14336,0,saved,"(512, 512, 6)",gs://suryabench-sharp-pipeline-bamidele/jsoc_2025_2026_production_v1/samples_npz/2026/20260109_1624_HARP14260_NOAA14336.npz,success,2026-06-22T23:26:47.984094+00:00
20260109_1124_HARP14251_NOAA14334,2026_HARP14251_20260109_1124_20260110_0636,2026-01-09 11:24:00,14251,14334,0,saved,"(512, 512, 6)",gs://suryabench-sharp-pipeline-bamidele/jsoc_2025_2026_production_v1/samples_npz/2026/20260109_1124_HARP14251_NOAA14334.npz,success,2026-06-22T23:36:40.189759+00:00
20260109_1300_HARP14251_NOAA14334,2026_HARP14251_20260109_1124_20260110_0636,2026-01-09 13:00:00,14251,14334,0,saved,"(512, 512, 6)",gs://suryabench-sharp-pipeline-bamidele/jsoc_2025_2026_production_v1/samples_npz/2026/20260109_1300_HARP14251_NOAA14334.npz,success,2026-06-22T23:36:46.298384+00:00
20260109_1436_HARP14251_NOAA14334,2026_HARP14251_20260109_1124_20260110_0636,2026-01-09 14:36:00,14251,14334,0,saved,"(512, 512, 6)",gs://suryabench-sharp-pipeline-bamidele/jsoc_2025_2026_production_v1/samples_npz/2026/20260109_1436_HARP14251_NOAA14334.npz,success,2026-06-22T23:36:52.402906+00:00
20260109_1612_HARP14251_NOAA14334,2026_HARP14251_20260109_1124_20260110_0636,2026-01-09 16:12:00,14251,14334,0,saved,"(512, 512, 6)",gs://suryabench-sharp-pipeline-bamidele/jsoc_2025_2026_production_v1/samples_npz/2026/20260109_1612_HARP14251_NOAA14334.npz,success,2026-06-22T23:36:58.453119+00:00
20260109_1748_HARP14251_NOAA14334,2026_HARP14251_20260109_1124_20260110_0636,2026-01-09 17:48:00,14251,14334,0,saved,"(512, 512, 6)",gs://suryabench-sharp-pipeline-bamidele/jsoc_2025_2026_production_v1/samples_npz/2026/20260109_1748_HARP14251_NOAA14334.npz,success,2026-06-22T23:37:04.623954+00:00
20260109_1924_HARP14251_NOAA14334,2026_HARP14251_20260109_1124_20260110_0636,2026-01-09 19:24:00,14251,14334,0,saved,"(512, 512, 6)",gs://suryabench-sharp-pipeline-bamidele/jsoc_2025_2026_production_v1/samples_npz/2026/20260109_1924_HARP14251_NOAA14334.npz,success,2026-06-22T23:37:10.739386+00:00
20260109_2100_HARP14251_NOAA14334,2026_HARP14251_20260109_1124_20260110_0636,2026-01-09 21:00:00,14251,14334,0,saved,"(512, 512, 6)",gs://suryabench-sharp-pipeline-bamidele/jsoc_2025_2026_production_v1/samples_npz/2026/20260109_2100_HARP14251_NOAA14334.npz,success,2026-06-22T23:37:16.647317+00:00
20260109_2236_HARP14251_NOAA14334,2026_HARP14251_20260109_1124_20260110_0636,2026-01-09 22:36:00,14251,14334,0,saved,"(512, 512, 6)",gs://suryabench-sharp-pipeline-bamidele/jsoc_2025_2026_production_v1/samples_npz/2026/20260109_2236_HARP14251_NOAA14334.npz,success,2026-06-22T23:37:22.745748+00:00
20260110_0012_HARP14251_NOAA14334,2026_HARP14251_20260109_1124_20260110_0636,2026-01-10 00:12:00,14251,14334,0,saved,"(512, 512, 6)",gs://suryabench-sharp-pipeline-bamidele/jsoc_2025_2026_production_v1/samples_npz/2026/20260110_0012_HARP14251_NOAA14334.npz,success,2026-06-22T23:37:28.824494+00:00
20260110_0148_HARP14251_NOAA14334,2026_HARP14251_20260109_1124_20260110_0636,2026-01-10 01:48:00,14251,14334,0,saved,"(512, 512, 6)",gs://suryabench-sharp-pipeline-bamidele/jsoc_2025_2026_production_v1/samples_npz/2026/20260110_0148_HARP14251_NOAA14334.npz,success,2026-06-22T23:37:34.909286+00:00
20260110_0324_HARP14251_NOAA14334,2026_HARP14251_20260109_1124_20260110_0636,2026-01-10 03:24:00,14251,14334,0,saved,"(512, 512, 6)",gs://suryabench-sharp-pipeline-bamidele/jsoc_2025_2026_production_v1/samples_npz/2026/20260110_0324_HARP14251_NOAA14334.npz,success,2026-06-22T23:37:41.055286+00:00
20260110_0500_HARP14251_NOAA14334,2026_HARP14251_20260109_1124_20260110_0636,2026-01-10 05:00:00,14251,14334,0,saved,"(512, 512, 6)",gs://suryabench-sharp-pipeline-bamidele/jsoc_2025_2026_production_v1/samples_npz/2026/20260110_0500_HARP14251_NOAA14334.npz,success,2026-06-22T23:37:47.158092+00:00
20260110_0636_HARP14251_NOAA14334,2026_HARP14251_20260109_1124_20260110_0636,2026-01-10 06:36:00,14251,14334,0,saved,"(512, 512, 6)",gs://suryabench-sharp-pipeline-bamidele/jsoc_2025_2026_production_v1/samples_npz/2026/20260110_0636_HARP14251_NOAA14334.npz,success,2026-06-22T23:37:53.266441+00:00
20260109_1936_HARP14260_NOAA14336,2026_HARP14260_20260109_1936_20260110_0648,2026-01-09 19:36:00,14260,14336,0,saved,"(512, 512, 6)",gs://suryabench-sharp-pipeline-bamidele/jsoc_2025_2026_production_v1/samples_npz/2026/20260109_1936_HARP14260_NOAA14336.npz,success,2026-06-22T23:47:21.640624+00:00
20260109_2112_HARP14260_NOAA14336,2026_HARP14260_20260109_1936_20260110_0648,2026-01-09 21:12:00,14260,14336,0,saved,"(512, 512, 6)",gs://suryabench-sharp-pipeline-bamidele/jsoc_2025_2026_production_v1/samples_npz/2026/20260109_2112_HARP14260_NOAA14336.npz,success,2026-06-22T23:47:27.741328+00:00
20260109_2248_HARP14260_NOAA14336,2026_HARP14260_20260109_1936_20260110_0648,2026-01-09 22:48:00,14260,14336,0,saved,"(512, 512, 6)",gs://suryabench-sharp-pipeline-bamidele/jsoc_2025_2026_production_v1/samples_npz/2026/20260109_2248_HARP14260_NOAA14336.npz,success,2026-06-22T23:47:33.857702+00:00
20260110_0024_HARP14260_NOAA14336,2026_HARP14260_20260109_1936_20260110_0648,2026-01-10 00:24:00,14260,14336,0,saved,"(512, 512, 6)",gs://suryabench-sharp-pipeline-bamidele/jsoc_2025_2026_production_v1/samples_npz/2026/20260110_0024_HARP14260_NOAA14336.npz,success,2026-06-22T23:47:39.975383+00:00
20260110_0200_HARP14260_NOAA14336,2026_HARP14260_20260109_1936_20260110_0648,2026-01-10 02:00:00,14260,14336,0,saved,"(512, 512, 6)",gs://suryabench-sharp-pipeline-bamidele/jsoc_2025_2026_production_v1/samples_npz/2026/20260110_0200_HARP14260_NOAA14336.npz,success,2026-06-22T23:47:46.099470+00:00
20260110_0336_HARP14260_NOAA14336,2026_HARP14260_20260109_1936_20260110_0648,2026-01-10 03:36:00,14260,14336,0,saved,"(512, 512, 6)",gs://suryabench-sharp-pipeline-bamidele/jsoc_2025_2026_production_v1/samples_npz/2026/20260110_0336_HARP14260_NOAA14336.npz,success,2026-06-22T23:47:52.285233+00:00
20260110_0512_HARP14260_NOAA14336,2026_HARP14260_20260109_1936_20260110_0648,2026-01-10 05:12:00,14260,14336,0,saved,"(512, 512, 6)",gs://suryabench-sharp-pipeline-bamidele/jsoc_2025_2026_production_v1/samples_npz/2026/20260110_0512_HARP14260_NOAA14336.npz,success,2026-06-22T23:47:58.433748+00:00
20260110_0648_HARP14260_NOAA14336,2026_HARP14260_20260109_1936_20260110_0648,2026-01-10 06:48:00,14260,14336,0,saved,"(512, 512, 6)",gs://suryabench-sharp-pipeline-bamidele/jsoc_2025_2026_production_v1/samples_npz/2026/20260110_0648_HARP14260_NOAA14336.npz,success,2026-06-22T23:48:04.575013+00:00
20260110_1024_HARP14251_NOAA14334,2026_HARP14251_20260110_1024_20260111_0536,2026-01-10 10:24:00,14251,14334,0,saved,"(512, 512, 6)",gs://suryabench-sharp-pipeline-bamidele/jsoc_2025_2026_production_v1/samples_npz/2026/20260110_1024_HARP14251_NOAA14334.npz,success,2026-06-22T23:58:06.324223+00:00
20260110_1200_HARP14251_NOAA14334,2026_HARP14251_20260110_1024_20260111_0536,2026-01-10 12:00:00,14251,14334,0,saved,"(512, 512, 6)",gs://suryabench-sharp-pipeline-bamidele/jsoc_2025_2026_production_v1/samples_npz/2026/20260110_1200_HARP14251_NOAA14334.npz,success,2026-06-22T23:58:12.332861+00:00
20260110_1336_HARP14251_NOAA14334,2026_HARP14251_20260110_1024_20260111_0536,2026-01-10 13:36:00,14251,14334,0,saved,"(512, 512, 6)",gs://suryabench-sharp-pipeline-bamidele/jsoc_2025_2026_production_v1/samples_npz/2026/20260110_1336_HARP14251_NOAA14334.npz,success,2026-06-22T23:58:18.325771+00:00
20260110_1512_HARP14251_NOAA14334,2026_HARP14251_20260110_1024_20260111_0536,2026-01-10 15:12:00,14251,14334,0,saved,"(512, 512, 6)",gs://suryabench-sharp-pipeline-bamidele/jsoc_2025_2026_production_v1/samples_npz/2026/20260110_1512_HARP14251_NOAA14334.npz,success,2026-06-22T23:58:24.382602+00:00
20260110_1648_HARP14251_NOAA14334,2026_HARP14251_20260110_1024_20260111_0536,2026-01-10 16:48:00,14251,14334,0,saved,"(512, 512, 6)",gs://suryabench-sharp-pipeline-bamidele/jsoc_2025_2026_production_v1/samples_npz/2026/20260110_1648_HARP14251_NOAA14334.npz,success,2026-06-22T23:58:30.418100+00:00
20260110_1824_HARP14251_NOAA14334,2026_HARP14251_20260110_1024_20260111_0536,2026-01-10 18:24:00,14251,14334,0,saved,"(512, 512, 6)",gs://suryabench-sharp-pipeline-bamidele/jsoc_2025_2026_production_v1/samples_npz/2026/20260110_1824_HARP14251_NOAA14334.npz,success,2026-06-22T23:58:36.463800+00:00
20260110_2000_HARP14251_NOAA14334,2026_HARP14251_20260110_1024_20260111_0536,2026-01-10 20:00:00,14251,14334,0,saved,"(512, 512, 6)",gs://suryabench-sharp-pipeline-bamidele/jsoc_2025_2026_production_v1/samples_npz/2026/20260110_2000_HARP14251_NOAA14334.npz,success,2026-06-22T23:58:42.519126+00:00
20260110_2136_HARP14251_NOAA14334,2026_HARP14251_20260110_1024_20260111_0536,2026-01-10 21:36:00,14251,14334,0,saved,"(512, 512, 6)",gs://suryabench-sharp-pipeline-bamidele/jsoc_2025_2026_production_v1/samples_npz/2026/20260110_2136_HARP14251_NOAA14334.npz,success,2026-06-22T23:58:48.512035+00:00
20260110_2312_HARP14251_NOAA14334,2026_HARP14251_20260110_1024_20260111_0536,2026-01-10 23:12:00,14251,14334,0,saved,"(512, 512, 6)",gs://suryabench-sharp-pipeline-bamidele/jsoc_2025_2026_production_v1/samples_npz/2026/20260110_2312_HARP14251_NOAA14334.npz,success,2026-06-22T23:58:54.701268+00:00
20260111_0048_HARP14251_NOAA14334,2026_HARP14251_20260110_1024_20260111_0536,2026-01-11 00:48:00,14251,14334,0,saved,"(512, 512, 6)",gs://suryabench-sharp-pipeline-bamidele/jsoc_2025_2026_production_v1/samples_npz/2026/20260111_0048_HARP14251_NOAA14334.npz,success,2026-06-22T23:59:00.756279+00:00
20260111_0224_HARP14251_NOAA14334,2026_HARP14251_20260110_1024_20260111_0536,2026-01-11 02:24:00,14251,14334,0,saved,"(512, 512, 6)",gs://suryabench-sharp-pipeline-bamidele/jsoc_2025_2026_production_v1/samples_npz/2026/20260111_0224_HARP14251_NOAA14334.npz,success,2026-06-22T23:59:06.879733+00:00
20260111_0400_HARP14251_NOAA14334,2026_HARP14251_20260110_1024_20260111_0536,2026-01-11 04:00:00,14251,14334,0,saved,"(512, 512, 6)",gs://suryabench-sharp-pipeline-bamidele/jsoc_2025_2026_production_v1/samples_npz/2026/20260111_0400_HARP14251_NOAA14334.npz,success,2026-06-22T23:59:12.954270+00:00
20260111_0536_HARP14251_NOAA14334,2026_HARP14251_20260110_1024_20260111_0536,2026-01-11 05:36:00,14251,14334,0,saved,"(512, 512, 6)",gs://suryabench-sharp-pipeline-bamidele/jsoc_2025_2026_production_v1/samples_npz/2026/20260111_0536_HARP14251_NOAA14334.npz,success,2026-06-22T23:59:19.020343+00:00
20260110_1036_HARP14260_NOAA14336,2026_HARP14260_20260110_1036_20260111_0548,2026-01-10 10:36:00,14260,14336,0,saved,"(512, 512, 6)",gs://suryabench-sharp-pipeline-bamidele/jsoc_2025_2026_production_v1/samples_npz/2026/20260110_1036_HARP14260_NOAA14336.npz,success,2026-06-23T00:09:38.753092+00:00
20260110_1212_HARP14260_NOAA14336,2026_HARP14260_20260110_1036_20260111_0548,2026-01-10 12:12:00,14260,14336,0,saved,"(512, 512, 6)",gs://suryabench-sharp-pipeline-bamidele/jsoc_2025_2026_production_v1/samples_npz/2026/20260110_1212_HARP14260_NOAA14336.npz,success,2026-06-23T00:09:45.031253+00:00
20260110_1348_HARP14260_NOAA14336,2026_HARP14260_20260110_1036_20260111_0548,2026-01-10 13:48:00,14260,14336,0,saved,"(512, 512, 6)",gs://suryabench-sharp-pipeline-bamidele/jsoc_2025_2026_production_v1/samples_npz/2026/20260110_1348_HARP14260_NOAA14336.npz,success,2026-06-23T00:09:51.193202+00:00
20260110_1524_HARP14260_NOAA14336,2026_HARP14260_20260110_1036_20260111_0548,2026-01-10 15:24:00,14260,14336,0,saved,"(512, 512, 6)",gs://suryabench-sharp-pipeline-bamidele/jsoc_2025_2026_production_v1/samples_npz/2026/20260110_1524_HARP14260_NOAA14336.npz,success,2026-06-23T00:09:57.313480+00:00
20260110_1700_HARP14260_NOAA14336,2026_HARP14260_20260110_1036_20260111_0548,2026-01-10 17:00:00,14260,14336,0,saved,"(512, 512, 6)",gs://suryabench-sharp-pipeline-bamidele/jsoc_2025_2026_production_v1/samples_npz/2026/20260110_1700_HARP14260_NOAA14336.npz,success,2026-06-23T00:10:03.499726+00:00
20260110_1836_HARP14260_NOAA14336,2026_HARP14260_20260110_1036_20260111_0548,2026-01-10 18:36:00,14260,14336,0,saved,"(512, 512, 6)",gs://suryabench-sharp-pipeline-bamidele/jsoc_2025_2026_production_v1/samples_npz/2026/20260110_1836_HARP14260_NOAA14336.npz,success,2026-06-23T00:10:09.676383+00:00
20260110_2012_HARP14260_NOAA14336,2026_HARP14260_20260110_1036_20260111_0548,2026-01-10 20:12:00,14260,14336,0,saved,"(512, 512, 6)",gs://suryabench-sharp-pipeline-bamidele/jsoc_2025_2026_production_v1/samples_npz/2026/20260110_2012_HARP14260_NOAA14336.npz,success,2026-06-23T00:10:15.824750+00:00
20260110_2148_HARP14260_NOAA14336,2026_HARP14260_20260110_1036_20260111_0548,2026-01-10 21:48:00,14260,14336,0,saved,"(512, 512, 6)",gs://suryabench-sharp-pipeline-bamidele/jsoc_2025_2026_production_v1/samples_npz/2026/20260110_2148_HARP14260_NOAA14336.npz,success,2026-06-23T00:10:22.043267+00:00
20260110_2324_HARP14260_NOAA14336,2026_HARP14260_20260110_1036_20260111_0548,2026-01-10 23:24:00,14260,14336,0,saved,"(512, 512, 6)",gs://suryabench-sharp-pipeline-bamidele/jsoc_2025_2026_production_v1/samples_npz/2026/20260110_2324_HARP14260_NOAA14336.npz,success,2026-06-23T00:10:28.114738+00:00
20260111_0100_HARP14260_NOAA14336,2026_HARP14260_20260110_1036_20260111_0548,2026-01-11 01:00:00,14260,14336,0,saved,"(512, 512, 6)",gs://suryabench-sharp-pipeline-bamidele/jsoc_2025_2026_production_v1/samples_npz/2026/20260111_0100_HARP14260_NOAA14336.npz,success,2026-06-23T00:10:34.293266+00:00
20260111_0236_HARP14260_NOAA14336,2026_HARP14260_20260110_1036_20260111_0548,2026-01-11 02:36:00,14260,14336,0,saved,"(512, 512, 6)",gs://suryabench-sharp-pipeline-bamidele/jsoc_2025_2026_production_v1/samples_npz/2026/20260111_0236_HARP14260_NOAA14336.npz,success,2026-06-23T00:10:40.464492+00:00
20260111_0412_HARP14260_NOAA14336,2026_HARP14260_20260110_1036_20260111_0548,2026-01-11 04:12:00,14260,14336,0,saved,"(512, 512, 6)",gs://suryabench-sharp-pipeline-bamidele/jsoc_2025_2026_production_v1/samples_npz/2026/20260111_0412_HARP14260_NOAA14336.npz,success,2026-06-23T00:10:46.561442+00:00
20260111_0548_HARP14260_NOAA14336,2026_HARP14260_20260110_1036_20260111_0548,2026-01-11 05:48:00,14260,14336,0,saved,"(512, 512, 6)",gs://suryabench-sharp-pipeline-bamidele/jsoc_2025_2026_production_v1/samples_npz/2026/20260111_0548_HARP14260_NOAA14336.npz,success,2026-06-23T00:10:52.751773+00:00
20260111_1112_HARP14260_NOAA14336,2026_HARP14260_20260111_1112_20260112_0624,2026-01-11 11:12:00,14260,14336,0,saved,"(512, 512, 6)",gs://suryabench-sharp-pipeline-bamidele/jsoc_2025_2026_production_v1/samples_npz/2026/20260111_1112_HARP14260_NOAA14336.npz,success,2026-06-23T00:20:43.282490+00:00
20260111_1248_HARP14260_NOAA14336,2026_HARP14260_20260111_1112_20260112_0624,2026-01-11 12:48:00,14260,14336,0,saved,"(512, 512, 6)",gs://suryabench-sharp-pipeline-bamidele/jsoc_2025_2026_production_v1/samples_npz/2026/20260111_1248_HARP14260_NOAA14336.npz,success,2026-06-23T00:20:49.356484+00:00
20260111_1424_HARP14260_NOAA14336,2026_HARP14260_20260111_1112_20260112_0624,2026-01-11 14:24:00,14260,14336,0,saved,"(512, 512, 6)",gs://suryabench-sharp-pipeline-bamidele/jsoc_2025_2026_production_v1/samples_npz/2026/20260111_1424_HARP14260_NOAA14336.npz,success,2026-06-23T00:20:55.414179+00:00
20260111_1600_HARP14260_NOAA14336,2026_HARP14260_20260111_1112_20260112_0624,2026-01-11 16:00:00,14260,14336,0,saved,"(512, 512, 6)",gs://suryabench-sharp-pipeline-bamidele/jsoc_2025_2026_production_v1/samples_npz/2026/20260111_1600_HARP14260_NOAA14336.npz,success,2026-06-23T00:21:01.667911+00:00
20260111_1736_HARP14260_NOAA14336,2026_HARP14260_20260111_1112_20260112_0624,2026-01-11 17:36:00,14260,14336,0,saved,"(512, 512, 6)",gs://suryabench-sharp-pipeline-bamidele/jsoc_2025_2026_production_v1/samples_npz/2026/20260111_1736_HARP14260_NOAA14336.npz,success,2026-06-23T00:21:07.928818+00:00
20260111_1912_HARP14260_NOAA14336,2026_HARP14260_20260111_1112_20260112_0624,2026-01-11 19:12:00,14260,14336,0,saved,"(512, 512, 6)",gs://suryabench-sharp-pipeline-bamidele/jsoc_2025_2026_production_v1/samples_npz/2026/20260111_1912_HARP14260_NOAA14336.npz,success,2026-06-23T00:21:14.112308+00:00
20260111_2048_HARP14260_NOAA14336,2026_HARP14260_20260111_1112_20260112_0624,2026-01-11 20:48:00,14260,14336,0,saved,"(512, 512, 6)",gs://suryabench-sharp-pipeline-bamidele/jsoc_2025_2026_production_v1/samples_npz/2026/20260111_2048_HARP14260_NOAA14336.npz,success,2026-06-23T00:21:20.341077+00:00
20260111_2224_HARP14260_NOAA14336,2026_HARP14260_20260111_1112_20260112_0624,2026-01-11 22:24:00,14260,14336,0,saved,"(512, 512, 6)",gs://suryabench-sharp-pipeline-bamidele/jsoc_2025_2026_production_v1/samples_npz/2026/20260111_2224_HARP14260_NOAA14336.npz,success,2026-06-23T00:21:26.557457+00:00
20260112_0000_HARP14260_NOAA14336,2026_HARP14260_20260111_1112_20260112_0624,2026-01-12 00:00:00,14260,14336,0,saved,"(512, 512, 6)",gs://suryabench-sharp-pipeline-bamidele/jsoc_2025_2026_production_v1/samples_npz/2026/20260112_0000_HARP14260_NOAA14336.npz,success,2026-06-23T00:21:32.595917+00:00
20260112_0136_HARP14260_NOAA14336,2026_HARP14260_20260111_1112_20260112_0624,2026-01-12 01:36:00,14260,14336,0,saved,"(512, 512, 6)",gs://suryabench-sharp-pipeline-bamidele/jsoc_2025_2026_production_v1/samples_npz/2026/20260112_0136_HARP14260_NOAA14336.npz,success,2026-06-23T00:21:38.663159+00:00
20260112_0312_HARP14260_NOAA14336,2026_HARP14260_20260111_1112_20260112_0624,2026-01-12 03:12:00,14260,14336,0,saved,"(512, 512, 6)",gs://suryabench-sharp-pipeline-bamidele/jsoc_2025_2026_production_v1/samples_npz/2026/20260112_0312_HARP14260_NOAA14336.npz,success,2026-06-23T00:21:44.734304+00:00
20260112_0448_HARP14260_NOAA14336,2026_HARP14260_20260111_1112_20260112_0624,2026-01-12 04:48:00,14260,14336,0,saved,"(512, 512, 6)",gs://suryabench-sharp-pipeline-bamidele/jsoc_2025_2026_production_v1/samples_npz/2026/20260112_0448_HARP14260_NOAA14336.npz,success,2026-06-23T00:21:50.763010+00:00
20260112_0624_HARP14260_NOAA14336,2026_HARP14260_20260111_1112_20260112_0624,2026-01-12 06:24:00,14260,14336,0,saved,"(512, 512, 6)",gs://suryabench-sharp-pipeline-bamidele/jsoc_2025_2026_production_v1/samples_npz/2026/20260112_0624_HARP14260_NOAA14336.npz,success,2026-06-23T00:21:56.848042+00:00
20260112_1036_HARP14260_NOAA14336,2026_HARP14260_20260112_1036_20260113_0548,2026-01-12 10:36:00,14260,14336,0,saved,"(512, 512, 6)",gs://suryabench-sharp-pipeline-bamidele/jsoc_2025_2026_production_v1/samples_npz/2026/20260112_1036_HARP14260_NOAA14336.npz,success,2026-06-23T00:32:02.664862+00:00
20260112_1212_HARP14260_NOAA14336,2026_HARP14260_20260112_1036_20260113_0548,2026-01-12 12:12:00,14260,14336,0,saved,"(512, 512, 6)",gs://suryabench-sharp-pipeline-bamidele/jsoc_2025_2026_production_v1/samples_npz/2026/20260112_1212_HARP14260_NOAA14336.npz,success,2026-06-23T00:32:08.989017+00:00
20260112_1348_HARP14260_NOAA14336,2026_HARP14260_20260112_1036_20260113_0548,2026-01-12 13:48:00,14260,14336,0,saved,"(512, 512, 6)",gs://suryabench-sharp-pipeline-bamidele/jsoc_2025_2026_production_v1/samples_npz/2026/20260112_1348_HARP14260_NOAA14336.npz,success,2026-06-23T00:32:15.210078+00:00
20260112_1524_HARP14260_NOAA14336,2026_HARP14260_20260112_1036_20260113_0548,2026-01-12 15:24:00,14260,14336,0,saved,"(512, 512, 6)",gs://suryabench-sharp-pipeline-bamidele/jsoc_2025_2026_production_v1/samples_npz/2026/20260112_1524_HARP14260_NOAA14336.npz,success,2026-06-23T00:32:21.431131+00:00
20260112_1700_HARP14260_NOAA14336,2026_HARP14260_20260112_1036_20260113_0548,2026-01-12 17:00:00,14260,14336,0,saved,"(512, 512, 6)",gs://suryabench-sharp-pipeline-bamidele/jsoc_2025_2026_production_v1/samples_npz/2026/20260112_1700_HARP14260_NOAA14336.npz,success,2026-06-23T00:32:27.671373+00:00
20260112_1836_HARP14260_NOAA14336,2026_HARP14260_20260112_1036_20260113_0548,2026-01-12 18:36:00,14260,14336,0,saved,"(512, 512, 6)",gs://suryabench-sharp-pipeline-bamidele/jsoc_2025_2026_production_v1/samples_npz/2026/20260112_1836_HARP14260_NOAA14336.npz,success,2026-06-23T00:32:33.894688+00:00
20260112_2012_HARP14260_NOAA14336,2026_HARP14260_20260112_1036_20260113_0548,2026-01-12 20:12:00,14260,14336,0,saved,"(512, 512, 6)",gs://suryabench-sharp-pipeline-bamidele/jsoc_2025_2026_production_v1/samples_npz/2026/20260112_2012_HARP14260_NOAA14336.npz,success,2026-06-23T00:32:40.464947+00:00
20260112_2148_HARP14260_NOAA14336,2026_HARP14260_20260112_1036_20260113_0548,2026-01-12 21:48:00,14260,14336,0,saved,"(512, 512, 6)",gs://suryabench-sharp-pipeline-bamidele/jsoc_2025_2026_production_v1/samples_npz/2026/20260112_2148_HARP14260_NOAA14336.npz,success,2026-06-23T00:32:47.249053+00:00
20260112_2324_HARP14260_NOAA14336,2026_HARP14260_20260112_1036_20260113_0548,2026-01-12 23:24:00,14260,14336,0,saved,"(512, 512, 6)",gs://suryabench-sharp-pipeline-bamidele/jsoc_2025_2026_production_v1/samples_npz/2026/20260112_2324_HARP14260_NOAA14336.npz,success,2026-06-23T00:32:54.450779+00:00
20260113_0100_HARP14260_NOAA14336,2026_HARP14260_20260112_1036_20260113_0548,2026-01-13 01:00:00,14260,14336,0,saved,"(512, 512, 6)",gs://suryabench-sharp-pipeline-bamidele/jsoc_2025_2026_production_v1/samples_npz/2026/20260113_0100_HARP14260_NOAA14336.npz,success,2026-06-23T00:33:01.516172+00:00
20260113_0236_HARP14260_NOAA14336,2026_HARP14260_20260112_1036_20260113_0548,2026-01-13 02:36:00,14260,14336,0,saved,"(512, 512, 6)",gs://suryabench-sharp-pipeline-bamidele/jsoc_2025_2026_production_v1/samples_npz/2026/20260113_0236_HARP14260_NOAA14336.npz,success,2026-06-23T00:33:08.557382+00:00
20260113_0412_HARP14260_NOAA14336,2026_HARP14260_20260112_1036_20260113_0548,2026-01-13 04:12:00,14260,14336,0,saved,"(512, 512, 6)",gs://suryabench-sharp-pipeline-bamidele/jsoc_2025_2026_production_v1/samples_npz/2026/20260113_0412_HARP14260_NOAA14336.npz,success,2026-06-23T00:33:15.316047+00:00
20260113_0548_HARP14260_NOAA14336,2026_HARP14260_20260112_1036_20260113_0548,2026-01-13 05:48:00,14260,14336,0,saved,"(512, 512, 6)",gs://suryabench-sharp-pipeline-bamidele/jsoc_2025_2026_production_v1/samples_npz/2026/20260113_0548_HARP14260_NOAA14336.npz,success,2026-06-23T00:33:22.180874+00:00
20260113_0312_HARP14277_NOAA14340,2026_HARP14277_20260113_0312_20260113_0624,2026-01-13 03:12:00,14277,14340,0,saved,"(512, 512, 6)",gs://suryabench-sharp-pipeline-bamidele/jsoc_2025_2026_production_v1/samples_npz/2026/20260113_0312_HARP14277_NOAA14340.npz,success,2026-06-23T00:41:31.508125+00:00
20260113_0448_HARP14277_NOAA14340,2026_HARP14277_20260113_0312_20260113_0624,2026-01-13 04:48:00,14277,14340,0,saved,"(512, 512, 6)",gs://suryabench-sharp-pipeline-bamidele/jsoc_2025_2026_production_v1/samples_npz/2026/20260113_0448_HARP14277_NOAA14340.npz,success,2026-06-23T00:41:37.772487+00:00
20260113_0624_HARP14277_NOAA14340,2026_HARP14277_20260113_0312_20260113_0624,2026-01-13 06:24:00,14277,14340,0,saved,"(512, 512, 6)",gs://suryabench-sharp-pipeline-bamidele/jsoc_2025_2026_production_v1/samples_npz/2026/20260113_0624_HARP14277_NOAA14340.npz,success,2026-06-23T00:41:44.036520+00:00
20260114_1000_HARP14277_NOAA14340,2026_HARP14277_20260114_1000_20260115_0524,2026-01-14 10:00:00,14277,14340,0,saved,"(512, 512, 6)",gs://suryabench-sharp-pipeline-bamidele/jsoc_2025_2026_production_v1/samples_npz/2026/20260114_1000_HARP14277_NOAA14340.npz,success,2026-06-23T01:12:55.160328+00:00
20260114_1136_HARP14277_NOAA14340,2026_HARP14277_20260114_1000_20260115_0524,2026-01-14 11:36:00,14277,14340,0,saved,"(512, 512, 6)",gs://suryabench-sharp-pipeline-bamidele/jsoc_2025_2026_production_v1/samples_npz/2026/20260114_1136_HARP14277_NOAA14340.npz,success,2026-06-23T01:13:01.029125+00:00
20260114_1312_HARP14277_NOAA14340,2026_HARP14277_20260114_1000_20260115_0524,2026-01-14 13:12:00,14277,14340,0,saved,"(512, 512, 6)",gs://suryabench-sharp-pipeline-bamidele/jsoc_2025_2026_production_v1/samples_npz/2026/20260114_1312_HARP14277_NOAA14340.npz,success,2026-06-23T01:13:06.920036+00:00
20260114_1448_HARP14277_NOAA14340,2026_HARP14277_20260114_1000_20260115_0524,2026-01-14 14:48:00,14277,14340,0,saved,"(512, 512, 6)",gs://suryabench-sharp-pipeline-bamidele/jsoc_2025_2026_production_v1/samples_npz/2026/20260114_1448_HARP14277_NOAA14340.npz,success,2026-06-23T01:13:12.828420+00:00
20260114_1624_HARP14277_NOAA14340,2026_HARP14277_20260114_1000_20260115_0524,2026-01-14 16:24:00,14277,14340,0,saved,"(512, 512, 6)",gs://suryabench-sharp-pipeline-bamidele/jsoc_2025_2026_production_v1/samples_npz/2026/20260114_1624_HARP14277_NOAA14340.npz,success,2026-06-23T01:13:18.733815+00:00
20260114_1836_HARP14277_NOAA14340,2026_HARP14277_20260114_1000_20260115_0524,2026-01-14 18:36:00,14277,14340,0,saved,"(512, 512, 6)",gs://suryabench-sharp-pipeline-bamidele/jsoc_2025_2026_production_v1/samples_npz/2026/20260114_1836_HARP14277_NOAA14340.npz,success,2026-06-23T01:13:24.662310+00:00
20260114_2036_HARP14277_NOAA14340,2026_HARP14277_20260114_1000_20260115_0524,2026-01-14 20:36:00,14277,14340,0,saved,"(512, 512, 6)",gs://suryabench-sharp-pipeline-bamidele/jsoc_2025_2026_production_v1/samples_npz/2026/20260114_2036_HARP14277_NOAA14340.npz,success,2026-06-23T01:13:30.600820+00:00
20260114_2212_HARP14277_NOAA14340,2026_HARP14277_20260114_1000_20260115_0524,2026-01-14 22:12:00,14277,14340,0,saved,"(512, 512, 6)",gs://suryabench-sharp-pipeline-bamidele/jsoc_2025_2026_production_v1/samples_npz/2026/20260114_2212_HARP14277_NOAA14340.npz,success,2026-06-23T01:13:36.448242+00:00
20260115_0036_HARP14277_NOAA14340,2026_HARP14277_20260114_1000_20260115_0524,2026-01-15 00:36:00,14277,14340,0,saved,"(512, 512, 6)",gs://suryabench-sharp-pipeline-bamidele/jsoc_2025_2026_production_v1/samples_npz/2026/20260115_0036_HARP14277_NOAA14340.npz,success,2026-06-23T01:13:42.395392+00:00
20260115_0212_HARP14277_NOAA14340,2026_HARP14277_20260114_1000_20260115_0524,2026-01-15 02:12:00,14277,14340,0,saved,"(512, 512, 6)",gs://suryabench-sharp-pipeline-bamidele/jsoc_2025_2026_production_v1/samples_npz/2026/20260115_0212_HARP14277_NOAA14340.npz,success,2026-06-23T01:13:48.266734+00:00
20260115_0348_HARP14277_NOAA14340,2026_HARP14277_20260114_1000_20260115_0524,2026-01-15 03:48:00,14277,14340,0,saved,"(512, 512, 6)",gs://suryabench-sharp-pipeline-bamidele/jsoc_2025_2026_production_v1/samples_npz/2026/20260115_0348_HARP14277_NOAA14340.npz,success,2026-06-23T01:13:54.194511+00:00
20260115_0524_HARP14277_NOAA14340,2026_HARP14277_20260114_1000_20260115_0524,2026-01-15 05:24:00,14277,14340,0,saved,"(512, 512, 6)",gs://suryabench-sharp-pipeline-bamidele/jsoc_2025_2026_production_v1/samples_npz/2026/20260115_0524_HARP14277_NOAA14340.npz,success,2026-06-23T01:14:00.094875+00:00
20260114_1448_HARP14285_NOAA14343,2026_HARP14285_20260114_1448_20260115_0524,2026-01-14 14:48:00,14285,14343,0,saved,"(512, 512, 6)",gs://suryabench-sharp-pipeline-bamidele/jsoc_2025_2026_production_v1/samples_npz/2026/20260114_1448_HARP14285_NOAA14343.npz,success,2026-06-23T01:41:37.551532+00:00
20260114_1624_HARP14285_NOAA14343,2026_HARP14285_20260114_1448_20260115_0524,2026-01-14 16:24:00,14285,14343,0,saved,"(512, 512, 6)",gs://suryabench-sharp-pipeline-bamidele/jsoc_2025_2026_production_v1/samples_npz/2026/20260114_1624_HARP14285_NOAA14343.npz,success,2026-06-23T01:41:44.036621+00:00
20260114_1836_HARP14285_NOAA14343,2026_HARP14285_20260114_1448_20260115_0524,2026-01-14 18:36:00,14285,14343,0,saved,"(512, 512, 6)",gs://suryabench-sharp-pipeline-bamidele/jsoc_2025_2026_production_v1/samples_npz/2026/20260114_1836_HARP14285_NOAA14343.npz,success,2026-06-23T01:41:50.561395+00:00
20260114_2036_HARP14285_NOAA14343,2026_HARP14285_20260114_1448_20260115_0524,2026-01-14 20:36:00,14285,14343,0,saved,"(512, 512, 6)",gs://suryabench-sharp-pipeline-bamidele/jsoc_2025_2026_production_v1/samples_npz/2026/20260114_2036_HARP14285_NOAA14343.npz,success,2026-06-23T01:41:57.087188+00:00
20260114_2212_HARP14285_NOAA14343,2026_HARP14285_20260114_1448_20260115_0524,2026-01-14 22:12:00,14285,14343,0,saved,"(512, 512, 6)",gs://suryabench-sharp-pipeline-bamidele/jsoc_2025_2026_production_v1/samples_npz/2026/20260114_2212_HARP14285_NOAA14343.npz,success,2026-06-23T01:42:03.546408+00:00
20260115_0036_HARP14285_NOAA14343,2026_HARP14285_20260114_1448_20260115_0524,2026-01-15 00:36:00,14285,14343,0,saved,"(512, 512, 6)",gs://suryabench-sharp-pipeline-bamidele/jsoc_2025_2026_production_v1/samples_npz/2026/20260115_0036_HARP14285_NOAA14343.npz,success,2026-06-23T01:42:10.105720+00:00
20260115_0212_HARP14285_NOAA14343,2026_HARP14285_20260114_1448_20260115_0524,2026-01-15 02:12:00,14285,14343,0,saved,"(512, 512, 6)",gs://suryabench-sharp-pipeline-bamidele/jsoc_2025_2026_production_v1/samples_npz/2026/20260115_0212_HARP14285_NOAA14343.npz,success,2026-06-23T01:42:16.603213+00:00
20260115_0348_HARP14285_NOAA14343,2026_HARP14285_20260114_1448_20260115_0524,2026-01-15 03:48:00,14285,14343,0,saved,"(512, 512, 6)",gs://suryabench-sharp-pipeline-bamidele/jsoc_2025_2026_production_v1/samples_npz/2026/20260115_0348_HARP14285_NOAA14343.npz,success,2026-06-23T01:42:23.354694+00:00
20260115_0524_HARP14285_NOAA14343,2026_HARP14285_20260114_1448_20260115_0524,2026-01-15 05:24:00,14285,14343,0,saved,"(512, 512, 6)",gs://suryabench-sharp-pipeline-bamidele/jsoc_2025_2026_production_v1/samples_npz/2026/20260115_0524_HARP14285_NOAA14343.npz,success,2026-06-23T01:42:29.956225+00:00
20260115_1112_HARP14277_NOAA14340,2026_HARP14277_20260115_1112_20260116_0624,2026-01-15 11:12:00,14277,14340,0,saved,"(512, 512, 6)",gs://suryabench-sharp-pipeline-bamidele/jsoc_2025_2026_production_v1/samples_npz/2026/20260115_1112_HARP14277_NOAA14340.npz,success,2026-06-23T01:51:51.023806+00:00
20260115_1248_HARP14277_NOAA14340,2026_HARP14277_20260115_1112_20260116_0624,2026-01-15 12:48:00,14277,14340,0,saved,"(512, 512, 6)",gs://suryabench-sharp-pipeline-bamidele/jsoc_2025_2026_production_v1/samples_npz/2026/20260115_1248_HARP14277_NOAA14340.npz,success,2026-06-23T01:51:57.590780+00:00
20260115_1424_HARP14277_NOAA14340,2026_HARP14277_20260115_1112_20260116_0624,2026-01-15 14:24:00,14277,14340,0,saved,"(512, 512, 6)",gs://suryabench-sharp-pipeline-bamidele/jsoc_2025_2026_production_v1/samples_npz/2026/20260115_1424_HARP14277_NOAA14340.npz,success,2026-06-23T01:52:04.104526+00:00
20260115_1600_HARP14277_NOAA14340,2026_HARP14277_20260115_1112_20260116_0624,2026-01-15 16:00:00,14277,14340,0,saved,"(512, 512, 6)",gs://suryabench-sharp-pipeline-bamidele/jsoc_2025_2026_production_v1/samples_npz/2026/20260115_1600_HARP14277_NOAA14340.npz,success,2026-06-23T01:52:10.697681+00:00
20260115_1736_HARP14277_NOAA14340,2026_HARP14277_20260115_1112_20260116_0624,2026-01-15 17:36:00,14277,14340,0,saved,"(512, 512, 6)",gs://suryabench-sharp-pipeline-bamidele/jsoc_2025_2026_production_v1/samples_npz/2026/20260115_1736_HARP14277_NOAA14340.npz,success,2026-06-23T01:52:17.394934+00:00
20260115_1912_HARP14277_NOAA14340,2026_HARP14277_20260115_1112_20260116_0624,2026-01-15 19:12:00,14277,14340,0,saved,"(512, 512, 6)",gs://suryabench-sharp-pipeline-bamidele/jsoc_2025_2026_production_v1/samples_npz/2026/20260115_1912_HARP14277_NOAA14340.npz,success,2026-06-23T01:52:23.958256+00:00
20260115_2048_HARP14277_NOAA14340,2026_HARP14277_20260115_1112_20260116_0624,2026-01-15 20:48:00,14277,14340,0,saved,"(512, 512, 6)",gs://suryabench-sharp-pipeline-bamidele/jsoc_2025_2026_production_v1/samples_npz/2026/20260115_2048_HARP14277_NOAA14340.npz,success,2026-06-23T01:52:30.434340+00:00
20260115_2224_HARP14277_NOAA14340,2026_HARP14277_20260115_1112_20260116_0624,2026-01-15 22:24:00,14277,14340,0,saved,"(512, 512, 6)",gs://suryabench-sharp-pipeline-bamidele/jsoc_2025_2026_production_v1/samples_npz/2026/20260115_2224_HARP14277_NOAA14340.npz,success,2026-06-23T01:52:36.880965+00:00
20260116_0000_HARP14277_NOAA14340,2026_HARP14277_20260115_1112_20260116_0624,2026-01-16 00:00:00,14277,14340,0,saved,"(512, 512, 6)",gs://suryabench-sharp-pipeline-bamidele/jsoc_2025_2026_production_v1/samples_npz/2026/20260116_0000_HARP14277_NOAA14340.npz,success,2026-06-23T01:52:43.363915+00:00
20260116_0136_HARP14277_NOAA14340,2026_HARP14277_20260115_1112_20260116_0624,2026-01-16 01:36:00,14277,14340,0,saved,"(512, 512, 6)",gs://suryabench-sharp-pipeline-bamidele/jsoc_2025_2026_production_v1/samples_npz/2026/20260116_0136_HARP14277_NOAA14340.npz,success,2026-06-23T01:52:49.916436+00:00
20260116_0312_HARP14277_NOAA14340,2026_HARP14277_20260115_1112_20260116_0624,2026-01-16 03:12:00,14277,14340,0,saved,"(512, 512, 6)",gs://suryabench-sharp-pipeline-bamidele/jsoc_2025_2026_production_v1/samples_npz/2026/20260116_0312_HARP14277_NOAA14340.npz,success,2026-06-23T01:52:56.423429+00:00
20260116_0448_HARP14277_NOAA14340,2026_HARP14277_20260115_1112_20260116_0624,2026-01-16 04:48:00,14277,14340,0,saved,"(512, 512, 6)",gs://suryabench-sharp-pipeline-bamidele/jsoc_2025_2026_production_v1/samples_npz/2026/20260116_0448_HARP14277_NOAA14340.npz,success,2026-06-23T01:53:02.844334+00:00
20260116_0624_HARP14277_NOAA14340,2026_HARP14277_20260115_1112_20260116_0624,2026-01-16 06:24:00,14277,14340,0,saved,"(512, 512, 6)",gs://suryabench-sharp-pipeline-bamidele/jsoc_2025_2026_production_v1/samples_npz/2026/20260116_0624_HARP14277_NOAA14340.npz,success,2026-06-23T01:53:09.389259+00:00
20260115_1112_HARP14285_NOAA14343,2026_HARP14285_20260115_1112_20260116_0624,2026-01-15 11:12:00,14285,14343,0,saved,"(512, 512, 6)",gs://suryabench-sharp-pipeline-bamidele/jsoc_2025_2026_production_v1/samples_npz/2026/20260115_1112_HARP14285_NOAA14343.npz,success,2026-06-23T02:03:18.316073+00:00
20260115_1248_HARP14285_NOAA14343,2026_HARP14285_20260115_1112_20260116_0624,2026-01-15 12:48:00,14285,14343,0,saved,"(512, 512, 6)",gs://suryabench-sharp-pipeline-bamidele/jsoc_2025_2026_production_v1/samples_npz/2026/20260115_1248_HARP14285_NOAA14343.npz,success,2026-06-23T02:03:24.892296+00:00
20260115_1424_HARP14285_NOAA14343,2026_HARP14285_20260115_1112_20260116_0624,2026-01-15 14:24:00,14285,14343,0,saved,"(512, 512, 6)",gs://suryabench-sharp-pipeline-bamidele/jsoc_2025_2026_production_v1/samples_npz/2026/20260115_1424_HARP14285_NOAA14343.npz,success,2026-06-23T02:03:31.378034+00:00
20260115_1600_HARP14285_NOAA14343,2026_HARP14285_20260115_1112_20260116_0624,2026-01-15 16:00:00,14285,14343,0,saved,"(512, 512, 6)",gs://suryabench-sharp-pipeline-bamidele/jsoc_2025_2026_production_v1/samples_npz/2026/20260115_1600_HARP14285_NOAA14343.npz,success,2026-06-23T02:03:37.901028+00:00
20260115_1736_HARP14285_NOAA14343,2026_HARP14285_20260115_1112_20260116_0624,2026-01-15 17:36:00,14285,14343,0,saved,"(512, 512, 6)",gs://suryabench-sharp-pipeline-bamidele/jsoc_2025_2026_production_v1/samples_npz/2026/20260115_1736_HARP14285_NOAA14343.npz,success,2026-06-23T02:03:44.357962+00:00
20260115_1912_HARP14285_NOAA14343,2026_HARP14285_20260115_1112_20260116_0624,2026-01-15 19:12:00,14285,14343,0,saved,"(512, 512, 6)",gs://suryabench-sharp-pipeline-bamidele/jsoc_2025_2026_production_v1/samples_npz/2026/20260115_1912_HARP14285_NOAA14343.npz,success,2026-06-23T02:03:50.898322+00:00
20260115_2048_HARP14285_NOAA14343,2026_HARP14285_20260115_1112_20260116_0624,2026-01-15 20:48:00,14285,14343,0,saved,"(512, 512, 6)",gs://suryabench-sharp-pipeline-bamidele/jsoc_2025_2026_production_v1/samples_npz/2026/20260115_2048_HARP14285_NOAA14343.npz,success,2026-06-23T02:03:57.433859+00:00
20260115_2224_HARP14285_NOAA14343,2026_HARP14285_20260115_1112_20260116_0624,2026-01-15 22:24:00,14285,14343,0,saved,"(512, 512, 6)",gs://suryabench-sharp-pipeline-bamidele/jsoc_2025_2026_production_v1/samples_npz/2026/20260115_2224_HARP14285_NOAA14343.npz,success,2026-06-23T02:04:03.867252+00:00
20260116_0000_HARP14285_NOAA14343,2026_HARP14285_20260115_1112_20260116_0624,2026-01-16 00:00:00,14285,14343,0,saved,"(512, 512, 6)",gs://suryabench-sharp-pipeline-bamidele/jsoc_2025_2026_production_v1/samples_npz/2026/20260116_0000_HARP14285_NOAA14343.npz,success,2026-06-23T02:04:10.415395+00:00
20260116_0136_HARP14285_NOAA14343,2026_HARP14285_20260115_1112_20260116_0624,2026-01-16 01:36:00,14285,14343,0,saved,"(512, 512, 6)",gs://suryabench-sharp-pipeline-bamidele/jsoc_2025_2026_production_v1/samples_npz/2026/20260116_0136_HARP14285_NOAA14343.npz,success,2026-06-23T02:04:16.839798+00:00
20260116_0312_HARP14285_NOAA14343,2026_HARP14285_20260115_1112_20260116_0624,2026-01-16 03:12:00,14285,14343,0,saved,"(512, 512, 6)",gs://suryabench-sharp-pipeline-bamidele/jsoc_2025_2026_production_v1/samples_npz/2026/20260116_0312_HARP14285_NOAA14343.npz,success,2026-06-23T02:04:23.406511+00:00
20260116_0448_HARP14285_NOAA14343,2026_HARP14285_20260115_1112_20260116_0624,2026-01-16 04:48:00,14285,14343,0,saved,"(512, 512, 6)",gs://suryabench-sharp-pipeline-bamidele/jsoc_2025_2026_production_v1/samples_npz/2026/20260116_0448_HARP14285_NOAA14343.npz,success,2026-06-23T02:04:29.930692+00:00
20260116_0624_HARP14285_NOAA14343,2026_HARP14285_20260115_1112_20260116_0624,2026-01-16 06:24:00,14285,14343,0,saved,"(512, 512, 6)",gs://suryabench-sharp-pipeline-bamidele/jsoc_2025_2026_production_v1/samples_npz/2026/20260116_0624_HARP14285_NOAA14343.npz,success,2026-06-23T02:04:36.396314+00:00
20260116_1036_HARP14277_NOAA14340,2026_HARP14277_20260116_1036_20260117_0548,2026-01-16 10:36:00,14277,14340,0,saved,"(512, 512, 6)",gs://suryabench-sharp-pipeline-bamidele/jsoc_2025_2026_production_v1/samples_npz/2026/20260116_1036_HARP14277_NOAA14340.npz,success,2026-06-23T02:14:29.965362+00:00
20260116_1212_HARP14277_NOAA14340,2026_HARP14277_20260116_1036_20260117_0548,2026-01-16 12:12:00,14277,14340,0,saved,"(512, 512, 6)",gs://suryabench-sharp-pipeline-bamidele/jsoc_2025_2026_production_v1/samples_npz/2026/20260116_1212_HARP14277_NOAA14340.npz,success,2026-06-23T02:14:36.438133+00:00
20260116_1348_HARP14277_NOAA14340,2026_HARP14277_20260116_1036_20260117_0548,2026-01-16 13:48:00,14277,14340,0,saved,"(512, 512, 6)",gs://suryabench-sharp-pipeline-bamidele/jsoc_2025_2026_production_v1/samples_npz/2026/20260116_1348_HARP14277_NOAA14340.npz,success,2026-06-23T02:14:42.947825+00:00
20260116_1524_HARP14277_NOAA14340,2026_HARP14277_20260116_1036_20260117_0548,2026-01-16 15:24:00,14277,14340,0,saved,"(512, 512, 6)",gs://suryabench-sharp-pipeline-bamidele/jsoc_2025_2026_production_v1/samples_npz/2026/20260116_1524_HARP14277_NOAA14340.npz,success,2026-06-23T02:14:49.421203+00:00
20260116_1700_HARP14277_NOAA14340,2026_HARP14277_20260116_1036_20260117_0548,2026-01-16 17:00:00,14277,14340,0,saved,"(512, 512, 6)",gs://suryabench-sharp-pipeline-bamidele/jsoc_2025_2026_production_v1/samples_npz/2026/20260116_1700_HARP14277_NOAA14340.npz,success,2026-06-23T02:14:55.902217+00:00
20260116_1836_HARP14277_NOAA14340,2026_HARP14277_20260116_1036_20260117_0548,2026-01-16 18:36:00,14277,14340,0,saved,"(512, 512, 6)",gs://suryabench-sharp-pipeline-bamidele/jsoc_2025_2026_production_v1/samples_npz/2026/20260116_1836_HARP14277_NOAA14340.npz,success,2026-06-23T02:15:02.433663+00:00
20260116_2012_HARP14277_NOAA14340,2026_HARP14277_20260116_1036_20260117_0548,2026-01-16 20:12:00,14277,14340,0,saved,"(512, 512, 6)",gs://suryabench-sharp-pipeline-bamidele/jsoc_2025_2026_production_v1/samples_npz/2026/20260116_2012_HARP14277_NOAA14340.npz,success,2026-06-23T02:15:08.949063+00:00
20260116_2148_HARP14277_NOAA14340,2026_HARP14277_20260116_1036_20260117_0548,2026-01-16 21:48:00,14277,14340,0,saved,"(512, 512, 6)",gs://suryabench-sharp-pipeline-bamidele/jsoc_2025_2026_production_v1/samples_npz/2026/20260116_2148_HARP14277_NOAA14340.npz,success,2026-06-23T02:15:15.395716+00:00
20260116_2324_HARP14277_NOAA14340,2026_HARP14277_20260116_1036_20260117_0548,2026-01-16 23:24:00,14277,14340,0,saved,"(512, 512, 6)",gs://suryabench-sharp-pipeline-bamidele/jsoc_2025_2026_production_v1/samples_npz/2026/20260116_2324_HARP14277_NOAA14340.npz,success,2026-06-23T02:15:21.935797+00:00
20260117_0100_HARP14277_NOAA14340,2026_HARP14277_20260116_1036_20260117_0548,2026-01-17 01:00:00,14277,14340,0,saved,"(512, 512, 6)",gs://suryabench-sharp-pipeline-bamidele/jsoc_2025_2026_production_v1/samples_npz/2026/20260117_0100_HARP14277_NOAA14340.npz,success,2026-06-23T02:15:28.420153+00:00
20260117_0236_HARP14277_NOAA14340,2026_HARP14277_20260116_1036_20260117_0548,2026-01-17 02:36:00,14277,14340,0,saved,"(512, 512, 6)",gs://suryabench-sharp-pipeline-bamidele/jsoc_2025_2026_production_v1/samples_npz/2026/20260117_0236_HARP14277_NOAA14340.npz,success,2026-06-23T02:15:34.942035+00:00
20260117_0412_HARP14277_NOAA14340,2026_HARP14277_20260116_1036_20260117_0548,2026-01-17 04:12:00,14277,14340,0,saved,"(512, 512, 6)",gs://suryabench-sharp-pipeline-bamidele/jsoc_2025_2026_production_v1/samples_npz/2026/20260117_0412_HARP14277_NOAA14340.npz,success,2026-06-23T02:15:41.472431+00:00
20260117_0548_HARP14277_NOAA14340,2026_HARP14277_20260116_1036_20260117_0548,2026-01-17 05:48:00,14277,14340,0,saved,"(512, 512, 6)",gs://suryabench-sharp-pipeline-bamidele/jsoc_2025_2026_production_v1/samples_npz/2026/20260117_0548_HARP14277_NOAA14340.npz,success,2026-06-23T02:15:47.966036+00:00
20260116_1036_HARP14285_NOAA14343,2026_HARP14285_20260116_1036_20260117_0548,2026-01-16 10:36:00,14285,14343,0,saved,"(512, 512, 6)",gs://suryabench-sharp-pipeline-bamidele/jsoc_2025_2026_production_v1/samples_npz/2026/20260116_1036_HARP14285_NOAA14343.npz,success,2026-06-23T02:25:42.410488+00:00
20260116_1212_HARP14285_NOAA14343,2026_HARP14285_20260116_1036_20260117_0548,2026-01-16 12:12:00,14285,14343,0,saved,"(512, 512, 6)",gs://suryabench-sharp-pipeline-bamidele/jsoc_2025_2026_production_v1/samples_npz/2026/20260116_1212_HARP14285_NOAA14343.npz,success,2026-06-23T02:25:49.002334+00:00
20260116_1348_HARP14285_NOAA14343,2026_HARP14285_20260116_1036_20260117_0548,2026-01-16 13:48:00,14285,14343,0,saved,"(512, 512, 6)",gs://suryabench-sharp-pipeline-bamidele/jsoc_2025_2026_production_v1/samples_npz/2026/20260116_1348_HARP14285_NOAA14343.npz,success,2026-06-23T02:25:55.762848+00:00
20260116_1524_HARP14285_NOAA14343,2026_HARP14285_20260116_1036_20260117_0548,2026-01-16 15:24:00,14285,14343,0,saved,"(512, 512, 6)",gs://suryabench-sharp-pipeline-bamidele/jsoc_2025_2026_production_v1/samples_npz/2026/20260116_1524_HARP14285_NOAA14343.npz,success,2026-06-23T02:26:02.452438+00:00
20260116_1700_HARP14285_NOAA14343,2026_HARP14285_20260116_1036_20260117_0548,2026-01-16 17:00:00,14285,14343,0,saved,"(512, 512, 6)",gs://suryabench-sharp-pipeline-bamidele/jsoc_2025_2026_production_v1/samples_npz/2026/20260116_1700_HARP14285_NOAA14343.npz,success,2026-06-23T02:26:09.143084+00:00
20260116_1836_HARP14285_NOAA14343,2026_HARP14285_20260116_1036_20260117_0548,2026-01-16 18:36:00,14285,14343,0,saved,"(512, 512, 6)",gs://suryabench-sharp-pipeline-bamidele/jsoc_2025_2026_production_v1/samples_npz/2026/20260116_1836_HARP14285_NOAA14343.npz,success,2026-06-23T02:26:15.674485+00:00
20260116_2012_HARP14285_NOAA14343,2026_HARP14285_20260116_1036_20260117_0548,2026-01-16 20:12:00,14285,14343,0,saved,"(512, 512, 6)",gs://suryabench-sharp-pipeline-bamidele/jsoc_2025_2026_production_v1/samples_npz/2026/20260116_2012_HARP14285_NOAA14343.npz,success,2026-06-23T02:26:22.465365+00:00
20260116_2148_HARP14285_NOAA14343,2026_HARP14285_20260116_1036_20260117_0548,2026-01-16 21:48:00,14285,14343,0,saved,"(512, 512, 6)",gs://suryabench-sharp-pipeline-bamidele/jsoc_2025_2026_production_v1/samples_npz/2026/20260116_2148_HARP14285_NOAA14343.npz,success,2026-06-23T02:26:29.062039+00:00
20260116_2324_HARP14285_NOAA14343,2026_HARP14285_20260116_1036_20260117_0548,2026-01-16 23:24:00,14285,14343,0,saved,"(512, 512, 6)",gs://suryabench-sharp-pipeline-bamidele/jsoc_2025_2026_production_v1/samples_npz/2026/20260116_2324_HARP14285_NOAA14343.npz,success,2026-06-23T02:26:35.662447+00:00
20260117_0100_HARP14285_NOAA14343,2026_HARP14285_20260116_1036_20260117_0548,2026-01-17 01:00:00,14285,14343,0,saved,"(512, 512, 6)",gs://suryabench-sharp-pipeline-bamidele/jsoc_2025_2026_production_v1/samples_npz/2026/20260117_0100_HARP14285_NOAA14343.npz,success,2026-06-23T02:26:42.215451+00:00
20260117_0236_HARP14285_NOAA14343,2026_HARP14285_20260116_1036_20260117_0548,2026-01-17 02:36:00,14285,14343,0,saved,"(512, 512, 6)",gs://suryabench-sharp-pipeline-bamidele/jsoc_2025_2026_production_v1/samples_npz/2026/20260117_0236_HARP14285_NOAA14343.npz,success,2026-06-23T02:26:48.776703+00:00
20260117_0412_HARP14285_NOAA14343,2026_HARP14285_20260116_1036_20260117_0548,2026-01-17 04:12:00,14285,14343,0,saved,"(512, 512, 6)",gs://suryabench-sharp-pipeline-bamidele/jsoc_2025_2026_production_v1/samples_npz/2026/20260117_0412_HARP14285_NOAA14343.npz,success,2026-06-23T02:26:55.424281+00:00
20260117_0548_HARP14285_NOAA14343,2026_HARP14285_20260116_1036_20260117_0548,2026-01-17 05:48:00,14285,14343,0,saved,"(512, 512, 6)",gs://suryabench-sharp-pipeline-bamidele/jsoc_2025_2026_production_v1/samples_npz/2026/20260117_0548_HARP14285_NOAA14343.npz,success,2026-06-23T02:27:02.012730+00:00
20260117_1000_HARP14277_NOAA14340,2026_HARP14277_20260117_1000_20260117_1448,2026-01-17 10:00:00,14277,14340,0,saved,"(512, 512, 6)",gs://suryabench-sharp-pipeline-bamidele/jsoc_2025_2026_production_v1/samples_npz/2026/20260117_1000_HARP14277_NOAA14340.npz,success,2026-06-23T02:36:07.851261+00:00
20260117_1136_HARP14277_NOAA14340,2026_HARP14277_20260117_1000_20260117_1448,2026-01-17 11:36:00,14277,14340,0,saved,"(512, 512, 6)",gs://suryabench-sharp-pipeline-bamidele/jsoc_2025_2026_production_v1/samples_npz/2026/20260117_1136_HARP14277_NOAA14340.npz,success,2026-06-23T02:36:14.329316+00:00
20260117_1312_HARP14277_NOAA14340,2026_HARP14277_20260117_1000_20260117_1448,2026-01-17 13:12:00,14277,14340,0,saved,"(512, 512, 6)",gs://suryabench-sharp-pipeline-bamidele/jsoc_2025_2026_production_v1/samples_npz/2026/20260117_1312_HARP14277_NOAA14340.npz,success,2026-06-23T02:36:20.943261+00:00
20260117_1448_HARP14277_NOAA14340,2026_HARP14277_20260117_1000_20260117_1448,2026-01-17 14:48:00,14277,14340,0,saved,"(512, 512, 6)",gs://suryabench-sharp-pipeline-bamidele/jsoc_2025_2026_production_v1/samples_npz/2026/20260117_1448_HARP14277_NOAA14340.npz,success,2026-06-23T02:36:27.543190+00:00
20260117_1000_HARP14285_NOAA14343,2026_HARP14285_20260117_1000_20260117_1624,2026-01-17 10:00:00,14285,14343,0,saved,"(512, 512, 6)",gs://suryabench-sharp-pipeline-bamidele/jsoc_2025_2026_production_v1/samples_npz/2026/20260117_1000_HARP14285_NOAA14343.npz,success,2026-06-23T02:44:34.156172+00:00
20260117_1136_HARP14285_NOAA14343,2026_HARP14285_20260117_1000_20260117_1624,2026-01-17 11:36:00,14285,14343,0,saved,"(512, 512, 6)",gs://suryabench-sharp-pipeline-bamidele/jsoc_2025_2026_production_v1/samples_npz/2026/20260117_1136_HARP14285_NOAA14343.npz,success,2026-06-23T02:44:40.710780+00:00
20260117_1312_HARP14285_NOAA14343,2026_HARP14285_20260117_1000_20260117_1624,2026-01-17 13:12:00,14285,14343,0,saved,"(512, 512, 6)",gs://suryabench-sharp-pipeline-bamidele/jsoc_2025_2026_production_v1/samples_npz/2026/20260117_1312_HARP14285_NOAA14343.npz,success,2026-06-23T02:44:47.192287+00:00
20260117_1448_HARP14285_NOAA14343,2026_HARP14285_20260117_1000_20260117_1624,2026-01-17 14:48:00,14285,14343,0,saved,"(512, 512, 6)",gs://suryabench-sharp-pipeline-bamidele/jsoc_2025_2026_production_v1/samples_npz/2026/20260117_1448_HARP14285_NOAA14343.npz,success,2026-06-23T02:44:53.779333+00:00
20260117_1624_HARP14285_NOAA14343,2026_HARP14285_20260117_1000_20260117_1624,2026-01-17 16:24:00,14285,14343,0,saved,"(512, 512, 6)",gs://suryabench-sharp-pipeline-bamidele/jsoc_2025_2026_production_v1/samples_npz/2026/20260117_1624_HARP14285_NOAA14343.npz,success,2026-06-23T02:45:00.299825+00:00
20260117_1936_HARP14285_NOAA14343,2026_HARP14285_20260117_1936_20260118_0512,2026-01-17 19:36:00,14285,14343,0,saved,"(512, 512, 6)",gs://suryabench-sharp-pipeline-bamidele/jsoc_2025_2026_production_v1/samples_npz/2026/20260117_1936_HARP14285_NOAA14343.npz,success,2026-06-23T02:54:19.277587+00:00
20260117_2112_HARP14285_NOAA14343,2026_HARP14285_20260117_1936_20260118_0512,2026-01-17 21:12:00,14285,14343,0,saved,"(512, 512, 6)",gs://suryabench-sharp-pipeline-bamidele/jsoc_2025_2026_production_v1/samples_npz/2026/20260117_2112_HARP14285_NOAA14343.npz,success,2026-06-23T02:54:25.853577+00:00
20260117_2248_HARP14285_NOAA14343,2026_HARP14285_20260117_1936_20260118_0512,2026-01-17 22:48:00,14285,14343,0,saved,"(512, 512, 6)",gs://suryabench-sharp-pipeline-bamidele/jsoc_2025_2026_production_v1/samples_npz/2026/20260117_2248_HARP14285_NOAA14343.npz,success,2026-06-23T02:54:32.419841+00:00
20260118_0024_HARP14285_NOAA14343,2026_HARP14285_20260117_1936_20260118_0512,2026-01-18 00:24:00,14285,14343,0,saved,"(512, 512, 6)",gs://suryabench-sharp-pipeline-bamidele/jsoc_2025_2026_production_v1/samples_npz/2026/20260118_0024_HARP14285_NOAA14343.npz,success,2026-06-23T02:54:38.962780+00:00
20260118_0200_HARP14285_NOAA14343,2026_HARP14285_20260117_1936_20260118_0512,2026-01-18 02:00:00,14285,14343,0,saved,"(512, 512, 6)",gs://suryabench-sharp-pipeline-bamidele/jsoc_2025_2026_production_v1/samples_npz/2026/20260118_0200_HARP14285_NOAA14343.npz,success,2026-06-23T02:54:45.445771+00:00
20260118_0336_HARP14285_NOAA14343,2026_HARP14285_20260117_1936_20260118_0512,2026-01-18 03:36:00,14285,14343,0,saved,"(512, 512, 6)",gs://suryabench-sharp-pipeline-bamidele/jsoc_2025_2026_production_v1/samples_npz/2026/20260118_0336_HARP14285_NOAA14343.npz,success,2026-06-23T02:54:52.024412+00:00
20260118_0512_HARP14285_NOAA14343,2026_HARP14285_20260117_1936_20260118_0512,2026-01-18 05:12:00,14285,14343,0,saved,"(512, 512, 6)",gs://suryabench-sharp-pipeline-bamidele/jsoc_2025_2026_production_v1/samples_npz/2026/20260118_0512_HARP14285_NOAA14343.npz,success,2026-06-23T02:54:58.572577+00:00
20260118_0100_HARP14284_NOAA14342,2026_HARP14284_20260118_0100_20260118_0548,2026-01-18 01:00:00,14284,14342,0,saved,"(512, 512, 6)",gs://suryabench-sharp-pipeline-bamidele/jsoc_2025_2026_production_v1/samples_npz/2026/20260118_0100_HARP14284_NOAA14342.npz,success,2026-06-23T03:03:20.488323+00:00
20260118_0236_HARP14284_NOAA14342,2026_HARP14284_20260118_0100_20260118_0548,2026-01-18 02:36:00,14284,14342,0,saved,"(512, 512, 6)",gs://suryabench-sharp-pipeline-bamidele/jsoc_2025_2026_production_v1/samples_npz/2026/20260118_0236_HARP14284_NOAA14342.npz,success,2026-06-23T03:03:27.223254+00:00
20260118_0412_HARP14284_NOAA14342,2026_HARP14284_20260118_0100_20260118_0548,2026-01-18 04:12:00,14284,14342,0,saved,"(512, 512, 6)",gs://suryabench-sharp-pipeline-bamidele/jsoc_2025_2026_production_v1/samples_npz/2026/20260118_0412_HARP14284_NOAA14342.npz,success,2026-06-23T03:03:33.989509+00:00
20260118_0548_HARP14284_NOAA14342,2026_HARP14284_20260118_0100_20260118_0548,2026-01-18 05:48:00,14284,14342,0,saved,"(512, 512, 6)",gs://suryabench-sharp-pipeline-bamidele/jsoc_2025_2026_production_v1/samples_npz/2026/20260118_0548_HARP14284_NOAA14342.npz,success,2026-06-23T03:03:40.811775+00:00
20260118_1012_HARP14282_NOAA14341,2026_HARP14282_20260118_1012_20260118_1500,2026-01-18 10:12:00,14282,14341,1,saved,"(512, 512, 6)",gs://suryabench-sharp-pipeline-bamidele/jsoc_2025_2026_production_v1/samples_npz/2026/20260118_1012_HARP14282_NOAA14341.npz,success,2026-06-23T03:11:44.252114+00:00
20260118_1148_HARP14282_NOAA14341,2026_HARP14282_20260118_1012_20260118_1500,2026-01-18 11:48:00,14282,14341,1,saved,"(512, 512, 6)",gs://suryabench-sharp-pipeline-bamidele/jsoc_2025_2026_production_v1/samples_npz/2026/20260118_1148_HARP14282_NOAA14341.npz,success,2026-06-23T03:11:51.859540+00:00
20260118_1324_HARP14282_NOAA14341,2026_HARP14282_20260118_1012_20260118_1500,2026-01-18 13:24:00,14282,14341,1,saved,"(512, 512, 6)",gs://suryabench-sharp-pipeline-bamidele/jsoc_2025_2026_production_v1/samples_npz/2026/20260118_1324_HARP14282_NOAA14341.npz,success,2026-06-23T03:11:59.565413+00:00
20260118_1500_HARP14282_NOAA14341,2026_HARP14282_20260118_1012_20260118_1500,2026-01-18 15:00:00,14282,14341,1,saved,"(512, 512, 6)",gs://suryabench-sharp-pipeline-bamidele/jsoc_2025_2026_production_v1/samples_npz/2026/20260118_1500_HARP14282_NOAA14341.npz,success,2026-06-23T03:12:07.427164+00:00
20260118_1012_HARP14284_NOAA14342,2026_HARP14284_20260118_1012_20260118_1500,2026-01-18 10:12:00,14284,14342,0,saved,"(512, 512, 6)",gs://suryabench-sharp-pipeline-bamidele/jsoc_2025_2026_production_v1/samples_npz/2026/20260118_1012_HARP14284_NOAA14342.npz,success,2026-06-23T03:20:58.905953+00:00
20260118_1148_HARP14284_NOAA14342,2026_HARP14284_20260118_1012_20260118_1500,2026-01-18 11:48:00,14284,14342,0,saved,"(512, 512, 6)",gs://suryabench-sharp-pipeline-bamidele/jsoc_2025_2026_production_v1/samples_npz/2026/20260118_1148_HARP14284_NOAA14342.npz,success,2026-06-23T03:21:05.857793+00:00
20260118_1324_HARP14284_NOAA14342,2026_HARP14284_20260118_1012_20260118_1500,2026-01-18 13:24:00,14284,14342,0,saved,"(512, 512, 6)",gs://suryabench-sharp-pipeline-bamidele/jsoc_2025_2026_production_v1/samples_npz/2026/20260118_1324_HARP14284_NOAA14342.npz,success,2026-06-23T03:21:12.728381+00:00
20260118_1500_HARP14284_NOAA14342,2026_HARP14284_20260118_1012_20260118_1500,2026-01-18 15:00:00,14284,14342,0,saved,"(512, 512, 6)",gs://suryabench-sharp-pipeline-bamidele/jsoc_2025_2026_production_v1/samples_npz/2026/20260118_1500_HARP14284_NOAA14342.npz,success,2026-06-23T03:21:19.710112+00:00
20260118_1036_HARP14297_NOAA14348,2026_HARP14297_20260118_1036_20260119_0236,2026-01-18 10:36:00,14297,14348,0,saved,"(512, 512, 6)",gs://suryabench-sharp-pipeline-bamidele/jsoc_2025_2026_production_v1/samples_npz/2026/20260118_1036_HARP14297_NOAA14348.npz,success,2026-06-23T03:31:05.293976+00:00
20260118_1212_HARP14297_NOAA14348,2026_HARP14297_20260118_1036_20260119_0236,2026-01-18 12:12:00,14297,14348,0,saved,"(512, 512, 6)",gs://suryabench-sharp-pipeline-bamidele/jsoc_2025_2026_production_v1/samples_npz/2026/20260118_1212_HARP14297_NOAA14348.npz,success,2026-06-23T03:31:11.792326+00:00
20260118_1348_HARP14297_NOAA14348,2026_HARP14297_20260118_1036_20260119_0236,2026-01-18 13:48:00,14297,14348,0,saved,"(512, 512, 6)",gs://suryabench-sharp-pipeline-bamidele/jsoc_2025_2026_production_v1/samples_npz/2026/20260118_1348_HARP14297_NOAA14348.npz,success,2026-06-23T03:31:18.315254+00:00
20260118_1524_HARP14297_NOAA14348,2026_HARP14297_20260118_1036_20260119_0236,2026-01-18 15:24:00,14297,14348,0,saved,"(512, 512, 6)",gs://suryabench-sharp-pipeline-bamidele/jsoc_2025_2026_production_v1/samples_npz/2026/20260118_1524_HARP14297_NOAA14348.npz,success,2026-06-23T03:31:25.007964+00:00
20260118_1700_HARP14297_NOAA14348,2026_HARP14297_20260118_1036_20260119_0236,2026-01-18 17:00:00,14297,14348,0,saved,"(512, 512, 6)",gs://suryabench-sharp-pipeline-bamidele/jsoc_2025_2026_production_v1/samples_npz/2026/20260118_1700_HARP14297_NOAA14348.npz,success,2026-06-23T03:31:31.498399+00:00
20260118_1836_HARP14297_NOAA14348,2026_HARP14297_20260118_1036_20260119_0236,2026-01-18 18:36:00,14297,14348,0,saved,"(512, 512, 6)",gs://suryabench-sharp-pipeline-bamidele/jsoc_2025_2026_production_v1/samples_npz/2026/20260118_1836_HARP14297_NOAA14348.npz,success,2026-06-23T03:31:38.015907+00:00
20260118_2012_HARP14297_NOAA14348,2026_HARP14297_20260118_1036_20260119_0236,2026-01-18 20:12:00,14297,14348,0,saved,"(512, 512, 6)",gs://suryabench-sharp-pipeline-bamidele/jsoc_2025_2026_production_v1/samples_npz/2026/20260118_2012_HARP14297_NOAA14348.npz,success,2026-06-23T03:31:44.593677+00:00
20260118_2148_HARP14297_NOAA14348,2026_HARP14297_20260118_1036_20260119_0236,2026-01-18 21:48:00,14297,14348,0,saved,"(512, 512, 6)",gs://suryabench-sharp-pipeline-bamidele/jsoc_2025_2026_production_v1/samples_npz/2026/20260118_2148_HARP14297_NOAA14348.npz,success,2026-06-23T03:31:51.123137+00:00
20260118_2324_HARP14297_NOAA14348,2026_HARP14297_20260118_1036_20260119_0236,2026-01-18 23:24:00,14297,14348,0,saved,"(512, 512, 6)",gs://suryabench-sharp-pipeline-bamidele/jsoc_2025_2026_production_v1/samples_npz/2026/20260118_2324_HARP14297_NOAA14348.npz,success,2026-06-23T03:31:57.626945+00:00
20260119_0100_HARP14297_NOAA14348,2026_HARP14297_20260118_1036_20260119_0236,2026-01-19 01:00:00,14297,14348,0,saved,"(512, 512, 6)",gs://suryabench-sharp-pipeline-bamidele/jsoc_2025_2026_production_v1/samples_npz/2026/20260119_0100_HARP14297_NOAA14348.npz,success,2026-06-23T03:32:04.376953+00:00
20260119_0236_HARP14297_NOAA14348,2026_HARP14297_20260118_1036_20260119_0236,2026-01-19 02:36:00,14297,14348,0,saved,"(512, 512, 6)",gs://suryabench-sharp-pipeline-bamidele/jsoc_2025_2026_production_v1/samples_npz/2026/20260119_0236_HARP14297_NOAA14348.npz,success,2026-06-23T03:32:11.038768+00:00
20260118_1112_HARP14285_NOAA14343,2026_HARP14285_20260118_1112_20260118_1736,2026-01-18 11:12:00,14285,14343,0,saved,"(512, 512, 6)",gs://suryabench-sharp-pipeline-bamidele/jsoc_2025_2026_production_v1/samples_npz/2026/20260118_1112_HARP14285_NOAA14343.npz,success,2026-06-23T03:41:12.970659+00:00
20260118_1248_HARP14285_NOAA14343,2026_HARP14285_20260118_1112_20260118_1736,2026-01-18 12:48:00,14285,14343,0,saved,"(512, 512, 6)",gs://suryabench-sharp-pipeline-bamidele/jsoc_2025_2026_production_v1/samples_npz/2026/20260118_1248_HARP14285_NOAA14343.npz,success,2026-06-23T03:41:19.574327+00:00
20260118_1424_HARP14285_NOAA14343,2026_HARP14285_20260118_1112_20260118_1736,2026-01-18 14:24:00,14285,14343,0,saved,"(512, 512, 6)",gs://suryabench-sharp-pipeline-bamidele/jsoc_2025_2026_production_v1/samples_npz/2026/20260118_1424_HARP14285_NOAA14343.npz,success,2026-06-23T03:41:26.165022+00:00
20260118_1600_HARP14285_NOAA14343,2026_HARP14285_20260118_1112_20260118_1736,2026-01-18 16:00:00,14285,14343,0,saved,"(512, 512, 6)",gs://suryabench-sharp-pipeline-bamidele/jsoc_2025_2026_production_v1/samples_npz/2026/20260118_1600_HARP14285_NOAA14343.npz,success,2026-06-23T03:41:32.673422+00:00
20260118_1736_HARP14285_NOAA14343,2026_HARP14285_20260118_1112_20260118_1736,2026-01-18 17:36:00,14285,14343,0,saved,"(512, 512, 6)",gs://suryabench-sharp-pipeline-bamidele/jsoc_2025_2026_production_v1/samples_npz/2026/20260118_1736_HARP14285_NOAA14343.npz,success,2026-06-23T03:41:39.227828+00:00
20260118_1812_HARP14282_NOAA14341,2026_HARP14282_20260118_1812_20260119_0212,2026-01-18 18:12:00,14282,14341,0,saved,"(512, 512, 6)",gs://suryabench-sharp-pipeline-bamidele/jsoc_2025_2026_production_v1/samples_npz/2026/20260118_1812_HARP14282_NOAA14341.npz,success,2026-06-23T03:51:33.052192+00:00
20260118_1948_HARP14282_NOAA14341,2026_HARP14282_20260118_1812_20260119_0212,2026-01-18 19:48:00,14282,14341,0,saved,"(512, 512, 6)",gs://suryabench-sharp-pipeline-bamidele/jsoc_2025_2026_production_v1/samples_npz/2026/20260118_1948_HARP14282_NOAA14341.npz,success,2026-06-23T03:51:40.073475+00:00
20260118_2124_HARP14282_NOAA14341,2026_HARP14282_20260118_1812_20260119_0212,2026-01-18 21:24:00,14282,14341,0,saved,"(512, 512, 6)",gs://suryabench-sharp-pipeline-bamidele/jsoc_2025_2026_production_v1/samples_npz/2026/20260118_2124_HARP14282_NOAA14341.npz,success,2026-06-23T03:51:47.080449+00:00
20260118_2300_HARP14282_NOAA14341,2026_HARP14282_20260118_1812_20260119_0212,2026-01-18 23:00:00,14282,14341,0,saved,"(512, 512, 6)",gs://suryabench-sharp-pipeline-bamidele/jsoc_2025_2026_production_v1/samples_npz/2026/20260118_2300_HARP14282_NOAA14341.npz,success,2026-06-23T03:51:54.104748+00:00
20260119_0036_HARP14282_NOAA14341,2026_HARP14282_20260118_1812_20260119_0212,2026-01-19 00:36:00,14282,14341,0,saved,"(512, 512, 6)",gs://suryabench-sharp-pipeline-bamidele/jsoc_2025_2026_production_v1/samples_npz/2026/20260119_0036_HARP14282_NOAA14341.npz,success,2026-06-23T03:52:01.028241+00:00
20260119_0212_HARP14282_NOAA14341,2026_HARP14282_20260118_1812_20260119_0212,2026-01-19 02:12:00,14282,14341,0,saved,"(512, 512, 6)",gs://suryabench-sharp-pipeline-bamidele/jsoc_2025_2026_production_v1/samples_npz/2026/20260119_0212_HARP14282_NOAA14341.npz,success,2026-06-23T03:52:08.071196+00:00
20260118_1812_HARP14284_NOAA14342,2026_HARP14284_20260118_1812_20260119_0212,2026-01-18 18:12:00,14284,14342,0,saved,"(512, 512, 6)",gs://suryabench-sharp-pipeline-bamidele/jsoc_2025_2026_production_v1/samples_npz/2026/20260118_1812_HARP14284_NOAA14342.npz,success,2026-06-23T04:01:52.958192+00:00
20260118_1948_HARP14284_NOAA14342,2026_HARP14284_20260118_1812_20260119_0212,2026-01-18 19:48:00,14284,14342,0,saved,"(512, 512, 6)",gs://suryabench-sharp-pipeline-bamidele/jsoc_2025_2026_production_v1/samples_npz/2026/20260118_1948_HARP14284_NOAA14342.npz,success,2026-06-23T04:01:59.950228+00:00
20260118_2124_HARP14284_NOAA14342,2026_HARP14284_20260118_1812_20260119_0212,2026-01-18 21:24:00,14284,14342,0,saved,"(512, 512, 6)",gs://suryabench-sharp-pipeline-bamidele/jsoc_2025_2026_production_v1/samples_npz/2026/20260118_2124_HARP14284_NOAA14342.npz,success,2026-06-23T04:02:07.027168+00:00
20260118_2300_HARP14284_NOAA14342,2026_HARP14284_20260118_1812_20260119_0212,2026-01-18 23:00:00,14284,14342,0,saved,"(512, 512, 6)",gs://suryabench-sharp-pipeline-bamidele/jsoc_2025_2026_production_v1/samples_npz/2026/20260118_2300_HARP14284_NOAA14342.npz,success,2026-06-23T04:02:14.399709+00:00
20260119_0036_HARP14284_NOAA14342,2026_HARP14284_20260118_1812_20260119_0212,2026-01-19 00:36:00,14284,14342,0,saved,"(512, 512, 6)",gs://suryabench-sharp-pipeline-bamidele/jsoc_2025_2026_production_v1/samples_npz/2026/20260119_0036_HARP14284_NOAA14342.npz,success,2026-06-23T04:02:22.223410+00:00
20260119_0212_HARP14284_NOAA14342,2026_HARP14284_20260118_1812_20260119_0212,2026-01-19 02:12:00,14284,14342,0,saved,"(512, 512, 6)",gs://suryabench-sharp-pipeline-bamidele/jsoc_2025_2026_production_v1/samples_npz/2026/20260119_0212_HARP14284_NOAA14342.npz,success,2026-06-23T04:02:30.471761+00:00
20260119_0612_HARP14282_NOAA14341,2026_HARP14282_20260119_0612_20260119_0612,2026-01-19 06:12:00,14282,14341,0,saved,"(512, 512, 6)",gs://suryabench-sharp-pipeline-bamidele/jsoc_2025_2026_production_v1/samples_npz/2026/20260119_0612_HARP14282_NOAA14341.npz,success,2026-06-23T04:09:43.609416+00:00
20260119_0612_HARP14284_NOAA14342,2026_HARP14284_20260119_0612_20260119_0612,2026-01-19 06:12:00,14284,14342,0,saved,"(512, 512, 6)",gs://suryabench-sharp-pipeline-bamidele/jsoc_2025_2026_production_v1/samples_npz/2026/20260119_0612_HARP14284_NOAA14342.npz,success,2026-06-23T04:16:25.427487+00:00
20260119_0924_HARP14297_NOAA14348,2026_HARP14297_20260119_0924_20260120_0612,2026-01-19 09:24:00,14297,14348,0,saved,"(512, 512, 6)",gs://suryabench-sharp-pipeline-bamidele/jsoc_2025_2026_production_v1/samples_npz/2026/20260119_0924_HARP14297_NOAA14348.npz,success,2026-06-23T04:26:31.477953+00:00
20260119_1100_HARP14297_NOAA14348,2026_HARP14297_20260119_0924_20260120_0612,2026-01-19 11:00:00,14297,14348,0,saved,"(512, 512, 6)",gs://suryabench-sharp-pipeline-bamidele/jsoc_2025_2026_production_v1/samples_npz/2026/20260119_1100_HARP14297_NOAA14348.npz,success,2026-06-23T04:26:38.050228+00:00
20260119_1236_HARP14297_NOAA14348,2026_HARP14297_20260119_0924_20260120_0612,2026-01-19 12:36:00,14297,14348,0,saved,"(512, 512, 6)",gs://suryabench-sharp-pipeline-bamidele/jsoc_2025_2026_production_v1/samples_npz/2026/20260119_1236_HARP14297_NOAA14348.npz,success,2026-06-23T04:26:44.834366+00:00
20260119_1412_HARP14297_NOAA14348,2026_HARP14297_20260119_0924_20260120_0612,2026-01-19 14:12:00,14297,14348,0,saved,"(512, 512, 6)",gs://suryabench-sharp-pipeline-bamidele/jsoc_2025_2026_production_v1/samples_npz/2026/20260119_1412_HARP14297_NOAA14348.npz,success,2026-06-23T04:26:51.722967+00:00
20260119_1548_HARP14297_NOAA14348,2026_HARP14297_20260119_0924_20260120_0612,2026-01-19 15:48:00,14297,14348,0,saved,"(512, 512, 6)",gs://suryabench-sharp-pipeline-bamidele/jsoc_2025_2026_production_v1/samples_npz/2026/20260119_1548_HARP14297_NOAA14348.npz,success,2026-06-23T04:26:58.420160+00:00
20260119_1724_HARP14297_NOAA14348,2026_HARP14297_20260119_0924_20260120_0612,2026-01-19 17:24:00,14297,14348,0,saved,"(512, 512, 6)",gs://suryabench-sharp-pipeline-bamidele/jsoc_2025_2026_production_v1/samples_npz/2026/20260119_1724_HARP14297_NOAA14348.npz,success,2026-06-23T04:27:05.305131+00:00
20260119_1900_HARP14297_NOAA14348,2026_HARP14297_20260119_0924_20260120_0612,2026-01-19 19:00:00,14297,14348,0,saved,"(512, 512, 6)",gs://suryabench-sharp-pipeline-bamidele/jsoc_2025_2026_production_v1/samples_npz/2026/20260119_1900_HARP14297_NOAA14348.npz,success,2026-06-23T04:27:12.047750+00:00
20260119_2036_HARP14297_NOAA14348,2026_HARP14297_20260119_0924_20260120_0612,2026-01-19 20:36:00,14297,14348,0,saved,"(512, 512, 6)",gs://suryabench-sharp-pipeline-bamidele/jsoc_2025_2026_production_v1/samples_npz/2026/20260119_2036_HARP14297_NOAA14348.npz,success,2026-06-23T04:27:18.748486+00:00
20260119_2212_HARP14297_NOAA14348,2026_HARP14297_20260119_0924_20260120_0612,2026-01-19 22:12:00,14297,14348,0,saved,"(512, 512, 6)",gs://suryabench-sharp-pipeline-bamidele/jsoc_2025_2026_production_v1/samples_npz/2026/20260119_2212_HARP14297_NOAA14348.npz,success,2026-06-23T04:27:25.494085+00:00
20260119_2348_HARP14297_NOAA14348,2026_HARP14297_20260119_0924_20260120_0612,2026-01-19 23:48:00,14297,14348,0,saved,"(512, 512, 6)",gs://suryabench-sharp-pipeline-bamidele/jsoc_2025_2026_production_v1/samples_npz/2026/20260119_2348_HARP14297_NOAA14348.npz,success,2026-06-23T04:27:32.310300+00:00
20260120_0124_HARP14297_NOAA14348,2026_HARP14297_20260119_0924_20260120_0612,2026-01-20 01:24:00,14297,14348,0,saved,"(512, 512, 6)",gs://suryabench-sharp-pipeline-bamidele/jsoc_2025_2026_production_v1/samples_npz/2026/20260120_0124_HARP14297_NOAA14348.npz,success,2026-06-23T04:27:38.989341+00:00
20260120_0300_HARP14297_NOAA14348,2026_HARP14297_20260119_0924_20260120_0612,2026-01-20 03:00:00,14297,14348,0,saved,"(512, 512, 6)",gs://suryabench-sharp-pipeline-bamidele/jsoc_2025_2026_production_v1/samples_npz/2026/20260120_0300_HARP14297_NOAA14348.npz,success,2026-06-23T04:27:45.718769+00:00
20260120_0436_HARP14297_NOAA14348,2026_HARP14297_20260119_0924_20260120_0612,2026-01-20 04:36:00,14297,14348,0,saved,"(512, 512, 6)",gs://suryabench-sharp-pipeline-bamidele/jsoc_2025_2026_production_v1/samples_npz/2026/20260120_0436_HARP14297_NOAA14348.npz,success,2026-06-23T04:27:52.562625+00:00
20260120_0612_HARP14297_NOAA14348,2026_HARP14297_20260119_0924_20260120_0612,2026-01-20 06:12:00,14297,14348,0,saved,"(512, 512, 6)",gs://suryabench-sharp-pipeline-bamidele/jsoc_2025_2026_production_v1/samples_npz/2026/20260120_0612_HARP14297_NOAA14348.npz,success,2026-06-23T04:27:59.323386+00:00
20260119_1036_HARP14282_NOAA14341,2026_HARP14282_20260119_1036_20260120_0548,2026-01-19 10:36:00,14282,14341,0,saved,"(512, 512, 6)",gs://suryabench-sharp-pipeline-bamidele/jsoc_2025_2026_production_v1/samples_npz/2026/20260119_1036_HARP14282_NOAA14341.npz,success,2026-06-23T04:38:46.443265+00:00
20260119_1212_HARP14282_NOAA14341,2026_HARP14282_20260119_1036_20260120_0548,2026-01-19 12:12:00,14282,14341,0,saved,"(512, 512, 6)",gs://suryabench-sharp-pipeline-bamidele/jsoc_2025_2026_production_v1/samples_npz/2026/20260119_1212_HARP14282_NOAA14341.npz,success,2026-06-23T04:38:53.519633+00:00
20260119_1348_HARP14282_NOAA14341,2026_HARP14282_20260119_1036_20260120_0548,2026-01-19 13:48:00,14282,14341,0,saved,"(512, 512, 6)",gs://suryabench-sharp-pipeline-bamidele/jsoc_2025_2026_production_v1/samples_npz/2026/20260119_1348_HARP14282_NOAA14341.npz,success,2026-06-23T04:39:00.524774+00:00
20260119_1524_HARP14282_NOAA14341,2026_HARP14282_20260119_1036_20260120_0548,2026-01-19 15:24:00,14282,14341,0,saved,"(512, 512, 6)",gs://suryabench-sharp-pipeline-bamidele/jsoc_2025_2026_production_v1/samples_npz/2026/20260119_1524_HARP14282_NOAA14341.npz,success,2026-06-23T04:39:07.534277+00:00
20260119_1700_HARP14282_NOAA14341,2026_HARP14282_20260119_1036_20260120_0548,2026-01-19 17:00:00,14282,14341,0,saved,"(512, 512, 6)",gs://suryabench-sharp-pipeline-bamidele/jsoc_2025_2026_production_v1/samples_npz/2026/20260119_1700_HARP14282_NOAA14341.npz,success,2026-06-23T04:39:14.554156+00:00
20260119_1836_HARP14282_NOAA14341,2026_HARP14282_20260119_1036_20260120_0548,2026-01-19 18:36:00,14282,14341,0,saved,"(512, 512, 6)",gs://suryabench-sharp-pipeline-bamidele/jsoc_2025_2026_production_v1/samples_npz/2026/20260119_1836_HARP14282_NOAA14341.npz,success,2026-06-23T04:39:21.760582+00:00
20260119_2012_HARP14282_NOAA14341,2026_HARP14282_20260119_1036_20260120_0548,2026-01-19 20:12:00,14282,14341,0,saved,"(512, 512, 6)",gs://suryabench-sharp-pipeline-bamidele/jsoc_2025_2026_production_v1/samples_npz/2026/20260119_2012_HARP14282_NOAA14341.npz,success,2026-06-23T04:39:28.859915+00:00
20260119_2148_HARP14282_NOAA14341,2026_HARP14282_20260119_1036_20260120_0548,2026-01-19 21:48:00,14282,14341,0,saved,"(512, 512, 6)",gs://suryabench-sharp-pipeline-bamidele/jsoc_2025_2026_production_v1/samples_npz/2026/20260119_2148_HARP14282_NOAA14341.npz,success,2026-06-23T04:39:35.800847+00:00
20260119_2324_HARP14282_NOAA14341,2026_HARP14282_20260119_1036_20260120_0548,2026-01-19 23:24:00,14282,14341,0,saved,"(512, 512, 6)",gs://suryabench-sharp-pipeline-bamidele/jsoc_2025_2026_production_v1/samples_npz/2026/20260119_2324_HARP14282_NOAA14341.npz,success,2026-06-23T04:39:42.859877+00:00
20260120_0100_HARP14282_NOAA14341,2026_HARP14282_20260119_1036_20260120_0548,2026-01-20 01:00:00,14282,14341,0,saved,"(512, 512, 6)",gs://suryabench-sharp-pipeline-bamidele/jsoc_2025_2026_production_v1/samples_npz/2026/20260120_0100_HARP14282_NOAA14341.npz,success,2026-06-23T04:39:49.889632+00:00
20260120_0236_HARP14282_NOAA14341,2026_HARP14282_20260119_1036_20260120_0548,2026-01-20 02:36:00,14282,14341,0,saved,"(512, 512, 6)",gs://suryabench-sharp-pipeline-bamidele/jsoc_2025_2026_production_v1/samples_npz/2026/20260120_0236_HARP14282_NOAA14341.npz,success,2026-06-23T04:39:57.035217+00:00
20260120_0412_HARP14282_NOAA14341,2026_HARP14282_20260119_1036_20260120_0548,2026-01-20 04:12:00,14282,14341,0,saved,"(512, 512, 6)",gs://suryabench-sharp-pipeline-bamidele/jsoc_2025_2026_production_v1/samples_npz/2026/20260120_0412_HARP14282_NOAA14341.npz,success,2026-06-23T04:40:04.260320+00:00
20260120_0548_HARP14282_NOAA14341,2026_HARP14282_20260119_1036_20260120_0548,2026-01-20 05:48:00,14282,14341,0,saved,"(512, 512, 6)",gs://suryabench-sharp-pipeline-bamidele/jsoc_2025_2026_production_v1/samples_npz/2026/20260120_0548_HARP14282_NOAA14341.npz,success,2026-06-23T04:40:11.550818+00:00
20260119_1036_HARP14284_NOAA14342,2026_HARP14284_20260119_1036_20260120_0548,2026-01-19 10:36:00,14284,14342,0,saved,"(512, 512, 6)",gs://suryabench-sharp-pipeline-bamidele/jsoc_2025_2026_production_v1/samples_npz/2026/20260119_1036_HARP14284_NOAA14342.npz,success,2026-06-23T04:53:00.697890+00:00
20260119_1212_HARP14284_NOAA14342,2026_HARP14284_20260119_1036_20260120_0548,2026-01-19 12:12:00,14284,14342,0,saved,"(512, 512, 6)",gs://suryabench-sharp-pipeline-bamidele/jsoc_2025_2026_production_v1/samples_npz/2026/20260119_1212_HARP14284_NOAA14342.npz,success,2026-06-23T04:53:07.558492+00:00
20260119_1348_HARP14284_NOAA14342,2026_HARP14284_20260119_1036_20260120_0548,2026-01-19 13:48:00,14284,14342,0,saved,"(512, 512, 6)",gs://suryabench-sharp-pipeline-bamidele/jsoc_2025_2026_production_v1/samples_npz/2026/20260119_1348_HARP14284_NOAA14342.npz,success,2026-06-23T04:53:14.480816+00:00
20260119_1524_HARP14284_NOAA14342,2026_HARP14284_20260119_1036_20260120_0548,2026-01-19 15:24:00,14284,14342,0,saved,"(512, 512, 6)",gs://suryabench-sharp-pipeline-bamidele/jsoc_2025_2026_production_v1/samples_npz/2026/20260119_1524_HARP14284_NOAA14342.npz,success,2026-06-23T04:53:21.370217+00:00
20260119_1700_HARP14284_NOAA14342,2026_HARP14284_20260119_1036_20260120_0548,2026-01-19 17:00:00,14284,14342,0,saved,"(512, 512, 6)",gs://suryabench-sharp-pipeline-bamidele/jsoc_2025_2026_production_v1/samples_npz/2026/20260119_1700_HARP14284_NOAA14342.npz,success,2026-06-23T04:53:28.180827+00:00
20260119_1836_HARP14284_NOAA14342,2026_HARP14284_20260119_1036_20260120_0548,2026-01-19 18:36:00,14284,14342,0,saved,"(512, 512, 6)",gs://suryabench-sharp-pipeline-bamidele/jsoc_2025_2026_production_v1/samples_npz/2026/20260119_1836_HARP14284_NOAA14342.npz,success,2026-06-23T04:53:35.039108+00:00
20260119_2012_HARP14284_NOAA14342,2026_HARP14284_20260119_1036_20260120_0548,2026-01-19 20:12:00,14284,14342,0,saved,"(512, 512, 6)",gs://suryabench-sharp-pipeline-bamidele/jsoc_2025_2026_production_v1/samples_npz/2026/20260119_2012_HARP14284_NOAA14342.npz,success,2026-06-23T04:53:41.920194+00:00
20260119_2148_HARP14284_NOAA14342,2026_HARP14284_20260119_1036_20260120_0548,2026-01-19 21:48:00,14284,14342,0,saved,"(512, 512, 6)",gs://suryabench-sharp-pipeline-bamidele/jsoc_2025_2026_production_v1/samples_npz/2026/20260119_2148_HARP14284_NOAA14342.npz,success,2026-06-23T04:53:48.890413+00:00
20260119_2324_HARP14284_NOAA14342,2026_HARP14284_20260119_1036_20260120_0548,2026-01-19 23:24:00,14284,14342,0,saved,"(512, 512, 6)",gs://suryabench-sharp-pipeline-bamidele/jsoc_2025_2026_production_v1/samples_npz/2026/20260119_2324_HARP14284_NOAA14342.npz,success,2026-06-23T04:53:55.816370+00:00
20260120_0100_HARP14284_NOAA14342,2026_HARP14284_20260119_1036_20260120_0548,2026-01-20 01:00:00,14284,14342,0,saved,"(512, 512, 6)",gs://suryabench-sharp-pipeline-bamidele/jsoc_2025_2026_production_v1/samples_npz/2026/20260120_0100_HARP14284_NOAA14342.npz,success,2026-06-23T04:54:02.742344+00:00
20260120_0236_HARP14284_NOAA14342,2026_HARP14284_20260119_1036_20260120_0548,2026-01-20 02:36:00,14284,14342,0,saved,"(512, 512, 6)",gs://suryabench-sharp-pipeline-bamidele/jsoc_2025_2026_production_v1/samples_npz/2026/20260120_0236_HARP14284_NOAA14342.npz,success,2026-06-23T04:54:09.838232+00:00
20260120_0412_HARP14284_NOAA14342,2026_HARP14284_20260119_1036_20260120_0548,2026-01-20 04:12:00,14284,14342,0,saved,"(512, 512, 6)",gs://suryabench-sharp-pipeline-bamidele/jsoc_2025_2026_production_v1/samples_npz/2026/20260120_0412_HARP14284_NOAA14342.npz,success,2026-06-23T04:54:16.911352+00:00
20260120_0548_HARP14284_NOAA14342,2026_HARP14284_20260119_1036_20260120_0548,2026-01-20 05:48:00,14284,14342,0,saved,"(512, 512, 6)",gs://suryabench-sharp-pipeline-bamidele/jsoc_2025_2026_production_v1/samples_npz/2026/20260120_0548_HARP14284_NOAA14342.npz,success,2026-06-23T04:54:24.004124+00:00
20260120_1000_HARP14282_NOAA14341,2026_HARP14282_20260120_1000_20260120_1624,2026-01-20 10:00:00,14282,14341,0,saved,"(512, 512, 6)",gs://suryabench-sharp-pipeline-bamidele/jsoc_2025_2026_production_v1/samples_npz/2026/20260120_1000_HARP14282_NOAA14341.npz,success,2026-06-23T05:04:04.328172+00:00
20260120_1136_HARP14282_NOAA14341,2026_HARP14282_20260120_1000_20260120_1624,2026-01-20 11:36:00,14282,14341,0,saved,"(512, 512, 6)",gs://suryabench-sharp-pipeline-bamidele/jsoc_2025_2026_production_v1/samples_npz/2026/20260120_1136_HARP14282_NOAA14341.npz,success,2026-06-23T05:04:12.252857+00:00
20260120_1312_HARP14282_NOAA14341,2026_HARP14282_20260120_1000_20260120_1624,2026-01-20 13:12:00,14282,14341,0,saved,"(512, 512, 6)",gs://suryabench-sharp-pipeline-bamidele/jsoc_2025_2026_production_v1/samples_npz/2026/20260120_1312_HARP14282_NOAA14341.npz,success,2026-06-23T05:04:20.197659+00:00
20260120_1448_HARP14282_NOAA14341,2026_HARP14282_20260120_1000_20260120_1624,2026-01-20 14:48:00,14282,14341,0,saved,"(512, 512, 6)",gs://suryabench-sharp-pipeline-bamidele/jsoc_2025_2026_production_v1/samples_npz/2026/20260120_1448_HARP14282_NOAA14341.npz,success,2026-06-23T05:04:28.076982+00:00
20260120_1624_HARP14282_NOAA14341,2026_HARP14282_20260120_1000_20260120_1624,2026-01-20 16:24:00,14282,14341,0,saved,"(512, 512, 6)",gs://suryabench-sharp-pipeline-bamidele/jsoc_2025_2026_production_v1/samples_npz/2026/20260120_1624_HARP14282_NOAA14341.npz,success,2026-06-23T05:04:36.000237+00:00
20260120_1000_HARP14284_NOAA14342,2026_HARP14284_20260120_1000_20260120_1624,2026-01-20 10:00:00,14284,14342,0,saved,"(512, 512, 6)",gs://suryabench-sharp-pipeline-bamidele/jsoc_2025_2026_production_v1/samples_npz/2026/20260120_1000_HARP14284_NOAA14342.npz,success,2026-06-23T05:14:30.478316+00:00
20260120_1136_HARP14284_NOAA14342,2026_HARP14284_20260120_1000_20260120_1624,2026-01-20 11:36:00,14284,14342,0,saved,"(512, 512, 6)",gs://suryabench-sharp-pipeline-bamidele/jsoc_2025_2026_production_v1/samples_npz/2026/20260120_1136_HARP14284_NOAA14342.npz,success,2026-06-23T05:14:38.066269+00:00
20260120_1312_HARP14284_NOAA14342,2026_HARP14284_20260120_1000_20260120_1624,2026-01-20 13:12:00,14284,14342,0,saved,"(512, 512, 6)",gs://suryabench-sharp-pipeline-bamidele/jsoc_2025_2026_production_v1/samples_npz/2026/20260120_1312_HARP14284_NOAA14342.npz,success,2026-06-23T05:14:45.580816+00:00
20260120_1448_HARP14284_NOAA14342,2026_HARP14284_20260120_1000_20260120_1624,2026-01-20 14:48:00,14284,14342,0,saved,"(512, 512, 6)",gs://suryabench-sharp-pipeline-bamidele/jsoc_2025_2026_production_v1/samples_npz/2026/20260120_1448_HARP14284_NOAA14342.npz,success,2026-06-23T05:14:53.394874+00:00
20260120_1624_HARP14284_NOAA14342,2026_HARP14284_20260120_1000_20260120_1624,2026-01-20 16:24:00,14284,14342,0,saved,"(512, 512, 6)",gs://suryabench-sharp-pipeline-bamidele/jsoc_2025_2026_production_v1/samples_npz/2026/20260120_1624_HARP14284_NOAA14342.npz,success,2026-06-23T05:15:01.206642+00:00
20260120_1024_HARP14297_NOAA14348,2026_HARP14297_20260120_1024_20260121_0536,2026-01-20 10:24:00,14297,14348,0,saved,"(512, 512, 6)",gs://suryabench-sharp-pipeline-bamidele/jsoc_2025_2026_production_v1/samples_npz/2026/20260120_1024_HARP14297_NOAA14348.npz,success,2026-06-23T05:25:14.946836+00:00
20260120_1200_HARP14297_NOAA14348,2026_HARP14297_20260120_1024_20260121_0536,2026-01-20 12:00:00,14297,14348,0,saved,"(512, 512, 6)",gs://suryabench-sharp-pipeline-bamidele/jsoc_2025_2026_production_v1/samples_npz/2026/20260120_1200_HARP14297_NOAA14348.npz,success,2026-06-23T05:25:22.236301+00:00
20260120_1336_HARP14297_NOAA14348,2026_HARP14297_20260120_1024_20260121_0536,2026-01-20 13:36:00,14297,14348,0,saved,"(512, 512, 6)",gs://suryabench-sharp-pipeline-bamidele/jsoc_2025_2026_production_v1/samples_npz/2026/20260120_1336_HARP14297_NOAA14348.npz,success,2026-06-23T05:25:29.594220+00:00
20260120_1512_HARP14297_NOAA14348,2026_HARP14297_20260120_1024_20260121_0536,2026-01-20 15:12:00,14297,14348,0,saved,"(512, 512, 6)",gs://suryabench-sharp-pipeline-bamidele/jsoc_2025_2026_production_v1/samples_npz/2026/20260120_1512_HARP14297_NOAA14348.npz,success,2026-06-23T05:25:37.074986+00:00
20260120_1648_HARP14297_NOAA14348,2026_HARP14297_20260120_1024_20260121_0536,2026-01-20 16:48:00,14297,14348,0,saved,"(512, 512, 6)",gs://suryabench-sharp-pipeline-bamidele/jsoc_2025_2026_production_v1/samples_npz/2026/20260120_1648_HARP14297_NOAA14348.npz,success,2026-06-23T05:25:44.413788+00:00
20260120_1824_HARP14297_NOAA14348,2026_HARP14297_20260120_1024_20260121_0536,2026-01-20 18:24:00,14297,14348,0,saved,"(512, 512, 6)",gs://suryabench-sharp-pipeline-bamidele/jsoc_2025_2026_production_v1/samples_npz/2026/20260120_1824_HARP14297_NOAA14348.npz,success,2026-06-23T05:25:51.679951+00:00
20260120_2000_HARP14297_NOAA14348,2026_HARP14297_20260120_1024_20260121_0536,2026-01-20 20:00:00,14297,14348,0,saved,"(512, 512, 6)",gs://suryabench-sharp-pipeline-bamidele/jsoc_2025_2026_production_v1/samples_npz/2026/20260120_2000_HARP14297_NOAA14348.npz,success,2026-06-23T05:25:58.840087+00:00
20260120_2136_HARP14297_NOAA14348,2026_HARP14297_20260120_1024_20260121_0536,2026-01-20 21:36:00,14297,14348,0,saved,"(512, 512, 6)",gs://suryabench-sharp-pipeline-bamidele/jsoc_2025_2026_production_v1/samples_npz/2026/20260120_2136_HARP14297_NOAA14348.npz,success,2026-06-23T05:26:05.907622+00:00
20260120_2312_HARP14297_NOAA14348,2026_HARP14297_20260120_1024_20260121_0536,2026-01-20 23:12:00,14297,14348,0,saved,"(512, 512, 6)",gs://suryabench-sharp-pipeline-bamidele/jsoc_2025_2026_production_v1/samples_npz/2026/20260120_2312_HARP14297_NOAA14348.npz,success,2026-06-23T05:26:13.016181+00:00
20260121_0048_HARP14297_NOAA14348,2026_HARP14297_20260120_1024_20260121_0536,2026-01-21 00:48:00,14297,14348,0,saved,"(512, 512, 6)",gs://suryabench-sharp-pipeline-bamidele/jsoc_2025_2026_production_v1/samples_npz/2026/20260121_0048_HARP14297_NOAA14348.npz,success,2026-06-23T05:26:20.314410+00:00
20260121_0224_HARP14297_NOAA14348,2026_HARP14297_20260120_1024_20260121_0536,2026-01-21 02:24:00,14297,14348,0,saved,"(512, 512, 6)",gs://suryabench-sharp-pipeline-bamidele/jsoc_2025_2026_production_v1/samples_npz/2026/20260121_0224_HARP14297_NOAA14348.npz,success,2026-06-23T05:26:27.599573+00:00
20260121_0400_HARP14297_NOAA14348,2026_HARP14297_20260120_1024_20260121_0536,2026-01-21 04:00:00,14297,14348,0,saved,"(512, 512, 6)",gs://suryabench-sharp-pipeline-bamidele/jsoc_2025_2026_production_v1/samples_npz/2026/20260121_0400_HARP14297_NOAA14348.npz,success,2026-06-23T05:26:34.623200+00:00
20260121_0536_HARP14297_NOAA14348,2026_HARP14297_20260120_1024_20260121_0536,2026-01-21 05:36:00,14297,14348,0,saved,"(512, 512, 6)",gs://suryabench-sharp-pipeline-bamidele/jsoc_2025_2026_production_v1/samples_npz/2026/20260121_0536_HARP14297_NOAA14348.npz,success,2026-06-23T05:26:41.829872+00:00
20260121_0112_HARP14303_NOAA14351,2026_HARP14303_20260121_0112_20260121_0424,2026-01-21 01:12:00,14303,14351,0,saved,"(512, 512, 6)",gs://suryabench-sharp-pipeline-bamidele/jsoc_2025_2026_production_v1/samples_npz/2026/20260121_0112_HARP14303_NOAA14351.npz,success,2026-06-23T05:50:07.618621+00:00
20260121_0248_HARP14303_NOAA14351,2026_HARP14303_20260121_0112_20260121_0424,2026-01-21 02:48:00,14303,14351,0,saved,"(512, 512, 6)",gs://suryabench-sharp-pipeline-bamidele/jsoc_2025_2026_production_v1/samples_npz/2026/20260121_0248_HARP14303_NOAA14351.npz,success,2026-06-23T05:50:15.174236+00:00
20260121_0424_HARP14303_NOAA14351,2026_HARP14303_20260121_0112_20260121_0424,2026-01-21 04:24:00,14303,14351,0,saved,"(512, 512, 6)",gs://suryabench-sharp-pipeline-bamidele/jsoc_2025_2026_production_v1/samples_npz/2026/20260121_0424_HARP14303_NOAA14351.npz,success,2026-06-23T05:50:22.632975+00:00
20260121_0924_HARP14282_NOAA14341,2026_HARP14282_20260121_0924_20260121_1248,2026-01-21 09:24:00,14282,14341,0,saved,"(512, 512, 6)",gs://suryabench-sharp-pipeline-bamidele/jsoc_2025_2026_production_v1/samples_npz/2026/20260121_0924_HARP14282_NOAA14341.npz,success,2026-06-23T06:04:50.365737+00:00
20260121_1112_HARP14282_NOAA14341,2026_HARP14282_20260121_0924_20260121_1248,2026-01-21 11:12:00,14282,14341,0,saved,"(512, 512, 6)",gs://suryabench-sharp-pipeline-bamidele/jsoc_2025_2026_production_v1/samples_npz/2026/20260121_1112_HARP14282_NOAA14341.npz,success,2026-06-23T06:04:58.238374+00:00
20260121_1248_HARP14282_NOAA14341,2026_HARP14282_20260121_0924_20260121_1248,2026-01-21 12:48:00,14282,14341,0,saved,"(512, 512, 6)",gs://suryabench-sharp-pipeline-bamidele/jsoc_2025_2026_production_v1/samples_npz/2026/20260121_1248_HARP14282_NOAA14341.npz,success,2026-06-23T06:05:06.550434+00:00
20260121_0924_HARP14284_NOAA14342,2026_HARP14284_20260121_0924_20260121_1248,2026-01-21 09:24:00,14284,14342,0,saved,"(512, 512, 6)",gs://suryabench-sharp-pipeline-bamidele/jsoc_2025_2026_production_v1/samples_npz/2026/20260121_0924_HARP14284_NOAA14342.npz,success,2026-06-23T20:46:59.085129+00:00
20260121_1112_HARP14284_NOAA14342,2026_HARP14284_20260121_0924_20260121_1248,2026-01-21 11:12:00,14284,14342,0,saved,"(512, 512, 6)",gs://suryabench-sharp-pipeline-bamidele/jsoc_2025_2026_production_v1/samples_npz/2026/20260121_1112_HARP14284_NOAA14342.npz,success,2026-06-23T20:47:05.437644+00:00
20260121_1248_HARP14284_NOAA14342,2026_HARP14284_20260121_0924_20260121_1248,2026-01-21 12:48:00,14284,14342,0,saved,"(512, 512, 6)",gs://suryabench-sharp-pipeline-bamidele/jsoc_2025_2026_production_v1/samples_npz/2026/20260121_1248_HARP14284_NOAA14342.npz,success,2026-06-23T20:47:11.855124+00:00
20260121_1024_HARP14303_NOAA14351,2026_HARP14303_20260121_1024_20260121_1336,2026-01-21 10:24:00,14303,14351,0,saved,"(512, 512, 6)",gs://suryabench-sharp-pipeline-bamidele/jsoc_2025_2026_production_v1/samples_npz/2026/20260121_1024_HARP14303_NOAA14351.npz,success,2026-06-23T20:54:07.296978+00:00
20260121_1200_HARP14303_NOAA14351,2026_HARP14303_20260121_1024_20260121_1336,2026-01-21 12:00:00,14303,14351,0,saved,"(512, 512, 6)",gs://suryabench-sharp-pipeline-bamidele/jsoc_2025_2026_production_v1/samples_npz/2026/20260121_1200_HARP14303_NOAA14351.npz,success,2026-06-23T20:54:13.325043+00:00
20260121_1336_HARP14303_NOAA14351,2026_HARP14303_20260121_1024_20260121_1336,2026-01-21 13:36:00,14303,14351,0,saved,"(512, 512, 6)",gs://suryabench-sharp-pipeline-bamidele/jsoc_2025_2026_production_v1/samples_npz/2026/20260121_1336_HARP14303_NOAA14351.npz,success,2026-06-23T20:54:19.475231+00:00
20260121_2036_HARP14282_NOAA14341,2026_HARP14282_20260121_2036_20260122_0612,2026-01-21 20:36:00,14282,14341,0,saved,"(512, 512, 6)",gs://suryabench-sharp-pipeline-bamidele/jsoc_2025_2026_production_v1/samples_npz/2026/20260121_2036_HARP14282_NOAA14341.npz,success,2026-06-23T21:04:28.905219+00:00
20260121_2212_HARP14282_NOAA14341,2026_HARP14282_20260121_2036_20260122_0612,2026-01-21 22:12:00,14282,14341,0,saved,"(512, 512, 6)",gs://suryabench-sharp-pipeline-bamidele/jsoc_2025_2026_production_v1/samples_npz/2026/20260121_2212_HARP14282_NOAA14341.npz,success,2026-06-23T21:04:36.012367+00:00
20260121_2348_HARP14282_NOAA14341,2026_HARP14282_20260121_2036_20260122_0612,2026-01-21 23:48:00,14282,14341,0,saved,"(512, 512, 6)",gs://suryabench-sharp-pipeline-bamidele/jsoc_2025_2026_production_v1/samples_npz/2026/20260121_2348_HARP14282_NOAA14341.npz,success,2026-06-23T21:04:43.051225+00:00
20260122_0124_HARP14282_NOAA14341,2026_HARP14282_20260121_2036_20260122_0612,2026-01-22 01:24:00,14282,14341,0,saved,"(512, 512, 6)",gs://suryabench-sharp-pipeline-bamidele/jsoc_2025_2026_production_v1/samples_npz/2026/20260122_0124_HARP14282_NOAA14341.npz,success,2026-06-23T21:04:50.026709+00:00
20260122_0300_HARP14282_NOAA14341,2026_HARP14282_20260121_2036_20260122_0612,2026-01-22 03:00:00,14282,14341,0,saved,"(512, 512, 6)",gs://suryabench-sharp-pipeline-bamidele/jsoc_2025_2026_production_v1/samples_npz/2026/20260122_0300_HARP14282_NOAA14341.npz,success,2026-06-23T21:04:56.935446+00:00
20260122_0436_HARP14282_NOAA14341,2026_HARP14282_20260121_2036_20260122_0612,2026-01-22 04:36:00,14282,14341,0,saved,"(512, 512, 6)",gs://suryabench-sharp-pipeline-bamidele/jsoc_2025_2026_production_v1/samples_npz/2026/20260122_0436_HARP14282_NOAA14341.npz,success,2026-06-23T21:05:04.208416+00:00
20260122_0612_HARP14282_NOAA14341,2026_HARP14282_20260121_2036_20260122_0612,2026-01-22 06:12:00,14282,14341,0,saved,"(512, 512, 6)",gs://suryabench-sharp-pipeline-bamidele/jsoc_2025_2026_production_v1/samples_npz/2026/20260122_0612_HARP14282_NOAA14341.npz,success,2026-06-23T21:05:11.352610+00:00
20260121_2036_HARP14284_NOAA14342,2026_HARP14284_20260121_2036_20260122_0612,2026-01-21 20:36:00,14284,14342,0,saved,"(512, 512, 6)",gs://suryabench-sharp-pipeline-bamidele/jsoc_2025_2026_production_v1/samples_npz/2026/20260121_2036_HARP14284_NOAA14342.npz,success,2026-06-23T21:14:56.323258+00:00
20260121_2212_HARP14284_NOAA14342,2026_HARP14284_20260121_2036_20260122_0612,2026-01-21 22:12:00,14284,14342,0,saved,"(512, 512, 6)",gs://suryabench-sharp-pipeline-bamidele/jsoc_2025_2026_production_v1/samples_npz/2026/20260121_2212_HARP14284_NOAA14342.npz,success,2026-06-23T21:15:02.656791+00:00
20260121_2348_HARP14284_NOAA14342,2026_HARP14284_20260121_2036_20260122_0612,2026-01-21 23:48:00,14284,14342,0,saved,"(512, 512, 6)",gs://suryabench-sharp-pipeline-bamidele/jsoc_2025_2026_production_v1/samples_npz/2026/20260121_2348_HARP14284_NOAA14342.npz,success,2026-06-23T21:15:09.028367+00:00
20260122_0124_HARP14284_NOAA14342,2026_HARP14284_20260121_2036_20260122_0612,2026-01-22 01:24:00,14284,14342,0,saved,"(512, 512, 6)",gs://suryabench-sharp-pipeline-bamidele/jsoc_2025_2026_production_v1/samples_npz/2026/20260122_0124_HARP14284_NOAA14342.npz,success,2026-06-23T21:15:15.431252+00:00
20260122_0300_HARP14284_NOAA14342,2026_HARP14284_20260121_2036_20260122_0612,2026-01-22 03:00:00,14284,14342,0,saved,"(512, 512, 6)",gs://suryabench-sharp-pipeline-bamidele/jsoc_2025_2026_production_v1/samples_npz/2026/20260122_0300_HARP14284_NOAA14342.npz,success,2026-06-23T21:15:21.888914+00:00
20260122_0436_HARP14284_NOAA14342,2026_HARP14284_20260121_2036_20260122_0612,2026-01-22 04:36:00,14284,14342,0,saved,"(512, 512, 6)",gs://suryabench-sharp-pipeline-bamidele/jsoc_2025_2026_production_v1/samples_npz/2026/20260122_0436_HARP14284_NOAA14342.npz,success,2026-06-23T21:15:28.441974+00:00
20260122_0612_HARP14284_NOAA14342,2026_HARP14284_20260121_2036_20260122_0612,2026-01-22 06:12:00,14284,14342,0,saved,"(512, 512, 6)",gs://suryabench-sharp-pipeline-bamidele/jsoc_2025_2026_production_v1/samples_npz/2026/20260122_0612_HARP14284_NOAA14342.npz,success,2026-06-23T21:15:34.951704+00:00
20260121_2112_HARP14292_NOAA14347,2026_HARP14292_20260121_2112_20260122_0512,2026-01-21 21:12:00,14292,14347,0,saved,"(512, 512, 6)",gs://suryabench-sharp-pipeline-bamidele/jsoc_2025_2026_production_v1/samples_npz/2026/20260121_2112_HARP14292_NOAA14347.npz,success,2026-06-23T21:25:30.948239+00:00
20260121_2248_HARP14292_NOAA14347,2026_HARP14292_20260121_2112_20260122_0512,2026-01-21 22:48:00,14292,14347,0,saved,"(512, 512, 6)",gs://suryabench-sharp-pipeline-bamidele/jsoc_2025_2026_production_v1/samples_npz/2026/20260121_2248_HARP14292_NOAA14347.npz,success,2026-06-23T21:25:37.412762+00:00
20260122_0024_HARP14292_NOAA14347,2026_HARP14292_20260121_2112_20260122_0512,2026-01-22 00:24:00,14292,14347,0,saved,"(512, 512, 6)",gs://suryabench-sharp-pipeline-bamidele/jsoc_2025_2026_production_v1/samples_npz/2026/20260122_0024_HARP14292_NOAA14347.npz,success,2026-06-23T21:25:43.893401+00:00
20260122_0200_HARP14292_NOAA14347,2026_HARP14292_20260121_2112_20260122_0512,2026-01-22 02:00:00,14292,14347,0,saved,"(512, 512, 6)",gs://suryabench-sharp-pipeline-bamidele/jsoc_2025_2026_production_v1/samples_npz/2026/20260122_0200_HARP14292_NOAA14347.npz,success,2026-06-23T21:25:50.374067+00:00
20260122_0336_HARP14292_NOAA14347,2026_HARP14292_20260121_2112_20260122_0512,2026-01-22 03:36:00,14292,14347,0,saved,"(512, 512, 6)",gs://suryabench-sharp-pipeline-bamidele/jsoc_2025_2026_production_v1/samples_npz/2026/20260122_0336_HARP14292_NOAA14347.npz,success,2026-06-23T21:25:56.869098+00:00
20260122_0512_HARP14292_NOAA14347,2026_HARP14292_20260121_2112_20260122_0512,2026-01-22 05:12:00,14292,14347,0,saved,"(512, 512, 6)",gs://suryabench-sharp-pipeline-bamidele/jsoc_2025_2026_production_v1/samples_npz/2026/20260122_0512_HARP14292_NOAA14347.npz,success,2026-06-23T21:26:03.336298+00:00
20260121_2124_HARP14303_NOAA14351,2026_HARP14303_20260121_2124_20260122_0524,2026-01-21 21:24:00,14303,14351,0,saved,"(512, 512, 6)",gs://suryabench-sharp-pipeline-bamidele/jsoc_2025_2026_production_v1/samples_npz/2026/20260121_2124_HARP14303_NOAA14351.npz,success,2026-06-23T21:34:22.209374+00:00
20260121_2300_HARP14303_NOAA14351,2026_HARP14303_20260121_2124_20260122_0524,2026-01-21 23:00:00,14303,14351,0,saved,"(512, 512, 6)",gs://suryabench-sharp-pipeline-bamidele/jsoc_2025_2026_production_v1/samples_npz/2026/20260121_2300_HARP14303_NOAA14351.npz,success,2026-06-23T21:34:28.213196+00:00
20260122_0036_HARP14303_NOAA14351,2026_HARP14303_20260121_2124_20260122_0524,2026-01-22 00:36:00,14303,14351,0,saved,"(512, 512, 6)",gs://suryabench-sharp-pipeline-bamidele/jsoc_2025_2026_production_v1/samples_npz/2026/20260122_0036_HARP14303_NOAA14351.npz,success,2026-06-23T21:34:34.264616+00:00
20260122_0212_HARP14303_NOAA14351,2026_HARP14303_20260121_2124_20260122_0524,2026-01-22 02:12:00,14303,14351,0,saved,"(512, 512, 6)",gs://suryabench-sharp-pipeline-bamidele/jsoc_2025_2026_production_v1/samples_npz/2026/20260122_0212_HARP14303_NOAA14351.npz,success,2026-06-23T21:34:40.318217+00:00
20260122_0348_HARP14303_NOAA14351,2026_HARP14303_20260121_2124_20260122_0524,2026-01-22 03:48:00,14303,14351,0,saved,"(512, 512, 6)",gs://suryabench-sharp-pipeline-bamidele/jsoc_2025_2026_production_v1/samples_npz/2026/20260122_0348_HARP14303_NOAA14351.npz,success,2026-06-23T21:34:46.291125+00:00
20260122_0524_HARP14303_NOAA14351,2026_HARP14303_20260121_2124_20260122_0524,2026-01-22 05:24:00,14303,14351,0,saved,"(512, 512, 6)",gs://suryabench-sharp-pipeline-bamidele/jsoc_2025_2026_production_v1/samples_npz/2026/20260122_0524_HARP14303_NOAA14351.npz,success,2026-06-23T21:34:52.332191+00:00
20260122_0924_HARP14292_NOAA14347,2026_HARP14292_20260122_0924_20260122_1736,2026-01-22 09:24:00,14292,14347,0,saved,"(512, 512, 6)",gs://suryabench-sharp-pipeline-bamidele/jsoc_2025_2026_production_v1/samples_npz/2026/20260122_0924_HARP14292_NOAA14347.npz,success,2026-06-23T21:52:06.691522+00:00
20260122_1112_HARP14292_NOAA14347,2026_HARP14292_20260122_0924_20260122_1736,2026-01-22 11:12:00,14292,14347,0,saved,"(512, 512, 6)",gs://suryabench-sharp-pipeline-bamidele/jsoc_2025_2026_production_v1/samples_npz/2026/20260122_1112_HARP14292_NOAA14347.npz,success,2026-06-23T21:52:13.663445+00:00
20260122_1248_HARP14292_NOAA14347,2026_HARP14292_20260122_0924_20260122_1736,2026-01-22 12:48:00,14292,14347,0,saved,"(512, 512, 6)",gs://suryabench-sharp-pipeline-bamidele/jsoc_2025_2026_production_v1/samples_npz/2026/20260122_1248_HARP14292_NOAA14347.npz,success,2026-06-23T21:52:20.698177+00:00
20260122_1424_HARP14292_NOAA14347,2026_HARP14292_20260122_0924_20260122_1736,2026-01-22 14:24:00,14292,14347,0,saved,"(512, 512, 6)",gs://suryabench-sharp-pipeline-bamidele/jsoc_2025_2026_production_v1/samples_npz/2026/20260122_1424_HARP14292_NOAA14347.npz,success,2026-06-23T21:52:27.439576+00:00
20260122_1600_HARP14292_NOAA14347,2026_HARP14292_20260122_0924_20260122_1736,2026-01-22 16:00:00,14292,14347,0,saved,"(512, 512, 6)",gs://suryabench-sharp-pipeline-bamidele/jsoc_2025_2026_production_v1/samples_npz/2026/20260122_1600_HARP14292_NOAA14347.npz,success,2026-06-23T21:52:34.232628+00:00
20260122_1736_HARP14292_NOAA14347,2026_HARP14292_20260122_0924_20260122_1736,2026-01-22 17:36:00,14292,14347,0,saved,"(512, 512, 6)",gs://suryabench-sharp-pipeline-bamidele/jsoc_2025_2026_production_v1/samples_npz/2026/20260122_1736_HARP14292_NOAA14347.npz,success,2026-06-23T21:52:40.910217+00:00
20260122_1036_HARP14282_NOAA14341,2026_HARP14282_20260122_1036_20260122_1836,2026-01-22 10:36:00,14282,14341,0,saved,"(512, 512, 6)",gs://suryabench-sharp-pipeline-bamidele/jsoc_2025_2026_production_v1/samples_npz/2026/20260122_1036_HARP14282_NOAA14341.npz,success,2026-06-23T22:02:32.652749+00:00
20260122_1212_HARP14282_NOAA14341,2026_HARP14282_20260122_1036_20260122_1836,2026-01-22 12:12:00,14282,14341,0,saved,"(512, 512, 6)",gs://suryabench-sharp-pipeline-bamidele/jsoc_2025_2026_production_v1/samples_npz/2026/20260122_1212_HARP14282_NOAA14341.npz,success,2026-06-23T22:02:38.987139+00:00
20260122_1348_HARP14282_NOAA14341,2026_HARP14282_20260122_1036_20260122_1836,2026-01-22 13:48:00,14282,14341,0,saved,"(512, 512, 6)",gs://suryabench-sharp-pipeline-bamidele/jsoc_2025_2026_production_v1/samples_npz/2026/20260122_1348_HARP14282_NOAA14341.npz,success,2026-06-23T22:02:45.280354+00:00
20260122_1524_HARP14282_NOAA14341,2026_HARP14282_20260122_1036_20260122_1836,2026-01-22 15:24:00,14282,14341,0,saved,"(512, 512, 6)",gs://suryabench-sharp-pipeline-bamidele/jsoc_2025_2026_production_v1/samples_npz/2026/20260122_1524_HARP14282_NOAA14341.npz,success,2026-06-23T22:02:51.593313+00:00
20260122_1700_HARP14282_NOAA14341,2026_HARP14282_20260122_1036_20260122_1836,2026-01-22 17:00:00,14282,14341,0,saved,"(512, 512, 6)",gs://suryabench-sharp-pipeline-bamidele/jsoc_2025_2026_production_v1/samples_npz/2026/20260122_1700_HARP14282_NOAA14341.npz,success,2026-06-23T22:02:57.898689+00:00
20260122_1836_HARP14282_NOAA14341,2026_HARP14282_20260122_1036_20260122_1836,2026-01-22 18:36:00,14282,14341,0,saved,"(512, 512, 6)",gs://suryabench-sharp-pipeline-bamidele/jsoc_2025_2026_production_v1/samples_npz/2026/20260122_1836_HARP14282_NOAA14341.npz,success,2026-06-23T22:03:04.169458+00:00
20260122_1036_HARP14284_NOAA14342,2026_HARP14284_20260122_1036_20260122_1524,2026-01-22 10:36:00,14284,14342,0,saved,"(512, 512, 6)",gs://suryabench-sharp-pipeline-bamidele/jsoc_2025_2026_production_v1/samples_npz/2026/20260122_1036_HARP14284_NOAA14342.npz,success,2026-06-23T22:12:07.945417+00:00
20260122_1212_HARP14284_NOAA14342,2026_HARP14284_20260122_1036_20260122_1524,2026-01-22 12:12:00,14284,14342,0,saved,"(512, 512, 6)",gs://suryabench-sharp-pipeline-bamidele/jsoc_2025_2026_production_v1/samples_npz/2026/20260122_1212_HARP14284_NOAA14342.npz,success,2026-06-23T22:12:14.217261+00:00
20260122_1348_HARP14284_NOAA14342,2026_HARP14284_20260122_1036_20260122_1524,2026-01-22 13:48:00,14284,14342,0,saved,"(512, 512, 6)",gs://suryabench-sharp-pipeline-bamidele/jsoc_2025_2026_production_v1/samples_npz/2026/20260122_1348_HARP14284_NOAA14342.npz,success,2026-06-23T22:12:20.529469+00:00
20260122_1524_HARP14284_NOAA14342,2026_HARP14284_20260122_1036_20260122_1524,2026-01-22 15:24:00,14284,14342,0,saved,"(512, 512, 6)",gs://suryabench-sharp-pipeline-bamidele/jsoc_2025_2026_production_v1/samples_npz/2026/20260122_1524_HARP14284_NOAA14342.npz,success,2026-06-23T22:12:26.824015+00:00
20260122_1124_HARP14303_NOAA14351,2026_HARP14303_20260122_1124_20260123_0500,2026-01-22 11:24:00,14303,14351,0,saved,"(512, 512, 6)",gs://suryabench-sharp-pipeline-bamidele/jsoc_2025_2026_production_v1/samples_npz/2026/20260122_1124_HARP14303_NOAA14351.npz,success,2026-06-23T22:22:33.467955+00:00
20260122_1300_HARP14303_NOAA14351,2026_HARP14303_20260122_1124_20260123_0500,2026-01-22 13:00:00,14303,14351,0,saved,"(512, 512, 6)",gs://suryabench-sharp-pipeline-bamidele/jsoc_2025_2026_production_v1/samples_npz/2026/20260122_1300_HARP14303_NOAA14351.npz,success,2026-06-23T22:22:39.575181+00:00
20260122_1436_HARP14303_NOAA14351,2026_HARP14303_20260122_1124_20260123_0500,2026-01-22 14:36:00,14303,14351,0,saved,"(512, 512, 6)",gs://suryabench-sharp-pipeline-bamidele/jsoc_2025_2026_production_v1/samples_npz/2026/20260122_1436_HARP14303_NOAA14351.npz,success,2026-06-23T22:22:46.129482+00:00
20260122_1612_HARP14303_NOAA14351,2026_HARP14303_20260122_1124_20260123_0500,2026-01-22 16:12:00,14303,14351,0,saved,"(512, 512, 6)",gs://suryabench-sharp-pipeline-bamidele/jsoc_2025_2026_production_v1/samples_npz/2026/20260122_1612_HARP14303_NOAA14351.npz,success,2026-06-23T22:22:52.230274+00:00
20260122_1748_HARP14303_NOAA14351,2026_HARP14303_20260122_1124_20260123_0500,2026-01-22 17:48:00,14303,14351,0,saved,"(512, 512, 6)",gs://suryabench-sharp-pipeline-bamidele/jsoc_2025_2026_production_v1/samples_npz/2026/20260122_1748_HARP14303_NOAA14351.npz,success,2026-06-23T22:22:58.297894+00:00
20260122_1924_HARP14303_NOAA14351,2026_HARP14303_20260122_1124_20260123_0500,2026-01-22 19:24:00,14303,14351,0,saved,"(512, 512, 6)",gs://suryabench-sharp-pipeline-bamidele/jsoc_2025_2026_production_v1/samples_npz/2026/20260122_1924_HARP14303_NOAA14351.npz,success,2026-06-23T22:23:04.354374+00:00
20260122_2100_HARP14303_NOAA14351,2026_HARP14303_20260122_1124_20260123_0500,2026-01-22 21:00:00,14303,14351,0,saved,"(512, 512, 6)",gs://suryabench-sharp-pipeline-bamidele/jsoc_2025_2026_production_v1/samples_npz/2026/20260122_2100_HARP14303_NOAA14351.npz,success,2026-06-23T22:23:10.412628+00:00
20260122_2236_HARP14303_NOAA14351,2026_HARP14303_20260122_1124_20260123_0500,2026-01-22 22:36:00,14303,14351,0,saved,"(512, 512, 6)",gs://suryabench-sharp-pipeline-bamidele/jsoc_2025_2026_production_v1/samples_npz/2026/20260122_2236_HARP14303_NOAA14351.npz,success,2026-06-23T22:23:16.477168+00:00
20260123_0012_HARP14303_NOAA14351,2026_HARP14303_20260122_1124_20260123_0500,2026-01-23 00:12:00,14303,14351,0,saved,"(512, 512, 6)",gs://suryabench-sharp-pipeline-bamidele/jsoc_2025_2026_production_v1/samples_npz/2026/20260123_0012_HARP14303_NOAA14351.npz,success,2026-06-23T22:23:22.604907+00:00
20260123_0148_HARP14303_NOAA14351,2026_HARP14303_20260122_1124_20260123_0500,2026-01-23 01:48:00,14303,14351,0,saved,"(512, 512, 6)",gs://suryabench-sharp-pipeline-bamidele/jsoc_2025_2026_production_v1/samples_npz/2026/20260123_0148_HARP14303_NOAA14351.npz,success,2026-06-23T22:23:28.845643+00:00
20260123_0324_HARP14303_NOAA14351,2026_HARP14303_20260122_1124_20260123_0500,2026-01-23 03:24:00,14303,14351,0,saved,"(512, 512, 6)",gs://suryabench-sharp-pipeline-bamidele/jsoc_2025_2026_production_v1/samples_npz/2026/20260123_0324_HARP14303_NOAA14351.npz,success,2026-06-23T22:23:34.900657+00:00
20260123_0500_HARP14303_NOAA14351,2026_HARP14303_20260122_1124_20260123_0500,2026-01-23 05:00:00,14303,14351,0,saved,"(512, 512, 6)",gs://suryabench-sharp-pipeline-bamidele/jsoc_2025_2026_production_v1/samples_npz/2026/20260123_0500_HARP14303_NOAA14351.npz,success,2026-06-23T22:23:40.968526+00:00
20260122_2048_HARP14292_NOAA14347,2026_HARP14292_20260122_2048_20260123_0448,2026-01-22 20:48:00,14292,14347,0,saved,"(512, 512, 6)",gs://suryabench-sharp-pipeline-bamidele/jsoc_2025_2026_production_v1/samples_npz/2026/20260122_2048_HARP14292_NOAA14347.npz,success,2026-06-23T22:33:37.192528+00:00
20260122_2224_HARP14292_NOAA14347,2026_HARP14292_20260122_2048_20260123_0448,2026-01-22 22:24:00,14292,14347,0,saved,"(512, 512, 6)",gs://suryabench-sharp-pipeline-bamidele/jsoc_2025_2026_production_v1/samples_npz/2026/20260122_2224_HARP14292_NOAA14347.npz,success,2026-06-23T22:33:43.871985+00:00
20260123_0000_HARP14292_NOAA14347,2026_HARP14292_20260122_2048_20260123_0448,2026-01-23 00:00:00,14292,14347,0,saved,"(512, 512, 6)",gs://suryabench-sharp-pipeline-bamidele/jsoc_2025_2026_production_v1/samples_npz/2026/20260123_0000_HARP14292_NOAA14347.npz,success,2026-06-23T22:33:50.522864+00:00
20260123_0136_HARP14292_NOAA14347,2026_HARP14292_20260122_2048_20260123_0448,2026-01-23 01:36:00,14292,14347,0,saved,"(512, 512, 6)",gs://suryabench-sharp-pipeline-bamidele/jsoc_2025_2026_production_v1/samples_npz/2026/20260123_0136_HARP14292_NOAA14347.npz,success,2026-06-23T22:33:57.275334+00:00
20260123_0312_HARP14292_NOAA14347,2026_HARP14292_20260122_2048_20260123_0448,2026-01-23 03:12:00,14292,14347,0,saved,"(512, 512, 6)",gs://suryabench-sharp-pipeline-bamidele/jsoc_2025_2026_production_v1/samples_npz/2026/20260123_0312_HARP14292_NOAA14347.npz,success,2026-06-23T22:34:03.887859+00:00
20260123_0448_HARP14292_NOAA14347,2026_HARP14292_20260122_2048_20260123_0448,2026-01-23 04:48:00,14292,14347,0,saved,"(512, 512, 6)",gs://suryabench-sharp-pipeline-bamidele/jsoc_2025_2026_production_v1/samples_npz/2026/20260123_0448_HARP14292_NOAA14347.npz,success,2026-06-23T22:34:10.586327+00:00
20260122_2148_HARP14282_NOAA14341,2026_HARP14282_20260122_2148_20260123_0100,2026-01-22 21:48:00,14282,14341,0,saved,"(512, 512, 6)",gs://suryabench-sharp-pipeline-bamidele/jsoc_2025_2026_production_v1/samples_npz/2026/20260122_2148_HARP14282_NOAA14341.npz,success,2026-06-23T22:41:47.804694+00:00
20260122_2324_HARP14282_NOAA14341,2026_HARP14282_20260122_2148_20260123_0100,2026-01-22 23:24:00,14282,14341,0,saved,"(512, 512, 6)",gs://suryabench-sharp-pipeline-bamidele/jsoc_2025_2026_production_v1/samples_npz/2026/20260122_2324_HARP14282_NOAA14341.npz,success,2026-06-23T22:41:54.069017+00:00
20260123_0100_HARP14282_NOAA14341,2026_HARP14282_20260122_2148_20260123_0100,2026-01-23 01:00:00,14282,14341,0,saved,"(512, 512, 6)",gs://suryabench-sharp-pipeline-bamidele/jsoc_2025_2026_production_v1/samples_npz/2026/20260123_0100_HARP14282_NOAA14341.npz,success,2026-06-23T22:42:00.296800+00:00
20260123_0912_HARP14303_NOAA14351,2026_HARP14303_20260123_0912_20260123_1724,2026-01-23 09:12:00,14303,14351,0,saved,"(512, 512, 6)",gs://suryabench-sharp-pipeline-bamidele/jsoc_2025_2026_production_v1/samples_npz/2026/20260123_0912_HARP14303_NOAA14351.npz,success,2026-06-23T22:59:02.971179+00:00
20260123_1100_HARP14303_NOAA14351,2026_HARP14303_20260123_0912_20260123_1724,2026-01-23 11:00:00,14303,14351,0,saved,"(512, 512, 6)",gs://suryabench-sharp-pipeline-bamidele/jsoc_2025_2026_production_v1/samples_npz/2026/20260123_1100_HARP14303_NOAA14351.npz,success,2026-06-23T22:59:09.060777+00:00
20260123_1236_HARP14303_NOAA14351,2026_HARP14303_20260123_0912_20260123_1724,2026-01-23 12:36:00,14303,14351,0,saved,"(512, 512, 6)",gs://suryabench-sharp-pipeline-bamidele/jsoc_2025_2026_production_v1/samples_npz/2026/20260123_1236_HARP14303_NOAA14351.npz,success,2026-06-23T22:59:15.036367+00:00
20260123_1412_HARP14303_NOAA14351,2026_HARP14303_20260123_0912_20260123_1724,2026-01-23 14:12:00,14303,14351,0,saved,"(512, 512, 6)",gs://suryabench-sharp-pipeline-bamidele/jsoc_2025_2026_production_v1/samples_npz/2026/20260123_1412_HARP14303_NOAA14351.npz,success,2026-06-23T22:59:21.077896+00:00
20260123_1548_HARP14303_NOAA14351,2026_HARP14303_20260123_0912_20260123_1724,2026-01-23 15:48:00,14303,14351,0,saved,"(512, 512, 6)",gs://suryabench-sharp-pipeline-bamidele/jsoc_2025_2026_production_v1/samples_npz/2026/20260123_1548_HARP14303_NOAA14351.npz,success,2026-06-23T22:59:27.106154+00:00
20260123_1724_HARP14303_NOAA14351,2026_HARP14303_20260123_0912_20260123_1724,2026-01-23 17:24:00,14303,14351,0,saved,"(512, 512, 6)",gs://suryabench-sharp-pipeline-bamidele/jsoc_2025_2026_production_v1/samples_npz/2026/20260123_1724_HARP14303_NOAA14351.npz,success,2026-06-23T22:59:33.222435+00:00
20260123_1048_HARP14292_NOAA14347,2026_HARP14292_20260123_1048_20260124_0124,2026-01-23 10:48:00,14292,14347,0,saved,"(512, 512, 6)",gs://suryabench-sharp-pipeline-bamidele/jsoc_2025_2026_production_v1/samples_npz/2026/20260123_1048_HARP14292_NOAA14347.npz,success,2026-06-23T23:19:02.534750+00:00
20260123_1224_HARP14292_NOAA14347,2026_HARP14292_20260123_1048_20260124_0124,2026-01-23 12:24:00,14292,14347,0,saved,"(512, 512, 6)",gs://suryabench-sharp-pipeline-bamidele/jsoc_2025_2026_production_v1/samples_npz/2026/20260123_1224_HARP14292_NOAA14347.npz,success,2026-06-23T23:19:09.162921+00:00
20260123_1400_HARP14292_NOAA14347,2026_HARP14292_20260123_1048_20260124_0124,2026-01-23 14:00:00,14292,14347,0,saved,"(512, 512, 6)",gs://suryabench-sharp-pipeline-bamidele/jsoc_2025_2026_production_v1/samples_npz/2026/20260123_1400_HARP14292_NOAA14347.npz,success,2026-06-23T23:19:15.737673+00:00
20260123_1536_HARP14292_NOAA14347,2026_HARP14292_20260123_1048_20260124_0124,2026-01-23 15:36:00,14292,14347,0,saved,"(512, 512, 6)",gs://suryabench-sharp-pipeline-bamidele/jsoc_2025_2026_production_v1/samples_npz/2026/20260123_1536_HARP14292_NOAA14347.npz,success,2026-06-23T23:19:22.419919+00:00
20260123_1712_HARP14292_NOAA14347,2026_HARP14292_20260123_1048_20260124_0124,2026-01-23 17:12:00,14292,14347,0,saved,"(512, 512, 6)",gs://suryabench-sharp-pipeline-bamidele/jsoc_2025_2026_production_v1/samples_npz/2026/20260123_1712_HARP14292_NOAA14347.npz,success,2026-06-23T23:19:29.003465+00:00
20260123_1848_HARP14292_NOAA14347,2026_HARP14292_20260123_1048_20260124_0124,2026-01-23 18:48:00,14292,14347,0,saved,"(512, 512, 6)",gs://suryabench-sharp-pipeline-bamidele/jsoc_2025_2026_production_v1/samples_npz/2026/20260123_1848_HARP14292_NOAA14347.npz,success,2026-06-23T23:19:35.711825+00:00
20260123_2036_HARP14292_NOAA14347,2026_HARP14292_20260123_1048_20260124_0124,2026-01-23 20:36:00,14292,14347,0,saved,"(512, 512, 6)",gs://suryabench-sharp-pipeline-bamidele/jsoc_2025_2026_production_v1/samples_npz/2026/20260123_2036_HARP14292_NOAA14347.npz,success,2026-06-23T23:19:42.285309+00:00
20260123_2212_HARP14292_NOAA14347,2026_HARP14292_20260123_1048_20260124_0124,2026-01-23 22:12:00,14292,14347,0,saved,"(512, 512, 6)",gs://suryabench-sharp-pipeline-bamidele/jsoc_2025_2026_production_v1/samples_npz/2026/20260123_2212_HARP14292_NOAA14347.npz,success,2026-06-23T23:19:48.886005+00:00
20260123_2348_HARP14292_NOAA14347,2026_HARP14292_20260123_1048_20260124_0124,2026-01-23 23:48:00,14292,14347,0,saved,"(512, 512, 6)",gs://suryabench-sharp-pipeline-bamidele/jsoc_2025_2026_production_v1/samples_npz/2026/20260123_2348_HARP14292_NOAA14347.npz,success,2026-06-23T23:19:55.565096+00:00
20260124_0124_HARP14292_NOAA14347,2026_HARP14292_20260123_1048_20260124_0124,2026-01-24 01:24:00,14292,14347,0,saved,"(512, 512, 6)",gs://suryabench-sharp-pipeline-bamidele/jsoc_2025_2026_production_v1/samples_npz/2026/20260124_0124_HARP14292_NOAA14347.npz,success,2026-06-23T23:20:02.252007+00:00
20260123_2048_HARP14303_NOAA14351,2026_HARP14303_20260123_2048_20260124_0500,2026-01-23 20:48:00,14303,14351,0,saved,"(512, 512, 6)",gs://suryabench-sharp-pipeline-bamidele/jsoc_2025_2026_production_v1/samples_npz/2026/20260123_2048_HARP14303_NOAA14351.npz,success,2026-06-23T23:34:52.704221+00:00
20260123_2224_HARP14303_NOAA14351,2026_HARP14303_20260123_2048_20260124_0500,2026-01-23 22:24:00,14303,14351,0,saved,"(512, 512, 6)",gs://suryabench-sharp-pipeline-bamidele/jsoc_2025_2026_production_v1/samples_npz/2026/20260123_2224_HARP14303_NOAA14351.npz,success,2026-06-23T23:34:58.729681+00:00
20260124_0000_HARP14303_NOAA14351,2026_HARP14303_20260123_2048_20260124_0500,2026-01-24 00:00:00,14303,14351,0,saved,"(512, 512, 6)",gs://suryabench-sharp-pipeline-bamidele/jsoc_2025_2026_production_v1/samples_npz/2026/20260124_0000_HARP14303_NOAA14351.npz,success,2026-06-23T23:35:04.722439+00:00
20260124_0136_HARP14303_NOAA14351,2026_HARP14303_20260123_2048_20260124_0500,2026-01-24 01:36:00,14303,14351,0,saved,"(512, 512, 6)",gs://suryabench-sharp-pipeline-bamidele/jsoc_2025_2026_production_v1/samples_npz/2026/20260124_0136_HARP14303_NOAA14351.npz,success,2026-06-23T23:35:10.793728+00:00
20260124_0324_HARP14303_NOAA14351,2026_HARP14303_20260123_2048_20260124_0500,2026-01-24 03:24:00,14303,14351,0,saved,"(512, 512, 6)",gs://suryabench-sharp-pipeline-bamidele/jsoc_2025_2026_production_v1/samples_npz/2026/20260124_0324_HARP14303_NOAA14351.npz,success,2026-06-23T23:35:16.831716+00:00
20260124_0500_HARP14303_NOAA14351,2026_HARP14303_20260123_2048_20260124_0500,2026-01-24 05:00:00,14303,14351,0,saved,"(512, 512, 6)",gs://suryabench-sharp-pipeline-bamidele/jsoc_2025_2026_production_v1/samples_npz/2026/20260124_0500_HARP14303_NOAA14351.npz,success,2026-06-23T23:35:22.818152+00:00
20260124_0448_HARP14292_NOAA14347,2026_HARP14292_20260124_0448_20260124_0624,2026-01-24 04:48:00,14292,14347,0,saved,"(512, 512, 6)",gs://suryabench-sharp-pipeline-bamidele/jsoc_2025_2026_production_v1/samples_npz/2026/20260124_0448_HARP14292_NOAA14347.npz,success,2026-06-23T23:43:12.848316+00:00
20260124_0624_HARP14292_NOAA14347,2026_HARP14292_20260124_0448_20260124_0624,2026-01-24 06:24:00,14292,14347,0,saved,"(512, 512, 6)",gs://suryabench-sharp-pipeline-bamidele/jsoc_2025_2026_production_v1/samples_npz/2026/20260124_0624_HARP14292_NOAA14347.npz,success,2026-06-23T23:43:19.510924+00:00
20260124_0912_HARP14303_NOAA14351,2026_HARP14303_20260124_0912_20260124_2348,2026-01-24 09:12:00,14303,14351,0,saved,"(512, 512, 6)",gs://suryabench-sharp-pipeline-bamidele/jsoc_2025_2026_production_v1/samples_npz/2026/20260124_0912_HARP14303_NOAA14351.npz,success,2026-06-23T23:59:31.958877+00:00
20260124_1100_HARP14303_NOAA14351,2026_HARP14303_20260124_0912_20260124_2348,2026-01-24 11:00:00,14303,14351,0,saved,"(512, 512, 6)",gs://suryabench-sharp-pipeline-bamidele/jsoc_2025_2026_production_v1/samples_npz/2026/20260124_1100_HARP14303_NOAA14351.npz,success,2026-06-23T23:59:37.992505+00:00
20260124_1236_HARP14303_NOAA14351,2026_HARP14303_20260124_0912_20260124_2348,2026-01-24 12:36:00,14303,14351,0,saved,"(512, 512, 6)",gs://suryabench-sharp-pipeline-bamidele/jsoc_2025_2026_production_v1/samples_npz/2026/20260124_1236_HARP14303_NOAA14351.npz,success,2026-06-23T23:59:44.024167+00:00
20260124_1412_HARP14303_NOAA14351,2026_HARP14303_20260124_0912_20260124_2348,2026-01-24 14:12:00,14303,14351,0,saved,"(512, 512, 6)",gs://suryabench-sharp-pipeline-bamidele/jsoc_2025_2026_production_v1/samples_npz/2026/20260124_1412_HARP14303_NOAA14351.npz,success,2026-06-23T23:59:50.031586+00:00
20260124_1548_HARP14303_NOAA14351,2026_HARP14303_20260124_0912_20260124_2348,2026-01-24 15:48:00,14303,14351,0,saved,"(512, 512, 6)",gs://suryabench-sharp-pipeline-bamidele/jsoc_2025_2026_production_v1/samples_npz/2026/20260124_1548_HARP14303_NOAA14351.npz,success,2026-06-23T23:59:56.031360+00:00
20260124_1724_HARP14303_NOAA14351,2026_HARP14303_20260124_0912_20260124_2348,2026-01-24 17:24:00,14303,14351,0,saved,"(512, 512, 6)",gs://suryabench-sharp-pipeline-bamidele/jsoc_2025_2026_production_v1/samples_npz/2026/20260124_1724_HARP14303_NOAA14351.npz,success,2026-06-24T00:00:02.107032+00:00
20260124_1900_HARP14303_NOAA14351,2026_HARP14303_20260124_0912_20260124_2348,2026-01-24 19:00:00,14303,14351,0,saved,"(512, 512, 6)",gs://suryabench-sharp-pipeline-bamidele/jsoc_2025_2026_production_v1/samples_npz/2026/20260124_1900_HARP14303_NOAA14351.npz,success,2026-06-24T00:00:08.267723+00:00
20260124_2036_HARP14303_NOAA14351,2026_HARP14303_20260124_0912_20260124_2348,2026-01-24 20:36:00,14303,14351,0,saved,"(512, 512, 6)",gs://suryabench-sharp-pipeline-bamidele/jsoc_2025_2026_production_v1/samples_npz/2026/20260124_2036_HARP14303_NOAA14351.npz,success,2026-06-24T00:00:14.339999+00:00
20260124_2212_HARP14303_NOAA14351,2026_HARP14303_20260124_0912_20260124_2348,2026-01-24 22:12:00,14303,14351,0,saved,"(512, 512, 6)",gs://suryabench-sharp-pipeline-bamidele/jsoc_2025_2026_production_v1/samples_npz/2026/20260124_2212_HARP14303_NOAA14351.npz,success,2026-06-24T00:00:20.350954+00:00
20260124_2348_HARP14303_NOAA14351,2026_HARP14303_20260124_0912_20260124_2348,2026-01-24 23:48:00,14303,14351,0,saved,"(512, 512, 6)",gs://suryabench-sharp-pipeline-bamidele/jsoc_2025_2026_production_v1/samples_npz/2026/20260124_2348_HARP14303_NOAA14351.npz,success,2026-06-24T00:00:26.321954+00:00
20260124_1048_HARP14292_NOAA14347,2026_HARP14292_20260124_1048_20260125_0112,2026-01-24 10:48:00,14292,14347,0,saved,"(512, 512, 6)",gs://suryabench-sharp-pipeline-bamidele/jsoc_2025_2026_production_v1/samples_npz/2026/20260124_1048_HARP14292_NOAA14347.npz,success,2026-06-24T00:10:27.438156+00:00
20260124_1224_HARP14292_NOAA14347,2026_HARP14292_20260124_1048_20260125_0112,2026-01-24 12:24:00,14292,14347,0,saved,"(512, 512, 6)",gs://suryabench-sharp-pipeline-bamidele/jsoc_2025_2026_production_v1/samples_npz/2026/20260124_1224_HARP14292_NOAA14347.npz,success,2026-06-24T00:10:34.151610+00:00
20260124_1400_HARP14292_NOAA14347,2026_HARP14292_20260124_1048_20260125_0112,2026-01-24 14:00:00,14292,14347,0,saved,"(512, 512, 6)",gs://suryabench-sharp-pipeline-bamidele/jsoc_2025_2026_production_v1/samples_npz/2026/20260124_1400_HARP14292_NOAA14347.npz,success,2026-06-24T00:10:40.839428+00:00
20260124_1536_HARP14292_NOAA14347,2026_HARP14292_20260124_1048_20260125_0112,2026-01-24 15:36:00,14292,14347,0,saved,"(512, 512, 6)",gs://suryabench-sharp-pipeline-bamidele/jsoc_2025_2026_production_v1/samples_npz/2026/20260124_1536_HARP14292_NOAA14347.npz,success,2026-06-24T00:10:47.480068+00:00
20260124_1712_HARP14292_NOAA14347,2026_HARP14292_20260124_1048_20260125_0112,2026-01-24 17:12:00,14292,14347,0,saved,"(512, 512, 6)",gs://suryabench-sharp-pipeline-bamidele/jsoc_2025_2026_production_v1/samples_npz/2026/20260124_1712_HARP14292_NOAA14347.npz,success,2026-06-24T00:10:54.160972+00:00
20260124_1848_HARP14292_NOAA14347,2026_HARP14292_20260124_1048_20260125_0112,2026-01-24 18:48:00,14292,14347,0,saved,"(512, 512, 6)",gs://suryabench-sharp-pipeline-bamidele/jsoc_2025_2026_production_v1/samples_npz/2026/20260124_1848_HARP14292_NOAA14347.npz,success,2026-06-24T00:11:00.799085+00:00
20260124_2024_HARP14292_NOAA14347,2026_HARP14292_20260124_1048_20260125_0112,2026-01-24 20:24:00,14292,14347,0,saved,"(512, 512, 6)",gs://suryabench-sharp-pipeline-bamidele/jsoc_2025_2026_production_v1/samples_npz/2026/20260124_2024_HARP14292_NOAA14347.npz,success,2026-06-24T00:11:07.853359+00:00
20260124_2200_HARP14292_NOAA14347,2026_HARP14292_20260124_1048_20260125_0112,2026-01-24 22:00:00,14292,14347,0,saved,"(512, 512, 6)",gs://suryabench-sharp-pipeline-bamidele/jsoc_2025_2026_production_v1/samples_npz/2026/20260124_2200_HARP14292_NOAA14347.npz,success,2026-06-24T00:11:14.678367+00:00
20260124_2336_HARP14292_NOAA14347,2026_HARP14292_20260124_1048_20260125_0112,2026-01-24 23:36:00,14292,14347,0,saved,"(512, 512, 6)",gs://suryabench-sharp-pipeline-bamidele/jsoc_2025_2026_production_v1/samples_npz/2026/20260124_2336_HARP14292_NOAA14347.npz,success,2026-06-24T00:11:21.436479+00:00
20260125_0112_HARP14292_NOAA14347,2026_HARP14292_20260124_1048_20260125_0112,2026-01-25 01:12:00,14292,14347,0,saved,"(512, 512, 6)",gs://suryabench-sharp-pipeline-bamidele/jsoc_2025_2026_production_v1/samples_npz/2026/20260125_0112_HARP14292_NOAA14347.npz,success,2026-06-24T00:11:28.090013+00:00
20260125_0100_HARP14332_NOAA14361,2026_HARP14332_20260125_0100_20260125_0100,2026-01-25 01:00:00,14332,14361,0,saved,"(512, 512, 6)",gs://suryabench-sharp-pipeline-bamidele/jsoc_2025_2026_production_v1/samples_npz/2026/20260125_0100_HARP14332_NOAA14361.npz,success,2026-06-24T00:18:13.355468+00:00
20260125_0536_HARP14332_NOAA14361,2026_HARP14332_20260125_0536_20260125_0536,2026-01-25 05:36:00,14332,14361,0,saved,"(512, 512, 6)",gs://suryabench-sharp-pipeline-bamidele/jsoc_2025_2026_production_v1/samples_npz/2026/20260125_0536_HARP14332_NOAA14361.npz,success,2026-06-24T00:25:30.500289+00:00
20260125_0548_HARP14292_NOAA14347,2026_HARP14292_20260125_0548_20260125_0548,2026-01-25 05:48:00,14292,14347,0,saved,"(512, 512, 6)",gs://suryabench-sharp-pipeline-bamidele/jsoc_2025_2026_production_v1/samples_npz/2026/20260125_0548_HARP14292_NOAA14347.npz,success,2026-06-24T00:32:11.086415+00:00
20260125_1000_HARP14292_NOAA14347,2026_HARP14292_20260125_1000_20260125_1624,2026-01-25 10:00:00,14292,14347,0,saved,"(512, 512, 6)",gs://suryabench-sharp-pipeline-bamidele/jsoc_2025_2026_production_v1/samples_npz/2026/20260125_1000_HARP14292_NOAA14347.npz,success,2026-06-24T00:42:14.049643+00:00
20260125_1136_HARP14292_NOAA14347,2026_HARP14292_20260125_1000_20260125_1624,2026-01-25 11:36:00,14292,14347,0,saved,"(512, 512, 6)",gs://suryabench-sharp-pipeline-bamidele/jsoc_2025_2026_production_v1/samples_npz/2026/20260125_1136_HARP14292_NOAA14347.npz,success,2026-06-24T00:42:21.060848+00:00
20260125_1312_HARP14292_NOAA14347,2026_HARP14292_20260125_1000_20260125_1624,2026-01-25 13:12:00,14292,14347,0,saved,"(512, 512, 6)",gs://suryabench-sharp-pipeline-bamidele/jsoc_2025_2026_production_v1/samples_npz/2026/20260125_1312_HARP14292_NOAA14347.npz,success,2026-06-24T00:42:28.347274+00:00
20260125_1448_HARP14292_NOAA14347,2026_HARP14292_20260125_1000_20260125_1624,2026-01-25 14:48:00,14292,14347,0,saved,"(512, 512, 6)",gs://suryabench-sharp-pipeline-bamidele/jsoc_2025_2026_production_v1/samples_npz/2026/20260125_1448_HARP14292_NOAA14347.npz,success,2026-06-24T00:42:35.162696+00:00
20260125_1624_HARP14292_NOAA14347,2026_HARP14292_20260125_1000_20260125_1624,2026-01-25 16:24:00,14292,14347,0,saved,"(512, 512, 6)",gs://suryabench-sharp-pipeline-bamidele/jsoc_2025_2026_production_v1/samples_npz/2026/20260125_1624_HARP14292_NOAA14347.npz,success,2026-06-24T00:42:42.132835+00:00
20260125_1000_HARP14305_NOAA14349,2026_HARP14305_20260125_1000_20260125_1624,2026-01-25 10:00:00,14305,14349,0,saved,"(512, 512, 6)",gs://suryabench-sharp-pipeline-bamidele/jsoc_2025_2026_production_v1/samples_npz/2026/20260125_1000_HARP14305_NOAA14349.npz,success,2026-06-24T00:52:37.113144+00:00
20260125_1012_HARP14303_NOAA14351,2026_HARP14303_20260125_1012_20260125_1636,2026-01-25 10:12:00,14303,14351,0,saved,"(512, 512, 6)",gs://suryabench-sharp-pipeline-bamidele/jsoc_2025_2026_production_v1/samples_npz/2026/20260125_1012_HARP14303_NOAA14351.npz,success,2026-06-24T01:02:08.748183+00:00
20260125_1148_HARP14303_NOAA14351,2026_HARP14303_20260125_1012_20260125_1636,2026-01-25 11:48:00,14303,14351,0,saved,"(512, 512, 6)",gs://suryabench-sharp-pipeline-bamidele/jsoc_2025_2026_production_v1/samples_npz/2026/20260125_1148_HARP14303_NOAA14351.npz,success,2026-06-24T01:02:15.120088+00:00
20260125_1324_HARP14303_NOAA14351,2026_HARP14303_20260125_1012_20260125_1636,2026-01-25 13:24:00,14303,14351,0,saved,"(512, 512, 6)",gs://suryabench-sharp-pipeline-bamidele/jsoc_2025_2026_production_v1/samples_npz/2026/20260125_1324_HARP14303_NOAA14351.npz,success,2026-06-24T01:02:21.639745+00:00
20260125_1500_HARP14303_NOAA14351,2026_HARP14303_20260125_1012_20260125_1636,2026-01-25 15:00:00,14303,14351,0,saved,"(512, 512, 6)",gs://suryabench-sharp-pipeline-bamidele/jsoc_2025_2026_production_v1/samples_npz/2026/20260125_1500_HARP14303_NOAA14351.npz,success,2026-06-24T01:02:27.792176+00:00
20260125_1636_HARP14303_NOAA14351,2026_HARP14303_20260125_1012_20260125_1636,2026-01-25 16:36:00,14303,14351,0,saved,"(512, 512, 6)",gs://suryabench-sharp-pipeline-bamidele/jsoc_2025_2026_production_v1/samples_npz/2026/20260125_1636_HARP14303_NOAA14351.npz,success,2026-06-24T01:02:33.997044+00:00
20260125_1124_HARP14332_NOAA14361,2026_HARP14332_20260125_1124_20260125_1300,2026-01-25 11:24:00,14332,14361,0,saved,"(512, 512, 6)",gs://suryabench-sharp-pipeline-bamidele/jsoc_2025_2026_production_v1/samples_npz/2026/20260125_1124_HARP14332_NOAA14361.npz,success,2026-06-24T01:10:18.037089+00:00
20260125_1300_HARP14332_NOAA14361,2026_HARP14332_20260125_1124_20260125_1300,2026-01-25 13:00:00,14332,14361,0,saved,"(512, 512, 6)",gs://suryabench-sharp-pipeline-bamidele/jsoc_2025_2026_production_v1/samples_npz/2026/20260125_1300_HARP14332_NOAA14361.npz,success,2026-06-24T01:10:25.523378+00:00
20260125_1612_HARP14332_NOAA14361,2026_HARP14332_20260125_1612_20260125_1612,2026-01-25 16:12:00,14332,14361,0,saved,"(512, 512, 6)",gs://suryabench-sharp-pipeline-bamidele/jsoc_2025_2026_production_v1/samples_npz/2026/20260125_1612_HARP14332_NOAA14361.npz,success,2026-06-24T01:18:15.936786+00:00
20260125_1948_HARP14292_NOAA14347,2026_HARP14292_20260125_1948_20260126_0524,2026-01-25 19:48:00,14292,14347,0,saved,"(512, 512, 6)",gs://suryabench-sharp-pipeline-bamidele/jsoc_2025_2026_production_v1/samples_npz/2026/20260125_1948_HARP14292_NOAA14347.npz,success,2026-06-24T01:28:18.921002+00:00
20260125_2124_HARP14292_NOAA14347,2026_HARP14292_20260125_1948_20260126_0524,2026-01-25 21:24:00,14292,14347,0,saved,"(512, 512, 6)",gs://suryabench-sharp-pipeline-bamidele/jsoc_2025_2026_production_v1/samples_npz/2026/20260125_2124_HARP14292_NOAA14347.npz,success,2026-06-24T01:28:25.667209+00:00
20260125_2300_HARP14292_NOAA14347,2026_HARP14292_20260125_1948_20260126_0524,2026-01-25 23:00:00,14292,14347,0,saved,"(512, 512, 6)",gs://suryabench-sharp-pipeline-bamidele/jsoc_2025_2026_production_v1/samples_npz/2026/20260125_2300_HARP14292_NOAA14347.npz,success,2026-06-24T01:28:32.310106+00:00
20260126_0036_HARP14292_NOAA14347,2026_HARP14292_20260125_1948_20260126_0524,2026-01-26 00:36:00,14292,14347,0,saved,"(512, 512, 6)",gs://suryabench-sharp-pipeline-bamidele/jsoc_2025_2026_production_v1/samples_npz/2026/20260126_0036_HARP14292_NOAA14347.npz,success,2026-06-24T01:28:39.045096+00:00
20260126_0212_HARP14292_NOAA14347,2026_HARP14292_20260125_1948_20260126_0524,2026-01-26 02:12:00,14292,14347,0,saved,"(512, 512, 6)",gs://suryabench-sharp-pipeline-bamidele/jsoc_2025_2026_production_v1/samples_npz/2026/20260126_0212_HARP14292_NOAA14347.npz,success,2026-06-24T01:28:45.731619+00:00
20260126_0348_HARP14292_NOAA14347,2026_HARP14292_20260125_1948_20260126_0524,2026-01-26 03:48:00,14292,14347,0,saved,"(512, 512, 6)",gs://suryabench-sharp-pipeline-bamidele/jsoc_2025_2026_production_v1/samples_npz/2026/20260126_0348_HARP14292_NOAA14347.npz,success,2026-06-24T01:28:52.410919+00:00
20260126_0524_HARP14292_NOAA14347,2026_HARP14292_20260125_1948_20260126_0524,2026-01-26 05:24:00,14292,14347,0,saved,"(512, 512, 6)",gs://suryabench-sharp-pipeline-bamidele/jsoc_2025_2026_production_v1/samples_npz/2026/20260126_0524_HARP14292_NOAA14347.npz,success,2026-06-24T01:28:59.007275+00:00
20260125_2200_HARP14332_NOAA14361,2026_HARP14332_20260125_2200_20260126_0424,2026-01-25 22:00:00,14332,14361,0,saved,"(512, 512, 6)",gs://suryabench-sharp-pipeline-bamidele/jsoc_2025_2026_production_v1/samples_npz/2026/20260125_2200_HARP14332_NOAA14361.npz,success,2026-06-24T01:46:31.230975+00:00
20260125_2336_HARP14332_NOAA14361,2026_HARP14332_20260125_2200_20260126_0424,2026-01-25 23:36:00,14332,14361,0,saved,"(512, 512, 6)",gs://suryabench-sharp-pipeline-bamidele/jsoc_2025_2026_production_v1/samples_npz/2026/20260125_2336_HARP14332_NOAA14361.npz,success,2026-06-24T01:46:37.334713+00:00
20260126_0112_HARP14332_NOAA14361,2026_HARP14332_20260125_2200_20260126_0424,2026-01-26 01:12:00,14332,14361,0,saved,"(512, 512, 6)",gs://suryabench-sharp-pipeline-bamidele/jsoc_2025_2026_production_v1/samples_npz/2026/20260126_0112_HARP14332_NOAA14361.npz,success,2026-06-24T01:46:43.479797+00:00
20260126_0248_HARP14332_NOAA14361,2026_HARP14332_20260125_2200_20260126_0424,2026-01-26 02:48:00,14332,14361,0,saved,"(512, 512, 6)",gs://suryabench-sharp-pipeline-bamidele/jsoc_2025_2026_production_v1/samples_npz/2026/20260126_0248_HARP14332_NOAA14361.npz,success,2026-06-24T01:46:49.594390+00:00
20260126_0424_HARP14332_NOAA14361,2026_HARP14332_20260125_2200_20260126_0424,2026-01-26 04:24:00,14332,14361,0,saved,"(512, 512, 6)",gs://suryabench-sharp-pipeline-bamidele/jsoc_2025_2026_production_v1/samples_npz/2026/20260126_0424_HARP14332_NOAA14361.npz,success,2026-06-24T01:46:55.634492+00:00
20260126_1012_HARP14332_NOAA14361,2026_HARP14332_20260126_1012_20260127_0524,2026-01-26 10:12:00,14332,14361,0,saved,"(512, 512, 6)",gs://suryabench-sharp-pipeline-bamidele/jsoc_2025_2026_production_v1/samples_npz/2026/20260126_1012_HARP14332_NOAA14361.npz,success,2026-06-24T01:57:02.880854+00:00
20260126_1148_HARP14332_NOAA14361,2026_HARP14332_20260126_1012_20260127_0524,2026-01-26 11:48:00,14332,14361,0,saved,"(512, 512, 6)",gs://suryabench-sharp-pipeline-bamidele/jsoc_2025_2026_production_v1/samples_npz/2026/20260126_1148_HARP14332_NOAA14361.npz,success,2026-06-24T01:57:09.329310+00:00
20260126_1324_HARP14332_NOAA14361,2026_HARP14332_20260126_1012_20260127_0524,2026-01-26 13:24:00,14332,14361,0,saved,"(512, 512, 6)",gs://suryabench-sharp-pipeline-bamidele/jsoc_2025_2026_production_v1/samples_npz/2026/20260126_1324_HARP14332_NOAA14361.npz,success,2026-06-24T01:57:15.667001+00:00
20260126_1500_HARP14332_NOAA14361,2026_HARP14332_20260126_1012_20260127_0524,2026-01-26 15:00:00,14332,14361,0,saved,"(512, 512, 6)",gs://suryabench-sharp-pipeline-bamidele/jsoc_2025_2026_production_v1/samples_npz/2026/20260126_1500_HARP14332_NOAA14361.npz,success,2026-06-24T01:57:21.827726+00:00
20260126_1636_HARP14332_NOAA14361,2026_HARP14332_20260126_1012_20260127_0524,2026-01-26 16:36:00,14332,14361,0,saved,"(512, 512, 6)",gs://suryabench-sharp-pipeline-bamidele/jsoc_2025_2026_production_v1/samples_npz/2026/20260126_1636_HARP14332_NOAA14361.npz,success,2026-06-24T01:57:28.080916+00:00
20260126_1812_HARP14332_NOAA14361,2026_HARP14332_20260126_1012_20260127_0524,2026-01-26 18:12:00,14332,14361,0,saved,"(512, 512, 6)",gs://suryabench-sharp-pipeline-bamidele/jsoc_2025_2026_production_v1/samples_npz/2026/20260126_1812_HARP14332_NOAA14361.npz,success,2026-06-24T01:57:34.372252+00:00
20260126_1948_HARP14332_NOAA14361,2026_HARP14332_20260126_1012_20260127_0524,2026-01-26 19:48:00,14332,14361,0,saved,"(512, 512, 6)",gs://suryabench-sharp-pipeline-bamidele/jsoc_2025_2026_production_v1/samples_npz/2026/20260126_1948_HARP14332_NOAA14361.npz,success,2026-06-24T01:57:40.653249+00:00
20260126_2124_HARP14332_NOAA14361,2026_HARP14332_20260126_1012_20260127_0524,2026-01-26 21:24:00,14332,14361,0,saved,"(512, 512, 6)",gs://suryabench-sharp-pipeline-bamidele/jsoc_2025_2026_production_v1/samples_npz/2026/20260126_2124_HARP14332_NOAA14361.npz,success,2026-06-24T01:57:47.147810+00:00
20260126_2300_HARP14332_NOAA14361,2026_HARP14332_20260126_1012_20260127_0524,2026-01-26 23:00:00,14332,14361,0,saved,"(512, 512, 6)",gs://suryabench-sharp-pipeline-bamidele/jsoc_2025_2026_production_v1/samples_npz/2026/20260126_2300_HARP14332_NOAA14361.npz,success,2026-06-24T01:57:53.667254+00:00
20260127_0036_HARP14332_NOAA14361,2026_HARP14332_20260126_1012_20260127_0524,2026-01-27 00:36:00,14332,14361,0,saved,"(512, 512, 6)",gs://suryabench-sharp-pipeline-bamidele/jsoc_2025_2026_production_v1/samples_npz/2026/20260127_0036_HARP14332_NOAA14361.npz,success,2026-06-24T01:58:00.085929+00:00
20260127_0212_HARP14332_NOAA14361,2026_HARP14332_20260126_1012_20260127_0524,2026-01-27 02:12:00,14332,14361,0,saved,"(512, 512, 6)",gs://suryabench-sharp-pipeline-bamidele/jsoc_2025_2026_production_v1/samples_npz/2026/20260127_0212_HARP14332_NOAA14361.npz,success,2026-06-24T01:58:06.412438+00:00
20260127_0348_HARP14332_NOAA14361,2026_HARP14332_20260126_1012_20260127_0524,2026-01-27 03:48:00,14332,14361,0,saved,"(512, 512, 6)",gs://suryabench-sharp-pipeline-bamidele/jsoc_2025_2026_production_v1/samples_npz/2026/20260127_0348_HARP14332_NOAA14361.npz,success,2026-06-24T01:58:12.789780+00:00
20260127_0524_HARP14332_NOAA14361,2026_HARP14332_20260126_1012_20260127_0524,2026-01-27 05:24:00,14332,14361,0,saved,"(512, 512, 6)",gs://suryabench-sharp-pipeline-bamidele/jsoc_2025_2026_production_v1/samples_npz/2026/20260127_0524_HARP14332_NOAA14361.npz,success,2026-06-24T01:58:19.219757+00:00
20260127_0924_HARP14332_NOAA14361,2026_HARP14332_20260127_0924_20260128_0500,2026-01-27 09:24:00,14332,14361,0,saved,"(512, 512, 6)",gs://suryabench-sharp-pipeline-bamidele/jsoc_2025_2026_production_v1/samples_npz/2026/20260127_0924_HARP14332_NOAA14361.npz,success,2026-06-24T02:34:44.258073+00:00
20260127_1100_HARP14332_NOAA14361,2026_HARP14332_20260127_0924_20260128_0500,2026-01-27 11:00:00,14332,14361,0,saved,"(512, 512, 6)",gs://suryabench-sharp-pipeline-bamidele/jsoc_2025_2026_production_v1/samples_npz/2026/20260127_1100_HARP14332_NOAA14361.npz,success,2026-06-24T02:34:50.142387+00:00
20260127_1236_HARP14332_NOAA14361,2026_HARP14332_20260127_0924_20260128_0500,2026-01-27 12:36:00,14332,14361,0,saved,"(512, 512, 6)",gs://suryabench-sharp-pipeline-bamidele/jsoc_2025_2026_production_v1/samples_npz/2026/20260127_1236_HARP14332_NOAA14361.npz,success,2026-06-24T02:34:55.901762+00:00
20260127_1412_HARP14332_NOAA14361,2026_HARP14332_20260127_0924_20260128_0500,2026-01-27 14:12:00,14332,14361,0,saved,"(512, 512, 6)",gs://suryabench-sharp-pipeline-bamidele/jsoc_2025_2026_production_v1/samples_npz/2026/20260127_1412_HARP14332_NOAA14361.npz,success,2026-06-24T02:35:01.721446+00:00
20260127_1548_HARP14332_NOAA14361,2026_HARP14332_20260127_0924_20260128_0500,2026-01-27 15:48:00,14332,14361,0,saved,"(512, 512, 6)",gs://suryabench-sharp-pipeline-bamidele/jsoc_2025_2026_production_v1/samples_npz/2026/20260127_1548_HARP14332_NOAA14361.npz,success,2026-06-24T02:35:07.540463+00:00
20260127_1724_HARP14332_NOAA14361,2026_HARP14332_20260127_0924_20260128_0500,2026-01-27 17:24:00,14332,14361,0,saved,"(512, 512, 6)",gs://suryabench-sharp-pipeline-bamidele/jsoc_2025_2026_production_v1/samples_npz/2026/20260127_1724_HARP14332_NOAA14361.npz,success,2026-06-24T02:35:13.370000+00:00
20260127_1924_HARP14332_NOAA14361,2026_HARP14332_20260127_0924_20260128_0500,2026-01-27 19:24:00,14332,14361,0,saved,"(512, 512, 6)",gs://suryabench-sharp-pipeline-bamidele/jsoc_2025_2026_production_v1/samples_npz/2026/20260127_1924_HARP14332_NOAA14361.npz,success,2026-06-24T02:35:19.211811+00:00
20260127_2100_HARP14332_NOAA14361,2026_HARP14332_20260127_0924_20260128_0500,2026-01-27 21:00:00,14332,14361,0,saved,"(512, 512, 6)",gs://suryabench-sharp-pipeline-bamidele/jsoc_2025_2026_production_v1/samples_npz/2026/20260127_2100_HARP14332_NOAA14361.npz,success,2026-06-24T02:35:25.053008+00:00
20260127_2236_HARP14332_NOAA14361,2026_HARP14332_20260127_0924_20260128_0500,2026-01-27 22:36:00,14332,14361,0,saved,"(512, 512, 6)",gs://suryabench-sharp-pipeline-bamidele/jsoc_2025_2026_production_v1/samples_npz/2026/20260127_2236_HARP14332_NOAA14361.npz,success,2026-06-24T02:35:30.859948+00:00
20260128_0012_HARP14332_NOAA14361,2026_HARP14332_20260127_0924_20260128_0500,2026-01-28 00:12:00,14332,14361,0,saved,"(512, 512, 6)",gs://suryabench-sharp-pipeline-bamidele/jsoc_2025_2026_production_v1/samples_npz/2026/20260128_0012_HARP14332_NOAA14361.npz,success,2026-06-24T02:35:36.685545+00:00
20260128_0148_HARP14332_NOAA14361,2026_HARP14332_20260127_0924_20260128_0500,2026-01-28 01:48:00,14332,14361,0,saved,"(512, 512, 6)",gs://suryabench-sharp-pipeline-bamidele/jsoc_2025_2026_production_v1/samples_npz/2026/20260128_0148_HARP14332_NOAA14361.npz,success,2026-06-24T02:35:42.490006+00:00
20260128_0324_HARP14332_NOAA14361,2026_HARP14332_20260127_0924_20260128_0500,2026-01-28 03:24:00,14332,14361,0,saved,"(512, 512, 6)",gs://suryabench-sharp-pipeline-bamidele/jsoc_2025_2026_production_v1/samples_npz/2026/20260128_0324_HARP14332_NOAA14361.npz,success,2026-06-24T02:35:48.295002+00:00
20260128_0500_HARP14332_NOAA14361,2026_HARP14332_20260127_0924_20260128_0500,2026-01-28 05:00:00,14332,14361,0,saved,"(512, 512, 6)",gs://suryabench-sharp-pipeline-bamidele/jsoc_2025_2026_production_v1/samples_npz/2026/20260128_0500_HARP14332_NOAA14361.npz,success,2026-06-24T02:35:54.179497+00:00
20260127_1536_HARP14328_NOAA14365,2026_HARP14328_20260127_1536_20260127_1712,2026-01-27 15:36:00,14328,14365,0,saved,"(512, 512, 6)",gs://suryabench-sharp-pipeline-bamidele/jsoc_2025_2026_production_v1/samples_npz/2026/20260127_1536_HARP14328_NOAA14365.npz,success,2026-06-24T03:02:41.535271+00:00
20260127_1712_HARP14328_NOAA14365,2026_HARP14328_20260127_1536_20260127_1712,2026-01-27 17:12:00,14328,14365,0,saved,"(512, 512, 6)",gs://suryabench-sharp-pipeline-bamidele/jsoc_2025_2026_production_v1/samples_npz/2026/20260127_1712_HARP14328_NOAA14365.npz,success,2026-06-24T03:02:47.348077+00:00
20260127_2048_HARP14328_NOAA14365,2026_HARP14328_20260127_2048_20260128_0312,2026-01-27 20:48:00,14328,14365,0,saved,"(512, 512, 6)",gs://suryabench-sharp-pipeline-bamidele/jsoc_2025_2026_production_v1/samples_npz/2026/20260127_2048_HARP14328_NOAA14365.npz,success,2026-06-24T03:12:47.743045+00:00
20260127_2224_HARP14328_NOAA14365,2026_HARP14328_20260127_2048_20260128_0312,2026-01-27 22:24:00,14328,14365,0,saved,"(512, 512, 6)",gs://suryabench-sharp-pipeline-bamidele/jsoc_2025_2026_production_v1/samples_npz/2026/20260127_2224_HARP14328_NOAA14365.npz,success,2026-06-24T03:12:53.567750+00:00
20260128_0000_HARP14328_NOAA14365,2026_HARP14328_20260127_2048_20260128_0312,2026-01-28 00:00:00,14328,14365,0,saved,"(512, 512, 6)",gs://suryabench-sharp-pipeline-bamidele/jsoc_2025_2026_production_v1/samples_npz/2026/20260128_0000_HARP14328_NOAA14365.npz,success,2026-06-24T03:12:59.428429+00:00
20260128_0136_HARP14328_NOAA14365,2026_HARP14328_20260127_2048_20260128_0312,2026-01-28 01:36:00,14328,14365,0,saved,"(512, 512, 6)",gs://suryabench-sharp-pipeline-bamidele/jsoc_2025_2026_production_v1/samples_npz/2026/20260128_0136_HARP14328_NOAA14365.npz,success,2026-06-24T03:13:05.273951+00:00
20260128_0312_HARP14328_NOAA14365,2026_HARP14328_20260127_2048_20260128_0312,2026-01-28 03:12:00,14328,14365,0,saved,"(512, 512, 6)",gs://suryabench-sharp-pipeline-bamidele/jsoc_2025_2026_production_v1/samples_npz/2026/20260128_0312_HARP14328_NOAA14365.npz,success,2026-06-24T03:13:11.137938+00:00
20260128_0624_HARP14328_NOAA14365,2026_HARP14328_20260128_0624_20260128_0624,2026-01-28 06:24:00,14328,14365,0,saved,"(512, 512, 6)",gs://suryabench-sharp-pipeline-bamidele/jsoc_2025_2026_production_v1/samples_npz/2026/20260128_0624_HARP14328_NOAA14365.npz,success,2026-06-24T03:20:14.087778+00:00
20260128_1024_HARP14328_NOAA14365,2026_HARP14328_20260128_1024_20260129_0300,2026-01-28 10:24:00,14328,14365,0,saved,"(512, 512, 6)",gs://suryabench-sharp-pipeline-bamidele/jsoc_2025_2026_production_v1/samples_npz/2026/20260128_1024_HARP14328_NOAA14365.npz,success,2026-06-24T03:38:56.801976+00:00
20260128_1200_HARP14328_NOAA14365,2026_HARP14328_20260128_1024_20260129_0300,2026-01-28 12:00:00,14328,14365,0,saved,"(512, 512, 6)",gs://suryabench-sharp-pipeline-bamidele/jsoc_2025_2026_production_v1/samples_npz/2026/20260128_1200_HARP14328_NOAA14365.npz,success,2026-06-24T03:39:02.658849+00:00
20260128_1336_HARP14328_NOAA14365,2026_HARP14328_20260128_1024_20260129_0300,2026-01-28 13:36:00,14328,14365,0,saved,"(512, 512, 6)",gs://suryabench-sharp-pipeline-bamidele/jsoc_2025_2026_production_v1/samples_npz/2026/20260128_1336_HARP14328_NOAA14365.npz,success,2026-06-24T03:39:08.545071+00:00
20260128_1548_HARP14328_NOAA14365,2026_HARP14328_20260128_1024_20260129_0300,2026-01-28 15:48:00,14328,14365,0,saved,"(512, 512, 6)",gs://suryabench-sharp-pipeline-bamidele/jsoc_2025_2026_production_v1/samples_npz/2026/20260128_1548_HARP14328_NOAA14365.npz,success,2026-06-24T03:39:14.425226+00:00
20260128_1724_HARP14328_NOAA14365,2026_HARP14328_20260128_1024_20260129_0300,2026-01-28 17:24:00,14328,14365,0,saved,"(512, 512, 6)",gs://suryabench-sharp-pipeline-bamidele/jsoc_2025_2026_production_v1/samples_npz/2026/20260128_1724_HARP14328_NOAA14365.npz,success,2026-06-24T03:39:20.391048+00:00
20260128_1900_HARP14328_NOAA14365,2026_HARP14328_20260128_1024_20260129_0300,2026-01-28 19:00:00,14328,14365,0,saved,"(512, 512, 6)",gs://suryabench-sharp-pipeline-bamidele/jsoc_2025_2026_production_v1/samples_npz/2026/20260128_1900_HARP14328_NOAA14365.npz,success,2026-06-24T03:39:26.269885+00:00
20260128_2036_HARP14328_NOAA14365,2026_HARP14328_20260128_1024_20260129_0300,2026-01-28 20:36:00,14328,14365,0,saved,"(512, 512, 6)",gs://suryabench-sharp-pipeline-bamidele/jsoc_2025_2026_production_v1/samples_npz/2026/20260128_2036_HARP14328_NOAA14365.npz,success,2026-06-24T03:39:32.213401+00:00
20260128_2212_HARP14328_NOAA14365,2026_HARP14328_20260128_1024_20260129_0300,2026-01-28 22:12:00,14328,14365,0,saved,"(512, 512, 6)",gs://suryabench-sharp-pipeline-bamidele/jsoc_2025_2026_production_v1/samples_npz/2026/20260128_2212_HARP14328_NOAA14365.npz,success,2026-06-24T03:39:38.145018+00:00
20260128_2348_HARP14328_NOAA14365,2026_HARP14328_20260128_1024_20260129_0300,2026-01-28 23:48:00,14328,14365,0,saved,"(512, 512, 6)",gs://suryabench-sharp-pipeline-bamidele/jsoc_2025_2026_production_v1/samples_npz/2026/20260128_2348_HARP14328_NOAA14365.npz,success,2026-06-24T03:39:44.055162+00:00
20260129_0124_HARP14328_NOAA14365,2026_HARP14328_20260128_1024_20260129_0300,2026-01-29 01:24:00,14328,14365,0,saved,"(512, 512, 6)",gs://suryabench-sharp-pipeline-bamidele/jsoc_2025_2026_production_v1/samples_npz/2026/20260129_0124_HARP14328_NOAA14365.npz,success,2026-06-24T03:39:49.943245+00:00
20260129_0300_HARP14328_NOAA14365,2026_HARP14328_20260128_1024_20260129_0300,2026-01-29 03:00:00,14328,14365,0,saved,"(512, 512, 6)",gs://suryabench-sharp-pipeline-bamidele/jsoc_2025_2026_production_v1/samples_npz/2026/20260129_0300_HARP14328_NOAA14365.npz,success,2026-06-24T03:39:55.822284+00:00
20260128_1036_HARP14332_NOAA14361,2026_HARP14332_20260128_1036_20260128_1212,2026-01-28 10:36:00,14332,14361,0,saved,"(512, 512, 6)",gs://suryabench-sharp-pipeline-bamidele/jsoc_2025_2026_production_v1/samples_npz/2026/20260128_1036_HARP14332_NOAA14361.npz,success,2026-06-24T03:47:38.349025+00:00
20260128_1212_HARP14332_NOAA14361,2026_HARP14332_20260128_1036_20260128_1212,2026-01-28 12:12:00,14332,14361,0,saved,"(512, 512, 6)",gs://suryabench-sharp-pipeline-bamidele/jsoc_2025_2026_production_v1/samples_npz/2026/20260128_1212_HARP14332_NOAA14361.npz,success,2026-06-24T03:47:44.210017+00:00
20260128_1600_HARP14332_NOAA14361,2026_HARP14332_20260128_1600_20260129_0312,2026-01-28 16:00:00,14332,14361,0,saved,"(512, 512, 6)",gs://suryabench-sharp-pipeline-bamidele/jsoc_2025_2026_production_v1/samples_npz/2026/20260128_1600_HARP14332_NOAA14361.npz,success,2026-06-24T03:57:25.661913+00:00
20260128_1736_HARP14332_NOAA14361,2026_HARP14332_20260128_1600_20260129_0312,2026-01-28 17:36:00,14332,14361,0,saved,"(512, 512, 6)",gs://suryabench-sharp-pipeline-bamidele/jsoc_2025_2026_production_v1/samples_npz/2026/20260128_1736_HARP14332_NOAA14361.npz,success,2026-06-24T03:57:31.504321+00:00
20260128_1912_HARP14332_NOAA14361,2026_HARP14332_20260128_1600_20260129_0312,2026-01-28 19:12:00,14332,14361,0,saved,"(512, 512, 6)",gs://suryabench-sharp-pipeline-bamidele/jsoc_2025_2026_production_v1/samples_npz/2026/20260128_1912_HARP14332_NOAA14361.npz,success,2026-06-24T03:57:37.432950+00:00
20260128_2048_HARP14332_NOAA14361,2026_HARP14332_20260128_1600_20260129_0312,2026-01-28 20:48:00,14332,14361,0,saved,"(512, 512, 6)",gs://suryabench-sharp-pipeline-bamidele/jsoc_2025_2026_production_v1/samples_npz/2026/20260128_2048_HARP14332_NOAA14361.npz,success,2026-06-24T03:57:43.346355+00:00
20260128_2224_HARP14332_NOAA14361,2026_HARP14332_20260128_1600_20260129_0312,2026-01-28 22:24:00,14332,14361,0,saved,"(512, 512, 6)",gs://suryabench-sharp-pipeline-bamidele/jsoc_2025_2026_production_v1/samples_npz/2026/20260128_2224_HARP14332_NOAA14361.npz,success,2026-06-24T03:57:49.219874+00:00
20260129_0000_HARP14332_NOAA14361,2026_HARP14332_20260128_1600_20260129_0312,2026-01-29 00:00:00,14332,14361,0,saved,"(512, 512, 6)",gs://suryabench-sharp-pipeline-bamidele/jsoc_2025_2026_production_v1/samples_npz/2026/20260129_0000_HARP14332_NOAA14361.npz,success,2026-06-24T03:57:55.060342+00:00
20260129_0136_HARP14332_NOAA14361,2026_HARP14332_20260128_1600_20260129_0312,2026-01-29 01:36:00,14332,14361,0,saved,"(512, 512, 6)",gs://suryabench-sharp-pipeline-bamidele/jsoc_2025_2026_production_v1/samples_npz/2026/20260129_0136_HARP14332_NOAA14361.npz,success,2026-06-24T03:58:00.906771+00:00
20260129_0312_HARP14332_NOAA14361,2026_HARP14332_20260128_1600_20260129_0312,2026-01-29 03:12:00,14332,14361,0,saved,"(512, 512, 6)",gs://suryabench-sharp-pipeline-bamidele/jsoc_2025_2026_production_v1/samples_npz/2026/20260129_0312_HARP14332_NOAA14361.npz,success,2026-06-24T03:58:06.897360+00:00
20260128_2324_HARP14344_NOAA14359,2026_HARP14344_20260128_2324_20260129_0548,2026-01-28 23:24:00,14344,14359,0,saved,"(512, 512, 6)",gs://suryabench-sharp-pipeline-bamidele/jsoc_2025_2026_production_v1/samples_npz/2026/20260128_2324_HARP14344_NOAA14359.npz,success,2026-06-24T04:05:45.633630+00:00
20260129_0100_HARP14344_NOAA14359,2026_HARP14344_20260128_2324_20260129_0548,2026-01-29 01:00:00,14344,14359,0,saved,"(512, 512, 6)",gs://suryabench-sharp-pipeline-bamidele/jsoc_2025_2026_production_v1/samples_npz/2026/20260129_0100_HARP14344_NOAA14359.npz,success,2026-06-24T04:05:51.728849+00:00
20260129_0236_HARP14344_NOAA14359,2026_HARP14344_20260128_2324_20260129_0548,2026-01-29 02:36:00,14344,14359,0,saved,"(512, 512, 6)",gs://suryabench-sharp-pipeline-bamidele/jsoc_2025_2026_production_v1/samples_npz/2026/20260129_0236_HARP14344_NOAA14359.npz,success,2026-06-24T04:05:57.880752+00:00
20260129_0412_HARP14344_NOAA14359,2026_HARP14344_20260128_2324_20260129_0548,2026-01-29 04:12:00,14344,14359,0,saved,"(512, 512, 6)",gs://suryabench-sharp-pipeline-bamidele/jsoc_2025_2026_production_v1/samples_npz/2026/20260129_0412_HARP14344_NOAA14359.npz,success,2026-06-24T04:06:04.035679+00:00
20260129_0548_HARP14344_NOAA14359,2026_HARP14344_20260128_2324_20260129_0548,2026-01-29 05:48:00,14344,14359,0,saved,"(512, 512, 6)",gs://suryabench-sharp-pipeline-bamidele/jsoc_2025_2026_production_v1/samples_npz/2026/20260129_0548_HARP14344_NOAA14359.npz,success,2026-06-24T04:06:10.177108+00:00
20260129_0612_HARP14328_NOAA14365,2026_HARP14328_20260129_0612_20260129_0612,2026-01-29 06:12:00,14328,14365,0,saved,"(512, 512, 6)",gs://suryabench-sharp-pipeline-bamidele/jsoc_2025_2026_production_v1/samples_npz/2026/20260129_0612_HARP14328_NOAA14365.npz,success,2026-06-24T04:12:59.446098+00:00
20260129_0624_HARP14332_NOAA14361,2026_HARP14332_20260129_0624_20260129_0624,2026-01-29 06:24:00,14332,14361,0,saved,"(512, 512, 6)",gs://suryabench-sharp-pipeline-bamidele/jsoc_2025_2026_production_v1/samples_npz/2026/20260129_0624_HARP14332_NOAA14361.npz,success,2026-06-24T04:20:00.991070+00:00
20260129_1000_HARP14328_NOAA14365,2026_HARP14328_20260129_1000_20260129_1624,2026-01-29 10:00:00,14328,14365,0,saved,"(512, 512, 6)",gs://suryabench-sharp-pipeline-bamidele/jsoc_2025_2026_production_v1/samples_npz/2026/20260129_1000_HARP14328_NOAA14365.npz,success,2026-06-24T04:28:31.299346+00:00
20260129_1136_HARP14328_NOAA14365,2026_HARP14328_20260129_1000_20260129_1624,2026-01-29 11:36:00,14328,14365,0,saved,"(512, 512, 6)",gs://suryabench-sharp-pipeline-bamidele/jsoc_2025_2026_production_v1/samples_npz/2026/20260129_1136_HARP14328_NOAA14365.npz,success,2026-06-24T04:28:37.203825+00:00
20260129_1312_HARP14328_NOAA14365,2026_HARP14328_20260129_1000_20260129_1624,2026-01-29 13:12:00,14328,14365,0,saved,"(512, 512, 6)",gs://suryabench-sharp-pipeline-bamidele/jsoc_2025_2026_production_v1/samples_npz/2026/20260129_1312_HARP14328_NOAA14365.npz,success,2026-06-24T04:28:43.128318+00:00
20260129_1448_HARP14328_NOAA14365,2026_HARP14328_20260129_1000_20260129_1624,2026-01-29 14:48:00,14328,14365,0,saved,"(512, 512, 6)",gs://suryabench-sharp-pipeline-bamidele/jsoc_2025_2026_production_v1/samples_npz/2026/20260129_1448_HARP14328_NOAA14365.npz,success,2026-06-24T04:28:49.064600+00:00
20260129_1624_HARP14328_NOAA14365,2026_HARP14328_20260129_1000_20260129_1624,2026-01-29 16:24:00,14328,14365,0,saved,"(512, 512, 6)",gs://suryabench-sharp-pipeline-bamidele/jsoc_2025_2026_production_v1/samples_npz/2026/20260129_1624_HARP14328_NOAA14365.npz,success,2026-06-24T04:28:54.952962+00:00
20260129_1100_HARP14343_NOAA14372,2026_HARP14343_20260129_1100_20260130_0300,2026-01-29 11:00:00,14343,14372,0,saved,"(512, 512, 6)",gs://suryabench-sharp-pipeline-bamidele/jsoc_2025_2026_production_v1/samples_npz/2026/20260129_1100_HARP14343_NOAA14372.npz,success,2026-06-24T04:38:42.474042+00:00
20260129_1236_HARP14343_NOAA14372,2026_HARP14343_20260129_1100_20260130_0300,2026-01-29 12:36:00,14343,14372,0,saved,"(512, 512, 6)",gs://suryabench-sharp-pipeline-bamidele/jsoc_2025_2026_production_v1/samples_npz/2026/20260129_1236_HARP14343_NOAA14372.npz,success,2026-06-24T04:38:48.561209+00:00
20260129_1412_HARP14343_NOAA14372,2026_HARP14343_20260129_1100_20260130_0300,2026-01-29 14:12:00,14343,14372,0,saved,"(512, 512, 6)",gs://suryabench-sharp-pipeline-bamidele/jsoc_2025_2026_production_v1/samples_npz/2026/20260129_1412_HARP14343_NOAA14372.npz,success,2026-06-24T04:38:54.580338+00:00
20260129_1548_HARP14343_NOAA14372,2026_HARP14343_20260129_1100_20260130_0300,2026-01-29 15:48:00,14343,14372,0,saved,"(512, 512, 6)",gs://suryabench-sharp-pipeline-bamidele/jsoc_2025_2026_production_v1/samples_npz/2026/20260129_1548_HARP14343_NOAA14372.npz,success,2026-06-24T04:39:00.608099+00:00
20260129_1724_HARP14343_NOAA14372,2026_HARP14343_20260129_1100_20260130_0300,2026-01-29 17:24:00,14343,14372,0,saved,"(512, 512, 6)",gs://suryabench-sharp-pipeline-bamidele/jsoc_2025_2026_production_v1/samples_npz/2026/20260129_1724_HARP14343_NOAA14372.npz,success,2026-06-24T04:39:06.631134+00:00
20260129_1900_HARP14343_NOAA14372,2026_HARP14343_20260129_1100_20260130_0300,2026-01-29 19:00:00,14343,14372,0,saved,"(512, 512, 6)",gs://suryabench-sharp-pipeline-bamidele/jsoc_2025_2026_production_v1/samples_npz/2026/20260129_1900_HARP14343_NOAA14372.npz,success,2026-06-24T04:39:12.633034+00:00
20260129_2036_HARP14343_NOAA14372,2026_HARP14343_20260129_1100_20260130_0300,2026-01-29 20:36:00,14343,14372,0,saved,"(512, 512, 6)",gs://suryabench-sharp-pipeline-bamidele/jsoc_2025_2026_production_v1/samples_npz/2026/20260129_2036_HARP14343_NOAA14372.npz,success,2026-06-24T04:39:18.610587+00:00
20260129_2212_HARP14343_NOAA14372,2026_HARP14343_20260129_1100_20260130_0300,2026-01-29 22:12:00,14343,14372,0,saved,"(512, 512, 6)",gs://suryabench-sharp-pipeline-bamidele/jsoc_2025_2026_production_v1/samples_npz/2026/20260129_2212_HARP14343_NOAA14372.npz,success,2026-06-24T04:39:24.569278+00:00
20260129_2348_HARP14343_NOAA14372,2026_HARP14343_20260129_1100_20260130_0300,2026-01-29 23:48:00,14343,14372,0,saved,"(512, 512, 6)",gs://suryabench-sharp-pipeline-bamidele/jsoc_2025_2026_production_v1/samples_npz/2026/20260129_2348_HARP14343_NOAA14372.npz,success,2026-06-24T04:39:30.416498+00:00
20260130_0124_HARP14343_NOAA14372,2026_HARP14343_20260129_1100_20260130_0300,2026-01-30 01:24:00,14343,14372,0,saved,"(512, 512, 6)",gs://suryabench-sharp-pipeline-bamidele/jsoc_2025_2026_production_v1/samples_npz/2026/20260130_0124_HARP14343_NOAA14372.npz,success,2026-06-24T04:39:36.276402+00:00
20260130_0300_HARP14343_NOAA14372,2026_HARP14343_20260129_1100_20260130_0300,2026-01-30 03:00:00,14343,14372,0,saved,"(512, 512, 6)",gs://suryabench-sharp-pipeline-bamidele/jsoc_2025_2026_production_v1/samples_npz/2026/20260130_0300_HARP14343_NOAA14372.npz,success,2026-06-24T04:39:42.111922+00:00
20260129_1112_HARP14344_NOAA14359,2026_HARP14344_20260129_1112_20260130_0624,2026-01-29 11:12:00,14344,14359,0,saved,"(512, 512, 6)",gs://suryabench-sharp-pipeline-bamidele/jsoc_2025_2026_production_v1/samples_npz/2026/20260129_1112_HARP14344_NOAA14359.npz,success,2026-06-24T05:00:14.469935+00:00
20260129_1248_HARP14344_NOAA14359,2026_HARP14344_20260129_1112_20260130_0624,2026-01-29 12:48:00,14344,14359,0,saved,"(512, 512, 6)",gs://suryabench-sharp-pipeline-bamidele/jsoc_2025_2026_production_v1/samples_npz/2026/20260129_1248_HARP14344_NOAA14359.npz,success,2026-06-24T05:00:20.449182+00:00
20260129_1424_HARP14344_NOAA14359,2026_HARP14344_20260129_1112_20260130_0624,2026-01-29 14:24:00,14344,14359,0,saved,"(512, 512, 6)",gs://suryabench-sharp-pipeline-bamidele/jsoc_2025_2026_production_v1/samples_npz/2026/20260129_1424_HARP14344_NOAA14359.npz,success,2026-06-24T05:00:26.447444+00:00
20260129_1600_HARP14344_NOAA14359,2026_HARP14344_20260129_1112_20260130_0624,2026-01-29 16:00:00,14344,14359,0,saved,"(512, 512, 6)",gs://suryabench-sharp-pipeline-bamidele/jsoc_2025_2026_production_v1/samples_npz/2026/20260129_1600_HARP14344_NOAA14359.npz,success,2026-06-24T05:00:32.399674+00:00
20260129_1736_HARP14344_NOAA14359,2026_HARP14344_20260129_1112_20260130_0624,2026-01-29 17:36:00,14344,14359,0,saved,"(512, 512, 6)",gs://suryabench-sharp-pipeline-bamidele/jsoc_2025_2026_production_v1/samples_npz/2026/20260129_1736_HARP14344_NOAA14359.npz,success,2026-06-24T05:00:38.329368+00:00
20260129_1912_HARP14344_NOAA14359,2026_HARP14344_20260129_1112_20260130_0624,2026-01-29 19:12:00,14344,14359,0,saved,"(512, 512, 6)",gs://suryabench-sharp-pipeline-bamidele/jsoc_2025_2026_production_v1/samples_npz/2026/20260129_1912_HARP14344_NOAA14359.npz,success,2026-06-24T05:00:44.241773+00:00
20260129_2048_HARP14344_NOAA14359,2026_HARP14344_20260129_1112_20260130_0624,2026-01-29 20:48:00,14344,14359,0,saved,"(512, 512, 6)",gs://suryabench-sharp-pipeline-bamidele/jsoc_2025_2026_production_v1/samples_npz/2026/20260129_2048_HARP14344_NOAA14359.npz,success,2026-06-24T05:00:50.157430+00:00
20260129_2224_HARP14344_NOAA14359,2026_HARP14344_20260129_1112_20260130_0624,2026-01-29 22:24:00,14344,14359,0,saved,"(512, 512, 6)",gs://suryabench-sharp-pipeline-bamidele/jsoc_2025_2026_production_v1/samples_npz/2026/20260129_2224_HARP14344_NOAA14359.npz,success,2026-06-24T05:00:56.025500+00:00
20260130_0000_HARP14344_NOAA14359,2026_HARP14344_20260129_1112_20260130_0624,2026-01-30 00:00:00,14344,14359,0,saved,"(512, 512, 6)",gs://suryabench-sharp-pipeline-bamidele/jsoc_2025_2026_production_v1/samples_npz/2026/20260130_0000_HARP14344_NOAA14359.npz,success,2026-06-24T05:01:01.986183+00:00
20260130_0136_HARP14344_NOAA14359,2026_HARP14344_20260129_1112_20260130_0624,2026-01-30 01:36:00,14344,14359,0,saved,"(512, 512, 6)",gs://suryabench-sharp-pipeline-bamidele/jsoc_2025_2026_production_v1/samples_npz/2026/20260130_0136_HARP14344_NOAA14359.npz,success,2026-06-24T05:01:07.875952+00:00
20260130_0312_HARP14344_NOAA14359,2026_HARP14344_20260129_1112_20260130_0624,2026-01-30 03:12:00,14344,14359,0,saved,"(512, 512, 6)",gs://suryabench-sharp-pipeline-bamidele/jsoc_2025_2026_production_v1/samples_npz/2026/20260130_0312_HARP14344_NOAA14359.npz,success,2026-06-24T05:01:14.273579+00:00
20260130_0448_HARP14344_NOAA14359,2026_HARP14344_20260129_1112_20260130_0624,2026-01-30 04:48:00,14344,14359,0,saved,"(512, 512, 6)",gs://suryabench-sharp-pipeline-bamidele/jsoc_2025_2026_production_v1/samples_npz/2026/20260130_0448_HARP14344_NOAA14359.npz,success,2026-06-24T05:01:20.234789+00:00
20260130_0624_HARP14344_NOAA14359,2026_HARP14344_20260129_1112_20260130_0624,2026-01-30 06:24:00,14344,14359,0,saved,"(512, 512, 6)",gs://suryabench-sharp-pipeline-bamidele/jsoc_2025_2026_production_v1/samples_npz/2026/20260130_0624_HARP14344_NOAA14359.npz,success,2026-06-24T05:01:26.292278+00:00
20260129_1936_HARP14328_NOAA14365,2026_HARP14328_20260129_1936_20260130_0512,2026-01-29 19:36:00,14328,14365,0,saved,"(512, 512, 6)",gs://suryabench-sharp-pipeline-bamidele/jsoc_2025_2026_production_v1/samples_npz/2026/20260129_1936_HARP14328_NOAA14365.npz,success,2026-06-24T05:09:57.924621+00:00
20260129_2112_HARP14328_NOAA14365,2026_HARP14328_20260129_1936_20260130_0512,2026-01-29 21:12:00,14328,14365,0,saved,"(512, 512, 6)",gs://suryabench-sharp-pipeline-bamidele/jsoc_2025_2026_production_v1/samples_npz/2026/20260129_2112_HARP14328_NOAA14365.npz,success,2026-06-24T05:10:04.067882+00:00
20260129_2248_HARP14328_NOAA14365,2026_HARP14328_20260129_1936_20260130_0512,2026-01-29 22:48:00,14328,14365,0,saved,"(512, 512, 6)",gs://suryabench-sharp-pipeline-bamidele/jsoc_2025_2026_production_v1/samples_npz/2026/20260129_2248_HARP14328_NOAA14365.npz,success,2026-06-24T05:10:10.217565+00:00
20260130_0024_HARP14328_NOAA14365,2026_HARP14328_20260129_1936_20260130_0512,2026-01-30 00:24:00,14328,14365,0,saved,"(512, 512, 6)",gs://suryabench-sharp-pipeline-bamidele/jsoc_2025_2026_production_v1/samples_npz/2026/20260130_0024_HARP14328_NOAA14365.npz,success,2026-06-24T05:10:16.499497+00:00
20260130_0200_HARP14328_NOAA14365,2026_HARP14328_20260129_1936_20260130_0512,2026-01-30 02:00:00,14328,14365,0,saved,"(512, 512, 6)",gs://suryabench-sharp-pipeline-bamidele/jsoc_2025_2026_production_v1/samples_npz/2026/20260130_0200_HARP14328_NOAA14365.npz,success,2026-06-24T05:10:22.658924+00:00
20260130_0336_HARP14328_NOAA14365,2026_HARP14328_20260129_1936_20260130_0512,2026-01-30 03:36:00,14328,14365,0,saved,"(512, 512, 6)",gs://suryabench-sharp-pipeline-bamidele/jsoc_2025_2026_production_v1/samples_npz/2026/20260130_0336_HARP14328_NOAA14365.npz,success,2026-06-24T05:10:28.837373+00:00
20260130_0512_HARP14328_NOAA14365,2026_HARP14328_20260129_1936_20260130_0512,2026-01-30 05:12:00,14328,14365,0,saved,"(512, 512, 6)",gs://suryabench-sharp-pipeline-bamidele/jsoc_2025_2026_production_v1/samples_npz/2026/20260130_0512_HARP14328_NOAA14365.npz,success,2026-06-24T05:10:35.010300+00:00
20260130_0612_HARP14343_NOAA14372,2026_HARP14343_20260130_0612_20260130_0612,2026-01-30 06:12:00,14343,14372,0,saved,"(512, 512, 6)",gs://suryabench-sharp-pipeline-bamidele/jsoc_2025_2026_production_v1/samples_npz/2026/20260130_0612_HARP14343_NOAA14372.npz,success,2026-06-24T05:17:23.739706+00:00
20260130_0848_HARP14328_NOAA14365,2026_HARP14328_20260130_0848_20260131_0536,2026-01-30 08:48:00,14328,14365,0,saved,"(512, 512, 6)",gs://suryabench-sharp-pipeline-bamidele/jsoc_2025_2026_production_v1/samples_npz/2026/20260130_0848_HARP14328_NOAA14365.npz,success,2026-06-24T05:27:22.480405+00:00
20260130_1024_HARP14328_NOAA14365,2026_HARP14328_20260130_0848_20260131_0536,2026-01-30 10:24:00,14328,14365,0,saved,"(512, 512, 6)",gs://suryabench-sharp-pipeline-bamidele/jsoc_2025_2026_production_v1/samples_npz/2026/20260130_1024_HARP14328_NOAA14365.npz,success,2026-06-24T05:27:28.970771+00:00
20260130_1200_HARP14328_NOAA14365,2026_HARP14328_20260130_0848_20260131_0536,2026-01-30 12:00:00,14328,14365,0,saved,"(512, 512, 6)",gs://suryabench-sharp-pipeline-bamidele/jsoc_2025_2026_production_v1/samples_npz/2026/20260130_1200_HARP14328_NOAA14365.npz,success,2026-06-24T05:27:35.507063+00:00
20260130_1336_HARP14328_NOAA14365,2026_HARP14328_20260130_0848_20260131_0536,2026-01-30 13:36:00,14328,14365,0,saved,"(512, 512, 6)",gs://suryabench-sharp-pipeline-bamidele/jsoc_2025_2026_production_v1/samples_npz/2026/20260130_1336_HARP14328_NOAA14365.npz,success,2026-06-24T05:27:42.032807+00:00
20260130_1512_HARP14328_NOAA14365,2026_HARP14328_20260130_0848_20260131_0536,2026-01-30 15:12:00,14328,14365,0,saved,"(512, 512, 6)",gs://suryabench-sharp-pipeline-bamidele/jsoc_2025_2026_production_v1/samples_npz/2026/20260130_1512_HARP14328_NOAA14365.npz,success,2026-06-24T05:27:48.788094+00:00
20260130_1648_HARP14328_NOAA14365,2026_HARP14328_20260130_0848_20260131_0536,2026-01-30 16:48:00,14328,14365,0,saved,"(512, 512, 6)",gs://suryabench-sharp-pipeline-bamidele/jsoc_2025_2026_production_v1/samples_npz/2026/20260130_1648_HARP14328_NOAA14365.npz,success,2026-06-24T05:27:55.313266+00:00
20260130_1824_HARP14328_NOAA14365,2026_HARP14328_20260130_0848_20260131_0536,2026-01-30 18:24:00,14328,14365,0,saved,"(512, 512, 6)",gs://suryabench-sharp-pipeline-bamidele/jsoc_2025_2026_production_v1/samples_npz/2026/20260130_1824_HARP14328_NOAA14365.npz,success,2026-06-24T05:28:01.866201+00:00
20260130_2000_HARP14328_NOAA14365,2026_HARP14328_20260130_0848_20260131_0536,2026-01-30 20:00:00,14328,14365,0,saved,"(512, 512, 6)",gs://suryabench-sharp-pipeline-bamidele/jsoc_2025_2026_production_v1/samples_npz/2026/20260130_2000_HARP14328_NOAA14365.npz,success,2026-06-24T05:28:08.449703+00:00
20260130_2136_HARP14328_NOAA14365,2026_HARP14328_20260130_0848_20260131_0536,2026-01-30 21:36:00,14328,14365,0,saved,"(512, 512, 6)",gs://suryabench-sharp-pipeline-bamidele/jsoc_2025_2026_production_v1/samples_npz/2026/20260130_2136_HARP14328_NOAA14365.npz,success,2026-06-24T05:28:14.949387+00:00
20260130_2312_HARP14328_NOAA14365,2026_HARP14328_20260130_0848_20260131_0536,2026-01-30 23:12:00,14328,14365,0,saved,"(512, 512, 6)",gs://suryabench-sharp-pipeline-bamidele/jsoc_2025_2026_production_v1/samples_npz/2026/20260130_2312_HARP14328_NOAA14365.npz,success,2026-06-24T05:28:21.467767+00:00
20260131_0048_HARP14328_NOAA14365,2026_HARP14328_20260130_0848_20260131_0536,2026-01-31 00:48:00,14328,14365,0,saved,"(512, 512, 6)",gs://suryabench-sharp-pipeline-bamidele/jsoc_2025_2026_production_v1/samples_npz/2026/20260131_0048_HARP14328_NOAA14365.npz,success,2026-06-24T05:28:28.060882+00:00
20260131_0224_HARP14328_NOAA14365,2026_HARP14328_20260130_0848_20260131_0536,2026-01-31 02:24:00,14328,14365,0,saved,"(512, 512, 6)",gs://suryabench-sharp-pipeline-bamidele/jsoc_2025_2026_production_v1/samples_npz/2026/20260131_0224_HARP14328_NOAA14365.npz,success,2026-06-24T05:28:34.633250+00:00
20260131_0400_HARP14328_NOAA14365,2026_HARP14328_20260130_0848_20260131_0536,2026-01-31 04:00:00,14328,14365,0,saved,"(512, 512, 6)",gs://suryabench-sharp-pipeline-bamidele/jsoc_2025_2026_production_v1/samples_npz/2026/20260131_0400_HARP14328_NOAA14365.npz,success,2026-06-24T05:28:41.191506+00:00
20260131_0536_HARP14328_NOAA14365,2026_HARP14328_20260130_0848_20260131_0536,2026-01-31 05:36:00,14328,14365,0,saved,"(512, 512, 6)",gs://suryabench-sharp-pipeline-bamidele/jsoc_2025_2026_production_v1/samples_npz/2026/20260131_0536_HARP14328_NOAA14365.npz,success,2026-06-24T05:28:47.701439+00:00
20260130_1000_HARP14344_NOAA14359,2026_HARP14344_20260130_1000_20260130_1624,2026-01-30 10:00:00,14344,14359,0,saved,"(512, 512, 6)",gs://suryabench-sharp-pipeline-bamidele/jsoc_2025_2026_production_v1/samples_npz/2026/20260130_1000_HARP14344_NOAA14359.npz,success,2026-06-24T05:36:14.211427+00:00
20260130_1136_HARP14344_NOAA14359,2026_HARP14344_20260130_1000_20260130_1624,2026-01-30 11:36:00,14344,14359,0,saved,"(512, 512, 6)",gs://suryabench-sharp-pipeline-bamidele/jsoc_2025_2026_production_v1/samples_npz/2026/20260130_1136_HARP14344_NOAA14359.npz,success,2026-06-24T05:36:20.937007+00:00
20260130_1312_HARP14344_NOAA14359,2026_HARP14344_20260130_1000_20260130_1624,2026-01-30 13:12:00,14344,14359,0,saved,"(512, 512, 6)",gs://suryabench-sharp-pipeline-bamidele/jsoc_2025_2026_production_v1/samples_npz/2026/20260130_1312_HARP14344_NOAA14359.npz,success,2026-06-24T05:36:27.427787+00:00
20260130_1448_HARP14344_NOAA14359,2026_HARP14344_20260130_1000_20260130_1624,2026-01-30 14:48:00,14344,14359,0,saved,"(512, 512, 6)",gs://suryabench-sharp-pipeline-bamidele/jsoc_2025_2026_production_v1/samples_npz/2026/20260130_1448_HARP14344_NOAA14359.npz,success,2026-06-24T05:36:33.927289+00:00
20260130_1624_HARP14344_NOAA14359,2026_HARP14344_20260130_1000_20260130_1624,2026-01-30 16:24:00,14344,14359,0,saved,"(512, 512, 6)",gs://suryabench-sharp-pipeline-bamidele/jsoc_2025_2026_production_v1/samples_npz/2026/20260130_1624_HARP14344_NOAA14359.npz,success,2026-06-24T05:36:40.560589+00:00
20260130_1124_HARP14343_NOAA14372,2026_HARP14343_20260130_1124_20260130_1300,2026-01-30 11:24:00,14343,14372,0,saved,"(512, 512, 6)",gs://suryabench-sharp-pipeline-bamidele/jsoc_2025_2026_production_v1/samples_npz/2026/20260130_1124_HARP14343_NOAA14372.npz,success,2026-06-24T05:43:39.884378+00:00
20260130_1300_HARP14343_NOAA14372,2026_HARP14343_20260130_1124_20260130_1300,2026-01-30 13:00:00,14343,14372,0,saved,"(512, 512, 6)",gs://suryabench-sharp-pipeline-bamidele/jsoc_2025_2026_production_v1/samples_npz/2026/20260130_1300_HARP14343_NOAA14372.npz,success,2026-06-24T05:43:46.511126+00:00
20260130_1312_HARP14337_NOAA14358,2026_HARP14337_20260130_1312_20260130_1624,2026-01-30 13:12:00,14337,14358,0,saved,"(512, 512, 6)",gs://suryabench-sharp-pipeline-bamidele/jsoc_2025_2026_production_v1/samples_npz/2026/20260130_1312_HARP14337_NOAA14358.npz,success,2026-06-24T05:50:41.445948+00:00
20260130_1448_HARP14337_NOAA14358,2026_HARP14337_20260130_1312_20260130_1624,2026-01-30 14:48:00,14337,14358,0,saved,"(512, 512, 6)",gs://suryabench-sharp-pipeline-bamidele/jsoc_2025_2026_production_v1/samples_npz/2026/20260130_1448_HARP14337_NOAA14358.npz,success,2026-06-24T05:50:48.059278+00:00
20260130_1624_HARP14337_NOAA14358,2026_HARP14337_20260130_1312_20260130_1624,2026-01-30 16:24:00,14337,14358,0,saved,"(512, 512, 6)",gs://suryabench-sharp-pipeline-bamidele/jsoc_2025_2026_production_v1/samples_npz/2026/20260130_1624_HARP14337_NOAA14358.npz,success,2026-06-24T05:50:55.173200+00:00
20260130_1612_HARP14343_NOAA14372,2026_HARP14343_20260130_1612_20260131_0636,2026-01-30 16:12:00,14343,14372,0,saved,"(512, 512, 6)",gs://suryabench-sharp-pipeline-bamidele/jsoc_2025_2026_production_v1/samples_npz/2026/20260130_1612_HARP14343_NOAA14372.npz,success,2026-06-24T06:00:29.375060+00:00
20260130_1748_HARP14343_NOAA14372,2026_HARP14343_20260130_1612_20260131_0636,2026-01-30 17:48:00,14343,14372,0,saved,"(512, 512, 6)",gs://suryabench-sharp-pipeline-bamidele/jsoc_2025_2026_production_v1/samples_npz/2026/20260130_1748_HARP14343_NOAA14372.npz,success,2026-06-24T06:00:36.230466+00:00
20260130_1924_HARP14343_NOAA14372,2026_HARP14343_20260130_1612_20260131_0636,2026-01-30 19:24:00,14343,14372,0,saved,"(512, 512, 6)",gs://suryabench-sharp-pipeline-bamidele/jsoc_2025_2026_production_v1/samples_npz/2026/20260130_1924_HARP14343_NOAA14372.npz,success,2026-06-24T06:00:42.824763+00:00
20260130_2100_HARP14343_NOAA14372,2026_HARP14343_20260130_1612_20260131_0636,2026-01-30 21:00:00,14343,14372,0,saved,"(512, 512, 6)",gs://suryabench-sharp-pipeline-bamidele/jsoc_2025_2026_production_v1/samples_npz/2026/20260130_2100_HARP14343_NOAA14372.npz,success,2026-06-24T06:00:49.457282+00:00
20260130_2236_HARP14343_NOAA14372,2026_HARP14343_20260130_1612_20260131_0636,2026-01-30 22:36:00,14343,14372,0,saved,"(512, 512, 6)",gs://suryabench-sharp-pipeline-bamidele/jsoc_2025_2026_production_v1/samples_npz/2026/20260130_2236_HARP14343_NOAA14372.npz,success,2026-06-24T06:00:56.187449+00:00
20260131_0012_HARP14343_NOAA14372,2026_HARP14343_20260130_1612_20260131_0636,2026-01-31 00:12:00,14343,14372,0,saved,"(512, 512, 6)",gs://suryabench-sharp-pipeline-bamidele/jsoc_2025_2026_production_v1/samples_npz/2026/20260131_0012_HARP14343_NOAA14372.npz,success,2026-06-24T06:01:02.832168+00:00
20260131_0148_HARP14343_NOAA14372,2026_HARP14343_20260130_1612_20260131_0636,2026-01-31 01:48:00,14343,14372,0,saved,"(512, 512, 6)",gs://suryabench-sharp-pipeline-bamidele/jsoc_2025_2026_production_v1/samples_npz/2026/20260131_0148_HARP14343_NOAA14372.npz,success,2026-06-24T06:01:09.471193+00:00
20260131_0324_HARP14343_NOAA14372,2026_HARP14343_20260130_1612_20260131_0636,2026-01-31 03:24:00,14343,14372,0,saved,"(512, 512, 6)",gs://suryabench-sharp-pipeline-bamidele/jsoc_2025_2026_production_v1/samples_npz/2026/20260131_0324_HARP14343_NOAA14372.npz,success,2026-06-24T06:01:16.122227+00:00
20260131_0500_HARP14343_NOAA14372,2026_HARP14343_20260130_1612_20260131_0636,2026-01-31 05:00:00,14343,14372,0,saved,"(512, 512, 6)",gs://suryabench-sharp-pipeline-bamidele/jsoc_2025_2026_production_v1/samples_npz/2026/20260131_0500_HARP14343_NOAA14372.npz,success,2026-06-24T06:01:22.810214+00:00
20260131_0636_HARP14343_NOAA14372,2026_HARP14343_20260130_1612_20260131_0636,2026-01-31 06:36:00,14343,14372,0,saved,"(512, 512, 6)",gs://suryabench-sharp-pipeline-bamidele/jsoc_2025_2026_production_v1/samples_npz/2026/20260131_0636_HARP14343_NOAA14372.npz,success,2026-06-24T06:01:29.379110+00:00
20260130_1936_HARP14337_NOAA14358,2026_HARP14337_20260130_1936_20260131_0512,2026-01-30 19:36:00,14337,14358,0,saved,"(512, 512, 6)",gs://suryabench-sharp-pipeline-bamidele/jsoc_2025_2026_production_v1/samples_npz/2026/20260130_1936_HARP14337_NOAA14358.npz,success,2026-06-24T06:10:41.442858+00:00
20260130_2112_HARP14337_NOAA14358,2026_HARP14337_20260130_1936_20260131_0512,2026-01-30 21:12:00,14337,14358,0,saved,"(512, 512, 6)",gs://suryabench-sharp-pipeline-bamidele/jsoc_2025_2026_production_v1/samples_npz/2026/20260130_2112_HARP14337_NOAA14358.npz,success,2026-06-24T06:10:48.251888+00:00
20260130_2248_HARP14337_NOAA14358,2026_HARP14337_20260130_1936_20260131_0512,2026-01-30 22:48:00,14337,14358,0,saved,"(512, 512, 6)",gs://suryabench-sharp-pipeline-bamidele/jsoc_2025_2026_production_v1/samples_npz/2026/20260130_2248_HARP14337_NOAA14358.npz,success,2026-06-24T06:10:55.234405+00:00
20260131_0024_HARP14337_NOAA14358,2026_HARP14337_20260130_1936_20260131_0512,2026-01-31 00:24:00,14337,14358,0,saved,"(512, 512, 6)",gs://suryabench-sharp-pipeline-bamidele/jsoc_2025_2026_production_v1/samples_npz/2026/20260131_0024_HARP14337_NOAA14358.npz,success,2026-06-24T06:11:01.933268+00:00
20260131_0200_HARP14337_NOAA14358,2026_HARP14337_20260130_1936_20260131_0512,2026-01-31 02:00:00,14337,14358,0,saved,"(512, 512, 6)",gs://suryabench-sharp-pipeline-bamidele/jsoc_2025_2026_production_v1/samples_npz/2026/20260131_0200_HARP14337_NOAA14358.npz,success,2026-06-24T06:11:08.653372+00:00
20260131_0336_HARP14337_NOAA14358,2026_HARP14337_20260130_1936_20260131_0512,2026-01-31 03:36:00,14337,14358,0,saved,"(512, 512, 6)",gs://suryabench-sharp-pipeline-bamidele/jsoc_2025_2026_production_v1/samples_npz/2026/20260131_0336_HARP14337_NOAA14358.npz,success,2026-06-24T06:11:15.285865+00:00
20260131_0512_HARP14337_NOAA14358,2026_HARP14337_20260130_1936_20260131_0512,2026-01-31 05:12:00,14337,14358,0,saved,"(512, 512, 6)",gs://suryabench-sharp-pipeline-bamidele/jsoc_2025_2026_production_v1/samples_npz/2026/20260131_0512_HARP14337_NOAA14358.npz,success,2026-06-24T06:11:22.053951+00:00
20260130_1936_HARP14344_NOAA14359,2026_HARP14344_20260130_1936_20260131_0512,2026-01-30 19:36:00,14344,14359,0,saved,"(512, 512, 6)",gs://suryabench-sharp-pipeline-bamidele/jsoc_2025_2026_production_v1/samples_npz/2026/20260130_1936_HARP14344_NOAA14359.npz,success,2026-06-24T06:20:10.547135+00:00
20260130_2112_HARP14344_NOAA14359,2026_HARP14344_20260130_1936_20260131_0512,2026-01-30 21:12:00,14344,14359,0,saved,"(512, 512, 6)",gs://suryabench-sharp-pipeline-bamidele/jsoc_2025_2026_production_v1/samples_npz/2026/20260130_2112_HARP14344_NOAA14359.npz,success,2026-06-24T06:20:17.205861+00:00
20260130_2248_HARP14344_NOAA14359,2026_HARP14344_20260130_1936_20260131_0512,2026-01-30 22:48:00,14344,14359,0,saved,"(512, 512, 6)",gs://suryabench-sharp-pipeline-bamidele/jsoc_2025_2026_production_v1/samples_npz/2026/20260130_2248_HARP14344_NOAA14359.npz,success,2026-06-24T06:20:23.958689+00:00
20260131_0024_HARP14344_NOAA14359,2026_HARP14344_20260130_1936_20260131_0512,2026-01-31 00:24:00,14344,14359,0,saved,"(512, 512, 6)",gs://suryabench-sharp-pipeline-bamidele/jsoc_2025_2026_production_v1/samples_npz/2026/20260131_0024_HARP14344_NOAA14359.npz,success,2026-06-24T06:20:30.498034+00:00
20260131_0200_HARP14344_NOAA14359,2026_HARP14344_20260130_1936_20260131_0512,2026-01-31 02:00:00,14344,14359,0,saved,"(512, 512, 6)",gs://suryabench-sharp-pipeline-bamidele/jsoc_2025_2026_production_v1/samples_npz/2026/20260131_0200_HARP14344_NOAA14359.npz,success,2026-06-24T06:20:37.068929+00:00
20260131_0336_HARP14344_NOAA14359,2026_HARP14344_20260130_1936_20260131_0512,2026-01-31 03:36:00,14344,14359,0,saved,"(512, 512, 6)",gs://suryabench-sharp-pipeline-bamidele/jsoc_2025_2026_production_v1/samples_npz/2026/20260131_0336_HARP14344_NOAA14359.npz,success,2026-06-24T06:20:43.708029+00:00
20260131_0512_HARP14344_NOAA14359,2026_HARP14344_20260130_1936_20260131_0512,2026-01-31 05:12:00,14344,14359,0,saved,"(512, 512, 6)",gs://suryabench-sharp-pipeline-bamidele/jsoc_2025_2026_production_v1/samples_npz/2026/20260131_0512_HARP14344_NOAA14359.npz,success,2026-06-24T06:20:50.328911+00:00
20260131_0048_HARP14341_NOAA14360,2026_HARP14341_20260131_0048_20260131_0536,2026-01-31 00:48:00,14341,14360,0,saved,"(512, 512, 6)",gs://suryabench-sharp-pipeline-bamidele/jsoc_2025_2026_production_v1/samples_npz/2026/20260131_0048_HARP14341_NOAA14360.npz,success,2026-06-24T06:28:56.575682+00:00
20260131_0224_HARP14341_NOAA14360,2026_HARP14341_20260131_0048_20260131_0536,2026-01-31 02:24:00,14341,14360,0,saved,"(512, 512, 6)",gs://suryabench-sharp-pipeline-bamidele/jsoc_2025_2026_production_v1/samples_npz/2026/20260131_0224_HARP14341_NOAA14360.npz,success,2026-06-24T06:29:03.116430+00:00
20260131_0400_HARP14341_NOAA14360,2026_HARP14341_20260131_0048_20260131_0536,2026-01-31 04:00:00,14341,14360,0,saved,"(512, 512, 6)",gs://suryabench-sharp-pipeline-bamidele/jsoc_2025_2026_production_v1/samples_npz/2026/20260131_0400_HARP14341_NOAA14360.npz,success,2026-06-24T06:29:09.730001+00:00
20260131_0536_HARP14341_NOAA14360,2026_HARP14341_20260131_0048_20260131_0536,2026-01-31 05:36:00,14341,14360,0,saved,"(512, 512, 6)",gs://suryabench-sharp-pipeline-bamidele/jsoc_2025_2026_production_v1/samples_npz/2026/20260131_0536_HARP14341_NOAA14360.npz,success,2026-06-24T06:29:16.222730+00:00
20260131_0848_HARP14337_NOAA14358,2026_HARP14337_20260131_0848_20260201_0748,2026-01-31 08:48:00,14337,14358,0,saved,"(512, 512, 6)",gs://suryabench-sharp-pipeline-bamidele/jsoc_2025_2026_production_v1/samples_npz/2026/20260131_0848_HARP14337_NOAA14358.npz,success,2026-06-24T06:46:37.196651+00:00
20260131_1024_HARP14337_NOAA14358,2026_HARP14337_20260131_0848_20260201_0748,2026-01-31 10:24:00,14337,14358,0,saved,"(512, 512, 6)",gs://suryabench-sharp-pipeline-bamidele/jsoc_2025_2026_production_v1/samples_npz/2026/20260131_1024_HARP14337_NOAA14358.npz,success,2026-06-24T06:46:43.891889+00:00
20260131_1200_HARP14337_NOAA14358,2026_HARP14337_20260131_0848_20260201_0748,2026-01-31 12:00:00,14337,14358,0,saved,"(512, 512, 6)",gs://suryabench-sharp-pipeline-bamidele/jsoc_2025_2026_production_v1/samples_npz/2026/20260131_1200_HARP14337_NOAA14358.npz,success,2026-06-24T06:46:50.514836+00:00
20260131_1336_HARP14337_NOAA14358,2026_HARP14337_20260131_0848_20260201_0748,2026-01-31 13:36:00,14337,14358,0,saved,"(512, 512, 6)",gs://suryabench-sharp-pipeline-bamidele/jsoc_2025_2026_production_v1/samples_npz/2026/20260131_1336_HARP14337_NOAA14358.npz,success,2026-06-24T06:46:57.185408+00:00
20260131_1512_HARP14337_NOAA14358,2026_HARP14337_20260131_0848_20260201_0748,2026-01-31 15:12:00,14337,14358,0,saved,"(512, 512, 6)",gs://suryabench-sharp-pipeline-bamidele/jsoc_2025_2026_production_v1/samples_npz/2026/20260131_1512_HARP14337_NOAA14358.npz,success,2026-06-24T06:47:03.795806+00:00
20260131_1648_HARP14337_NOAA14358,2026_HARP14337_20260131_0848_20260201_0748,2026-01-31 16:48:00,14337,14358,0,saved,"(512, 512, 6)",gs://suryabench-sharp-pipeline-bamidele/jsoc_2025_2026_production_v1/samples_npz/2026/20260131_1648_HARP14337_NOAA14358.npz,success,2026-06-24T06:47:10.455931+00:00
20260131_1824_HARP14337_NOAA14358,2026_HARP14337_20260131_0848_20260201_0748,2026-01-31 18:24:00,14337,14358,0,saved,"(512, 512, 6)",gs://suryabench-sharp-pipeline-bamidele/jsoc_2025_2026_production_v1/samples_npz/2026/20260131_1824_HARP14337_NOAA14358.npz,success,2026-06-24T06:47:17.115277+00:00
20260131_2000_HARP14337_NOAA14358,2026_HARP14337_20260131_0848_20260201_0748,2026-01-31 20:00:00,14337,14358,0,saved,"(512, 512, 6)",gs://suryabench-sharp-pipeline-bamidele/jsoc_2025_2026_production_v1/samples_npz/2026/20260131_2000_HARP14337_NOAA14358.npz,success,2026-06-24T06:47:23.820575+00:00
20260131_2136_HARP14337_NOAA14358,2026_HARP14337_20260131_0848_20260201_0748,2026-01-31 21:36:00,14337,14358,0,saved,"(512, 512, 6)",gs://suryabench-sharp-pipeline-bamidele/jsoc_2025_2026_production_v1/samples_npz/2026/20260131_2136_HARP14337_NOAA14358.npz,success,2026-06-24T06:47:30.449248+00:00
20260131_2312_HARP14337_NOAA14358,2026_HARP14337_20260131_0848_20260201_0748,2026-01-31 23:12:00,14337,14358,0,saved,"(512, 512, 6)",gs://suryabench-sharp-pipeline-bamidele/jsoc_2025_2026_production_v1/samples_npz/2026/20260131_2312_HARP14337_NOAA14358.npz,success,2026-06-24T06:47:37.502647+00:00
20260201_0048_HARP14337_NOAA14358,2026_HARP14337_20260131_0848_20260201_0748,2026-02-01 00:48:00,14337,14358,0,saved,"(512, 512, 6)",gs://suryabench-sharp-pipeline-bamidele/jsoc_2025_2026_production_v1/samples_npz/2026/20260201_0048_HARP14337_NOAA14358.npz,success,2026-06-24T06:47:44.276395+00:00
20260201_0224_HARP14337_NOAA14358,2026_HARP14337_20260131_0848_20260201_0748,2026-02-01 02:24:00,14337,14358,0,saved,"(512, 512, 6)",gs://suryabench-sharp-pipeline-bamidele/jsoc_2025_2026_production_v1/samples_npz/2026/20260201_0224_HARP14337_NOAA14358.npz,success,2026-06-24T06:47:51.028630+00:00
20260201_0400_HARP14337_NOAA14358,2026_HARP14337_20260131_0848_20260201_0748,2026-02-01 04:00:00,14337,14358,0,saved,"(512, 512, 6)",gs://suryabench-sharp-pipeline-bamidele/jsoc_2025_2026_production_v1/samples_npz/2026/20260201_0400_HARP14337_NOAA14358.npz,success,2026-06-24T06:47:57.729778+00:00
20260201_0536_HARP14337_NOAA14358,2026_HARP14337_20260131_0848_20260201_0748,2026-02-01 05:36:00,14337,14358,0,saved,"(512, 512, 6)",gs://suryabench-sharp-pipeline-bamidele/jsoc_2025_2026_production_v1/samples_npz/2026/20260201_0536_HARP14337_NOAA14358.npz,success,2026-06-24T06:48:04.470355+00:00
20260201_0748_HARP14337_NOAA14358,2026_HARP14337_20260131_0848_20260201_0748,2026-02-01 07:48:00,14337,14358,0,saved,"(512, 512, 6)",gs://suryabench-sharp-pipeline-bamidele/jsoc_2025_2026_production_v1/samples_npz/2026/20260201_0748_HARP14337_NOAA14358.npz,success,2026-06-24T06:48:11.173312+00:00
20260131_0848_HARP14344_NOAA14359,2026_HARP14344_20260131_0848_20260201_0748,2026-01-31 08:48:00,14344,14359,0,saved,"(512, 512, 6)",gs://suryabench-sharp-pipeline-bamidele/jsoc_2025_2026_production_v1/samples_npz/2026/20260131_0848_HARP14344_NOAA14359.npz,success,2026-06-24T07:04:40.434787+00:00
20260131_1024_HARP14344_NOAA14359,2026_HARP14344_20260131_0848_20260201_0748,2026-01-31 10:24:00,14344,14359,0,saved,"(512, 512, 6)",gs://suryabench-sharp-pipeline-bamidele/jsoc_2025_2026_production_v1/samples_npz/2026/20260131_1024_HARP14344_NOAA14359.npz,success,2026-06-24T07:04:47.147657+00:00
20260131_1200_HARP14344_NOAA14359,2026_HARP14344_20260131_0848_20260201_0748,2026-01-31 12:00:00,14344,14359,0,saved,"(512, 512, 6)",gs://suryabench-sharp-pipeline-bamidele/jsoc_2025_2026_production_v1/samples_npz/2026/20260131_1200_HARP14344_NOAA14359.npz,success,2026-06-24T07:04:53.899345+00:00
20260131_1336_HARP14344_NOAA14359,2026_HARP14344_20260131_0848_20260201_0748,2026-01-31 13:36:00,14344,14359,0,saved,"(512, 512, 6)",gs://suryabench-sharp-pipeline-bamidele/jsoc_2025_2026_production_v1/samples_npz/2026/20260131_1336_HARP14344_NOAA14359.npz,success,2026-06-24T07:05:00.737452+00:00
20260131_1512_HARP14344_NOAA14359,2026_HARP14344_20260131_0848_20260201_0748,2026-01-31 15:12:00,14344,14359,0,saved,"(512, 512, 6)",gs://suryabench-sharp-pipeline-bamidele/jsoc_2025_2026_production_v1/samples_npz/2026/20260131_1512_HARP14344_NOAA14359.npz,success,2026-06-24T07:05:07.917022+00:00
20260131_1648_HARP14344_NOAA14359,2026_HARP14344_20260131_0848_20260201_0748,2026-01-31 16:48:00,14344,14359,0,saved,"(512, 512, 6)",gs://suryabench-sharp-pipeline-bamidele/jsoc_2025_2026_production_v1/samples_npz/2026/20260131_1648_HARP14344_NOAA14359.npz,success,2026-06-24T07:05:14.751808+00:00
20260131_1824_HARP14344_NOAA14359,2026_HARP14344_20260131_0848_20260201_0748,2026-01-31 18:24:00,14344,14359,0,saved,"(512, 512, 6)",gs://suryabench-sharp-pipeline-bamidele/jsoc_2025_2026_production_v1/samples_npz/2026/20260131_1824_HARP14344_NOAA14359.npz,success,2026-06-24T07:05:22.193435+00:00
20260131_2000_HARP14344_NOAA14359,2026_HARP14344_20260131_0848_20260201_0748,2026-01-31 20:00:00,14344,14359,0,saved,"(512, 512, 6)",gs://suryabench-sharp-pipeline-bamidele/jsoc_2025_2026_production_v1/samples_npz/2026/20260131_2000_HARP14344_NOAA14359.npz,success,2026-06-24T07:05:29.885028+00:00
20260131_2136_HARP14344_NOAA14359,2026_HARP14344_20260131_0848_20260201_0748,2026-01-31 21:36:00,14344,14359,0,saved,"(512, 512, 6)",gs://suryabench-sharp-pipeline-bamidele/jsoc_2025_2026_production_v1/samples_npz/2026/20260131_2136_HARP14344_NOAA14359.npz,success,2026-06-24T07:05:37.990993+00:00
20260131_2312_HARP14344_NOAA14359,2026_HARP14344_20260131_0848_20260201_0748,2026-01-31 23:12:00,14344,14359,0,saved,"(512, 512, 6)",gs://suryabench-sharp-pipeline-bamidele/jsoc_2025_2026_production_v1/samples_npz/2026/20260131_2312_HARP14344_NOAA14359.npz,success,2026-06-24T07:05:46.405834+00:00
20260201_0048_HARP14344_NOAA14359,2026_HARP14344_20260131_0848_20260201_0748,2026-02-01 00:48:00,14344,14359,0,saved,"(512, 512, 6)",gs://suryabench-sharp-pipeline-bamidele/jsoc_2025_2026_production_v1/samples_npz/2026/20260201_0048_HARP14344_NOAA14359.npz,success,2026-06-24T07:05:55.844494+00:00
20260201_0224_HARP14344_NOAA14359,2026_HARP14344_20260131_0848_20260201_0748,2026-02-01 02:24:00,14344,14359,0,saved,"(512, 512, 6)",gs://suryabench-sharp-pipeline-bamidele/jsoc_2025_2026_production_v1/samples_npz/2026/20260201_0224_HARP14344_NOAA14359.npz,success,2026-06-24T07:06:04.836854+00:00
20260201_0400_HARP14344_NOAA14359,2026_HARP14344_20260131_0848_20260201_0748,2026-02-01 04:00:00,14344,14359,0,saved,"(512, 512, 6)",gs://suryabench-sharp-pipeline-bamidele/jsoc_2025_2026_production_v1/samples_npz/2026/20260201_0400_HARP14344_NOAA14359.npz,success,2026-06-24T07:06:13.931481+00:00
20260201_0536_HARP14344_NOAA14359,2026_HARP14344_20260131_0848_20260201_0748,2026-02-01 05:36:00,14344,14359,0,saved,"(512, 512, 6)",gs://suryabench-sharp-pipeline-bamidele/jsoc_2025_2026_production_v1/samples_npz/2026/20260201_0536_HARP14344_NOAA14359.npz,success,2026-06-24T07:06:21.866360+00:00
20260201_0748_HARP14344_NOAA14359,2026_HARP14344_20260131_0848_20260201_0748,2026-02-01 07:48:00,14344,14359,0,saved,"(512, 512, 6)",gs://suryabench-sharp-pipeline-bamidele/jsoc_2025_2026_production_v1/samples_npz/2026/20260201_0748_HARP14344_NOAA14359.npz,success,2026-06-24T07:06:29.905789+00:00
20260131_0912_HARP14328_NOAA14365,2026_HARP14328_20260131_0912_20260201_0248,2026-01-31 09:12:00,14328,14365,0,saved,"(512, 512, 6)",gs://suryabench-sharp-pipeline-bamidele/jsoc_2025_2026_production_v1/samples_npz/2026/20260131_0912_HARP14328_NOAA14365.npz,success,2026-06-24T07:16:23.837275+00:00
20260131_1048_HARP14328_NOAA14365,2026_HARP14328_20260131_0912_20260201_0248,2026-01-31 10:48:00,14328,14365,0,saved,"(512, 512, 6)",gs://suryabench-sharp-pipeline-bamidele/jsoc_2025_2026_production_v1/samples_npz/2026/20260131_1048_HARP14328_NOAA14365.npz,success,2026-06-24T07:16:30.674657+00:00
20260131_1224_HARP14328_NOAA14365,2026_HARP14328_20260131_0912_20260201_0248,2026-01-31 12:24:00,14328,14365,0,saved,"(512, 512, 6)",gs://suryabench-sharp-pipeline-bamidele/jsoc_2025_2026_production_v1/samples_npz/2026/20260131_1224_HARP14328_NOAA14365.npz,success,2026-06-24T07:16:37.705837+00:00
20260131_1400_HARP14328_NOAA14365,2026_HARP14328_20260131_0912_20260201_0248,2026-01-31 14:00:00,14328,14365,0,saved,"(512, 512, 6)",gs://suryabench-sharp-pipeline-bamidele/jsoc_2025_2026_production_v1/samples_npz/2026/20260131_1400_HARP14328_NOAA14365.npz,success,2026-06-24T07:16:44.646169+00:00
20260131_1536_HARP14328_NOAA14365,2026_HARP14328_20260131_0912_20260201_0248,2026-01-31 15:36:00,14328,14365,0,saved,"(512, 512, 6)",gs://suryabench-sharp-pipeline-bamidele/jsoc_2025_2026_production_v1/samples_npz/2026/20260131_1536_HARP14328_NOAA14365.npz,success,2026-06-24T07:16:51.473269+00:00
20260131_1712_HARP14328_NOAA14365,2026_HARP14328_20260131_0912_20260201_0248,2026-01-31 17:12:00,14328,14365,0,saved,"(512, 512, 6)",gs://suryabench-sharp-pipeline-bamidele/jsoc_2025_2026_production_v1/samples_npz/2026/20260131_1712_HARP14328_NOAA14365.npz,success,2026-06-24T07:16:58.306345+00:00
20260131_1848_HARP14328_NOAA14365,2026_HARP14328_20260131_0912_20260201_0248,2026-01-31 18:48:00,14328,14365,0,saved,"(512, 512, 6)",gs://suryabench-sharp-pipeline-bamidele/jsoc_2025_2026_production_v1/samples_npz/2026/20260131_1848_HARP14328_NOAA14365.npz,success,2026-06-24T07:17:05.317931+00:00
20260131_2024_HARP14328_NOAA14365,2026_HARP14328_20260131_0912_20260201_0248,2026-01-31 20:24:00,14328,14365,0,saved,"(512, 512, 6)",gs://suryabench-sharp-pipeline-bamidele/jsoc_2025_2026_production_v1/samples_npz/2026/20260131_2024_HARP14328_NOAA14365.npz,success,2026-06-24T07:17:12.398214+00:00
20260131_2200_HARP14328_NOAA14365,2026_HARP14328_20260131_0912_20260201_0248,2026-01-31 22:00:00,14328,14365,0,saved,"(512, 512, 6)",gs://suryabench-sharp-pipeline-bamidele/jsoc_2025_2026_production_v1/samples_npz/2026/20260131_2200_HARP14328_NOAA14365.npz,success,2026-06-24T07:17:19.376268+00:00
20260131_2336_HARP14328_NOAA14365,2026_HARP14328_20260131_0912_20260201_0248,2026-01-31 23:36:00,14328,14365,0,saved,"(512, 512, 6)",gs://suryabench-sharp-pipeline-bamidele/jsoc_2025_2026_production_v1/samples_npz/2026/20260131_2336_HARP14328_NOAA14365.npz,success,2026-06-24T07:17:26.408875+00:00
20260201_0112_HARP14328_NOAA14365,2026_HARP14328_20260131_0912_20260201_0248,2026-02-01 01:12:00,14328,14365,0,saved,"(512, 512, 6)",gs://suryabench-sharp-pipeline-bamidele/jsoc_2025_2026_production_v1/samples_npz/2026/20260201_0112_HARP14328_NOAA14365.npz,success,2026-06-24T07:17:33.388296+00:00
20260201_0248_HARP14328_NOAA14365,2026_HARP14328_20260131_0912_20260201_0248,2026-02-01 02:48:00,14328,14365,0,saved,"(512, 512, 6)",gs://suryabench-sharp-pipeline-bamidele/jsoc_2025_2026_production_v1/samples_npz/2026/20260201_0248_HARP14328_NOAA14365.npz,success,2026-06-24T07:17:40.474590+00:00
20260131_0912_HARP14341_NOAA14360,2026_HARP14341_20260131_0912_20260201_0248,2026-01-31 09:12:00,14341,14360,0,saved,"(512, 512, 6)",gs://suryabench-sharp-pipeline-bamidele/jsoc_2025_2026_production_v1/samples_npz/2026/20260131_0912_HARP14341_NOAA14360.npz,success,2026-06-24T07:27:37.192481+00:00
20260131_1048_HARP14341_NOAA14360,2026_HARP14341_20260131_0912_20260201_0248,2026-01-31 10:48:00,14341,14360,0,saved,"(512, 512, 6)",gs://suryabench-sharp-pipeline-bamidele/jsoc_2025_2026_production_v1/samples_npz/2026/20260131_1048_HARP14341_NOAA14360.npz,success,2026-06-24T07:27:43.836153+00:00
20260131_1224_HARP14341_NOAA14360,2026_HARP14341_20260131_0912_20260201_0248,2026-01-31 12:24:00,14341,14360,0,saved,"(512, 512, 6)",gs://suryabench-sharp-pipeline-bamidele/jsoc_2025_2026_production_v1/samples_npz/2026/20260131_1224_HARP14341_NOAA14360.npz,success,2026-06-24T07:27:50.456120+00:00
20260131_1400_HARP14341_NOAA14360,2026_HARP14341_20260131_0912_20260201_0248,2026-01-31 14:00:00,14341,14360,0,saved,"(512, 512, 6)",gs://suryabench-sharp-pipeline-bamidele/jsoc_2025_2026_production_v1/samples_npz/2026/20260131_1400_HARP14341_NOAA14360.npz,success,2026-06-24T07:27:57.248013+00:00
20260131_1536_HARP14341_NOAA14360,2026_HARP14341_20260131_0912_20260201_0248,2026-01-31 15:36:00,14341,14360,0,saved,"(512, 512, 6)",gs://suryabench-sharp-pipeline-bamidele/jsoc_2025_2026_production_v1/samples_npz/2026/20260131_1536_HARP14341_NOAA14360.npz,success,2026-06-24T07:28:04.279715+00:00
20260131_1712_HARP14341_NOAA14360,2026_HARP14341_20260131_0912_20260201_0248,2026-01-31 17:12:00,14341,14360,0,saved,"(512, 512, 6)",gs://suryabench-sharp-pipeline-bamidele/jsoc_2025_2026_production_v1/samples_npz/2026/20260131_1712_HARP14341_NOAA14360.npz,success,2026-06-24T07:28:11.240495+00:00
20260131_1848_HARP14341_NOAA14360,2026_HARP14341_20260131_0912_20260201_0248,2026-01-31 18:48:00,14341,14360,0,saved,"(512, 512, 6)",gs://suryabench-sharp-pipeline-bamidele/jsoc_2025_2026_production_v1/samples_npz/2026/20260131_1848_HARP14341_NOAA14360.npz,success,2026-06-24T07:28:18.190480+00:00
20260131_2024_HARP14341_NOAA14360,2026_HARP14341_20260131_0912_20260201_0248,2026-01-31 20:24:00,14341,14360,0,saved,"(512, 512, 6)",gs://suryabench-sharp-pipeline-bamidele/jsoc_2025_2026_production_v1/samples_npz/2026/20260131_2024_HARP14341_NOAA14360.npz,success,2026-06-24T07:28:25.273937+00:00
20260131_2200_HARP14341_NOAA14360,2026_HARP14341_20260131_0912_20260201_0248,2026-01-31 22:00:00,14341,14360,0,saved,"(512, 512, 6)",gs://suryabench-sharp-pipeline-bamidele/jsoc_2025_2026_production_v1/samples_npz/2026/20260131_2200_HARP14341_NOAA14360.npz,success,2026-06-24T07:28:32.233279+00:00
20260131_2336_HARP14341_NOAA14360,2026_HARP14341_20260131_0912_20260201_0248,2026-01-31 23:36:00,14341,14360,0,saved,"(512, 512, 6)",gs://suryabench-sharp-pipeline-bamidele/jsoc_2025_2026_production_v1/samples_npz/2026/20260131_2336_HARP14341_NOAA14360.npz,success,2026-06-24T07:28:39.267836+00:00
20260201_0112_HARP14341_NOAA14360,2026_HARP14341_20260131_0912_20260201_0248,2026-02-01 01:12:00,14341,14360,0,saved,"(512, 512, 6)",gs://suryabench-sharp-pipeline-bamidele/jsoc_2025_2026_production_v1/samples_npz/2026/20260201_0112_HARP14341_NOAA14360.npz,success,2026-06-24T07:28:46.171755+00:00
20260201_0248_HARP14341_NOAA14360,2026_HARP14341_20260131_0912_20260201_0248,2026-02-01 02:48:00,14341,14360,0,saved,"(512, 512, 6)",gs://suryabench-sharp-pipeline-bamidele/jsoc_2025_2026_production_v1/samples_npz/2026/20260201_0248_HARP14341_NOAA14360.npz,success,2026-06-24T07:28:53.122337+00:00
20260131_1012_HARP14343_NOAA14372,2026_HARP14343_20260131_1012_20260201_0912,2026-01-31 10:12:00,14343,14372,0,saved,"(512, 512, 6)",gs://suryabench-sharp-pipeline-bamidele/jsoc_2025_2026_production_v1/samples_npz/2026/20260131_1012_HARP14343_NOAA14372.npz,success,2026-06-24T07:46:12.823023+00:00
20260131_1148_HARP14343_NOAA14372,2026_HARP14343_20260131_1012_20260201_0912,2026-01-31 11:48:00,14343,14372,0,saved,"(512, 512, 6)",gs://suryabench-sharp-pipeline-bamidele/jsoc_2025_2026_production_v1/samples_npz/2026/20260131_1148_HARP14343_NOAA14372.npz,success,2026-06-24T07:46:19.620640+00:00
20260131_1324_HARP14343_NOAA14372,2026_HARP14343_20260131_1012_20260201_0912,2026-01-31 13:24:00,14343,14372,0,saved,"(512, 512, 6)",gs://suryabench-sharp-pipeline-bamidele/jsoc_2025_2026_production_v1/samples_npz/2026/20260131_1324_HARP14343_NOAA14372.npz,success,2026-06-24T07:46:26.372108+00:00
20260131_1500_HARP14343_NOAA14372,2026_HARP14343_20260131_1012_20260201_0912,2026-01-31 15:00:00,14343,14372,0,saved,"(512, 512, 6)",gs://suryabench-sharp-pipeline-bamidele/jsoc_2025_2026_production_v1/samples_npz/2026/20260131_1500_HARP14343_NOAA14372.npz,success,2026-06-24T07:46:33.189727+00:00
20260131_1636_HARP14343_NOAA14372,2026_HARP14343_20260131_1012_20260201_0912,2026-01-31 16:36:00,14343,14372,0,saved,"(512, 512, 6)",gs://suryabench-sharp-pipeline-bamidele/jsoc_2025_2026_production_v1/samples_npz/2026/20260131_1636_HARP14343_NOAA14372.npz,success,2026-06-24T07:46:39.951648+00:00
20260131_1812_HARP14343_NOAA14372,2026_HARP14343_20260131_1012_20260201_0912,2026-01-31 18:12:00,14343,14372,0,saved,"(512, 512, 6)",gs://suryabench-sharp-pipeline-bamidele/jsoc_2025_2026_production_v1/samples_npz/2026/20260131_1812_HARP14343_NOAA14372.npz,success,2026-06-24T07:46:46.592975+00:00
20260131_1948_HARP14343_NOAA14372,2026_HARP14343_20260131_1012_20260201_0912,2026-01-31 19:48:00,14343,14372,0,saved,"(512, 512, 6)",gs://suryabench-sharp-pipeline-bamidele/jsoc_2025_2026_production_v1/samples_npz/2026/20260131_1948_HARP14343_NOAA14372.npz,success,2026-06-24T07:46:53.283030+00:00
20260131_2124_HARP14343_NOAA14372,2026_HARP14343_20260131_1012_20260201_0912,2026-01-31 21:24:00,14343,14372,0,saved,"(512, 512, 6)",gs://suryabench-sharp-pipeline-bamidele/jsoc_2025_2026_production_v1/samples_npz/2026/20260131_2124_HARP14343_NOAA14372.npz,success,2026-06-24T07:46:59.907706+00:00
20260131_2300_HARP14343_NOAA14372,2026_HARP14343_20260131_1012_20260201_0912,2026-01-31 23:00:00,14343,14372,0,saved,"(512, 512, 6)",gs://suryabench-sharp-pipeline-bamidele/jsoc_2025_2026_production_v1/samples_npz/2026/20260131_2300_HARP14343_NOAA14372.npz,success,2026-06-24T07:47:06.571913+00:00
20260201_0036_HARP14343_NOAA14372,2026_HARP14343_20260131_1012_20260201_0912,2026-02-01 00:36:00,14343,14372,0,saved,"(512, 512, 6)",gs://suryabench-sharp-pipeline-bamidele/jsoc_2025_2026_production_v1/samples_npz/2026/20260201_0036_HARP14343_NOAA14372.npz,success,2026-06-24T07:47:13.260879+00:00
20260201_0212_HARP14343_NOAA14372,2026_HARP14343_20260131_1012_20260201_0912,2026-02-01 02:12:00,14343,14372,0,saved,"(512, 512, 6)",gs://suryabench-sharp-pipeline-bamidele/jsoc_2025_2026_production_v1/samples_npz/2026/20260201_0212_HARP14343_NOAA14372.npz,success,2026-06-24T07:47:19.902823+00:00
20260201_0348_HARP14343_NOAA14372,2026_HARP14343_20260131_1012_20260201_0912,2026-02-01 03:48:00,14343,14372,0,saved,"(512, 512, 6)",gs://suryabench-sharp-pipeline-bamidele/jsoc_2025_2026_production_v1/samples_npz/2026/20260201_0348_HARP14343_NOAA14372.npz,success,2026-06-24T07:47:26.793821+00:00
20260201_0524_HARP14343_NOAA14372,2026_HARP14343_20260131_1012_20260201_0912,2026-02-01 05:24:00,14343,14372,0,saved,"(512, 512, 6)",gs://suryabench-sharp-pipeline-bamidele/jsoc_2025_2026_production_v1/samples_npz/2026/20260201_0524_HARP14343_NOAA14372.npz,success,2026-06-24T07:47:33.468233+00:00
20260201_0736_HARP14343_NOAA14372,2026_HARP14343_20260131_1012_20260201_0912,2026-02-01 07:36:00,14343,14372,0,saved,"(512, 512, 6)",gs://suryabench-sharp-pipeline-bamidele/jsoc_2025_2026_production_v1/samples_npz/2026/20260201_0736_HARP14343_NOAA14372.npz,success,2026-06-24T07:47:40.132085+00:00
20260201_0912_HARP14343_NOAA14372,2026_HARP14343_20260131_1012_20260201_0912,2026-02-01 09:12:00,14343,14372,0,saved,"(512, 512, 6)",gs://suryabench-sharp-pipeline-bamidele/jsoc_2025_2026_production_v1/samples_npz/2026/20260201_0912_HARP14343_NOAA14372.npz,success,2026-06-24T07:47:46.929595+00:00
20260201_0812_HARP14328_NOAA14365,2026_HARP14328_20260201_0812_20260201_1124,2026-02-01 08:12:00,14328,14365,0,saved,"(512, 512, 6)",gs://suryabench-sharp-pipeline-bamidele/jsoc_2025_2026_production_v1/samples_npz/2026/20260201_0812_HARP14328_NOAA14365.npz,success,2026-06-24T07:54:42.715009+00:00
20260201_0948_HARP14328_NOAA14365,2026_HARP14328_20260201_0812_20260201_1124,2026-02-01 09:48:00,14328,14365,0,saved,"(512, 512, 6)",gs://suryabench-sharp-pipeline-bamidele/jsoc_2025_2026_production_v1/samples_npz/2026/20260201_0948_HARP14328_NOAA14365.npz,success,2026-06-24T07:54:51.210008+00:00
20260201_1124_HARP14328_NOAA14365,2026_HARP14328_20260201_0812_20260201_1124,2026-02-01 11:24:00,14328,14365,0,saved,"(512, 512, 6)",gs://suryabench-sharp-pipeline-bamidele/jsoc_2025_2026_production_v1/samples_npz/2026/20260201_1124_HARP14328_NOAA14365.npz,success,2026-06-24T07:54:59.142365+00:00
20260201_0812_HARP14341_NOAA14360,2026_HARP14341_20260201_0812_20260202_0636,2026-02-01 08:12:00,14341,14360,0,saved,"(512, 512, 6)",gs://suryabench-sharp-pipeline-bamidele/jsoc_2025_2026_production_v1/samples_npz/2026/20260201_0812_HARP14341_NOAA14360.npz,success,2026-06-24T08:04:40.349746+00:00
20260201_0948_HARP14341_NOAA14360,2026_HARP14341_20260201_0812_20260202_0636,2026-02-01 09:48:00,14341,14360,0,saved,"(512, 512, 6)",gs://suryabench-sharp-pipeline-bamidele/jsoc_2025_2026_production_v1/samples_npz/2026/20260201_0948_HARP14341_NOAA14360.npz,success,2026-06-24T08:04:46.490063+00:00
20260201_1124_HARP14341_NOAA14360,2026_HARP14341_20260201_0812_20260202_0636,2026-02-01 11:24:00,14341,14360,0,saved,"(512, 512, 6)",gs://suryabench-sharp-pipeline-bamidele/jsoc_2025_2026_production_v1/samples_npz/2026/20260201_1124_HARP14341_NOAA14360.npz,success,2026-06-24T08:04:52.771381+00:00
20260201_1300_HARP14341_NOAA14360,2026_HARP14341_20260201_0812_20260202_0636,2026-02-01 13:00:00,14341,14360,0,saved,"(512, 512, 6)",gs://suryabench-sharp-pipeline-bamidele/jsoc_2025_2026_production_v1/samples_npz/2026/20260201_1300_HARP14341_NOAA14360.npz,success,2026-06-24T08:04:58.906776+00:00
20260201_1436_HARP14341_NOAA14360,2026_HARP14341_20260201_0812_20260202_0636,2026-02-01 14:36:00,14341,14360,0,saved,"(512, 512, 6)",gs://suryabench-sharp-pipeline-bamidele/jsoc_2025_2026_production_v1/samples_npz/2026/20260201_1436_HARP14341_NOAA14360.npz,success,2026-06-24T08:05:05.074891+00:00
20260201_1612_HARP14341_NOAA14360,2026_HARP14341_20260201_0812_20260202_0636,2026-02-01 16:12:00,14341,14360,0,saved,"(512, 512, 6)",gs://suryabench-sharp-pipeline-bamidele/jsoc_2025_2026_production_v1/samples_npz/2026/20260201_1612_HARP14341_NOAA14360.npz,success,2026-06-24T08:05:11.277043+00:00
20260201_1748_HARP14341_NOAA14360,2026_HARP14341_20260201_0812_20260202_0636,2026-02-01 17:48:00,14341,14360,0,saved,"(512, 512, 6)",gs://suryabench-sharp-pipeline-bamidele/jsoc_2025_2026_production_v1/samples_npz/2026/20260201_1748_HARP14341_NOAA14360.npz,success,2026-06-24T08:05:17.498065+00:00
20260201_1924_HARP14341_NOAA14360,2026_HARP14341_20260201_0812_20260202_0636,2026-02-01 19:24:00,14341,14360,0,saved,"(512, 512, 6)",gs://suryabench-sharp-pipeline-bamidele/jsoc_2025_2026_production_v1/samples_npz/2026/20260201_1924_HARP14341_NOAA14360.npz,success,2026-06-24T08:05:23.664860+00:00
20260201_2100_HARP14341_NOAA14360,2026_HARP14341_20260201_0812_20260202_0636,2026-02-01 21:00:00,14341,14360,0,saved,"(512, 512, 6)",gs://suryabench-sharp-pipeline-bamidele/jsoc_2025_2026_production_v1/samples_npz/2026/20260201_2100_HARP14341_NOAA14360.npz,success,2026-06-24T08:05:29.960797+00:00
20260201_2236_HARP14341_NOAA14360,2026_HARP14341_20260201_0812_20260202_0636,2026-02-01 22:36:00,14341,14360,0,saved,"(512, 512, 6)",gs://suryabench-sharp-pipeline-bamidele/jsoc_2025_2026_production_v1/samples_npz/2026/20260201_2236_HARP14341_NOAA14360.npz,success,2026-06-24T08:05:36.187924+00:00
20260202_0012_HARP14341_NOAA14360,2026_HARP14341_20260201_0812_20260202_0636,2026-02-02 00:12:00,14341,14360,0,saved,"(512, 512, 6)",gs://suryabench-sharp-pipeline-bamidele/jsoc_2025_2026_production_v1/samples_npz/2026/20260202_0012_HARP14341_NOAA14360.npz,success,2026-06-24T08:05:42.540165+00:00
20260202_0148_HARP14341_NOAA14360,2026_HARP14341_20260201_0812_20260202_0636,2026-02-02 01:48:00,14341,14360,0,saved,"(512, 512, 6)",gs://suryabench-sharp-pipeline-bamidele/jsoc_2025_2026_production_v1/samples_npz/2026/20260202_0148_HARP14341_NOAA14360.npz,success,2026-06-24T08:05:49.010996+00:00
20260202_0324_HARP14341_NOAA14360,2026_HARP14341_20260201_0812_20260202_0636,2026-02-02 03:24:00,14341,14360,0,saved,"(512, 512, 6)",gs://suryabench-sharp-pipeline-bamidele/jsoc_2025_2026_production_v1/samples_npz/2026/20260202_0324_HARP14341_NOAA14360.npz,success,2026-06-24T08:05:55.207276+00:00
20260202_0500_HARP14341_NOAA14360,2026_HARP14341_20260201_0812_20260202_0636,2026-02-02 05:00:00,14341,14360,0,saved,"(512, 512, 6)",gs://suryabench-sharp-pipeline-bamidele/jsoc_2025_2026_production_v1/samples_npz/2026/20260202_0500_HARP14341_NOAA14360.npz,success,2026-06-24T08:06:01.401835+00:00
20260202_0636_HARP14341_NOAA14360,2026_HARP14341_20260201_0812_20260202_0636,2026-02-02 06:36:00,14341,14360,0,saved,"(512, 512, 6)",gs://suryabench-sharp-pipeline-bamidele/jsoc_2025_2026_production_v1/samples_npz/2026/20260202_0636_HARP14341_NOAA14360.npz,success,2026-06-24T08:06:07.525372+00:00
20260201_0924_HARP14337_NOAA14358,2026_HARP14337_20260201_0924_20260202_0748,2026-02-01 09:24:00,14337,14358,0,saved,"(512, 512, 6)",gs://suryabench-sharp-pipeline-bamidele/jsoc_2025_2026_production_v1/samples_npz/2026/20260201_0924_HARP14337_NOAA14358.npz,success,2026-06-24T08:16:32.687248+00:00
20260201_1100_HARP14337_NOAA14358,2026_HARP14337_20260201_0924_20260202_0748,2026-02-01 11:00:00,14337,14358,0,saved,"(512, 512, 6)",gs://suryabench-sharp-pipeline-bamidele/jsoc_2025_2026_production_v1/samples_npz/2026/20260201_1100_HARP14337_NOAA14358.npz,success,2026-06-24T08:16:38.908768+00:00
20260201_1236_HARP14337_NOAA14358,2026_HARP14337_20260201_0924_20260202_0748,2026-02-01 12:36:00,14337,14358,0,saved,"(512, 512, 6)",gs://suryabench-sharp-pipeline-bamidele/jsoc_2025_2026_production_v1/samples_npz/2026/20260201_1236_HARP14337_NOAA14358.npz,success,2026-06-24T08:16:45.243331+00:00
20260201_1412_HARP14337_NOAA14358,2026_HARP14337_20260201_0924_20260202_0748,2026-02-01 14:12:00,14337,14358,0,saved,"(512, 512, 6)",gs://suryabench-sharp-pipeline-bamidele/jsoc_2025_2026_production_v1/samples_npz/2026/20260201_1412_HARP14337_NOAA14358.npz,success,2026-06-24T08:16:51.513635+00:00
20260201_1548_HARP14337_NOAA14358,2026_HARP14337_20260201_0924_20260202_0748,2026-02-01 15:48:00,14337,14358,0,saved,"(512, 512, 6)",gs://suryabench-sharp-pipeline-bamidele/jsoc_2025_2026_production_v1/samples_npz/2026/20260201_1548_HARP14337_NOAA14358.npz,success,2026-06-24T08:16:57.870437+00:00
20260201_1724_HARP14337_NOAA14358,2026_HARP14337_20260201_0924_20260202_0748,2026-02-01 17:24:00,14337,14358,0,saved,"(512, 512, 6)",gs://suryabench-sharp-pipeline-bamidele/jsoc_2025_2026_production_v1/samples_npz/2026/20260201_1724_HARP14337_NOAA14358.npz,success,2026-06-24T08:17:04.170052+00:00
20260201_1900_HARP14337_NOAA14358,2026_HARP14337_20260201_0924_20260202_0748,2026-02-01 19:00:00,14337,14358,0,saved,"(512, 512, 6)",gs://suryabench-sharp-pipeline-bamidele/jsoc_2025_2026_production_v1/samples_npz/2026/20260201_1900_HARP14337_NOAA14358.npz,success,2026-06-24T08:17:10.479517+00:00
20260201_2036_HARP14337_NOAA14358,2026_HARP14337_20260201_0924_20260202_0748,2026-02-01 20:36:00,14337,14358,0,saved,"(512, 512, 6)",gs://suryabench-sharp-pipeline-bamidele/jsoc_2025_2026_production_v1/samples_npz/2026/20260201_2036_HARP14337_NOAA14358.npz,success,2026-06-24T08:17:16.750658+00:00
20260201_2212_HARP14337_NOAA14358,2026_HARP14337_20260201_0924_20260202_0748,2026-02-01 22:12:00,14337,14358,0,saved,"(512, 512, 6)",gs://suryabench-sharp-pipeline-bamidele/jsoc_2025_2026_production_v1/samples_npz/2026/20260201_2212_HARP14337_NOAA14358.npz,success,2026-06-24T08:17:23.081095+00:00
20260201_2348_HARP14337_NOAA14358,2026_HARP14337_20260201_0924_20260202_0748,2026-02-01 23:48:00,14337,14358,0,saved,"(512, 512, 6)",gs://suryabench-sharp-pipeline-bamidele/jsoc_2025_2026_production_v1/samples_npz/2026/20260201_2348_HARP14337_NOAA14358.npz,success,2026-06-24T08:17:29.401762+00:00
20260202_0124_HARP14337_NOAA14358,2026_HARP14337_20260201_0924_20260202_0748,2026-02-02 01:24:00,14337,14358,0,saved,"(512, 512, 6)",gs://suryabench-sharp-pipeline-bamidele/jsoc_2025_2026_production_v1/samples_npz/2026/20260202_0124_HARP14337_NOAA14358.npz,success,2026-06-24T08:17:35.830097+00:00
20260202_0300_HARP14337_NOAA14358,2026_HARP14337_20260201_0924_20260202_0748,2026-02-02 03:00:00,14337,14358,0,saved,"(512, 512, 6)",gs://suryabench-sharp-pipeline-bamidele/jsoc_2025_2026_production_v1/samples_npz/2026/20260202_0300_HARP14337_NOAA14358.npz,success,2026-06-24T08:17:42.173390+00:00
20260202_0436_HARP14337_NOAA14358,2026_HARP14337_20260201_0924_20260202_0748,2026-02-02 04:36:00,14337,14358,0,saved,"(512, 512, 6)",gs://suryabench-sharp-pipeline-bamidele/jsoc_2025_2026_production_v1/samples_npz/2026/20260202_0436_HARP14337_NOAA14358.npz,success,2026-06-24T08:17:48.943134+00:00
20260202_0612_HARP14337_NOAA14358,2026_HARP14337_20260201_0924_20260202_0748,2026-02-02 06:12:00,14337,14358,0,saved,"(512, 512, 6)",gs://suryabench-sharp-pipeline-bamidele/jsoc_2025_2026_production_v1/samples_npz/2026/20260202_0612_HARP14337_NOAA14358.npz,success,2026-06-24T08:17:55.197567+00:00
20260202_0748_HARP14337_NOAA14358,2026_HARP14337_20260201_0924_20260202_0748,2026-02-02 07:48:00,14337,14358,0,saved,"(512, 512, 6)",gs://suryabench-sharp-pipeline-bamidele/jsoc_2025_2026_production_v1/samples_npz/2026/20260202_0748_HARP14337_NOAA14358.npz,success,2026-06-24T08:18:01.466684+00:00
20260201_0924_HARP14344_NOAA14359,2026_HARP14344_20260201_0924_20260202_0748,2026-02-01 09:24:00,14344,14359,0,saved,"(512, 512, 6)",gs://suryabench-sharp-pipeline-bamidele/jsoc_2025_2026_production_v1/samples_npz/2026/20260201_0924_HARP14344_NOAA14359.npz,success,2026-06-24T08:27:39.139275+00:00
20260201_1100_HARP14344_NOAA14359,2026_HARP14344_20260201_0924_20260202_0748,2026-02-01 11:00:00,14344,14359,0,saved,"(512, 512, 6)",gs://suryabench-sharp-pipeline-bamidele/jsoc_2025_2026_production_v1/samples_npz/2026/20260201_1100_HARP14344_NOAA14359.npz,success,2026-06-24T08:27:45.309244+00:00
20260201_1236_HARP14344_NOAA14359,2026_HARP14344_20260201_0924_20260202_0748,2026-02-01 12:36:00,14344,14359,0,saved,"(512, 512, 6)",gs://suryabench-sharp-pipeline-bamidele/jsoc_2025_2026_production_v1/samples_npz/2026/20260201_1236_HARP14344_NOAA14359.npz,success,2026-06-24T08:27:51.649786+00:00
20260201_1412_HARP14344_NOAA14359,2026_HARP14344_20260201_0924_20260202_0748,2026-02-01 14:12:00,14344,14359,0,saved,"(512, 512, 6)",gs://suryabench-sharp-pipeline-bamidele/jsoc_2025_2026_production_v1/samples_npz/2026/20260201_1412_HARP14344_NOAA14359.npz,success,2026-06-24T08:27:57.807022+00:00
20260201_1548_HARP14344_NOAA14359,2026_HARP14344_20260201_0924_20260202_0748,2026-02-01 15:48:00,14344,14359,0,saved,"(512, 512, 6)",gs://suryabench-sharp-pipeline-bamidele/jsoc_2025_2026_production_v1/samples_npz/2026/20260201_1548_HARP14344_NOAA14359.npz,success,2026-06-24T08:28:03.918572+00:00
20260201_1724_HARP14344_NOAA14359,2026_HARP14344_20260201_0924_20260202_0748,2026-02-01 17:24:00,14344,14359,0,saved,"(512, 512, 6)",gs://suryabench-sharp-pipeline-bamidele/jsoc_2025_2026_production_v1/samples_npz/2026/20260201_1724_HARP14344_NOAA14359.npz,success,2026-06-24T08:28:10.095114+00:00
20260201_1900_HARP14344_NOAA14359,2026_HARP14344_20260201_0924_20260202_0748,2026-02-01 19:00:00,14344,14359,0,saved,"(512, 512, 6)",gs://suryabench-sharp-pipeline-bamidele/jsoc_2025_2026_production_v1/samples_npz/2026/20260201_1900_HARP14344_NOAA14359.npz,success,2026-06-24T08:28:16.554511+00:00
20260201_2036_HARP14344_NOAA14359,2026_HARP14344_20260201_0924_20260202_0748,2026-02-01 20:36:00,14344,14359,0,saved,"(512, 512, 6)",gs://suryabench-sharp-pipeline-bamidele/jsoc_2025_2026_production_v1/samples_npz/2026/20260201_2036_HARP14344_NOAA14359.npz,success,2026-06-24T08:28:22.806905+00:00
20260201_2212_HARP14344_NOAA14359,2026_HARP14344_20260201_0924_20260202_0748,2026-02-01 22:12:00,14344,14359,0,saved,"(512, 512, 6)",gs://suryabench-sharp-pipeline-bamidele/jsoc_2025_2026_production_v1/samples_npz/2026/20260201_2212_HARP14344_NOAA14359.npz,success,2026-06-24T08:28:28.951092+00:00
20260201_2348_HARP14344_NOAA14359,2026_HARP14344_20260201_0924_20260202_0748,2026-02-01 23:48:00,14344,14359,0,saved,"(512, 512, 6)",gs://suryabench-sharp-pipeline-bamidele/jsoc_2025_2026_production_v1/samples_npz/2026/20260201_2348_HARP14344_NOAA14359.npz,success,2026-06-24T08:28:35.081778+00:00
20260202_0124_HARP14344_NOAA14359,2026_HARP14344_20260201_0924_20260202_0748,2026-02-02 01:24:00,14344,14359,0,saved,"(512, 512, 6)",gs://suryabench-sharp-pipeline-bamidele/jsoc_2025_2026_production_v1/samples_npz/2026/20260202_0124_HARP14344_NOAA14359.npz,success,2026-06-24T08:28:41.347056+00:00
20260202_0300_HARP14344_NOAA14359,2026_HARP14344_20260201_0924_20260202_0748,2026-02-02 03:00:00,14344,14359,0,saved,"(512, 512, 6)",gs://suryabench-sharp-pipeline-bamidele/jsoc_2025_2026_production_v1/samples_npz/2026/20260202_0300_HARP14344_NOAA14359.npz,success,2026-06-24T08:28:47.503473+00:00
20260202_0436_HARP14344_NOAA14359,2026_HARP14344_20260201_0924_20260202_0748,2026-02-02 04:36:00,14344,14359,0,saved,"(512, 512, 6)",gs://suryabench-sharp-pipeline-bamidele/jsoc_2025_2026_production_v1/samples_npz/2026/20260202_0436_HARP14344_NOAA14359.npz,success,2026-06-24T08:28:53.718584+00:00
20260202_0612_HARP14344_NOAA14359,2026_HARP14344_20260201_0924_20260202_0748,2026-02-02 06:12:00,14344,14359,0,saved,"(512, 512, 6)",gs://suryabench-sharp-pipeline-bamidele/jsoc_2025_2026_production_v1/samples_npz/2026/20260202_0612_HARP14344_NOAA14359.npz,success,2026-06-24T08:29:00.004946+00:00
20260202_0748_HARP14344_NOAA14359,2026_HARP14344_20260201_0924_20260202_0748,2026-02-02 07:48:00,14344,14359,0,saved,"(512, 512, 6)",gs://suryabench-sharp-pipeline-bamidele/jsoc_2025_2026_production_v1/samples_npz/2026/20260202_0748_HARP14344_NOAA14359.npz,success,2026-06-24T08:29:06.292267+00:00
20260201_1048_HARP14343_NOAA14372,2026_HARP14343_20260201_1048_20260202_0248,2026-02-01 10:48:00,14343,14372,0,saved,"(512, 512, 6)",gs://suryabench-sharp-pipeline-bamidele/jsoc_2025_2026_production_v1/samples_npz/2026/20260201_1048_HARP14343_NOAA14372.npz,success,2026-06-24T08:38:30.922088+00:00
20260201_1224_HARP14343_NOAA14372,2026_HARP14343_20260201_1048_20260202_0248,2026-02-01 12:24:00,14343,14372,0,saved,"(512, 512, 6)",gs://suryabench-sharp-pipeline-bamidele/jsoc_2025_2026_production_v1/samples_npz/2026/20260201_1224_HARP14343_NOAA14372.npz,success,2026-06-24T08:38:36.991507+00:00
20260201_1400_HARP14343_NOAA14372,2026_HARP14343_20260201_1048_20260202_0248,2026-02-01 14:00:00,14343,14372,0,saved,"(512, 512, 6)",gs://suryabench-sharp-pipeline-bamidele/jsoc_2025_2026_production_v1/samples_npz/2026/20260201_1400_HARP14343_NOAA14372.npz,success,2026-06-24T08:38:43.025460+00:00
20260201_1536_HARP14343_NOAA14372,2026_HARP14343_20260201_1048_20260202_0248,2026-02-01 15:36:00,14343,14372,0,saved,"(512, 512, 6)",gs://suryabench-sharp-pipeline-bamidele/jsoc_2025_2026_production_v1/samples_npz/2026/20260201_1536_HARP14343_NOAA14372.npz,success,2026-06-24T08:38:49.343434+00:00
20260201_1712_HARP14343_NOAA14372,2026_HARP14343_20260201_1048_20260202_0248,2026-02-01 17:12:00,14343,14372,0,saved,"(512, 512, 6)",gs://suryabench-sharp-pipeline-bamidele/jsoc_2025_2026_production_v1/samples_npz/2026/20260201_1712_HARP14343_NOAA14372.npz,success,2026-06-24T08:38:55.601805+00:00
20260201_1848_HARP14343_NOAA14372,2026_HARP14343_20260201_1048_20260202_0248,2026-02-01 18:48:00,14343,14372,0,saved,"(512, 512, 6)",gs://suryabench-sharp-pipeline-bamidele/jsoc_2025_2026_production_v1/samples_npz/2026/20260201_1848_HARP14343_NOAA14372.npz,success,2026-06-24T08:39:01.694540+00:00
20260201_2024_HARP14343_NOAA14372,2026_HARP14343_20260201_1048_20260202_0248,2026-02-01 20:24:00,14343,14372,0,saved,"(512, 512, 6)",gs://suryabench-sharp-pipeline-bamidele/jsoc_2025_2026_production_v1/samples_npz/2026/20260201_2024_HARP14343_NOAA14372.npz,success,2026-06-24T08:39:07.869711+00:00
20260201_2200_HARP14343_NOAA14372,2026_HARP14343_20260201_1048_20260202_0248,2026-02-01 22:00:00,14343,14372,0,saved,"(512, 512, 6)",gs://suryabench-sharp-pipeline-bamidele/jsoc_2025_2026_production_v1/samples_npz/2026/20260201_2200_HARP14343_NOAA14372.npz,success,2026-06-24T08:39:13.895232+00:00
20260201_2336_HARP14343_NOAA14372,2026_HARP14343_20260201_1048_20260202_0248,2026-02-01 23:36:00,14343,14372,0,saved,"(512, 512, 6)",gs://suryabench-sharp-pipeline-bamidele/jsoc_2025_2026_production_v1/samples_npz/2026/20260201_2336_HARP14343_NOAA14372.npz,success,2026-06-24T08:39:20.036044+00:00
20260202_0112_HARP14343_NOAA14372,2026_HARP14343_20260201_1048_20260202_0248,2026-02-02 01:12:00,14343,14372,0,saved,"(512, 512, 6)",gs://suryabench-sharp-pipeline-bamidele/jsoc_2025_2026_production_v1/samples_npz/2026/20260202_0112_HARP14343_NOAA14372.npz,success,2026-06-24T08:39:26.106204+00:00
20260202_0248_HARP14343_NOAA14372,2026_HARP14343_20260201_1048_20260202_0248,2026-02-02 02:48:00,14343,14372,0,saved,"(512, 512, 6)",gs://suryabench-sharp-pipeline-bamidele/jsoc_2025_2026_production_v1/samples_npz/2026/20260202_0248_HARP14343_NOAA14372.npz,success,2026-06-24T08:39:32.173265+00:00
20260202_0700_HARP14349_NOAA14363,2026_HARP14349_20260202_0700_20260203_0524,2026-02-02 07:00:00,14349,14363,0,saved,"(512, 512, 6)",gs://suryabench-sharp-pipeline-bamidele/jsoc_2025_2026_production_v1/samples_npz/2026/20260202_0700_HARP14349_NOAA14363.npz,success,2026-06-24T08:51:21.723623+00:00
20260202_0836_HARP14349_NOAA14363,2026_HARP14349_20260202_0700_20260203_0524,2026-02-02 08:36:00,14349,14363,0,saved,"(512, 512, 6)",gs://suryabench-sharp-pipeline-bamidele/jsoc_2025_2026_production_v1/samples_npz/2026/20260202_0836_HARP14349_NOAA14363.npz,success,2026-06-24T08:51:28.189082+00:00
20260202_1012_HARP14349_NOAA14363,2026_HARP14349_20260202_0700_20260203_0524,2026-02-02 10:12:00,14349,14363,0,saved,"(512, 512, 6)",gs://suryabench-sharp-pipeline-bamidele/jsoc_2025_2026_production_v1/samples_npz/2026/20260202_1012_HARP14349_NOAA14363.npz,success,2026-06-24T08:51:35.021877+00:00
20260202_1148_HARP14349_NOAA14363,2026_HARP14349_20260202_0700_20260203_0524,2026-02-02 11:48:00,14349,14363,0,saved,"(512, 512, 6)",gs://suryabench-sharp-pipeline-bamidele/jsoc_2025_2026_production_v1/samples_npz/2026/20260202_1148_HARP14349_NOAA14363.npz,success,2026-06-24T08:51:42.122712+00:00
20260202_1324_HARP14349_NOAA14363,2026_HARP14349_20260202_0700_20260203_0524,2026-02-02 13:24:00,14349,14363,0,saved,"(512, 512, 6)",gs://suryabench-sharp-pipeline-bamidele/jsoc_2025_2026_production_v1/samples_npz/2026/20260202_1324_HARP14349_NOAA14363.npz,success,2026-06-24T08:51:48.646408+00:00
20260202_1500_HARP14349_NOAA14363,2026_HARP14349_20260202_0700_20260203_0524,2026-02-02 15:00:00,14349,14363,0,saved,"(512, 512, 6)",gs://suryabench-sharp-pipeline-bamidele/jsoc_2025_2026_production_v1/samples_npz/2026/20260202_1500_HARP14349_NOAA14363.npz,success,2026-06-24T08:51:55.126749+00:00
20260202_1636_HARP14349_NOAA14363,2026_HARP14349_20260202_0700_20260203_0524,2026-02-02 16:36:00,14349,14363,0,saved,"(512, 512, 6)",gs://suryabench-sharp-pipeline-bamidele/jsoc_2025_2026_production_v1/samples_npz/2026/20260202_1636_HARP14349_NOAA14363.npz,success,2026-06-24T08:52:01.541455+00:00
20260202_1812_HARP14349_NOAA14363,2026_HARP14349_20260202_0700_20260203_0524,2026-02-02 18:12:00,14349,14363,0,saved,"(512, 512, 6)",gs://suryabench-sharp-pipeline-bamidele/jsoc_2025_2026_production_v1/samples_npz/2026/20260202_1812_HARP14349_NOAA14363.npz,success,2026-06-24T08:52:07.945402+00:00
20260202_1948_HARP14349_NOAA14363,2026_HARP14349_20260202_0700_20260203_0524,2026-02-02 19:48:00,14349,14363,0,saved,"(512, 512, 6)",gs://suryabench-sharp-pipeline-bamidele/jsoc_2025_2026_production_v1/samples_npz/2026/20260202_1948_HARP14349_NOAA14363.npz,success,2026-06-24T08:52:14.390167+00:00
20260202_2124_HARP14349_NOAA14363,2026_HARP14349_20260202_0700_20260203_0524,2026-02-02 21:24:00,14349,14363,0,saved,"(512, 512, 6)",gs://suryabench-sharp-pipeline-bamidele/jsoc_2025_2026_production_v1/samples_npz/2026/20260202_2124_HARP14349_NOAA14363.npz,success,2026-06-24T08:52:20.803074+00:00
20260202_2300_HARP14349_NOAA14363,2026_HARP14349_20260202_0700_20260203_0524,2026-02-02 23:00:00,14349,14363,0,saved,"(512, 512, 6)",gs://suryabench-sharp-pipeline-bamidele/jsoc_2025_2026_production_v1/samples_npz/2026/20260202_2300_HARP14349_NOAA14363.npz,success,2026-06-24T08:52:27.409993+00:00
20260203_0036_HARP14349_NOAA14363,2026_HARP14349_20260202_0700_20260203_0524,2026-02-03 00:36:00,14349,14363,0,saved,"(512, 512, 6)",gs://suryabench-sharp-pipeline-bamidele/jsoc_2025_2026_production_v1/samples_npz/2026/20260203_0036_HARP14349_NOAA14363.npz,success,2026-06-24T08:52:33.798793+00:00
20260203_0212_HARP14349_NOAA14363,2026_HARP14349_20260202_0700_20260203_0524,2026-02-03 02:12:00,14349,14363,0,saved,"(512, 512, 6)",gs://suryabench-sharp-pipeline-bamidele/jsoc_2025_2026_production_v1/samples_npz/2026/20260203_0212_HARP14349_NOAA14363.npz,success,2026-06-24T08:52:40.430543+00:00
20260203_0348_HARP14349_NOAA14363,2026_HARP14349_20260202_0700_20260203_0524,2026-02-03 03:48:00,14349,14363,0,saved,"(512, 512, 6)",gs://suryabench-sharp-pipeline-bamidele/jsoc_2025_2026_production_v1/samples_npz/2026/20260203_0348_HARP14349_NOAA14363.npz,success,2026-06-24T08:52:47.276592+00:00
20260203_0524_HARP14349_NOAA14363,2026_HARP14349_20260202_0700_20260203_0524,2026-02-03 05:24:00,14349,14363,0,saved,"(512, 512, 6)",gs://suryabench-sharp-pipeline-bamidele/jsoc_2025_2026_production_v1/samples_npz/2026/20260203_0524_HARP14349_NOAA14363.npz,success,2026-06-24T08:52:53.490097+00:00
20260202_0736_HARP14343_NOAA14372,2026_HARP14343_20260202_0736_20260203_0112,2026-02-02 07:36:00,14343,14372,0,saved,"(512, 512, 6)",gs://suryabench-sharp-pipeline-bamidele/jsoc_2025_2026_production_v1/samples_npz/2026/20260202_0736_HARP14343_NOAA14372.npz,success,2026-06-24T09:02:22.704063+00:00
20260202_0912_HARP14343_NOAA14372,2026_HARP14343_20260202_0736_20260203_0112,2026-02-02 09:12:00,14343,14372,0,saved,"(512, 512, 6)",gs://suryabench-sharp-pipeline-bamidele/jsoc_2025_2026_production_v1/samples_npz/2026/20260202_0912_HARP14343_NOAA14372.npz,success,2026-06-24T09:02:28.859862+00:00
20260202_1048_HARP14343_NOAA14372,2026_HARP14343_20260202_0736_20260203_0112,2026-02-02 10:48:00,14343,14372,0,saved,"(512, 512, 6)",gs://suryabench-sharp-pipeline-bamidele/jsoc_2025_2026_production_v1/samples_npz/2026/20260202_1048_HARP14343_NOAA14372.npz,success,2026-06-24T09:02:34.960062+00:00
20260202_1224_HARP14343_NOAA14372,2026_HARP14343_20260202_0736_20260203_0112,2026-02-02 12:24:00,14343,14372,0,saved,"(512, 512, 6)",gs://suryabench-sharp-pipeline-bamidele/jsoc_2025_2026_production_v1/samples_npz/2026/20260202_1224_HARP14343_NOAA14372.npz,success,2026-06-24T09:02:40.983450+00:00
20260202_1400_HARP14343_NOAA14372,2026_HARP14343_20260202_0736_20260203_0112,2026-02-02 14:00:00,14343,14372,0,saved,"(512, 512, 6)",gs://suryabench-sharp-pipeline-bamidele/jsoc_2025_2026_production_v1/samples_npz/2026/20260202_1400_HARP14343_NOAA14372.npz,success,2026-06-24T09:02:47.152311+00:00
20260202_1536_HARP14343_NOAA14372,2026_HARP14343_20260202_0736_20260203_0112,2026-02-02 15:36:00,14343,14372,0,saved,"(512, 512, 6)",gs://suryabench-sharp-pipeline-bamidele/jsoc_2025_2026_production_v1/samples_npz/2026/20260202_1536_HARP14343_NOAA14372.npz,success,2026-06-24T09:02:53.266857+00:00
20260202_1712_HARP14343_NOAA14372,2026_HARP14343_20260202_0736_20260203_0112,2026-02-02 17:12:00,14343,14372,0,saved,"(512, 512, 6)",gs://suryabench-sharp-pipeline-bamidele/jsoc_2025_2026_production_v1/samples_npz/2026/20260202_1712_HARP14343_NOAA14372.npz,success,2026-06-24T09:02:59.397268+00:00
20260202_1848_HARP14343_NOAA14372,2026_HARP14343_20260202_0736_20260203_0112,2026-02-02 18:48:00,14343,14372,0,saved,"(512, 512, 6)",gs://suryabench-sharp-pipeline-bamidele/jsoc_2025_2026_production_v1/samples_npz/2026/20260202_1848_HARP14343_NOAA14372.npz,success,2026-06-24T09:03:05.474910+00:00
20260202_2024_HARP14343_NOAA14372,2026_HARP14343_20260202_0736_20260203_0112,2026-02-02 20:24:00,14343,14372,0,saved,"(512, 512, 6)",gs://suryabench-sharp-pipeline-bamidele/jsoc_2025_2026_production_v1/samples_npz/2026/20260202_2024_HARP14343_NOAA14372.npz,success,2026-06-24T09:03:11.651286+00:00
20260202_2200_HARP14343_NOAA14372,2026_HARP14343_20260202_0736_20260203_0112,2026-02-02 22:00:00,14343,14372,0,saved,"(512, 512, 6)",gs://suryabench-sharp-pipeline-bamidele/jsoc_2025_2026_production_v1/samples_npz/2026/20260202_2200_HARP14343_NOAA14372.npz,success,2026-06-24T09:03:17.746046+00:00
20260202_2336_HARP14343_NOAA14372,2026_HARP14343_20260202_0736_20260203_0112,2026-02-02 23:36:00,14343,14372,0,saved,"(512, 512, 6)",gs://suryabench-sharp-pipeline-bamidele/jsoc_2025_2026_production_v1/samples_npz/2026/20260202_2336_HARP14343_NOAA14372.npz,success,2026-06-24T09:03:23.817620+00:00
20260203_0112_HARP14343_NOAA14372,2026_HARP14343_20260202_0736_20260203_0112,2026-02-03 01:12:00,14343,14372,0,saved,"(512, 512, 6)",gs://suryabench-sharp-pipeline-bamidele/jsoc_2025_2026_production_v1/samples_npz/2026/20260203_0112_HARP14343_NOAA14372.npz,success,2026-06-24T09:03:30.583943+00:00
20260202_0812_HARP14341_NOAA14360,2026_HARP14341_20260202_0812_20260203_0636,2026-02-02 08:12:00,14341,14360,0,saved,"(512, 512, 6)",gs://suryabench-sharp-pipeline-bamidele/jsoc_2025_2026_production_v1/samples_npz/2026/20260202_0812_HARP14341_NOAA14360.npz,success,2026-06-24T09:13:14.647615+00:00
20260202_0948_HARP14341_NOAA14360,2026_HARP14341_20260202_0812_20260203_0636,2026-02-02 09:48:00,14341,14360,0,saved,"(512, 512, 6)",gs://suryabench-sharp-pipeline-bamidele/jsoc_2025_2026_production_v1/samples_npz/2026/20260202_0948_HARP14341_NOAA14360.npz,success,2026-06-24T09:13:20.739930+00:00
20260202_1124_HARP14341_NOAA14360,2026_HARP14341_20260202_0812_20260203_0636,2026-02-02 11:24:00,14341,14360,0,saved,"(512, 512, 6)",gs://suryabench-sharp-pipeline-bamidele/jsoc_2025_2026_production_v1/samples_npz/2026/20260202_1124_HARP14341_NOAA14360.npz,success,2026-06-24T09:13:26.629061+00:00
20260202_1300_HARP14341_NOAA14360,2026_HARP14341_20260202_0812_20260203_0636,2026-02-02 13:00:00,14341,14360,0,saved,"(512, 512, 6)",gs://suryabench-sharp-pipeline-bamidele/jsoc_2025_2026_production_v1/samples_npz/2026/20260202_1300_HARP14341_NOAA14360.npz,success,2026-06-24T09:13:32.603130+00:00
20260202_1436_HARP14341_NOAA14360,2026_HARP14341_20260202_0812_20260203_0636,2026-02-02 14:36:00,14341,14360,0,saved,"(512, 512, 6)",gs://suryabench-sharp-pipeline-bamidele/jsoc_2025_2026_production_v1/samples_npz/2026/20260202_1436_HARP14341_NOAA14360.npz,success,2026-06-24T09:13:38.550835+00:00
20260202_1612_HARP14341_NOAA14360,2026_HARP14341_20260202_0812_20260203_0636,2026-02-02 16:12:00,14341,14360,0,saved,"(512, 512, 6)",gs://suryabench-sharp-pipeline-bamidele/jsoc_2025_2026_production_v1/samples_npz/2026/20260202_1612_HARP14341_NOAA14360.npz,success,2026-06-24T09:13:44.704248+00:00
20260202_1748_HARP14341_NOAA14360,2026_HARP14341_20260202_0812_20260203_0636,2026-02-02 17:48:00,14341,14360,0,saved,"(512, 512, 6)",gs://suryabench-sharp-pipeline-bamidele/jsoc_2025_2026_production_v1/samples_npz/2026/20260202_1748_HARP14341_NOAA14360.npz,success,2026-06-24T09:13:50.758440+00:00
20260202_1924_HARP14341_NOAA14360,2026_HARP14341_20260202_0812_20260203_0636,2026-02-02 19:24:00,14341,14360,0,saved,"(512, 512, 6)",gs://suryabench-sharp-pipeline-bamidele/jsoc_2025_2026_production_v1/samples_npz/2026/20260202_1924_HARP14341_NOAA14360.npz,success,2026-06-24T09:13:56.763322+00:00
20260202_2100_HARP14341_NOAA14360,2026_HARP14341_20260202_0812_20260203_0636,2026-02-02 21:00:00,14341,14360,0,saved,"(512, 512, 6)",gs://suryabench-sharp-pipeline-bamidele/jsoc_2025_2026_production_v1/samples_npz/2026/20260202_2100_HARP14341_NOAA14360.npz,success,2026-06-24T09:14:02.734216+00:00
20260202_2236_HARP14341_NOAA14360,2026_HARP14341_20260202_0812_20260203_0636,2026-02-02 22:36:00,14341,14360,0,saved,"(512, 512, 6)",gs://suryabench-sharp-pipeline-bamidele/jsoc_2025_2026_production_v1/samples_npz/2026/20260202_2236_HARP14341_NOAA14360.npz,success,2026-06-24T09:14:08.755478+00:00
20260203_0012_HARP14341_NOAA14360,2026_HARP14341_20260202_0812_20260203_0636,2026-02-03 00:12:00,14341,14360,0,saved,"(512, 512, 6)",gs://suryabench-sharp-pipeline-bamidele/jsoc_2025_2026_production_v1/samples_npz/2026/20260203_0012_HARP14341_NOAA14360.npz,success,2026-06-24T09:14:14.748628+00:00
20260203_0148_HARP14341_NOAA14360,2026_HARP14341_20260202_0812_20260203_0636,2026-02-03 01:48:00,14341,14360,0,saved,"(512, 512, 6)",gs://suryabench-sharp-pipeline-bamidele/jsoc_2025_2026_production_v1/samples_npz/2026/20260203_0148_HARP14341_NOAA14360.npz,success,2026-06-24T09:14:20.806742+00:00
20260203_0324_HARP14341_NOAA14360,2026_HARP14341_20260202_0812_20260203_0636,2026-02-03 03:24:00,14341,14360,0,saved,"(512, 512, 6)",gs://suryabench-sharp-pipeline-bamidele/jsoc_2025_2026_production_v1/samples_npz/2026/20260203_0324_HARP14341_NOAA14360.npz,success,2026-06-24T09:14:26.780821+00:00
20260203_0500_HARP14341_NOAA14360,2026_HARP14341_20260202_0812_20260203_0636,2026-02-03 05:00:00,14341,14360,0,saved,"(512, 512, 6)",gs://suryabench-sharp-pipeline-bamidele/jsoc_2025_2026_production_v1/samples_npz/2026/20260203_0500_HARP14341_NOAA14360.npz,success,2026-06-24T09:14:32.779289+00:00
20260203_0636_HARP14341_NOAA14360,2026_HARP14341_20260202_0812_20260203_0636,2026-02-03 06:36:00,14341,14360,0,saved,"(512, 512, 6)",gs://suryabench-sharp-pipeline-bamidele/jsoc_2025_2026_production_v1/samples_npz/2026/20260203_0636_HARP14341_NOAA14360.npz,success,2026-06-24T09:14:38.746193+00:00
20260202_0824_HARP14355_NOAA14366,2026_HARP14355_20260202_0824_20260202_1624,2026-02-02 08:24:00,14355,14366,1,saved,"(512, 512, 6)",gs://suryabench-sharp-pipeline-bamidele/jsoc_2025_2026_production_v1/samples_npz/2026/20260202_0824_HARP14355_NOAA14366.npz,success,2026-06-24T09:24:20.052997+00:00
20260202_1000_HARP14355_NOAA14366,2026_HARP14355_20260202_0824_20260202_1624,2026-02-02 10:00:00,14355,14366,1,saved,"(512, 512, 6)",gs://suryabench-sharp-pipeline-bamidele/jsoc_2025_2026_production_v1/samples_npz/2026/20260202_1000_HARP14355_NOAA14366.npz,success,2026-06-24T09:24:26.350067+00:00
20260202_1136_HARP14355_NOAA14366,2026_HARP14355_20260202_0824_20260202_1624,2026-02-02 11:36:00,14355,14366,1,saved,"(512, 512, 6)",gs://suryabench-sharp-pipeline-bamidele/jsoc_2025_2026_production_v1/samples_npz/2026/20260202_1136_HARP14355_NOAA14366.npz,success,2026-06-24T09:24:32.457100+00:00
20260202_1312_HARP14355_NOAA14366,2026_HARP14355_20260202_0824_20260202_1624,2026-02-02 13:12:00,14355,14366,1,saved,"(512, 512, 6)",gs://suryabench-sharp-pipeline-bamidele/jsoc_2025_2026_production_v1/samples_npz/2026/20260202_1312_HARP14355_NOAA14366.npz,success,2026-06-24T09:24:38.562482+00:00
20260202_1448_HARP14355_NOAA14366,2026_HARP14355_20260202_0824_20260202_1624,2026-02-02 14:48:00,14355,14366,1,saved,"(512, 512, 6)",gs://suryabench-sharp-pipeline-bamidele/jsoc_2025_2026_production_v1/samples_npz/2026/20260202_1448_HARP14355_NOAA14366.npz,success,2026-06-24T09:24:44.675361+00:00
20260202_1624_HARP14355_NOAA14366,2026_HARP14355_20260202_0824_20260202_1624,2026-02-02 16:24:00,14355,14366,1,saved,"(512, 512, 6)",gs://suryabench-sharp-pipeline-bamidele/jsoc_2025_2026_production_v1/samples_npz/2026/20260202_1624_HARP14355_NOAA14366.npz,success,2026-06-24T09:24:50.832959+00:00
20260202_0912_HARP14351_NOAA14362,2026_HARP14351_20260202_0912_20260203_0248,2026-02-02 09:12:00,14351,14362,0,saved,"(512, 512, 6)",gs://suryabench-sharp-pipeline-bamidele/jsoc_2025_2026_production_v1/samples_npz/2026/20260202_0912_HARP14351_NOAA14362.npz,success,2026-06-24T09:35:29.249676+00:00
20260202_1048_HARP14351_NOAA14362,2026_HARP14351_20260202_0912_20260203_0248,2026-02-02 10:48:00,14351,14362,0,saved,"(512, 512, 6)",gs://suryabench-sharp-pipeline-bamidele/jsoc_2025_2026_production_v1/samples_npz/2026/20260202_1048_HARP14351_NOAA14362.npz,success,2026-06-24T09:35:35.873371+00:00
20260202_1224_HARP14351_NOAA14362,2026_HARP14351_20260202_0912_20260203_0248,2026-02-02 12:24:00,14351,14362,0,saved,"(512, 512, 6)",gs://suryabench-sharp-pipeline-bamidele/jsoc_2025_2026_production_v1/samples_npz/2026/20260202_1224_HARP14351_NOAA14362.npz,success,2026-06-24T09:35:42.474920+00:00
20260202_1400_HARP14351_NOAA14362,2026_HARP14351_20260202_0912_20260203_0248,2026-02-02 14:00:00,14351,14362,0,saved,"(512, 512, 6)",gs://suryabench-sharp-pipeline-bamidele/jsoc_2025_2026_production_v1/samples_npz/2026/20260202_1400_HARP14351_NOAA14362.npz,success,2026-06-24T09:35:49.121771+00:00
20260202_1536_HARP14351_NOAA14362,2026_HARP14351_20260202_0912_20260203_0248,2026-02-02 15:36:00,14351,14362,0,saved,"(512, 512, 6)",gs://suryabench-sharp-pipeline-bamidele/jsoc_2025_2026_production_v1/samples_npz/2026/20260202_1536_HARP14351_NOAA14362.npz,success,2026-06-24T09:35:55.718469+00:00
20260202_1712_HARP14351_NOAA14362,2026_HARP14351_20260202_0912_20260203_0248,2026-02-02 17:12:00,14351,14362,0,saved,"(512, 512, 6)",gs://suryabench-sharp-pipeline-bamidele/jsoc_2025_2026_production_v1/samples_npz/2026/20260202_1712_HARP14351_NOAA14362.npz,success,2026-06-24T09:36:02.335367+00:00
20260202_1848_HARP14351_NOAA14362,2026_HARP14351_20260202_0912_20260203_0248,2026-02-02 18:48:00,14351,14362,0,saved,"(512, 512, 6)",gs://suryabench-sharp-pipeline-bamidele/jsoc_2025_2026_production_v1/samples_npz/2026/20260202_1848_HARP14351_NOAA14362.npz,success,2026-06-24T09:36:08.949650+00:00
20260202_2024_HARP14351_NOAA14362,2026_HARP14351_20260202_0912_20260203_0248,2026-02-02 20:24:00,14351,14362,0,saved,"(512, 512, 6)",gs://suryabench-sharp-pipeline-bamidele/jsoc_2025_2026_production_v1/samples_npz/2026/20260202_2024_HARP14351_NOAA14362.npz,success,2026-06-24T09:36:15.535162+00:00
20260202_2200_HARP14351_NOAA14362,2026_HARP14351_20260202_0912_20260203_0248,2026-02-02 22:00:00,14351,14362,0,saved,"(512, 512, 6)",gs://suryabench-sharp-pipeline-bamidele/jsoc_2025_2026_production_v1/samples_npz/2026/20260202_2200_HARP14351_NOAA14362.npz,success,2026-06-24T09:36:22.146694+00:00
20260202_2336_HARP14351_NOAA14362,2026_HARP14351_20260202_0912_20260203_0248,2026-02-02 23:36:00,14351,14362,0,saved,"(512, 512, 6)",gs://suryabench-sharp-pipeline-bamidele/jsoc_2025_2026_production_v1/samples_npz/2026/20260202_2336_HARP14351_NOAA14362.npz,success,2026-06-24T09:36:28.756796+00:00
20260203_0112_HARP14351_NOAA14362,2026_HARP14351_20260202_0912_20260203_0248,2026-02-03 01:12:00,14351,14362,0,saved,"(512, 512, 6)",gs://suryabench-sharp-pipeline-bamidele/jsoc_2025_2026_production_v1/samples_npz/2026/20260203_0112_HARP14351_NOAA14362.npz,success,2026-06-24T09:36:35.399439+00:00
20260203_0248_HARP14351_NOAA14362,2026_HARP14351_20260202_0912_20260203_0248,2026-02-03 02:48:00,14351,14362,0,saved,"(512, 512, 6)",gs://suryabench-sharp-pipeline-bamidele/jsoc_2025_2026_production_v1/samples_npz/2026/20260203_0248_HARP14351_NOAA14362.npz,success,2026-06-24T09:36:42.046939+00:00
20260202_0924_HARP14337_NOAA14358,2026_HARP14337_20260202_0924_20260203_0748,2026-02-02 09:24:00,14337,14358,0,saved,"(512, 512, 6)",gs://suryabench-sharp-pipeline-bamidele/jsoc_2025_2026_production_v1/samples_npz/2026/20260202_0924_HARP14337_NOAA14358.npz,success,2026-06-24T09:47:20.558730+00:00
20260202_1100_HARP14337_NOAA14358,2026_HARP14337_20260202_0924_20260203_0748,2026-02-02 11:00:00,14337,14358,0,saved,"(512, 512, 6)",gs://suryabench-sharp-pipeline-bamidele/jsoc_2025_2026_production_v1/samples_npz/2026/20260202_1100_HARP14337_NOAA14358.npz,success,2026-06-24T09:47:27.581653+00:00
20260202_1236_HARP14337_NOAA14358,2026_HARP14337_20260202_0924_20260203_0748,2026-02-02 12:36:00,14337,14358,0,saved,"(512, 512, 6)",gs://suryabench-sharp-pipeline-bamidele/jsoc_2025_2026_production_v1/samples_npz/2026/20260202_1236_HARP14337_NOAA14358.npz,success,2026-06-24T09:47:34.497928+00:00
20260202_1412_HARP14337_NOAA14358,2026_HARP14337_20260202_0924_20260203_0748,2026-02-02 14:12:00,14337,14358,0,saved,"(512, 512, 6)",gs://suryabench-sharp-pipeline-bamidele/jsoc_2025_2026_production_v1/samples_npz/2026/20260202_1412_HARP14337_NOAA14358.npz,success,2026-06-24T09:47:41.518635+00:00
20260202_1548_HARP14337_NOAA14358,2026_HARP14337_20260202_0924_20260203_0748,2026-02-02 15:48:00,14337,14358,0,saved,"(512, 512, 6)",gs://suryabench-sharp-pipeline-bamidele/jsoc_2025_2026_production_v1/samples_npz/2026/20260202_1548_HARP14337_NOAA14358.npz,success,2026-06-24T09:47:48.886383+00:00
20260202_1724_HARP14337_NOAA14358,2026_HARP14337_20260202_0924_20260203_0748,2026-02-02 17:24:00,14337,14358,0,saved,"(512, 512, 6)",gs://suryabench-sharp-pipeline-bamidele/jsoc_2025_2026_production_v1/samples_npz/2026/20260202_1724_HARP14337_NOAA14358.npz,success,2026-06-24T09:47:56.022281+00:00
20260202_1900_HARP14337_NOAA14358,2026_HARP14337_20260202_0924_20260203_0748,2026-02-02 19:00:00,14337,14358,0,saved,"(512, 512, 6)",gs://suryabench-sharp-pipeline-bamidele/jsoc_2025_2026_production_v1/samples_npz/2026/20260202_1900_HARP14337_NOAA14358.npz,success,2026-06-24T09:48:03.182131+00:00
20260202_2036_HARP14337_NOAA14358,2026_HARP14337_20260202_0924_20260203_0748,2026-02-02 20:36:00,14337,14358,0,saved,"(512, 512, 6)",gs://suryabench-sharp-pipeline-bamidele/jsoc_2025_2026_production_v1/samples_npz/2026/20260202_2036_HARP14337_NOAA14358.npz,success,2026-06-24T09:48:10.483515+00:00
20260202_2212_HARP14337_NOAA14358,2026_HARP14337_20260202_0924_20260203_0748,2026-02-02 22:12:00,14337,14358,0,saved,"(512, 512, 6)",gs://suryabench-sharp-pipeline-bamidele/jsoc_2025_2026_production_v1/samples_npz/2026/20260202_2212_HARP14337_NOAA14358.npz,success,2026-06-24T09:48:17.707476+00:00
20260202_2348_HARP14337_NOAA14358,2026_HARP14337_20260202_0924_20260203_0748,2026-02-02 23:48:00,14337,14358,0,saved,"(512, 512, 6)",gs://suryabench-sharp-pipeline-bamidele/jsoc_2025_2026_production_v1/samples_npz/2026/20260202_2348_HARP14337_NOAA14358.npz,success,2026-06-24T09:48:24.912813+00:00
20260203_0124_HARP14337_NOAA14358,2026_HARP14337_20260202_0924_20260203_0748,2026-02-03 01:24:00,14337,14358,0,saved,"(512, 512, 6)",gs://suryabench-sharp-pipeline-bamidele/jsoc_2025_2026_production_v1/samples_npz/2026/20260203_0124_HARP14337_NOAA14358.npz,success,2026-06-24T09:48:32.124452+00:00
20260203_0300_HARP14337_NOAA14358,2026_HARP14337_20260202_0924_20260203_0748,2026-02-03 03:00:00,14337,14358,0,saved,"(512, 512, 6)",gs://suryabench-sharp-pipeline-bamidele/jsoc_2025_2026_production_v1/samples_npz/2026/20260203_0300_HARP14337_NOAA14358.npz,success,2026-06-24T09:48:39.305489+00:00
20260203_0436_HARP14337_NOAA14358,2026_HARP14337_20260202_0924_20260203_0748,2026-02-03 04:36:00,14337,14358,0,saved,"(512, 512, 6)",gs://suryabench-sharp-pipeline-bamidele/jsoc_2025_2026_production_v1/samples_npz/2026/20260203_0436_HARP14337_NOAA14358.npz,success,2026-06-24T09:48:46.577487+00:00
20260203_0612_HARP14337_NOAA14358,2026_HARP14337_20260202_0924_20260203_0748,2026-02-03 06:12:00,14337,14358,0,saved,"(512, 512, 6)",gs://suryabench-sharp-pipeline-bamidele/jsoc_2025_2026_production_v1/samples_npz/2026/20260203_0612_HARP14337_NOAA14358.npz,success,2026-06-24T09:48:54.513351+00:00
20260203_0748_HARP14337_NOAA14358,2026_HARP14337_20260202_0924_20260203_0748,2026-02-03 07:48:00,14337,14358,0,saved,"(512, 512, 6)",gs://suryabench-sharp-pipeline-bamidele/jsoc_2025_2026_production_v1/samples_npz/2026/20260203_0748_HARP14337_NOAA14358.npz,success,2026-06-24T09:49:01.692327+00:00
20260202_0924_HARP14344_NOAA14359,2026_HARP14344_20260202_0924_20260202_1100,2026-02-02 09:24:00,14344,14359,0,saved,"(512, 512, 6)",gs://suryabench-sharp-pipeline-bamidele/jsoc_2025_2026_production_v1/samples_npz/2026/20260202_0924_HARP14344_NOAA14359.npz,success,2026-06-24T09:56:23.953414+00:00
20260202_1100_HARP14344_NOAA14359,2026_HARP14344_20260202_0924_20260202_1100,2026-02-02 11:00:00,14344,14359,0,saved,"(512, 512, 6)",gs://suryabench-sharp-pipeline-bamidele/jsoc_2025_2026_production_v1/samples_npz/2026/20260202_1100_HARP14344_NOAA14359.npz,success,2026-06-24T09:56:34.477505+00:00
20260202_1936_HARP14355_NOAA14366,2026_HARP14355_20260202_1936_20260203_1624,2026-02-02 19:36:00,14355,14366,1,saved,"(512, 512, 6)",gs://suryabench-sharp-pipeline-bamidele/jsoc_2025_2026_production_v1/samples_npz/2026/20260202_1936_HARP14355_NOAA14366.npz,success,2026-06-24T10:08:50.857934+00:00
20260202_2112_HARP14355_NOAA14366,2026_HARP14355_20260202_1936_20260203_1624,2026-02-02 21:12:00,14355,14366,1,saved,"(512, 512, 6)",gs://suryabench-sharp-pipeline-bamidele/jsoc_2025_2026_production_v1/samples_npz/2026/20260202_2112_HARP14355_NOAA14366.npz,success,2026-06-24T10:08:57.203459+00:00
20260202_2248_HARP14355_NOAA14366,2026_HARP14355_20260202_1936_20260203_1624,2026-02-02 22:48:00,14355,14366,1,saved,"(512, 512, 6)",gs://suryabench-sharp-pipeline-bamidele/jsoc_2025_2026_production_v1/samples_npz/2026/20260202_2248_HARP14355_NOAA14366.npz,success,2026-06-24T10:09:03.760272+00:00
20260203_0024_HARP14355_NOAA14366,2026_HARP14355_20260202_1936_20260203_1624,2026-02-03 00:24:00,14355,14366,1,saved,"(512, 512, 6)",gs://suryabench-sharp-pipeline-bamidele/jsoc_2025_2026_production_v1/samples_npz/2026/20260203_0024_HARP14355_NOAA14366.npz,success,2026-06-24T10:09:10.152330+00:00
20260203_0200_HARP14355_NOAA14366,2026_HARP14355_20260202_1936_20260203_1624,2026-02-03 02:00:00,14355,14366,1,saved,"(512, 512, 6)",gs://suryabench-sharp-pipeline-bamidele/jsoc_2025_2026_production_v1/samples_npz/2026/20260203_0200_HARP14355_NOAA14366.npz,success,2026-06-24T10:09:16.632297+00:00
20260203_0336_HARP14355_NOAA14366,2026_HARP14355_20260202_1936_20260203_1624,2026-02-03 03:36:00,14355,14366,1,saved,"(512, 512, 6)",gs://suryabench-sharp-pipeline-bamidele/jsoc_2025_2026_production_v1/samples_npz/2026/20260203_0336_HARP14355_NOAA14366.npz,success,2026-06-24T10:09:23.764312+00:00
20260203_0512_HARP14355_NOAA14366,2026_HARP14355_20260202_1936_20260203_1624,2026-02-03 05:12:00,14355,14366,1,saved,"(512, 512, 6)",gs://suryabench-sharp-pipeline-bamidele/jsoc_2025_2026_production_v1/samples_npz/2026/20260203_0512_HARP14355_NOAA14366.npz,success,2026-06-24T10:09:30.582047+00:00
20260203_0648_HARP14355_NOAA14366,2026_HARP14355_20260202_1936_20260203_1624,2026-02-03 06:48:00,14355,14366,1,saved,"(512, 512, 6)",gs://suryabench-sharp-pipeline-bamidele/jsoc_2025_2026_production_v1/samples_npz/2026/20260203_0648_HARP14355_NOAA14366.npz,success,2026-06-24T10:09:37.244062+00:00
20260203_0824_HARP14355_NOAA14366,2026_HARP14355_20260202_1936_20260203_1624,2026-02-03 08:24:00,14355,14366,1,saved,"(512, 512, 6)",gs://suryabench-sharp-pipeline-bamidele/jsoc_2025_2026_production_v1/samples_npz/2026/20260203_0824_HARP14355_NOAA14366.npz,success,2026-06-24T10:09:43.831636+00:00
20260203_1000_HARP14355_NOAA14366,2026_HARP14355_20260202_1936_20260203_1624,2026-02-03 10:00:00,14355,14366,1,saved,"(512, 512, 6)",gs://suryabench-sharp-pipeline-bamidele/jsoc_2025_2026_production_v1/samples_npz/2026/20260203_1000_HARP14355_NOAA14366.npz,success,2026-06-24T10:09:50.387430+00:00
20260203_1136_HARP14355_NOAA14366,2026_HARP14355_20260202_1936_20260203_1624,2026-02-03 11:36:00,14355,14366,1,saved,"(512, 512, 6)",gs://suryabench-sharp-pipeline-bamidele/jsoc_2025_2026_production_v1/samples_npz/2026/20260203_1136_HARP14355_NOAA14366.npz,success,2026-06-24T10:09:57.163146+00:00
20260203_1312_HARP14355_NOAA14366,2026_HARP14355_20260202_1936_20260203_1624,2026-02-03 13:12:00,14355,14366,1,saved,"(512, 512, 6)",gs://suryabench-sharp-pipeline-bamidele/jsoc_2025_2026_production_v1/samples_npz/2026/20260203_1312_HARP14355_NOAA14366.npz,success,2026-06-24T10:10:03.811081+00:00
20260203_1448_HARP14355_NOAA14366,2026_HARP14355_20260202_1936_20260203_1624,2026-02-03 14:48:00,14355,14366,1,saved,"(512, 512, 6)",gs://suryabench-sharp-pipeline-bamidele/jsoc_2025_2026_production_v1/samples_npz/2026/20260203_1448_HARP14355_NOAA14366.npz,success,2026-06-24T10:10:10.366992+00:00
20260203_1624_HARP14355_NOAA14366,2026_HARP14355_20260202_1936_20260203_1624,2026-02-03 16:24:00,14355,14366,1,saved,"(512, 512, 6)",gs://suryabench-sharp-pipeline-bamidele/jsoc_2025_2026_production_v1/samples_npz/2026/20260203_1624_HARP14355_NOAA14366.npz,success,2026-06-24T10:10:17.022047+00:00
20260203_0700_HARP14349_NOAA14363,2026_HARP14349_20260203_0700_20260204_0524,2026-02-03 07:00:00,14349,14363,0,saved,"(512, 512, 6)",gs://suryabench-sharp-pipeline-bamidele/jsoc_2025_2026_production_v1/samples_npz/2026/20260203_0700_HARP14349_NOAA14363.npz,success,2026-06-24T10:21:54.322011+00:00
20260203_0836_HARP14349_NOAA14363,2026_HARP14349_20260203_0700_20260204_0524,2026-02-03 08:36:00,14349,14363,0,saved,"(512, 512, 6)",gs://suryabench-sharp-pipeline-bamidele/jsoc_2025_2026_production_v1/samples_npz/2026/20260203_0836_HARP14349_NOAA14363.npz,success,2026-06-24T10:22:00.798461+00:00
20260203_1012_HARP14349_NOAA14363,2026_HARP14349_20260203_0700_20260204_0524,2026-02-03 10:12:00,14349,14363,0,saved,"(512, 512, 6)",gs://suryabench-sharp-pipeline-bamidele/jsoc_2025_2026_production_v1/samples_npz/2026/20260203_1012_HARP14349_NOAA14363.npz,success,2026-06-24T10:22:06.862338+00:00
20260203_1148_HARP14349_NOAA14363,2026_HARP14349_20260203_0700_20260204_0524,2026-02-03 11:48:00,14349,14363,0,saved,"(512, 512, 6)",gs://suryabench-sharp-pipeline-bamidele/jsoc_2025_2026_production_v1/samples_npz/2026/20260203_1148_HARP14349_NOAA14363.npz,success,2026-06-24T10:22:12.917929+00:00
20260203_1324_HARP14349_NOAA14363,2026_HARP14349_20260203_0700_20260204_0524,2026-02-03 13:24:00,14349,14363,0,saved,"(512, 512, 6)",gs://suryabench-sharp-pipeline-bamidele/jsoc_2025_2026_production_v1/samples_npz/2026/20260203_1324_HARP14349_NOAA14363.npz,success,2026-06-24T10:22:18.911296+00:00
20260203_1500_HARP14349_NOAA14363,2026_HARP14349_20260203_0700_20260204_0524,2026-02-03 15:00:00,14349,14363,0,saved,"(512, 512, 6)",gs://suryabench-sharp-pipeline-bamidele/jsoc_2025_2026_production_v1/samples_npz/2026/20260203_1500_HARP14349_NOAA14363.npz,success,2026-06-24T10:22:25.115750+00:00
20260203_1636_HARP14349_NOAA14363,2026_HARP14349_20260203_0700_20260204_0524,2026-02-03 16:36:00,14349,14363,0,saved,"(512, 512, 6)",gs://suryabench-sharp-pipeline-bamidele/jsoc_2025_2026_production_v1/samples_npz/2026/20260203_1636_HARP14349_NOAA14363.npz,success,2026-06-24T10:22:31.926088+00:00
20260203_1812_HARP14349_NOAA14363,2026_HARP14349_20260203_0700_20260204_0524,2026-02-03 18:12:00,14349,14363,0,saved,"(512, 512, 6)",gs://suryabench-sharp-pipeline-bamidele/jsoc_2025_2026_production_v1/samples_npz/2026/20260203_1812_HARP14349_NOAA14363.npz,success,2026-06-24T10:22:38.244250+00:00
20260203_1948_HARP14349_NOAA14363,2026_HARP14349_20260203_0700_20260204_0524,2026-02-03 19:48:00,14349,14363,0,saved,"(512, 512, 6)",gs://suryabench-sharp-pipeline-bamidele/jsoc_2025_2026_production_v1/samples_npz/2026/20260203_1948_HARP14349_NOAA14363.npz,success,2026-06-24T10:22:44.445743+00:00
20260203_2124_HARP14349_NOAA14363,2026_HARP14349_20260203_0700_20260204_0524,2026-02-03 21:24:00,14349,14363,0,saved,"(512, 512, 6)",gs://suryabench-sharp-pipeline-bamidele/jsoc_2025_2026_production_v1/samples_npz/2026/20260203_2124_HARP14349_NOAA14363.npz,success,2026-06-24T10:22:50.830771+00:00
20260203_2300_HARP14349_NOAA14363,2026_HARP14349_20260203_0700_20260204_0524,2026-02-03 23:00:00,14349,14363,0,saved,"(512, 512, 6)",gs://suryabench-sharp-pipeline-bamidele/jsoc_2025_2026_production_v1/samples_npz/2026/20260203_2300_HARP14349_NOAA14363.npz,success,2026-06-24T10:22:57.273149+00:00
20260204_0036_HARP14349_NOAA14363,2026_HARP14349_20260203_0700_20260204_0524,2026-02-04 00:36:00,14349,14363,0,saved,"(512, 512, 6)",gs://suryabench-sharp-pipeline-bamidele/jsoc_2025_2026_production_v1/samples_npz/2026/20260204_0036_HARP14349_NOAA14363.npz,success,2026-06-24T10:23:03.596164+00:00
20260204_0212_HARP14349_NOAA14363,2026_HARP14349_20260203_0700_20260204_0524,2026-02-04 02:12:00,14349,14363,0,saved,"(512, 512, 6)",gs://suryabench-sharp-pipeline-bamidele/jsoc_2025_2026_production_v1/samples_npz/2026/20260204_0212_HARP14349_NOAA14363.npz,success,2026-06-24T10:23:11.228700+00:00
20260204_0348_HARP14349_NOAA14363,2026_HARP14349_20260203_0700_20260204_0524,2026-02-04 03:48:00,14349,14363,0,saved,"(512, 512, 6)",gs://suryabench-sharp-pipeline-bamidele/jsoc_2025_2026_production_v1/samples_npz/2026/20260204_0348_HARP14349_NOAA14363.npz,success,2026-06-24T10:23:17.610336+00:00
20260204_0524_HARP14349_NOAA14363,2026_HARP14349_20260203_0700_20260204_0524,2026-02-04 05:24:00,14349,14363,0,saved,"(512, 512, 6)",gs://suryabench-sharp-pipeline-bamidele/jsoc_2025_2026_production_v1/samples_npz/2026/20260204_0524_HARP14349_NOAA14363.npz,success,2026-06-24T10:23:24.018310+00:00
20260203_0736_HARP14351_NOAA14362,2026_HARP14351_20260203_0736_20260203_1400,2026-02-03 07:36:00,14351,14362,0,saved,"(512, 512, 6)",gs://suryabench-sharp-pipeline-bamidele/jsoc_2025_2026_production_v1/samples_npz/2026/20260203_0736_HARP14351_NOAA14362.npz,success,2026-06-24T10:32:06.995395+00:00
20260203_0912_HARP14351_NOAA14362,2026_HARP14351_20260203_0736_20260203_1400,2026-02-03 09:12:00,14351,14362,0,saved,"(512, 512, 6)",gs://suryabench-sharp-pipeline-bamidele/jsoc_2025_2026_production_v1/samples_npz/2026/20260203_0912_HARP14351_NOAA14362.npz,success,2026-06-24T10:32:12.948953+00:00
20260203_1048_HARP14351_NOAA14362,2026_HARP14351_20260203_0736_20260203_1400,2026-02-03 10:48:00,14351,14362,0,saved,"(512, 512, 6)",gs://suryabench-sharp-pipeline-bamidele/jsoc_2025_2026_production_v1/samples_npz/2026/20260203_1048_HARP14351_NOAA14362.npz,success,2026-06-24T10:32:19.244506+00:00
20260203_1224_HARP14351_NOAA14362,2026_HARP14351_20260203_0736_20260203_1400,2026-02-03 12:24:00,14351,14362,0,saved,"(512, 512, 6)",gs://suryabench-sharp-pipeline-bamidele/jsoc_2025_2026_production_v1/samples_npz/2026/20260203_1224_HARP14351_NOAA14362.npz,success,2026-06-24T10:32:25.289796+00:00
20260203_1400_HARP14351_NOAA14362,2026_HARP14351_20260203_0736_20260203_1400,2026-02-03 14:00:00,14351,14362,0,saved,"(512, 512, 6)",gs://suryabench-sharp-pipeline-bamidele/jsoc_2025_2026_production_v1/samples_npz/2026/20260203_1400_HARP14351_NOAA14362.npz,success,2026-06-24T10:32:31.314096+00:00
20260203_0812_HARP14341_NOAA14360,2026_HARP14341_20260203_0812_20260204_0636,2026-02-03 08:12:00,14341,14360,0,saved,"(512, 512, 6)",gs://suryabench-sharp-pipeline-bamidele/jsoc_2025_2026_production_v1/samples_npz/2026/20260203_0812_HARP14341_NOAA14360.npz,success,2026-06-24T10:41:56.504854+00:00
20260203_0948_HARP14341_NOAA14360,2026_HARP14341_20260203_0812_20260204_0636,2026-02-03 09:48:00,14341,14360,0,saved,"(512, 512, 6)",gs://suryabench-sharp-pipeline-bamidele/jsoc_2025_2026_production_v1/samples_npz/2026/20260203_0948_HARP14341_NOAA14360.npz,success,2026-06-24T10:42:02.607242+00:00
20260203_1124_HARP14341_NOAA14360,2026_HARP14341_20260203_0812_20260204_0636,2026-02-03 11:24:00,14341,14360,0,saved,"(512, 512, 6)",gs://suryabench-sharp-pipeline-bamidele/jsoc_2025_2026_production_v1/samples_npz/2026/20260203_1124_HARP14341_NOAA14360.npz,success,2026-06-24T10:42:08.691862+00:00
20260203_1300_HARP14341_NOAA14360,2026_HARP14341_20260203_0812_20260204_0636,2026-02-03 13:00:00,14341,14360,0,saved,"(512, 512, 6)",gs://suryabench-sharp-pipeline-bamidele/jsoc_2025_2026_production_v1/samples_npz/2026/20260203_1300_HARP14341_NOAA14360.npz,success,2026-06-24T10:42:14.899410+00:00
20260203_1436_HARP14341_NOAA14360,2026_HARP14341_20260203_0812_20260204_0636,2026-02-03 14:36:00,14341,14360,0,saved,"(512, 512, 6)",gs://suryabench-sharp-pipeline-bamidele/jsoc_2025_2026_production_v1/samples_npz/2026/20260203_1436_HARP14341_NOAA14360.npz,success,2026-06-24T10:42:21.047953+00:00
20260203_1612_HARP14341_NOAA14360,2026_HARP14341_20260203_0812_20260204_0636,2026-02-03 16:12:00,14341,14360,0,saved,"(512, 512, 6)",gs://suryabench-sharp-pipeline-bamidele/jsoc_2025_2026_production_v1/samples_npz/2026/20260203_1612_HARP14341_NOAA14360.npz,success,2026-06-24T10:42:27.098057+00:00
20260203_1748_HARP14341_NOAA14360,2026_HARP14341_20260203_0812_20260204_0636,2026-02-03 17:48:00,14341,14360,0,saved,"(512, 512, 6)",gs://suryabench-sharp-pipeline-bamidele/jsoc_2025_2026_production_v1/samples_npz/2026/20260203_1748_HARP14341_NOAA14360.npz,success,2026-06-24T10:42:33.172707+00:00
20260203_1924_HARP14341_NOAA14360,2026_HARP14341_20260203_0812_20260204_0636,2026-02-03 19:24:00,14341,14360,0,saved,"(512, 512, 6)",gs://suryabench-sharp-pipeline-bamidele/jsoc_2025_2026_production_v1/samples_npz/2026/20260203_1924_HARP14341_NOAA14360.npz,success,2026-06-24T10:42:39.199017+00:00
20260203_2100_HARP14341_NOAA14360,2026_HARP14341_20260203_0812_20260204_0636,2026-02-03 21:00:00,14341,14360,0,saved,"(512, 512, 6)",gs://suryabench-sharp-pipeline-bamidele/jsoc_2025_2026_production_v1/samples_npz/2026/20260203_2100_HARP14341_NOAA14360.npz,success,2026-06-24T10:42:45.367353+00:00
20260203_2236_HARP14341_NOAA14360,2026_HARP14341_20260203_0812_20260204_0636,2026-02-03 22:36:00,14341,14360,0,saved,"(512, 512, 6)",gs://suryabench-sharp-pipeline-bamidele/jsoc_2025_2026_production_v1/samples_npz/2026/20260203_2236_HARP14341_NOAA14360.npz,success,2026-06-24T10:42:51.515986+00:00
20260204_0012_HARP14341_NOAA14360,2026_HARP14341_20260203_0812_20260204_0636,2026-02-04 00:12:00,14341,14360,0,saved,"(512, 512, 6)",gs://suryabench-sharp-pipeline-bamidele/jsoc_2025_2026_production_v1/samples_npz/2026/20260204_0012_HARP14341_NOAA14360.npz,success,2026-06-24T10:42:57.523850+00:00
20260204_0148_HARP14341_NOAA14360,2026_HARP14341_20260203_0812_20260204_0636,2026-02-04 01:48:00,14341,14360,0,saved,"(512, 512, 6)",gs://suryabench-sharp-pipeline-bamidele/jsoc_2025_2026_production_v1/samples_npz/2026/20260204_0148_HARP14341_NOAA14360.npz,success,2026-06-24T10:43:03.652910+00:00
20260204_0324_HARP14341_NOAA14360,2026_HARP14341_20260203_0812_20260204_0636,2026-02-04 03:24:00,14341,14360,0,saved,"(512, 512, 6)",gs://suryabench-sharp-pipeline-bamidele/jsoc_2025_2026_production_v1/samples_npz/2026/20260204_0324_HARP14341_NOAA14360.npz,success,2026-06-24T10:43:09.817553+00:00
20260204_0500_HARP14341_NOAA14360,2026_HARP14341_20260203_0812_20260204_0636,2026-02-04 05:00:00,14341,14360,0,saved,"(512, 512, 6)",gs://suryabench-sharp-pipeline-bamidele/jsoc_2025_2026_production_v1/samples_npz/2026/20260204_0500_HARP14341_NOAA14360.npz,success,2026-06-24T10:43:16.162377+00:00
20260204_0636_HARP14341_NOAA14360,2026_HARP14341_20260203_0812_20260204_0636,2026-02-04 06:36:00,14341,14360,0,saved,"(512, 512, 6)",gs://suryabench-sharp-pipeline-bamidele/jsoc_2025_2026_production_v1/samples_npz/2026/20260204_0636_HARP14341_NOAA14360.npz,success,2026-06-24T10:43:22.372023+00:00
20260203_0924_HARP14337_NOAA14358,2026_HARP14337_20260203_0924_20260203_1724,2026-02-03 09:24:00,14337,14358,0,saved,"(512, 512, 6)",gs://suryabench-sharp-pipeline-bamidele/jsoc_2025_2026_production_v1/samples_npz/2026/20260203_0924_HARP14337_NOAA14358.npz,success,2026-06-24T10:52:12.732288+00:00
20260203_1100_HARP14337_NOAA14358,2026_HARP14337_20260203_0924_20260203_1724,2026-02-03 11:00:00,14337,14358,0,saved,"(512, 512, 6)",gs://suryabench-sharp-pipeline-bamidele/jsoc_2025_2026_production_v1/samples_npz/2026/20260203_1100_HARP14337_NOAA14358.npz,success,2026-06-24T10:52:18.700621+00:00
20260203_1236_HARP14337_NOAA14358,2026_HARP14337_20260203_0924_20260203_1724,2026-02-03 12:36:00,14337,14358,0,saved,"(512, 512, 6)",gs://suryabench-sharp-pipeline-bamidele/jsoc_2025_2026_production_v1/samples_npz/2026/20260203_1236_HARP14337_NOAA14358.npz,success,2026-06-24T10:52:24.730191+00:00
20260203_1412_HARP14337_NOAA14358,2026_HARP14337_20260203_0924_20260203_1724,2026-02-03 14:12:00,14337,14358,0,saved,"(512, 512, 6)",gs://suryabench-sharp-pipeline-bamidele/jsoc_2025_2026_production_v1/samples_npz/2026/20260203_1412_HARP14337_NOAA14358.npz,success,2026-06-24T10:52:30.794625+00:00
20260203_1548_HARP14337_NOAA14358,2026_HARP14337_20260203_0924_20260203_1724,2026-02-03 15:48:00,14337,14358,0,saved,"(512, 512, 6)",gs://suryabench-sharp-pipeline-bamidele/jsoc_2025_2026_production_v1/samples_npz/2026/20260203_1548_HARP14337_NOAA14358.npz,success,2026-06-24T10:52:36.850307+00:00
20260203_1724_HARP14337_NOAA14358,2026_HARP14337_20260203_0924_20260203_1724,2026-02-03 17:24:00,14337,14358,0,saved,"(512, 512, 6)",gs://suryabench-sharp-pipeline-bamidele/jsoc_2025_2026_production_v1/samples_npz/2026/20260203_1724_HARP14337_NOAA14358.npz,success,2026-06-24T10:52:42.921406+00:00
20260203_1712_HARP14351_NOAA14362,2026_HARP14351_20260203_1712_20260204_0424,2026-02-03 17:12:00,14351,14362,1,saved,"(512, 512, 6)",gs://suryabench-sharp-pipeline-bamidele/jsoc_2025_2026_production_v1/samples_npz/2026/20260203_1712_HARP14351_NOAA14362.npz,success,2026-06-24T11:02:36.305217+00:00
20260203_1848_HARP14351_NOAA14362,2026_HARP14351_20260203_1712_20260204_0424,2026-02-03 18:48:00,14351,14362,1,saved,"(512, 512, 6)",gs://suryabench-sharp-pipeline-bamidele/jsoc_2025_2026_production_v1/samples_npz/2026/20260203_1848_HARP14351_NOAA14362.npz,success,2026-06-24T11:02:42.388674+00:00
20260203_2024_HARP14351_NOAA14362,2026_HARP14351_20260203_1712_20260204_0424,2026-02-03 20:24:00,14351,14362,1,saved,"(512, 512, 6)",gs://suryabench-sharp-pipeline-bamidele/jsoc_2025_2026_production_v1/samples_npz/2026/20260203_2024_HARP14351_NOAA14362.npz,success,2026-06-24T11:02:48.417161+00:00
20260203_2200_HARP14351_NOAA14362,2026_HARP14351_20260203_1712_20260204_0424,2026-02-03 22:00:00,14351,14362,1,saved,"(512, 512, 6)",gs://suryabench-sharp-pipeline-bamidele/jsoc_2025_2026_production_v1/samples_npz/2026/20260203_2200_HARP14351_NOAA14362.npz,success,2026-06-24T11:02:55.009366+00:00
20260203_2336_HARP14351_NOAA14362,2026_HARP14351_20260203_1712_20260204_0424,2026-02-03 23:36:00,14351,14362,1,saved,"(512, 512, 6)",gs://suryabench-sharp-pipeline-bamidele/jsoc_2025_2026_production_v1/samples_npz/2026/20260203_2336_HARP14351_NOAA14362.npz,success,2026-06-24T11:03:01.044469+00:00
20260204_0112_HARP14351_NOAA14362,2026_HARP14351_20260203_1712_20260204_0424,2026-02-04 01:12:00,14351,14362,1,saved,"(512, 512, 6)",gs://suryabench-sharp-pipeline-bamidele/jsoc_2025_2026_production_v1/samples_npz/2026/20260204_0112_HARP14351_NOAA14362.npz,success,2026-06-24T11:03:07.136310+00:00
20260204_0248_HARP14351_NOAA14362,2026_HARP14351_20260203_1712_20260204_0424,2026-02-04 02:48:00,14351,14362,1,saved,"(512, 512, 6)",gs://suryabench-sharp-pipeline-bamidele/jsoc_2025_2026_production_v1/samples_npz/2026/20260204_0248_HARP14351_NOAA14362.npz,success,2026-06-24T11:03:13.196253+00:00
20260204_0424_HARP14351_NOAA14362,2026_HARP14351_20260203_1712_20260204_0424,2026-02-04 04:24:00,14351,14362,1,saved,"(512, 512, 6)",gs://suryabench-sharp-pipeline-bamidele/jsoc_2025_2026_production_v1/samples_npz/2026/20260204_0424_HARP14351_NOAA14362.npz,success,2026-06-24T11:03:19.313842+00:00
20260203_1936_HARP14355_NOAA14366,2026_HARP14355_20260203_1936_20260204_1624,2026-02-03 19:36:00,14355,14366,1,saved,"(512, 512, 6)",gs://suryabench-sharp-pipeline-bamidele/jsoc_2025_2026_production_v1/samples_npz/2026/20260203_1936_HARP14355_NOAA14366.npz,success,2026-06-24T11:14:01.132214+00:00
20260203_2112_HARP14355_NOAA14366,2026_HARP14355_20260203_1936_20260204_1624,2026-02-03 21:12:00,14355,14366,1,saved,"(512, 512, 6)",gs://suryabench-sharp-pipeline-bamidele/jsoc_2025_2026_production_v1/samples_npz/2026/20260203_2112_HARP14355_NOAA14366.npz,success,2026-06-24T11:14:07.741257+00:00
20260203_2248_HARP14355_NOAA14366,2026_HARP14355_20260203_1936_20260204_1624,2026-02-03 22:48:00,14355,14366,1,saved,"(512, 512, 6)",gs://suryabench-sharp-pipeline-bamidele/jsoc_2025_2026_production_v1/samples_npz/2026/20260203_2248_HARP14355_NOAA14366.npz,success,2026-06-24T11:14:14.246478+00:00
20260204_0024_HARP14355_NOAA14366,2026_HARP14355_20260203_1936_20260204_1624,2026-02-04 00:24:00,14355,14366,1,saved,"(512, 512, 6)",gs://suryabench-sharp-pipeline-bamidele/jsoc_2025_2026_production_v1/samples_npz/2026/20260204_0024_HARP14355_NOAA14366.npz,success,2026-06-24T11:14:21.012734+00:00
20260204_0200_HARP14355_NOAA14366,2026_HARP14355_20260203_1936_20260204_1624,2026-02-04 02:00:00,14355,14366,1,saved,"(512, 512, 6)",gs://suryabench-sharp-pipeline-bamidele/jsoc_2025_2026_production_v1/samples_npz/2026/20260204_0200_HARP14355_NOAA14366.npz,success,2026-06-24T11:14:27.536653+00:00
20260204_0336_HARP14355_NOAA14366,2026_HARP14355_20260203_1936_20260204_1624,2026-02-04 03:36:00,14355,14366,1,saved,"(512, 512, 6)",gs://suryabench-sharp-pipeline-bamidele/jsoc_2025_2026_production_v1/samples_npz/2026/20260204_0336_HARP14355_NOAA14366.npz,success,2026-06-24T11:14:34.197863+00:00
20260204_0512_HARP14355_NOAA14366,2026_HARP14355_20260203_1936_20260204_1624,2026-02-04 05:12:00,14355,14366,1,saved,"(512, 512, 6)",gs://suryabench-sharp-pipeline-bamidele/jsoc_2025_2026_production_v1/samples_npz/2026/20260204_0512_HARP14355_NOAA14366.npz,success,2026-06-24T11:14:40.762156+00:00
20260204_0648_HARP14355_NOAA14366,2026_HARP14355_20260203_1936_20260204_1624,2026-02-04 06:48:00,14355,14366,1,saved,"(512, 512, 6)",gs://suryabench-sharp-pipeline-bamidele/jsoc_2025_2026_production_v1/samples_npz/2026/20260204_0648_HARP14355_NOAA14366.npz,success,2026-06-24T11:14:47.226464+00:00
20260204_0824_HARP14355_NOAA14366,2026_HARP14355_20260203_1936_20260204_1624,2026-02-04 08:24:00,14355,14366,1,saved,"(512, 512, 6)",gs://suryabench-sharp-pipeline-bamidele/jsoc_2025_2026_production_v1/samples_npz/2026/20260204_0824_HARP14355_NOAA14366.npz,success,2026-06-24T11:14:53.605881+00:00
20260204_1000_HARP14355_NOAA14366,2026_HARP14355_20260203_1936_20260204_1624,2026-02-04 10:00:00,14355,14366,1,saved,"(512, 512, 6)",gs://suryabench-sharp-pipeline-bamidele/jsoc_2025_2026_production_v1/samples_npz/2026/20260204_1000_HARP14355_NOAA14366.npz,success,2026-06-24T11:15:00.041320+00:00
20260204_1136_HARP14355_NOAA14366,2026_HARP14355_20260203_1936_20260204_1624,2026-02-04 11:36:00,14355,14366,1,saved,"(512, 512, 6)",gs://suryabench-sharp-pipeline-bamidele/jsoc_2025_2026_production_v1/samples_npz/2026/20260204_1136_HARP14355_NOAA14366.npz,success,2026-06-24T11:15:06.718407+00:00
20260204_1312_HARP14355_NOAA14366,2026_HARP14355_20260203_1936_20260204_1624,2026-02-04 13:12:00,14355,14366,1,saved,"(512, 512, 6)",gs://suryabench-sharp-pipeline-bamidele/jsoc_2025_2026_production_v1/samples_npz/2026/20260204_1312_HARP14355_NOAA14366.npz,success,2026-06-24T11:15:13.196223+00:00
20260204_1448_HARP14355_NOAA14366,2026_HARP14355_20260203_1936_20260204_1624,2026-02-04 14:48:00,14355,14366,1,saved,"(512, 512, 6)",gs://suryabench-sharp-pipeline-bamidele/jsoc_2025_2026_production_v1/samples_npz/2026/20260204_1448_HARP14355_NOAA14366.npz,success,2026-06-24T11:15:19.743934+00:00
20260204_1624_HARP14355_NOAA14366,2026_HARP14355_20260203_1936_20260204_1624,2026-02-04 16:24:00,14355,14366,1,saved,"(512, 512, 6)",gs://suryabench-sharp-pipeline-bamidele/jsoc_2025_2026_production_v1/samples_npz/2026/20260204_1624_HARP14355_NOAA14366.npz,success,2026-06-24T11:15:26.299659+00:00
20260203_2036_HARP14337_NOAA14358,2026_HARP14337_20260203_2036_20260203_2348,2026-02-03 20:36:00,14337,14358,0,saved,"(512, 512, 6)",gs://suryabench-sharp-pipeline-bamidele/jsoc_2025_2026_production_v1/samples_npz/2026/20260203_2036_HARP14337_NOAA14358.npz,success,2026-06-24T11:22:22.029069+00:00
20260203_2212_HARP14337_NOAA14358,2026_HARP14337_20260203_2036_20260203_2348,2026-02-03 22:12:00,14337,14358,0,saved,"(512, 512, 6)",gs://suryabench-sharp-pipeline-bamidele/jsoc_2025_2026_production_v1/samples_npz/2026/20260203_2212_HARP14337_NOAA14358.npz,success,2026-06-24T11:22:28.337792+00:00
20260203_2348_HARP14337_NOAA14358,2026_HARP14337_20260203_2036_20260203_2348,2026-02-03 23:48:00,14337,14358,0,saved,"(512, 512, 6)",gs://suryabench-sharp-pipeline-bamidele/jsoc_2025_2026_production_v1/samples_npz/2026/20260203_2348_HARP14337_NOAA14358.npz,success,2026-06-24T11:22:34.763713+00:00
20260204_0700_HARP14349_NOAA14363,2026_HARP14349_20260204_0700_20260205_0536,2026-02-04 07:00:00,14349,14363,0,saved,"(512, 512, 6)",gs://suryabench-sharp-pipeline-bamidele/jsoc_2025_2026_production_v1/samples_npz/2026/20260204_0700_HARP14349_NOAA14363.npz,success,2026-06-24T11:40:38.831347+00:00
20260204_0836_HARP14349_NOAA14363,2026_HARP14349_20260204_0700_20260205_0536,2026-02-04 08:36:00,14349,14363,0,saved,"(512, 512, 6)",gs://suryabench-sharp-pipeline-bamidele/jsoc_2025_2026_production_v1/samples_npz/2026/20260204_0836_HARP14349_NOAA14363.npz,success,2026-06-24T11:40:44.903360+00:00
20260204_1012_HARP14349_NOAA14363,2026_HARP14349_20260204_0700_20260205_0536,2026-02-04 10:12:00,14349,14363,0,saved,"(512, 512, 6)",gs://suryabench-sharp-pipeline-bamidele/jsoc_2025_2026_production_v1/samples_npz/2026/20260204_1012_HARP14349_NOAA14363.npz,success,2026-06-24T11:40:51.192627+00:00
20260204_1148_HARP14349_NOAA14363,2026_HARP14349_20260204_0700_20260205_0536,2026-02-04 11:48:00,14349,14363,0,saved,"(512, 512, 6)",gs://suryabench-sharp-pipeline-bamidele/jsoc_2025_2026_production_v1/samples_npz/2026/20260204_1148_HARP14349_NOAA14363.npz,success,2026-06-24T11:40:57.327199+00:00
20260204_1324_HARP14349_NOAA14363,2026_HARP14349_20260204_0700_20260205_0536,2026-02-04 13:24:00,14349,14363,0,saved,"(512, 512, 6)",gs://suryabench-sharp-pipeline-bamidele/jsoc_2025_2026_production_v1/samples_npz/2026/20260204_1324_HARP14349_NOAA14363.npz,success,2026-06-24T11:41:04.258696+00:00
20260204_1500_HARP14349_NOAA14363,2026_HARP14349_20260204_0700_20260205_0536,2026-02-04 15:00:00,14349,14363,0,saved,"(512, 512, 6)",gs://suryabench-sharp-pipeline-bamidele/jsoc_2025_2026_production_v1/samples_npz/2026/20260204_1500_HARP14349_NOAA14363.npz,success,2026-06-24T11:41:10.572083+00:00
20260204_1636_HARP14349_NOAA14363,2026_HARP14349_20260204_0700_20260205_0536,2026-02-04 16:36:00,14349,14363,0,saved,"(512, 512, 6)",gs://suryabench-sharp-pipeline-bamidele/jsoc_2025_2026_production_v1/samples_npz/2026/20260204_1636_HARP14349_NOAA14363.npz,success,2026-06-24T11:41:16.641073+00:00
20260204_1812_HARP14349_NOAA14363,2026_HARP14349_20260204_0700_20260205_0536,2026-02-04 18:12:00,14349,14363,0,saved,"(512, 512, 6)",gs://suryabench-sharp-pipeline-bamidele/jsoc_2025_2026_production_v1/samples_npz/2026/20260204_1812_HARP14349_NOAA14363.npz,success,2026-06-24T11:41:22.795105+00:00
20260204_2000_HARP14349_NOAA14363,2026_HARP14349_20260204_0700_20260205_0536,2026-02-04 20:00:00,14349,14363,0,saved,"(512, 512, 6)",gs://suryabench-sharp-pipeline-bamidele/jsoc_2025_2026_production_v1/samples_npz/2026/20260204_2000_HARP14349_NOAA14363.npz,success,2026-06-24T11:41:28.847237+00:00
20260204_2136_HARP14349_NOAA14363,2026_HARP14349_20260204_0700_20260205_0536,2026-02-04 21:36:00,14349,14363,0,saved,"(512, 512, 6)",gs://suryabench-sharp-pipeline-bamidele/jsoc_2025_2026_production_v1/samples_npz/2026/20260204_2136_HARP14349_NOAA14363.npz,success,2026-06-24T11:41:34.985683+00:00
20260204_2312_HARP14349_NOAA14363,2026_HARP14349_20260204_0700_20260205_0536,2026-02-04 23:12:00,14349,14363,0,saved,"(512, 512, 6)",gs://suryabench-sharp-pipeline-bamidele/jsoc_2025_2026_production_v1/samples_npz/2026/20260204_2312_HARP14349_NOAA14363.npz,success,2026-06-24T11:41:41.068039+00:00
20260205_0048_HARP14349_NOAA14363,2026_HARP14349_20260204_0700_20260205_0536,2026-02-05 00:48:00,14349,14363,0,saved,"(512, 512, 6)",gs://suryabench-sharp-pipeline-bamidele/jsoc_2025_2026_production_v1/samples_npz/2026/20260205_0048_HARP14349_NOAA14363.npz,success,2026-06-24T11:41:47.146812+00:00
20260205_0224_HARP14349_NOAA14363,2026_HARP14349_20260204_0700_20260205_0536,2026-02-05 02:24:00,14349,14363,0,saved,"(512, 512, 6)",gs://suryabench-sharp-pipeline-bamidele/jsoc_2025_2026_production_v1/samples_npz/2026/20260205_0224_HARP14349_NOAA14363.npz,success,2026-06-24T11:41:53.220443+00:00
20260205_0400_HARP14349_NOAA14363,2026_HARP14349_20260204_0700_20260205_0536,2026-02-05 04:00:00,14349,14363,0,saved,"(512, 512, 6)",gs://suryabench-sharp-pipeline-bamidele/jsoc_2025_2026_production_v1/samples_npz/2026/20260205_0400_HARP14349_NOAA14363.npz,success,2026-06-24T11:41:59.268321+00:00
20260205_0536_HARP14349_NOAA14363,2026_HARP14349_20260204_0700_20260205_0536,2026-02-05 05:36:00,14349,14363,0,saved,"(512, 512, 6)",gs://suryabench-sharp-pipeline-bamidele/jsoc_2025_2026_production_v1/samples_npz/2026/20260205_0536_HARP14349_NOAA14363.npz,success,2026-06-24T11:42:06.055887+00:00
20260204_0736_HARP14351_NOAA14362,2026_HARP14351_20260204_0736_20260204_1712,2026-02-04 07:36:00,14351,14362,1,saved,"(512, 512, 6)",gs://suryabench-sharp-pipeline-bamidele/jsoc_2025_2026_production_v1/samples_npz/2026/20260204_0736_HARP14351_NOAA14362.npz,success,2026-06-24T11:51:54.569301+00:00
20260204_0912_HARP14351_NOAA14362,2026_HARP14351_20260204_0736_20260204_1712,2026-02-04 09:12:00,14351,14362,1,saved,"(512, 512, 6)",gs://suryabench-sharp-pipeline-bamidele/jsoc_2025_2026_production_v1/samples_npz/2026/20260204_0912_HARP14351_NOAA14362.npz,success,2026-06-24T11:52:00.686425+00:00
20260204_1048_HARP14351_NOAA14362,2026_HARP14351_20260204_0736_20260204_1712,2026-02-04 10:48:00,14351,14362,1,saved,"(512, 512, 6)",gs://suryabench-sharp-pipeline-bamidele/jsoc_2025_2026_production_v1/samples_npz/2026/20260204_1048_HARP14351_NOAA14362.npz,success,2026-06-24T11:52:06.837427+00:00
20260204_1224_HARP14351_NOAA14362,2026_HARP14351_20260204_0736_20260204_1712,2026-02-04 12:24:00,14351,14362,1,saved,"(512, 512, 6)",gs://suryabench-sharp-pipeline-bamidele/jsoc_2025_2026_production_v1/samples_npz/2026/20260204_1224_HARP14351_NOAA14362.npz,success,2026-06-24T11:52:13.267269+00:00
20260204_1400_HARP14351_NOAA14362,2026_HARP14351_20260204_0736_20260204_1712,2026-02-04 14:00:00,14351,14362,1,saved,"(512, 512, 6)",gs://suryabench-sharp-pipeline-bamidele/jsoc_2025_2026_production_v1/samples_npz/2026/20260204_1400_HARP14351_NOAA14362.npz,success,2026-06-24T11:52:19.451215+00:00
20260204_1536_HARP14351_NOAA14362,2026_HARP14351_20260204_0736_20260204_1712,2026-02-04 15:36:00,14351,14362,1,saved,"(512, 512, 6)",gs://suryabench-sharp-pipeline-bamidele/jsoc_2025_2026_production_v1/samples_npz/2026/20260204_1536_HARP14351_NOAA14362.npz,success,2026-06-24T11:52:25.680564+00:00
20260204_1712_HARP14351_NOAA14362,2026_HARP14351_20260204_0736_20260204_1712,2026-02-04 17:12:00,14351,14362,1,saved,"(512, 512, 6)",gs://suryabench-sharp-pipeline-bamidele/jsoc_2025_2026_production_v1/samples_npz/2026/20260204_1712_HARP14351_NOAA14362.npz,success,2026-06-24T11:52:31.828182+00:00
20260204_0812_HARP14341_NOAA14360,2026_HARP14341_20260204_0812_20260204_1300,2026-02-04 08:12:00,14341,14360,0,saved,"(512, 512, 6)",gs://suryabench-sharp-pipeline-bamidele/jsoc_2025_2026_production_v1/samples_npz/2026/20260204_0812_HARP14341_NOAA14360.npz,success,2026-06-24T12:01:33.834694+00:00
20260204_0948_HARP14341_NOAA14360,2026_HARP14341_20260204_0812_20260204_1300,2026-02-04 09:48:00,14341,14360,0,saved,"(512, 512, 6)",gs://suryabench-sharp-pipeline-bamidele/jsoc_2025_2026_production_v1/samples_npz/2026/20260204_0948_HARP14341_NOAA14360.npz,success,2026-06-24T12:01:39.925030+00:00
20260204_1124_HARP14341_NOAA14360,2026_HARP14341_20260204_0812_20260204_1300,2026-02-04 11:24:00,14341,14360,0,saved,"(512, 512, 6)",gs://suryabench-sharp-pipeline-bamidele/jsoc_2025_2026_production_v1/samples_npz/2026/20260204_1124_HARP14341_NOAA14360.npz,success,2026-06-24T12:01:46.127710+00:00
20260204_1300_HARP14341_NOAA14360,2026_HARP14341_20260204_0812_20260204_1300,2026-02-04 13:00:00,14341,14360,0,saved,"(512, 512, 6)",gs://suryabench-sharp-pipeline-bamidele/jsoc_2025_2026_production_v1/samples_npz/2026/20260204_1300_HARP14341_NOAA14360.npz,success,2026-06-24T12:01:52.223339+00:00
20260204_2036_HARP14351_NOAA14362,2026_HARP14351_20260204_2036_20260205_1548,2026-02-04 20:36:00,14351,14362,1,saved,"(512, 512, 6)",gs://suryabench-sharp-pipeline-bamidele/jsoc_2025_2026_production_v1/samples_npz/2026/20260204_2036_HARP14351_NOAA14362.npz,success,2026-06-24T12:11:43.955059+00:00
20260204_2212_HARP14351_NOAA14362,2026_HARP14351_20260204_2036_20260205_1548,2026-02-04 22:12:00,14351,14362,1,saved,"(512, 512, 6)",gs://suryabench-sharp-pipeline-bamidele/jsoc_2025_2026_production_v1/samples_npz/2026/20260204_2212_HARP14351_NOAA14362.npz,success,2026-06-24T12:11:50.166177+00:00
20260204_2348_HARP14351_NOAA14362,2026_HARP14351_20260204_2036_20260205_1548,2026-02-04 23:48:00,14351,14362,1,saved,"(512, 512, 6)",gs://suryabench-sharp-pipeline-bamidele/jsoc_2025_2026_production_v1/samples_npz/2026/20260204_2348_HARP14351_NOAA14362.npz,success,2026-06-24T12:11:56.274692+00:00
20260205_0124_HARP14351_NOAA14362,2026_HARP14351_20260204_2036_20260205_1548,2026-02-05 01:24:00,14351,14362,1,saved,"(512, 512, 6)",gs://suryabench-sharp-pipeline-bamidele/jsoc_2025_2026_production_v1/samples_npz/2026/20260205_0124_HARP14351_NOAA14362.npz,success,2026-06-24T12:12:02.399622+00:00
20260205_0300_HARP14351_NOAA14362,2026_HARP14351_20260204_2036_20260205_1548,2026-02-05 03:00:00,14351,14362,1,saved,"(512, 512, 6)",gs://suryabench-sharp-pipeline-bamidele/jsoc_2025_2026_production_v1/samples_npz/2026/20260205_0300_HARP14351_NOAA14362.npz,success,2026-06-24T12:12:08.477012+00:00
20260205_0436_HARP14351_NOAA14362,2026_HARP14351_20260204_2036_20260205_1548,2026-02-05 04:36:00,14351,14362,1,saved,"(512, 512, 6)",gs://suryabench-sharp-pipeline-bamidele/jsoc_2025_2026_production_v1/samples_npz/2026/20260205_0436_HARP14351_NOAA14362.npz,success,2026-06-24T12:12:14.657487+00:00
20260205_0612_HARP14351_NOAA14362,2026_HARP14351_20260204_2036_20260205_1548,2026-02-05 06:12:00,14351,14362,1,saved,"(512, 512, 6)",gs://suryabench-sharp-pipeline-bamidele/jsoc_2025_2026_production_v1/samples_npz/2026/20260205_0612_HARP14351_NOAA14362.npz,success,2026-06-24T12:12:20.946902+00:00
20260205_0748_HARP14351_NOAA14362,2026_HARP14351_20260204_2036_20260205_1548,2026-02-05 07:48:00,14351,14362,1,saved,"(512, 512, 6)",gs://suryabench-sharp-pipeline-bamidele/jsoc_2025_2026_production_v1/samples_npz/2026/20260205_0748_HARP14351_NOAA14362.npz,success,2026-06-24T12:12:27.123665+00:00
20260205_0924_HARP14351_NOAA14362,2026_HARP14351_20260204_2036_20260205_1548,2026-02-05 09:24:00,14351,14362,1,saved,"(512, 512, 6)",gs://suryabench-sharp-pipeline-bamidele/jsoc_2025_2026_production_v1/samples_npz/2026/20260205_0924_HARP14351_NOAA14362.npz,success,2026-06-24T12:12:33.304083+00:00
20260205_1100_HARP14351_NOAA14362,2026_HARP14351_20260204_2036_20260205_1548,2026-02-05 11:00:00,14351,14362,1,saved,"(512, 512, 6)",gs://suryabench-sharp-pipeline-bamidele/jsoc_2025_2026_production_v1/samples_npz/2026/20260205_1100_HARP14351_NOAA14362.npz,success,2026-06-24T12:12:39.683598+00:00
20260205_1236_HARP14351_NOAA14362,2026_HARP14351_20260204_2036_20260205_1548,2026-02-05 12:36:00,14351,14362,1,saved,"(512, 512, 6)",gs://suryabench-sharp-pipeline-bamidele/jsoc_2025_2026_production_v1/samples_npz/2026/20260205_1236_HARP14351_NOAA14362.npz,success,2026-06-24T12:12:45.955802+00:00
20260205_1412_HARP14351_NOAA14362,2026_HARP14351_20260204_2036_20260205_1548,2026-02-05 14:12:00,14351,14362,1,saved,"(512, 512, 6)",gs://suryabench-sharp-pipeline-bamidele/jsoc_2025_2026_production_v1/samples_npz/2026/20260205_1412_HARP14351_NOAA14362.npz,success,2026-06-24T12:12:52.207884+00:00
20260205_1548_HARP14351_NOAA14362,2026_HARP14351_20260204_2036_20260205_1548,2026-02-05 15:48:00,14351,14362,1,saved,"(512, 512, 6)",gs://suryabench-sharp-pipeline-bamidele/jsoc_2025_2026_production_v1/samples_npz/2026/20260205_1548_HARP14351_NOAA14362.npz,success,2026-06-24T12:12:58.542596+00:00
20260204_2112_HARP14358_NOAA14368,2026_HARP14358_20260204_2112_20260205_1624,2026-02-04 21:12:00,14358,14368,0,saved,"(512, 512, 6)",gs://suryabench-sharp-pipeline-bamidele/jsoc_2025_2026_production_v1/samples_npz/2026/20260204_2112_HARP14358_NOAA14368.npz,success,2026-06-24T12:24:41.638473+00:00
20260204_2248_HARP14358_NOAA14368,2026_HARP14358_20260204_2112_20260205_1624,2026-02-04 22:48:00,14358,14368,0,saved,"(512, 512, 6)",gs://suryabench-sharp-pipeline-bamidele/jsoc_2025_2026_production_v1/samples_npz/2026/20260204_2248_HARP14358_NOAA14368.npz,success,2026-06-24T12:24:47.900963+00:00
20260205_0024_HARP14358_NOAA14368,2026_HARP14358_20260204_2112_20260205_1624,2026-02-05 00:24:00,14358,14368,0,saved,"(512, 512, 6)",gs://suryabench-sharp-pipeline-bamidele/jsoc_2025_2026_production_v1/samples_npz/2026/20260205_0024_HARP14358_NOAA14368.npz,success,2026-06-24T12:24:54.183407+00:00
20260205_0200_HARP14358_NOAA14368,2026_HARP14358_20260204_2112_20260205_1624,2026-02-05 02:00:00,14358,14368,0,saved,"(512, 512, 6)",gs://suryabench-sharp-pipeline-bamidele/jsoc_2025_2026_production_v1/samples_npz/2026/20260205_0200_HARP14358_NOAA14368.npz,success,2026-06-24T12:25:00.533905+00:00
20260205_0336_HARP14358_NOAA14368,2026_HARP14358_20260204_2112_20260205_1624,2026-02-05 03:36:00,14358,14368,0,saved,"(512, 512, 6)",gs://suryabench-sharp-pipeline-bamidele/jsoc_2025_2026_production_v1/samples_npz/2026/20260205_0336_HARP14358_NOAA14368.npz,success,2026-06-24T12:25:07.138883+00:00
20260205_0512_HARP14358_NOAA14368,2026_HARP14358_20260204_2112_20260205_1624,2026-02-05 05:12:00,14358,14368,0,saved,"(512, 512, 6)",gs://suryabench-sharp-pipeline-bamidele/jsoc_2025_2026_production_v1/samples_npz/2026/20260205_0512_HARP14358_NOAA14368.npz,success,2026-06-24T12:25:13.438283+00:00
20260205_0648_HARP14358_NOAA14368,2026_HARP14358_20260204_2112_20260205_1624,2026-02-05 06:48:00,14358,14368,0,saved,"(512, 512, 6)",gs://suryabench-sharp-pipeline-bamidele/jsoc_2025_2026_production_v1/samples_npz/2026/20260205_0648_HARP14358_NOAA14368.npz,success,2026-06-24T12:25:19.802110+00:00
20260205_0824_HARP14358_NOAA14368,2026_HARP14358_20260204_2112_20260205_1624,2026-02-05 08:24:00,14358,14368,0,saved,"(512, 512, 6)",gs://suryabench-sharp-pipeline-bamidele/jsoc_2025_2026_production_v1/samples_npz/2026/20260205_0824_HARP14358_NOAA14368.npz,success,2026-06-24T12:25:26.092788+00:00
20260205_1000_HARP14358_NOAA14368,2026_HARP14358_20260204_2112_20260205_1624,2026-02-05 10:00:00,14358,14368,0,saved,"(512, 512, 6)",gs://suryabench-sharp-pipeline-bamidele/jsoc_2025_2026_production_v1/samples_npz/2026/20260205_1000_HARP14358_NOAA14368.npz,success,2026-06-24T12:25:32.305384+00:00
20260205_1136_HARP14358_NOAA14368,2026_HARP14358_20260204_2112_20260205_1624,2026-02-05 11:36:00,14358,14368,0,saved,"(512, 512, 6)",gs://suryabench-sharp-pipeline-bamidele/jsoc_2025_2026_production_v1/samples_npz/2026/20260205_1136_HARP14358_NOAA14368.npz,success,2026-06-24T12:25:38.564630+00:00
20260205_1312_HARP14358_NOAA14368,2026_HARP14358_20260204_2112_20260205_1624,2026-02-05 13:12:00,14358,14368,0,saved,"(512, 512, 6)",gs://suryabench-sharp-pipeline-bamidele/jsoc_2025_2026_production_v1/samples_npz/2026/20260205_1312_HARP14358_NOAA14368.npz,success,2026-06-24T12:25:44.872704+00:00
20260205_1448_HARP14358_NOAA14368,2026_HARP14358_20260204_2112_20260205_1624,2026-02-05 14:48:00,14358,14368,0,saved,"(512, 512, 6)",gs://suryabench-sharp-pipeline-bamidele/jsoc_2025_2026_production_v1/samples_npz/2026/20260205_1448_HARP14358_NOAA14368.npz,success,2026-06-24T12:25:51.242835+00:00
20260205_1624_HARP14358_NOAA14368,2026_HARP14358_20260204_2112_20260205_1624,2026-02-05 16:24:00,14358,14368,0,saved,"(512, 512, 6)",gs://suryabench-sharp-pipeline-bamidele/jsoc_2025_2026_production_v1/samples_npz/2026/20260205_1624_HARP14358_NOAA14368.npz,success,2026-06-24T12:25:57.599190+00:00
20260204_2124_HARP14355_NOAA14366,2026_HARP14355_20260204_2124_20260205_1636,2026-02-04 21:24:00,14355,14366,1,saved,"(512, 512, 6)",gs://suryabench-sharp-pipeline-bamidele/jsoc_2025_2026_production_v1/samples_npz/2026/20260204_2124_HARP14355_NOAA14366.npz,success,2026-06-24T12:36:54.785289+00:00
20260204_2300_HARP14355_NOAA14366,2026_HARP14355_20260204_2124_20260205_1636,2026-02-04 23:00:00,14355,14366,1,saved,"(512, 512, 6)",gs://suryabench-sharp-pipeline-bamidele/jsoc_2025_2026_production_v1/samples_npz/2026/20260204_2300_HARP14355_NOAA14366.npz,success,2026-06-24T12:37:01.004001+00:00
20260205_0036_HARP14355_NOAA14366,2026_HARP14355_20260204_2124_20260205_1636,2026-02-05 00:36:00,14355,14366,1,saved,"(512, 512, 6)",gs://suryabench-sharp-pipeline-bamidele/jsoc_2025_2026_production_v1/samples_npz/2026/20260205_0036_HARP14355_NOAA14366.npz,success,2026-06-24T12:37:21.294864+00:00
20260205_0212_HARP14355_NOAA14366,2026_HARP14355_20260204_2124_20260205_1636,2026-02-05 02:12:00,14355,14366,1,saved,"(512, 512, 6)",gs://suryabench-sharp-pipeline-bamidele/jsoc_2025_2026_production_v1/samples_npz/2026/20260205_0212_HARP14355_NOAA14366.npz,success,2026-06-24T12:37:27.589156+00:00
20260205_0348_HARP14355_NOAA14366,2026_HARP14355_20260204_2124_20260205_1636,2026-02-05 03:48:00,14355,14366,1,saved,"(512, 512, 6)",gs://suryabench-sharp-pipeline-bamidele/jsoc_2025_2026_production_v1/samples_npz/2026/20260205_0348_HARP14355_NOAA14366.npz,success,2026-06-24T12:37:33.833748+00:00
20260205_0524_HARP14355_NOAA14366,2026_HARP14355_20260204_2124_20260205_1636,2026-02-05 05:24:00,14355,14366,1,saved,"(512, 512, 6)",gs://suryabench-sharp-pipeline-bamidele/jsoc_2025_2026_production_v1/samples_npz/2026/20260205_0524_HARP14355_NOAA14366.npz,success,2026-06-24T12:37:40.043949+00:00
20260205_0700_HARP14355_NOAA14366,2026_HARP14355_20260204_2124_20260205_1636,2026-02-05 07:00:00,14355,14366,1,saved,"(512, 512, 6)",gs://suryabench-sharp-pipeline-bamidele/jsoc_2025_2026_production_v1/samples_npz/2026/20260205_0700_HARP14355_NOAA14366.npz,success,2026-06-24T12:37:46.414332+00:00
20260205_0836_HARP14355_NOAA14366,2026_HARP14355_20260204_2124_20260205_1636,2026-02-05 08:36:00,14355,14366,1,saved,"(512, 512, 6)",gs://suryabench-sharp-pipeline-bamidele/jsoc_2025_2026_production_v1/samples_npz/2026/20260205_0836_HARP14355_NOAA14366.npz,success,2026-06-24T12:37:52.690153+00:00
20260205_1012_HARP14355_NOAA14366,2026_HARP14355_20260204_2124_20260205_1636,2026-02-05 10:12:00,14355,14366,1,saved,"(512, 512, 6)",gs://suryabench-sharp-pipeline-bamidele/jsoc_2025_2026_production_v1/samples_npz/2026/20260205_1012_HARP14355_NOAA14366.npz,success,2026-06-24T12:37:58.951703+00:00
20260205_1148_HARP14355_NOAA14366,2026_HARP14355_20260204_2124_20260205_1636,2026-02-05 11:48:00,14355,14366,1,saved,"(512, 512, 6)",gs://suryabench-sharp-pipeline-bamidele/jsoc_2025_2026_production_v1/samples_npz/2026/20260205_1148_HARP14355_NOAA14366.npz,success,2026-06-24T12:38:05.227160+00:00
20260205_1324_HARP14355_NOAA14366,2026_HARP14355_20260204_2124_20260205_1636,2026-02-05 13:24:00,14355,14366,1,saved,"(512, 512, 6)",gs://suryabench-sharp-pipeline-bamidele/jsoc_2025_2026_production_v1/samples_npz/2026/20260205_1324_HARP14355_NOAA14366.npz,success,2026-06-24T12:38:11.815859+00:00
20260205_1500_HARP14355_NOAA14366,2026_HARP14355_20260204_2124_20260205_1636,2026-02-05 15:00:00,14355,14366,1,saved,"(512, 512, 6)",gs://suryabench-sharp-pipeline-bamidele/jsoc_2025_2026_production_v1/samples_npz/2026/20260205_1500_HARP14355_NOAA14366.npz,success,2026-06-24T12:38:18.167000+00:00
20260205_1636_HARP14355_NOAA14366,2026_HARP14355_20260204_2124_20260205_1636,2026-02-05 16:36:00,14355,14366,1,saved,"(512, 512, 6)",gs://suryabench-sharp-pipeline-bamidele/jsoc_2025_2026_production_v1/samples_npz/2026/20260205_1636_HARP14355_NOAA14366.npz,success,2026-06-24T12:38:24.810413+00:00
20260204_2300_HARP14357_NOAA14367,2026_HARP14357_20260204_2300_20260205_1636,2026-02-04 23:00:00,14357,14367,0,saved,"(512, 512, 6)",gs://suryabench-sharp-pipeline-bamidele/jsoc_2025_2026_production_v1/samples_npz/2026/20260204_2300_HARP14357_NOAA14367.npz,success,2026-06-24T12:48:25.237104+00:00
20260205_0036_HARP14357_NOAA14367,2026_HARP14357_20260204_2300_20260205_1636,2026-02-05 00:36:00,14357,14367,0,saved,"(512, 512, 6)",gs://suryabench-sharp-pipeline-bamidele/jsoc_2025_2026_production_v1/samples_npz/2026/20260205_0036_HARP14357_NOAA14367.npz,success,2026-06-24T12:48:31.581935+00:00
20260205_0212_HARP14357_NOAA14367,2026_HARP14357_20260204_2300_20260205_1636,2026-02-05 02:12:00,14357,14367,0,saved,"(512, 512, 6)",gs://suryabench-sharp-pipeline-bamidele/jsoc_2025_2026_production_v1/samples_npz/2026/20260205_0212_HARP14357_NOAA14367.npz,success,2026-06-24T12:48:38.038460+00:00
20260205_0348_HARP14357_NOAA14367,2026_HARP14357_20260204_2300_20260205_1636,2026-02-05 03:48:00,14357,14367,0,saved,"(512, 512, 6)",gs://suryabench-sharp-pipeline-bamidele/jsoc_2025_2026_production_v1/samples_npz/2026/20260205_0348_HARP14357_NOAA14367.npz,success,2026-06-24T12:48:44.399305+00:00
20260205_0524_HARP14357_NOAA14367,2026_HARP14357_20260204_2300_20260205_1636,2026-02-05 05:24:00,14357,14367,0,saved,"(512, 512, 6)",gs://suryabench-sharp-pipeline-bamidele/jsoc_2025_2026_production_v1/samples_npz/2026/20260205_0524_HARP14357_NOAA14367.npz,success,2026-06-24T12:48:50.684747+00:00
20260205_0700_HARP14357_NOAA14367,2026_HARP14357_20260204_2300_20260205_1636,2026-02-05 07:00:00,14357,14367,0,saved,"(512, 512, 6)",gs://suryabench-sharp-pipeline-bamidele/jsoc_2025_2026_production_v1/samples_npz/2026/20260205_0700_HARP14357_NOAA14367.npz,success,2026-06-24T12:48:56.849886+00:00
20260205_0836_HARP14357_NOAA14367,2026_HARP14357_20260204_2300_20260205_1636,2026-02-05 08:36:00,14357,14367,0,saved,"(512, 512, 6)",gs://suryabench-sharp-pipeline-bamidele/jsoc_2025_2026_production_v1/samples_npz/2026/20260205_0836_HARP14357_NOAA14367.npz,success,2026-06-24T12:49:03.073659+00:00
20260205_1012_HARP14357_NOAA14367,2026_HARP14357_20260204_2300_20260205_1636,2026-02-05 10:12:00,14357,14367,0,saved,"(512, 512, 6)",gs://suryabench-sharp-pipeline-bamidele/jsoc_2025_2026_production_v1/samples_npz/2026/20260205_1012_HARP14357_NOAA14367.npz,success,2026-06-24T12:49:09.477522+00:00
20260205_1148_HARP14357_NOAA14367,2026_HARP14357_20260204_2300_20260205_1636,2026-02-05 11:48:00,14357,14367,0,saved,"(512, 512, 6)",gs://suryabench-sharp-pipeline-bamidele/jsoc_2025_2026_production_v1/samples_npz/2026/20260205_1148_HARP14357_NOAA14367.npz,success,2026-06-24T12:49:15.629288+00:00
20260205_1324_HARP14357_NOAA14367,2026_HARP14357_20260204_2300_20260205_1636,2026-02-05 13:24:00,14357,14367,0,saved,"(512, 512, 6)",gs://suryabench-sharp-pipeline-bamidele/jsoc_2025_2026_production_v1/samples_npz/2026/20260205_1324_HARP14357_NOAA14367.npz,success,2026-06-24T12:49:21.850155+00:00
20260205_1500_HARP14357_NOAA14367,2026_HARP14357_20260204_2300_20260205_1636,2026-02-05 15:00:00,14357,14367,0,saved,"(512, 512, 6)",gs://suryabench-sharp-pipeline-bamidele/jsoc_2025_2026_production_v1/samples_npz/2026/20260205_1500_HARP14357_NOAA14367.npz,success,2026-06-24T12:49:28.028436+00:00
20260205_1636_HARP14357_NOAA14367,2026_HARP14357_20260204_2300_20260205_1636,2026-02-05 16:36:00,14357,14367,0,saved,"(512, 512, 6)",gs://suryabench-sharp-pipeline-bamidele/jsoc_2025_2026_production_v1/samples_npz/2026/20260205_1636_HARP14357_NOAA14367.npz,success,2026-06-24T12:49:34.261830+00:00
20260205_0712_HARP14349_NOAA14363,2026_HARP14349_20260205_0712_20260205_1512,2026-02-05 07:12:00,14349,14363,0,saved,"(512, 512, 6)",gs://suryabench-sharp-pipeline-bamidele/jsoc_2025_2026_production_v1/samples_npz/2026/20260205_0712_HARP14349_NOAA14363.npz,success,2026-06-24T12:59:24.719739+00:00
20260205_0848_HARP14349_NOAA14363,2026_HARP14349_20260205_0712_20260205_1512,2026-02-05 08:48:00,14349,14363,0,saved,"(512, 512, 6)",gs://suryabench-sharp-pipeline-bamidele/jsoc_2025_2026_production_v1/samples_npz/2026/20260205_0848_HARP14349_NOAA14363.npz,success,2026-06-24T12:59:30.790883+00:00
20260205_1024_HARP14349_NOAA14363,2026_HARP14349_20260205_0712_20260205_1512,2026-02-05 10:24:00,14349,14363,0,saved,"(512, 512, 6)",gs://suryabench-sharp-pipeline-bamidele/jsoc_2025_2026_production_v1/samples_npz/2026/20260205_1024_HARP14349_NOAA14363.npz,success,2026-06-24T12:59:36.928126+00:00
20260205_1200_HARP14349_NOAA14363,2026_HARP14349_20260205_0712_20260205_1512,2026-02-05 12:00:00,14349,14363,0,saved,"(512, 512, 6)",gs://suryabench-sharp-pipeline-bamidele/jsoc_2025_2026_production_v1/samples_npz/2026/20260205_1200_HARP14349_NOAA14363.npz,success,2026-06-24T12:59:43.266202+00:00
20260205_1336_HARP14349_NOAA14363,2026_HARP14349_20260205_0712_20260205_1512,2026-02-05 13:36:00,14349,14363,0,saved,"(512, 512, 6)",gs://suryabench-sharp-pipeline-bamidele/jsoc_2025_2026_production_v1/samples_npz/2026/20260205_1336_HARP14349_NOAA14363.npz,success,2026-06-24T12:59:49.516248+00:00
20260205_1512_HARP14349_NOAA14363,2026_HARP14349_20260205_0712_20260205_1512,2026-02-05 15:12:00,14349,14363,0,saved,"(512, 512, 6)",gs://suryabench-sharp-pipeline-bamidele/jsoc_2025_2026_production_v1/samples_npz/2026/20260205_1512_HARP14349_NOAA14363.npz,success,2026-06-24T12:59:55.712714+00:00
20260205_1948_HARP14355_NOAA14366,2026_HARP14355_20260205_1948_20260206_1812,2026-02-05 19:48:00,14355,14366,0,saved,"(512, 512, 6)",gs://suryabench-sharp-pipeline-bamidele/jsoc_2025_2026_production_v1/samples_npz/2026/20260205_1948_HARP14355_NOAA14366.npz,success,2026-06-24T13:11:19.216462+00:00
20260205_2124_HARP14355_NOAA14366,2026_HARP14355_20260205_1948_20260206_1812,2026-02-05 21:24:00,14355,14366,0,saved,"(512, 512, 6)",gs://suryabench-sharp-pipeline-bamidele/jsoc_2025_2026_production_v1/samples_npz/2026/20260205_2124_HARP14355_NOAA14366.npz,success,2026-06-24T13:11:25.921455+00:00
20260205_2300_HARP14355_NOAA14366,2026_HARP14355_20260205_1948_20260206_1812,2026-02-05 23:00:00,14355,14366,0,saved,"(512, 512, 6)",gs://suryabench-sharp-pipeline-bamidele/jsoc_2025_2026_production_v1/samples_npz/2026/20260205_2300_HARP14355_NOAA14366.npz,success,2026-06-24T13:11:32.583720+00:00
20260206_0036_HARP14355_NOAA14366,2026_HARP14355_20260205_1948_20260206_1812,2026-02-06 00:36:00,14355,14366,0,saved,"(512, 512, 6)",gs://suryabench-sharp-pipeline-bamidele/jsoc_2025_2026_production_v1/samples_npz/2026/20260206_0036_HARP14355_NOAA14366.npz,success,2026-06-24T13:11:39.370336+00:00
20260206_0212_HARP14355_NOAA14366,2026_HARP14355_20260205_1948_20260206_1812,2026-02-06 02:12:00,14355,14366,0,saved,"(512, 512, 6)",gs://suryabench-sharp-pipeline-bamidele/jsoc_2025_2026_production_v1/samples_npz/2026/20260206_0212_HARP14355_NOAA14366.npz,success,2026-06-24T13:11:46.327268+00:00
20260206_0348_HARP14355_NOAA14366,2026_HARP14355_20260205_1948_20260206_1812,2026-02-06 03:48:00,14355,14366,0,saved,"(512, 512, 6)",gs://suryabench-sharp-pipeline-bamidele/jsoc_2025_2026_production_v1/samples_npz/2026/20260206_0348_HARP14355_NOAA14366.npz,success,2026-06-24T13:11:53.333388+00:00
20260206_0524_HARP14355_NOAA14366,2026_HARP14355_20260205_1948_20260206_1812,2026-02-06 05:24:00,14355,14366,0,saved,"(512, 512, 6)",gs://suryabench-sharp-pipeline-bamidele/jsoc_2025_2026_production_v1/samples_npz/2026/20260206_0524_HARP14355_NOAA14366.npz,success,2026-06-24T13:12:00.472239+00:00
20260206_0700_HARP14355_NOAA14366,2026_HARP14355_20260205_1948_20260206_1812,2026-02-06 07:00:00,14355,14366,0,saved,"(512, 512, 6)",gs://suryabench-sharp-pipeline-bamidele/jsoc_2025_2026_production_v1/samples_npz/2026/20260206_0700_HARP14355_NOAA14366.npz,success,2026-06-24T13:12:07.300729+00:00
20260206_0836_HARP14355_NOAA14366,2026_HARP14355_20260205_1948_20260206_1812,2026-02-06 08:36:00,14355,14366,0,saved,"(512, 512, 6)",gs://suryabench-sharp-pipeline-bamidele/jsoc_2025_2026_production_v1/samples_npz/2026/20260206_0836_HARP14355_NOAA14366.npz,success,2026-06-24T13:12:13.941071+00:00
20260206_1012_HARP14355_NOAA14366,2026_HARP14355_20260205_1948_20260206_1812,2026-02-06 10:12:00,14355,14366,0,saved,"(512, 512, 6)",gs://suryabench-sharp-pipeline-bamidele/jsoc_2025_2026_production_v1/samples_npz/2026/20260206_1012_HARP14355_NOAA14366.npz,success,2026-06-24T13:12:21.192931+00:00
20260206_1148_HARP14355_NOAA14366,2026_HARP14355_20260205_1948_20260206_1812,2026-02-06 11:48:00,14355,14366,1,saved,"(512, 512, 6)",gs://suryabench-sharp-pipeline-bamidele/jsoc_2025_2026_production_v1/samples_npz/2026/20260206_1148_HARP14355_NOAA14366.npz,success,2026-06-24T13:12:28.339689+00:00
20260206_1324_HARP14355_NOAA14366,2026_HARP14355_20260205_1948_20260206_1812,2026-02-06 13:24:00,14355,14366,1,saved,"(512, 512, 6)",gs://suryabench-sharp-pipeline-bamidele/jsoc_2025_2026_production_v1/samples_npz/2026/20260206_1324_HARP14355_NOAA14366.npz,success,2026-06-24T13:12:35.736864+00:00
20260206_1500_HARP14355_NOAA14366,2026_HARP14355_20260205_1948_20260206_1812,2026-02-06 15:00:00,14355,14366,1,saved,"(512, 512, 6)",gs://suryabench-sharp-pipeline-bamidele/jsoc_2025_2026_production_v1/samples_npz/2026/20260206_1500_HARP14355_NOAA14366.npz,success,2026-06-24T13:12:44.362333+00:00
20260206_1636_HARP14355_NOAA14366,2026_HARP14355_20260205_1948_20260206_1812,2026-02-06 16:36:00,14355,14366,1,saved,"(512, 512, 6)",gs://suryabench-sharp-pipeline-bamidele/jsoc_2025_2026_production_v1/samples_npz/2026/20260206_1636_HARP14355_NOAA14366.npz,success,2026-06-24T13:12:52.211290+00:00
20260206_1812_HARP14355_NOAA14366,2026_HARP14355_20260205_1948_20260206_1812,2026-02-06 18:12:00,14355,14366,1,saved,"(512, 512, 6)",gs://suryabench-sharp-pipeline-bamidele/jsoc_2025_2026_production_v1/samples_npz/2026/20260206_1812_HARP14355_NOAA14366.npz,success,2026-06-24T13:13:00.689022+00:00
20260205_1948_HARP14357_NOAA14367,2026_HARP14357_20260205_1948_20260206_1812,2026-02-05 19:48:00,14357,14367,0,saved,"(512, 512, 6)",gs://suryabench-sharp-pipeline-bamidele/jsoc_2025_2026_production_v1/samples_npz/2026/20260205_1948_HARP14357_NOAA14367.npz,success,2026-06-24T13:23:36.459322+00:00
20260205_2124_HARP14357_NOAA14367,2026_HARP14357_20260205_1948_20260206_1812,2026-02-05 21:24:00,14357,14367,0,saved,"(512, 512, 6)",gs://suryabench-sharp-pipeline-bamidele/jsoc_2025_2026_production_v1/samples_npz/2026/20260205_2124_HARP14357_NOAA14367.npz,success,2026-06-24T13:23:43.319318+00:00
20260205_2300_HARP14357_NOAA14367,2026_HARP14357_20260205_1948_20260206_1812,2026-02-05 23:00:00,14357,14367,0,saved,"(512, 512, 6)",gs://suryabench-sharp-pipeline-bamidele/jsoc_2025_2026_production_v1/samples_npz/2026/20260205_2300_HARP14357_NOAA14367.npz,success,2026-06-24T13:23:50.258385+00:00
20260206_0036_HARP14357_NOAA14367,2026_HARP14357_20260205_1948_20260206_1812,2026-02-06 00:36:00,14357,14367,0,saved,"(512, 512, 6)",gs://suryabench-sharp-pipeline-bamidele/jsoc_2025_2026_production_v1/samples_npz/2026/20260206_0036_HARP14357_NOAA14367.npz,success,2026-06-24T13:23:57.191664+00:00
20260206_0212_HARP14357_NOAA14367,2026_HARP14357_20260205_1948_20260206_1812,2026-02-06 02:12:00,14357,14367,0,saved,"(512, 512, 6)",gs://suryabench-sharp-pipeline-bamidele/jsoc_2025_2026_production_v1/samples_npz/2026/20260206_0212_HARP14357_NOAA14367.npz,success,2026-06-24T13:24:04.113062+00:00
20260206_0348_HARP14357_NOAA14367,2026_HARP14357_20260205_1948_20260206_1812,2026-02-06 03:48:00,14357,14367,0,saved,"(512, 512, 6)",gs://suryabench-sharp-pipeline-bamidele/jsoc_2025_2026_production_v1/samples_npz/2026/20260206_0348_HARP14357_NOAA14367.npz,success,2026-06-24T13:24:10.964973+00:00
20260206_0524_HARP14357_NOAA14367,2026_HARP14357_20260205_1948_20260206_1812,2026-02-06 05:24:00,14357,14367,0,saved,"(512, 512, 6)",gs://suryabench-sharp-pipeline-bamidele/jsoc_2025_2026_production_v1/samples_npz/2026/20260206_0524_HARP14357_NOAA14367.npz,success,2026-06-24T13:24:17.839625+00:00
20260206_0700_HARP14357_NOAA14367,2026_HARP14357_20260205_1948_20260206_1812,2026-02-06 07:00:00,14357,14367,0,saved,"(512, 512, 6)",gs://suryabench-sharp-pipeline-bamidele/jsoc_2025_2026_production_v1/samples_npz/2026/20260206_0700_HARP14357_NOAA14367.npz,success,2026-06-24T13:24:24.882238+00:00
20260206_0836_HARP14357_NOAA14367,2026_HARP14357_20260205_1948_20260206_1812,2026-02-06 08:36:00,14357,14367,0,saved,"(512, 512, 6)",gs://suryabench-sharp-pipeline-bamidele/jsoc_2025_2026_production_v1/samples_npz/2026/20260206_0836_HARP14357_NOAA14367.npz,success,2026-06-24T13:24:31.768401+00:00
20260206_1012_HARP14357_NOAA14367,2026_HARP14357_20260205_1948_20260206_1812,2026-02-06 10:12:00,14357,14367,0,saved,"(512, 512, 6)",gs://suryabench-sharp-pipeline-bamidele/jsoc_2025_2026_production_v1/samples_npz/2026/20260206_1012_HARP14357_NOAA14367.npz,success,2026-06-24T13:24:38.673441+00:00
20260206_1148_HARP14357_NOAA14367,2026_HARP14357_20260205_1948_20260206_1812,2026-02-06 11:48:00,14357,14367,0,saved,"(512, 512, 6)",gs://suryabench-sharp-pipeline-bamidele/jsoc_2025_2026_production_v1/samples_npz/2026/20260206_1148_HARP14357_NOAA14367.npz,success,2026-06-24T13:24:45.597135+00:00
20260206_1324_HARP14357_NOAA14367,2026_HARP14357_20260205_1948_20260206_1812,2026-02-06 13:24:00,14357,14367,0,saved,"(512, 512, 6)",gs://suryabench-sharp-pipeline-bamidele/jsoc_2025_2026_production_v1/samples_npz/2026/20260206_1324_HARP14357_NOAA14367.npz,success,2026-06-24T13:24:52.477881+00:00
20260206_1500_HARP14357_NOAA14367,2026_HARP14357_20260205_1948_20260206_1812,2026-02-06 15:00:00,14357,14367,0,saved,"(512, 512, 6)",gs://suryabench-sharp-pipeline-bamidele/jsoc_2025_2026_production_v1/samples_npz/2026/20260206_1500_HARP14357_NOAA14367.npz,success,2026-06-24T13:24:59.357189+00:00
20260206_1636_HARP14357_NOAA14367,2026_HARP14357_20260205_1948_20260206_1812,2026-02-06 16:36:00,14357,14367,0,saved,"(512, 512, 6)",gs://suryabench-sharp-pipeline-bamidele/jsoc_2025_2026_production_v1/samples_npz/2026/20260206_1636_HARP14357_NOAA14367.npz,success,2026-06-24T13:25:06.348838+00:00
20260206_1812_HARP14357_NOAA14367,2026_HARP14357_20260205_1948_20260206_1812,2026-02-06 18:12:00,14357,14367,0,saved,"(512, 512, 6)",gs://suryabench-sharp-pipeline-bamidele/jsoc_2025_2026_production_v1/samples_npz/2026/20260206_1812_HARP14357_NOAA14367.npz,success,2026-06-24T13:25:13.332812+00:00
20260205_2000_HARP14349_NOAA14363,2026_HARP14349_20260205_2000_20260206_1824,2026-02-05 20:00:00,14349,14363,0,saved,"(512, 512, 6)",gs://suryabench-sharp-pipeline-bamidele/jsoc_2025_2026_production_v1/samples_npz/2026/20260205_2000_HARP14349_NOAA14363.npz,success,2026-06-24T13:35:40.451306+00:00
20260205_2136_HARP14349_NOAA14363,2026_HARP14349_20260205_2000_20260206_1824,2026-02-05 21:36:00,14349,14363,0,saved,"(512, 512, 6)",gs://suryabench-sharp-pipeline-bamidele/jsoc_2025_2026_production_v1/samples_npz/2026/20260205_2136_HARP14349_NOAA14363.npz,success,2026-06-24T13:35:47.321988+00:00
20260205_2312_HARP14349_NOAA14363,2026_HARP14349_20260205_2000_20260206_1824,2026-02-05 23:12:00,14349,14363,0,saved,"(512, 512, 6)",gs://suryabench-sharp-pipeline-bamidele/jsoc_2025_2026_production_v1/samples_npz/2026/20260205_2312_HARP14349_NOAA14363.npz,success,2026-06-24T13:35:54.282719+00:00
20260206_0048_HARP14349_NOAA14363,2026_HARP14349_20260205_2000_20260206_1824,2026-02-06 00:48:00,14349,14363,0,saved,"(512, 512, 6)",gs://suryabench-sharp-pipeline-bamidele/jsoc_2025_2026_production_v1/samples_npz/2026/20260206_0048_HARP14349_NOAA14363.npz,success,2026-06-24T13:36:01.090375+00:00
20260206_0224_HARP14349_NOAA14363,2026_HARP14349_20260205_2000_20260206_1824,2026-02-06 02:24:00,14349,14363,0,saved,"(512, 512, 6)",gs://suryabench-sharp-pipeline-bamidele/jsoc_2025_2026_production_v1/samples_npz/2026/20260206_0224_HARP14349_NOAA14363.npz,success,2026-06-24T13:36:08.204066+00:00
20260206_0400_HARP14349_NOAA14363,2026_HARP14349_20260205_2000_20260206_1824,2026-02-06 04:00:00,14349,14363,0,saved,"(512, 512, 6)",gs://suryabench-sharp-pipeline-bamidele/jsoc_2025_2026_production_v1/samples_npz/2026/20260206_0400_HARP14349_NOAA14363.npz,success,2026-06-24T13:36:14.988678+00:00
20260206_0536_HARP14349_NOAA14363,2026_HARP14349_20260205_2000_20260206_1824,2026-02-06 05:36:00,14349,14363,0,saved,"(512, 512, 6)",gs://suryabench-sharp-pipeline-bamidele/jsoc_2025_2026_production_v1/samples_npz/2026/20260206_0536_HARP14349_NOAA14363.npz,success,2026-06-24T13:36:21.900025+00:00
20260206_0712_HARP14349_NOAA14363,2026_HARP14349_20260205_2000_20260206_1824,2026-02-06 07:12:00,14349,14363,0,saved,"(512, 512, 6)",gs://suryabench-sharp-pipeline-bamidele/jsoc_2025_2026_production_v1/samples_npz/2026/20260206_0712_HARP14349_NOAA14363.npz,success,2026-06-24T13:36:28.945974+00:00
20260206_0848_HARP14349_NOAA14363,2026_HARP14349_20260205_2000_20260206_1824,2026-02-06 08:48:00,14349,14363,0,saved,"(512, 512, 6)",gs://suryabench-sharp-pipeline-bamidele/jsoc_2025_2026_production_v1/samples_npz/2026/20260206_0848_HARP14349_NOAA14363.npz,success,2026-06-24T13:36:35.737930+00:00
20260206_1024_HARP14349_NOAA14363,2026_HARP14349_20260205_2000_20260206_1824,2026-02-06 10:24:00,14349,14363,0,saved,"(512, 512, 6)",gs://suryabench-sharp-pipeline-bamidele/jsoc_2025_2026_production_v1/samples_npz/2026/20260206_1024_HARP14349_NOAA14363.npz,success,2026-06-24T13:36:42.648858+00:00
20260206_1200_HARP14349_NOAA14363,2026_HARP14349_20260205_2000_20260206_1824,2026-02-06 12:00:00,14349,14363,0,saved,"(512, 512, 6)",gs://suryabench-sharp-pipeline-bamidele/jsoc_2025_2026_production_v1/samples_npz/2026/20260206_1200_HARP14349_NOAA14363.npz,success,2026-06-24T13:36:49.478859+00:00
20260206_1336_HARP14349_NOAA14363,2026_HARP14349_20260205_2000_20260206_1824,2026-02-06 13:36:00,14349,14363,0,saved,"(512, 512, 6)",gs://suryabench-sharp-pipeline-bamidele/jsoc_2025_2026_production_v1/samples_npz/2026/20260206_1336_HARP14349_NOAA14363.npz,success,2026-06-24T13:36:56.384159+00:00
20260206_1512_HARP14349_NOAA14363,2026_HARP14349_20260205_2000_20260206_1824,2026-02-06 15:12:00,14349,14363,0,saved,"(512, 512, 6)",gs://suryabench-sharp-pipeline-bamidele/jsoc_2025_2026_production_v1/samples_npz/2026/20260206_1512_HARP14349_NOAA14363.npz,success,2026-06-24T13:37:03.213743+00:00
20260206_1648_HARP14349_NOAA14363,2026_HARP14349_20260205_2000_20260206_1824,2026-02-06 16:48:00,14349,14363,0,saved,"(512, 512, 6)",gs://suryabench-sharp-pipeline-bamidele/jsoc_2025_2026_production_v1/samples_npz/2026/20260206_1648_HARP14349_NOAA14363.npz,success,2026-06-24T13:37:10.113262+00:00
20260206_1824_HARP14349_NOAA14363,2026_HARP14349_20260205_2000_20260206_1824,2026-02-06 18:24:00,14349,14363,0,saved,"(512, 512, 6)",gs://suryabench-sharp-pipeline-bamidele/jsoc_2025_2026_production_v1/samples_npz/2026/20260206_1824_HARP14349_NOAA14363.npz,success,2026-06-24T13:37:17.020244+00:00
20260205_2036_HARP14351_NOAA14362,2026_HARP14351_20260205_2036_20260206_1724,2026-02-05 20:36:00,14351,14362,0,saved,"(512, 512, 6)",gs://suryabench-sharp-pipeline-bamidele/jsoc_2025_2026_production_v1/samples_npz/2026/20260205_2036_HARP14351_NOAA14362.npz,success,2026-06-24T13:47:11.796581+00:00
20260205_2212_HARP14351_NOAA14362,2026_HARP14351_20260205_2036_20260206_1724,2026-02-05 22:12:00,14351,14362,0,saved,"(512, 512, 6)",gs://suryabench-sharp-pipeline-bamidele/jsoc_2025_2026_production_v1/samples_npz/2026/20260205_2212_HARP14351_NOAA14362.npz,success,2026-06-24T13:47:18.631991+00:00
20260205_2348_HARP14351_NOAA14362,2026_HARP14351_20260205_2036_20260206_1724,2026-02-05 23:48:00,14351,14362,0,saved,"(512, 512, 6)",gs://suryabench-sharp-pipeline-bamidele/jsoc_2025_2026_production_v1/samples_npz/2026/20260205_2348_HARP14351_NOAA14362.npz,success,2026-06-24T13:47:25.509330+00:00
20260206_0124_HARP14351_NOAA14362,2026_HARP14351_20260205_2036_20260206_1724,2026-02-06 01:24:00,14351,14362,0,saved,"(512, 512, 6)",gs://suryabench-sharp-pipeline-bamidele/jsoc_2025_2026_production_v1/samples_npz/2026/20260206_0124_HARP14351_NOAA14362.npz,success,2026-06-24T13:47:32.357380+00:00
20260206_0300_HARP14351_NOAA14362,2026_HARP14351_20260205_2036_20260206_1724,2026-02-06 03:00:00,14351,14362,0,saved,"(512, 512, 6)",gs://suryabench-sharp-pipeline-bamidele/jsoc_2025_2026_production_v1/samples_npz/2026/20260206_0300_HARP14351_NOAA14362.npz,success,2026-06-24T13:47:39.227801+00:00
20260206_0436_HARP14351_NOAA14362,2026_HARP14351_20260205_2036_20260206_1724,2026-02-06 04:36:00,14351,14362,0,saved,"(512, 512, 6)",gs://suryabench-sharp-pipeline-bamidele/jsoc_2025_2026_production_v1/samples_npz/2026/20260206_0436_HARP14351_NOAA14362.npz,success,2026-06-24T13:47:46.087794+00:00
20260206_0612_HARP14351_NOAA14362,2026_HARP14351_20260205_2036_20260206_1724,2026-02-06 06:12:00,14351,14362,0,saved,"(512, 512, 6)",gs://suryabench-sharp-pipeline-bamidele/jsoc_2025_2026_production_v1/samples_npz/2026/20260206_0612_HARP14351_NOAA14362.npz,success,2026-06-24T13:47:52.983086+00:00
20260206_0748_HARP14351_NOAA14362,2026_HARP14351_20260205_2036_20260206_1724,2026-02-06 07:48:00,14351,14362,0,saved,"(512, 512, 6)",gs://suryabench-sharp-pipeline-bamidele/jsoc_2025_2026_production_v1/samples_npz/2026/20260206_0748_HARP14351_NOAA14362.npz,success,2026-06-24T13:47:59.835212+00:00
20260206_0924_HARP14351_NOAA14362,2026_HARP14351_20260205_2036_20260206_1724,2026-02-06 09:24:00,14351,14362,0,saved,"(512, 512, 6)",gs://suryabench-sharp-pipeline-bamidele/jsoc_2025_2026_production_v1/samples_npz/2026/20260206_0924_HARP14351_NOAA14362.npz,success,2026-06-24T13:48:06.774131+00:00
20260206_1100_HARP14351_NOAA14362,2026_HARP14351_20260205_2036_20260206_1724,2026-02-06 11:00:00,14351,14362,0,saved,"(512, 512, 6)",gs://suryabench-sharp-pipeline-bamidele/jsoc_2025_2026_production_v1/samples_npz/2026/20260206_1100_HARP14351_NOAA14362.npz,success,2026-06-24T13:48:13.720640+00:00
20260206_1236_HARP14351_NOAA14362,2026_HARP14351_20260205_2036_20260206_1724,2026-02-06 12:36:00,14351,14362,0,saved,"(512, 512, 6)",gs://suryabench-sharp-pipeline-bamidele/jsoc_2025_2026_production_v1/samples_npz/2026/20260206_1236_HARP14351_NOAA14362.npz,success,2026-06-24T13:48:20.555331+00:00
20260206_1412_HARP14351_NOAA14362,2026_HARP14351_20260205_2036_20260206_1724,2026-02-06 14:12:00,14351,14362,0,saved,"(512, 512, 6)",gs://suryabench-sharp-pipeline-bamidele/jsoc_2025_2026_production_v1/samples_npz/2026/20260206_1412_HARP14351_NOAA14362.npz,success,2026-06-24T13:48:27.457095+00:00
20260206_1548_HARP14351_NOAA14362,2026_HARP14351_20260205_2036_20260206_1724,2026-02-06 15:48:00,14351,14362,0,saved,"(512, 512, 6)",gs://suryabench-sharp-pipeline-bamidele/jsoc_2025_2026_production_v1/samples_npz/2026/20260206_1548_HARP14351_NOAA14362.npz,success,2026-06-24T13:48:34.323696+00:00
20260206_1724_HARP14351_NOAA14362,2026_HARP14351_20260205_2036_20260206_1724,2026-02-06 17:24:00,14351,14362,0,saved,"(512, 512, 6)",gs://suryabench-sharp-pipeline-bamidele/jsoc_2025_2026_production_v1/samples_npz/2026/20260206_1724_HARP14351_NOAA14362.npz,success,2026-06-24T13:48:41.086594+00:00
20260205_2112_HARP14358_NOAA14368,2026_HARP14358_20260205_2112_20260206_1624,2026-02-05 21:12:00,14358,14368,0,saved,"(512, 512, 6)",gs://suryabench-sharp-pipeline-bamidele/jsoc_2025_2026_production_v1/samples_npz/2026/20260205_2112_HARP14358_NOAA14368.npz,success,2026-06-24T14:00:30.450135+00:00
20260205_2248_HARP14358_NOAA14368,2026_HARP14358_20260205_2112_20260206_1624,2026-02-05 22:48:00,14358,14368,0,saved,"(512, 512, 6)",gs://suryabench-sharp-pipeline-bamidele/jsoc_2025_2026_production_v1/samples_npz/2026/20260205_2248_HARP14358_NOAA14368.npz,success,2026-06-24T14:00:37.855317+00:00
20260206_0024_HARP14358_NOAA14368,2026_HARP14358_20260205_2112_20260206_1624,2026-02-06 00:24:00,14358,14368,0,saved,"(512, 512, 6)",gs://suryabench-sharp-pipeline-bamidele/jsoc_2025_2026_production_v1/samples_npz/2026/20260206_0024_HARP14358_NOAA14368.npz,success,2026-06-24T14:00:45.123956+00:00
20260206_0200_HARP14358_NOAA14368,2026_HARP14358_20260205_2112_20260206_1624,2026-02-06 02:00:00,14358,14368,0,saved,"(512, 512, 6)",gs://suryabench-sharp-pipeline-bamidele/jsoc_2025_2026_production_v1/samples_npz/2026/20260206_0200_HARP14358_NOAA14368.npz,success,2026-06-24T14:00:52.182513+00:00
20260206_0336_HARP14358_NOAA14368,2026_HARP14358_20260205_2112_20260206_1624,2026-02-06 03:36:00,14358,14368,0,saved,"(512, 512, 6)",gs://suryabench-sharp-pipeline-bamidele/jsoc_2025_2026_production_v1/samples_npz/2026/20260206_0336_HARP14358_NOAA14368.npz,success,2026-06-24T14:00:59.214753+00:00
20260206_0512_HARP14358_NOAA14368,2026_HARP14358_20260205_2112_20260206_1624,2026-02-06 05:12:00,14358,14368,0,saved,"(512, 512, 6)",gs://suryabench-sharp-pipeline-bamidele/jsoc_2025_2026_production_v1/samples_npz/2026/20260206_0512_HARP14358_NOAA14368.npz,success,2026-06-24T14:01:06.240148+00:00
20260206_0648_HARP14358_NOAA14368,2026_HARP14358_20260205_2112_20260206_1624,2026-02-06 06:48:00,14358,14368,0,saved,"(512, 512, 6)",gs://suryabench-sharp-pipeline-bamidele/jsoc_2025_2026_production_v1/samples_npz/2026/20260206_0648_HARP14358_NOAA14368.npz,success,2026-06-24T14:01:13.386742+00:00
20260206_0824_HARP14358_NOAA14368,2026_HARP14358_20260205_2112_20260206_1624,2026-02-06 08:24:00,14358,14368,0,saved,"(512, 512, 6)",gs://suryabench-sharp-pipeline-bamidele/jsoc_2025_2026_production_v1/samples_npz/2026/20260206_0824_HARP14358_NOAA14368.npz,success,2026-06-24T14:01:20.506761+00:00
20260206_1000_HARP14358_NOAA14368,2026_HARP14358_20260205_2112_20260206_1624,2026-02-06 10:00:00,14358,14368,0,saved,"(512, 512, 6)",gs://suryabench-sharp-pipeline-bamidele/jsoc_2025_2026_production_v1/samples_npz/2026/20260206_1000_HARP14358_NOAA14368.npz,success,2026-06-24T14:01:27.539708+00:00
20260206_1136_HARP14358_NOAA14368,2026_HARP14358_20260205_2112_20260206_1624,2026-02-06 11:36:00,14358,14368,0,saved,"(512, 512, 6)",gs://suryabench-sharp-pipeline-bamidele/jsoc_2025_2026_production_v1/samples_npz/2026/20260206_1136_HARP14358_NOAA14368.npz,success,2026-06-24T14:01:34.678557+00:00
20260206_1312_HARP14358_NOAA14368,2026_HARP14358_20260205_2112_20260206_1624,2026-02-06 13:12:00,14358,14368,0,saved,"(512, 512, 6)",gs://suryabench-sharp-pipeline-bamidele/jsoc_2025_2026_production_v1/samples_npz/2026/20260206_1312_HARP14358_NOAA14368.npz,success,2026-06-24T14:01:41.789350+00:00
20260206_1448_HARP14358_NOAA14368,2026_HARP14358_20260205_2112_20260206_1624,2026-02-06 14:48:00,14358,14368,0,saved,"(512, 512, 6)",gs://suryabench-sharp-pipeline-bamidele/jsoc_2025_2026_production_v1/samples_npz/2026/20260206_1448_HARP14358_NOAA14368.npz,success,2026-06-24T14:01:49.106218+00:00
20260206_1624_HARP14358_NOAA14368,2026_HARP14358_20260205_2112_20260206_1624,2026-02-06 16:24:00,14358,14368,0,saved,"(512, 512, 6)",gs://suryabench-sharp-pipeline-bamidele/jsoc_2025_2026_production_v1/samples_npz/2026/20260206_1624_HARP14358_NOAA14368.npz,success,2026-06-24T14:01:56.201615+00:00
20260206_0224_HARP14361_NOAA14370,2026_HARP14361_20260206_0224_20260207_0048,2026-02-06 02:24:00,14361,14370,0,saved,"(512, 512, 6)",gs://suryabench-sharp-pipeline-bamidele/jsoc_2025_2026_production_v1/samples_npz/2026/20260206_0224_HARP14361_NOAA14370.npz,success,2026-06-24T14:14:02.321115+00:00
20260206_0400_HARP14361_NOAA14370,2026_HARP14361_20260206_0224_20260207_0048,2026-02-06 04:00:00,14361,14370,0,saved,"(512, 512, 6)",gs://suryabench-sharp-pipeline-bamidele/jsoc_2025_2026_production_v1/samples_npz/2026/20260206_0400_HARP14361_NOAA14370.npz,success,2026-06-24T14:14:09.411847+00:00
20260206_0536_HARP14361_NOAA14370,2026_HARP14361_20260206_0224_20260207_0048,2026-02-06 05:36:00,14361,14370,0,saved,"(512, 512, 6)",gs://suryabench-sharp-pipeline-bamidele/jsoc_2025_2026_production_v1/samples_npz/2026/20260206_0536_HARP14361_NOAA14370.npz,success,2026-06-24T14:14:16.361689+00:00
20260206_0712_HARP14361_NOAA14370,2026_HARP14361_20260206_0224_20260207_0048,2026-02-06 07:12:00,14361,14370,0,saved,"(512, 512, 6)",gs://suryabench-sharp-pipeline-bamidele/jsoc_2025_2026_production_v1/samples_npz/2026/20260206_0712_HARP14361_NOAA14370.npz,success,2026-06-24T14:14:23.479371+00:00
20260206_0848_HARP14361_NOAA14370,2026_HARP14361_20260206_0224_20260207_0048,2026-02-06 08:48:00,14361,14370,0,saved,"(512, 512, 6)",gs://suryabench-sharp-pipeline-bamidele/jsoc_2025_2026_production_v1/samples_npz/2026/20260206_0848_HARP14361_NOAA14370.npz,success,2026-06-24T14:14:30.507775+00:00
20260206_1024_HARP14361_NOAA14370,2026_HARP14361_20260206_0224_20260207_0048,2026-02-06 10:24:00,14361,14370,0,saved,"(512, 512, 6)",gs://suryabench-sharp-pipeline-bamidele/jsoc_2025_2026_production_v1/samples_npz/2026/20260206_1024_HARP14361_NOAA14370.npz,success,2026-06-24T14:14:37.740089+00:00
20260206_1200_HARP14361_NOAA14370,2026_HARP14361_20260206_0224_20260207_0048,2026-02-06 12:00:00,14361,14370,0,saved,"(512, 512, 6)",gs://suryabench-sharp-pipeline-bamidele/jsoc_2025_2026_production_v1/samples_npz/2026/20260206_1200_HARP14361_NOAA14370.npz,success,2026-06-24T14:14:44.812241+00:00
20260206_1336_HARP14361_NOAA14370,2026_HARP14361_20260206_0224_20260207_0048,2026-02-06 13:36:00,14361,14370,0,saved,"(512, 512, 6)",gs://suryabench-sharp-pipeline-bamidele/jsoc_2025_2026_production_v1/samples_npz/2026/20260206_1336_HARP14361_NOAA14370.npz,success,2026-06-24T14:14:51.759953+00:00
20260206_1512_HARP14361_NOAA14370,2026_HARP14361_20260206_0224_20260207_0048,2026-02-06 15:12:00,14361,14370,0,saved,"(512, 512, 6)",gs://suryabench-sharp-pipeline-bamidele/jsoc_2025_2026_production_v1/samples_npz/2026/20260206_1512_HARP14361_NOAA14370.npz,success,2026-06-24T14:14:58.757446+00:00
20260206_1648_HARP14361_NOAA14370,2026_HARP14361_20260206_0224_20260207_0048,2026-02-06 16:48:00,14361,14370,0,saved,"(512, 512, 6)",gs://suryabench-sharp-pipeline-bamidele/jsoc_2025_2026_production_v1/samples_npz/2026/20260206_1648_HARP14361_NOAA14370.npz,success,2026-06-24T14:15:05.737236+00:00
20260206_1824_HARP14361_NOAA14370,2026_HARP14361_20260206_0224_20260207_0048,2026-02-06 18:24:00,14361,14370,0,saved,"(512, 512, 6)",gs://suryabench-sharp-pipeline-bamidele/jsoc_2025_2026_production_v1/samples_npz/2026/20260206_1824_HARP14361_NOAA14370.npz,success,2026-06-24T14:15:12.837009+00:00
20260206_2000_HARP14361_NOAA14370,2026_HARP14361_20260206_0224_20260207_0048,2026-02-06 20:00:00,14361,14370,0,saved,"(512, 512, 6)",gs://suryabench-sharp-pipeline-bamidele/jsoc_2025_2026_production_v1/samples_npz/2026/20260206_2000_HARP14361_NOAA14370.npz,success,2026-06-24T14:15:19.867757+00:00
20260206_2136_HARP14361_NOAA14370,2026_HARP14361_20260206_0224_20260207_0048,2026-02-06 21:36:00,14361,14370,0,saved,"(512, 512, 6)",gs://suryabench-sharp-pipeline-bamidele/jsoc_2025_2026_production_v1/samples_npz/2026/20260206_2136_HARP14361_NOAA14370.npz,success,2026-06-24T14:15:27.044850+00:00
20260206_2312_HARP14361_NOAA14370,2026_HARP14361_20260206_0224_20260207_0048,2026-02-06 23:12:00,14361,14370,0,saved,"(512, 512, 6)",gs://suryabench-sharp-pipeline-bamidele/jsoc_2025_2026_production_v1/samples_npz/2026/20260206_2312_HARP14361_NOAA14370.npz,success,2026-06-24T14:15:34.115473+00:00
20260207_0048_HARP14361_NOAA14370,2026_HARP14361_20260206_0224_20260207_0048,2026-02-07 00:48:00,14361,14370,0,saved,"(512, 512, 6)",gs://suryabench-sharp-pipeline-bamidele/jsoc_2025_2026_production_v1/samples_npz/2026/20260207_0048_HARP14361_NOAA14370.npz,success,2026-06-24T14:15:41.601243+00:00
20260206_1936_HARP14358_NOAA14368,2026_HARP14358_20260206_1936_20260207_1624,2026-02-06 19:36:00,14358,14368,0,saved,"(512, 512, 6)",gs://suryabench-sharp-pipeline-bamidele/jsoc_2025_2026_production_v1/samples_npz/2026/20260206_1936_HARP14358_NOAA14368.npz,success,2026-06-24T14:27:37.811857+00:00
20260206_2112_HARP14358_NOAA14368,2026_HARP14358_20260206_1936_20260207_1624,2026-02-06 21:12:00,14358,14368,0,saved,"(512, 512, 6)",gs://suryabench-sharp-pipeline-bamidele/jsoc_2025_2026_production_v1/samples_npz/2026/20260206_2112_HARP14358_NOAA14368.npz,success,2026-06-24T14:27:44.428199+00:00
20260206_2248_HARP14358_NOAA14368,2026_HARP14358_20260206_1936_20260207_1624,2026-02-06 22:48:00,14358,14368,0,saved,"(512, 512, 6)",gs://suryabench-sharp-pipeline-bamidele/jsoc_2025_2026_production_v1/samples_npz/2026/20260206_2248_HARP14358_NOAA14368.npz,success,2026-06-24T14:27:51.180460+00:00
20260207_0024_HARP14358_NOAA14368,2026_HARP14358_20260206_1936_20260207_1624,2026-02-07 00:24:00,14358,14368,0,saved,"(512, 512, 6)",gs://suryabench-sharp-pipeline-bamidele/jsoc_2025_2026_production_v1/samples_npz/2026/20260207_0024_HARP14358_NOAA14368.npz,success,2026-06-24T14:27:57.836502+00:00
20260207_0200_HARP14358_NOAA14368,2026_HARP14358_20260206_1936_20260207_1624,2026-02-07 02:00:00,14358,14368,0,saved,"(512, 512, 6)",gs://suryabench-sharp-pipeline-bamidele/jsoc_2025_2026_production_v1/samples_npz/2026/20260207_0200_HARP14358_NOAA14368.npz,success,2026-06-24T14:28:04.672026+00:00
20260207_0336_HARP14358_NOAA14368,2026_HARP14358_20260206_1936_20260207_1624,2026-02-07 03:36:00,14358,14368,0,saved,"(512, 512, 6)",gs://suryabench-sharp-pipeline-bamidele/jsoc_2025_2026_production_v1/samples_npz/2026/20260207_0336_HARP14358_NOAA14368.npz,success,2026-06-24T14:28:11.385219+00:00
20260207_0512_HARP14358_NOAA14368,2026_HARP14358_20260206_1936_20260207_1624,2026-02-07 05:12:00,14358,14368,0,saved,"(512, 512, 6)",gs://suryabench-sharp-pipeline-bamidele/jsoc_2025_2026_production_v1/samples_npz/2026/20260207_0512_HARP14358_NOAA14368.npz,success,2026-06-24T14:28:18.109625+00:00
20260207_0648_HARP14358_NOAA14368,2026_HARP14358_20260206_1936_20260207_1624,2026-02-07 06:48:00,14358,14368,0,saved,"(512, 512, 6)",gs://suryabench-sharp-pipeline-bamidele/jsoc_2025_2026_production_v1/samples_npz/2026/20260207_0648_HARP14358_NOAA14368.npz,success,2026-06-24T14:28:24.921487+00:00
20260207_0824_HARP14358_NOAA14368,2026_HARP14358_20260206_1936_20260207_1624,2026-02-07 08:24:00,14358,14368,0,saved,"(512, 512, 6)",gs://suryabench-sharp-pipeline-bamidele/jsoc_2025_2026_production_v1/samples_npz/2026/20260207_0824_HARP14358_NOAA14368.npz,success,2026-06-24T14:28:31.719268+00:00
20260207_1000_HARP14358_NOAA14368,2026_HARP14358_20260206_1936_20260207_1624,2026-02-07 10:00:00,14358,14368,0,saved,"(512, 512, 6)",gs://suryabench-sharp-pipeline-bamidele/jsoc_2025_2026_production_v1/samples_npz/2026/20260207_1000_HARP14358_NOAA14368.npz,success,2026-06-24T14:28:38.603680+00:00
20260207_1136_HARP14358_NOAA14368,2026_HARP14358_20260206_1936_20260207_1624,2026-02-07 11:36:00,14358,14368,0,saved,"(512, 512, 6)",gs://suryabench-sharp-pipeline-bamidele/jsoc_2025_2026_production_v1/samples_npz/2026/20260207_1136_HARP14358_NOAA14368.npz,success,2026-06-24T14:28:45.267029+00:00
20260207_1312_HARP14358_NOAA14368,2026_HARP14358_20260206_1936_20260207_1624,2026-02-07 13:12:00,14358,14368,0,saved,"(512, 512, 6)",gs://suryabench-sharp-pipeline-bamidele/jsoc_2025_2026_production_v1/samples_npz/2026/20260207_1312_HARP14358_NOAA14368.npz,success,2026-06-24T14:28:52.223792+00:00
20260207_1448_HARP14358_NOAA14368,2026_HARP14358_20260206_1936_20260207_1624,2026-02-07 14:48:00,14358,14368,0,saved,"(512, 512, 6)",gs://suryabench-sharp-pipeline-bamidele/jsoc_2025_2026_production_v1/samples_npz/2026/20260207_1448_HARP14358_NOAA14368.npz,success,2026-06-24T14:28:59.039320+00:00
20260207_1624_HARP14358_NOAA14368,2026_HARP14358_20260206_1936_20260207_1624,2026-02-07 16:24:00,14358,14368,0,saved,"(512, 512, 6)",gs://suryabench-sharp-pipeline-bamidele/jsoc_2025_2026_production_v1/samples_npz/2026/20260207_1624_HARP14358_NOAA14368.npz,success,2026-06-24T14:29:05.890071+00:00
20260206_1948_HARP14355_NOAA14366,2026_HARP14355_20260206_1948_20260206_1948,2026-02-06 19:48:00,14355,14366,1,saved,"(512, 512, 6)",gs://suryabench-sharp-pipeline-bamidele/jsoc_2025_2026_production_v1/samples_npz/2026/20260206_1948_HARP14355_NOAA14366.npz,success,2026-06-24T14:36:31.009656+00:00
20260206_1948_HARP14357_NOAA14367,2026_HARP14357_20260206_1948_20260206_2124,2026-02-06 19:48:00,14357,14367,0,saved,"(512, 512, 6)",gs://suryabench-sharp-pipeline-bamidele/jsoc_2025_2026_production_v1/samples_npz/2026/20260206_1948_HARP14357_NOAA14367.npz,success,2026-06-24T14:44:42.619574+00:00
20260206_2124_HARP14357_NOAA14367,2026_HARP14357_20260206_1948_20260206_2124,2026-02-06 21:24:00,14357,14367,0,saved,"(512, 512, 6)",gs://suryabench-sharp-pipeline-bamidele/jsoc_2025_2026_production_v1/samples_npz/2026/20260206_2124_HARP14357_NOAA14367.npz,success,2026-06-24T14:44:49.233094+00:00
20260206_2000_HARP14349_NOAA14363,2026_HARP14349_20260206_2000_20260206_2000,2026-02-06 20:00:00,14349,14363,0,saved,"(512, 512, 6)",gs://suryabench-sharp-pipeline-bamidele/jsoc_2025_2026_production_v1/samples_npz/2026/20260206_2000_HARP14349_NOAA14363.npz,success,2026-06-24T14:51:57.240777+00:00
20260207_0036_HARP14357_NOAA14367,2026_HARP14357_20260207_0036_20260207_2300,2026-02-07 00:36:00,14357,14367,0,saved,"(512, 512, 6)",gs://suryabench-sharp-pipeline-bamidele/jsoc_2025_2026_production_v1/samples_npz/2026/20260207_0036_HARP14357_NOAA14367.npz,success,2026-06-24T15:04:15.907401+00:00
20260207_0212_HARP14357_NOAA14367,2026_HARP14357_20260207_0036_20260207_2300,2026-02-07 02:12:00,14357,14367,0,saved,"(512, 512, 6)",gs://suryabench-sharp-pipeline-bamidele/jsoc_2025_2026_production_v1/samples_npz/2026/20260207_0212_HARP14357_NOAA14367.npz,success,2026-06-24T15:04:22.431052+00:00
20260207_0348_HARP14357_NOAA14367,2026_HARP14357_20260207_0036_20260207_2300,2026-02-07 03:48:00,14357,14367,0,saved,"(512, 512, 6)",gs://suryabench-sharp-pipeline-bamidele/jsoc_2025_2026_production_v1/samples_npz/2026/20260207_0348_HARP14357_NOAA14367.npz,success,2026-06-24T15:04:28.929278+00:00
20260207_0524_HARP14357_NOAA14367,2026_HARP14357_20260207_0036_20260207_2300,2026-02-07 05:24:00,14357,14367,0,saved,"(512, 512, 6)",gs://suryabench-sharp-pipeline-bamidele/jsoc_2025_2026_production_v1/samples_npz/2026/20260207_0524_HARP14357_NOAA14367.npz,success,2026-06-24T15:04:35.478125+00:00
20260207_0700_HARP14357_NOAA14367,2026_HARP14357_20260207_0036_20260207_2300,2026-02-07 07:00:00,14357,14367,0,saved,"(512, 512, 6)",gs://suryabench-sharp-pipeline-bamidele/jsoc_2025_2026_production_v1/samples_npz/2026/20260207_0700_HARP14357_NOAA14367.npz,success,2026-06-24T15:04:42.221579+00:00
20260207_0836_HARP14357_NOAA14367,2026_HARP14357_20260207_0036_20260207_2300,2026-02-07 08:36:00,14357,14367,0,saved,"(512, 512, 6)",gs://suryabench-sharp-pipeline-bamidele/jsoc_2025_2026_production_v1/samples_npz/2026/20260207_0836_HARP14357_NOAA14367.npz,success,2026-06-24T15:04:48.640584+00:00
20260207_1012_HARP14357_NOAA14367,2026_HARP14357_20260207_0036_20260207_2300,2026-02-07 10:12:00,14357,14367,0,saved,"(512, 512, 6)",gs://suryabench-sharp-pipeline-bamidele/jsoc_2025_2026_production_v1/samples_npz/2026/20260207_1012_HARP14357_NOAA14367.npz,success,2026-06-24T15:04:55.081949+00:00
20260207_1148_HARP14357_NOAA14367,2026_HARP14357_20260207_0036_20260207_2300,2026-02-07 11:48:00,14357,14367,0,saved,"(512, 512, 6)",gs://suryabench-sharp-pipeline-bamidele/jsoc_2025_2026_production_v1/samples_npz/2026/20260207_1148_HARP14357_NOAA14367.npz,success,2026-06-24T15:05:01.493215+00:00
20260207_1324_HARP14357_NOAA14367,2026_HARP14357_20260207_0036_20260207_2300,2026-02-07 13:24:00,14357,14367,0,saved,"(512, 512, 6)",gs://suryabench-sharp-pipeline-bamidele/jsoc_2025_2026_production_v1/samples_npz/2026/20260207_1324_HARP14357_NOAA14367.npz,success,2026-06-24T15:05:07.921153+00:00
20260207_1500_HARP14357_NOAA14367,2026_HARP14357_20260207_0036_20260207_2300,2026-02-07 15:00:00,14357,14367,0,saved,"(512, 512, 6)",gs://suryabench-sharp-pipeline-bamidele/jsoc_2025_2026_production_v1/samples_npz/2026/20260207_1500_HARP14357_NOAA14367.npz,success,2026-06-24T15:05:14.336949+00:00
20260207_1636_HARP14357_NOAA14367,2026_HARP14357_20260207_0036_20260207_2300,2026-02-07 16:36:00,14357,14367,0,saved,"(512, 512, 6)",gs://suryabench-sharp-pipeline-bamidele/jsoc_2025_2026_production_v1/samples_npz/2026/20260207_1636_HARP14357_NOAA14367.npz,success,2026-06-24T15:05:20.769908+00:00
20260207_1812_HARP14357_NOAA14367,2026_HARP14357_20260207_0036_20260207_2300,2026-02-07 18:12:00,14357,14367,0,saved,"(512, 512, 6)",gs://suryabench-sharp-pipeline-bamidele/jsoc_2025_2026_production_v1/samples_npz/2026/20260207_1812_HARP14357_NOAA14367.npz,success,2026-06-24T15:05:27.182849+00:00
20260207_1948_HARP14357_NOAA14367,2026_HARP14357_20260207_0036_20260207_2300,2026-02-07 19:48:00,14357,14367,0,saved,"(512, 512, 6)",gs://suryabench-sharp-pipeline-bamidele/jsoc_2025_2026_production_v1/samples_npz/2026/20260207_1948_HARP14357_NOAA14367.npz,success,2026-06-24T15:05:33.581424+00:00
20260207_2124_HARP14357_NOAA14367,2026_HARP14357_20260207_0036_20260207_2300,2026-02-07 21:24:00,14357,14367,0,saved,"(512, 512, 6)",gs://suryabench-sharp-pipeline-bamidele/jsoc_2025_2026_production_v1/samples_npz/2026/20260207_2124_HARP14357_NOAA14367.npz,success,2026-06-24T15:05:40.133106+00:00
20260207_2300_HARP14357_NOAA14367,2026_HARP14357_20260207_0036_20260207_2300,2026-02-07 23:00:00,14357,14367,0,saved,"(512, 512, 6)",gs://suryabench-sharp-pipeline-bamidele/jsoc_2025_2026_production_v1/samples_npz/2026/20260207_2300_HARP14357_NOAA14367.npz,success,2026-06-24T15:05:46.564104+00:00
20260207_0224_HARP14361_NOAA14370,2026_HARP14361_20260207_0224_20260207_1336,2026-02-07 02:24:00,14361,14370,0,saved,"(512, 512, 6)",gs://suryabench-sharp-pipeline-bamidele/jsoc_2025_2026_production_v1/samples_npz/2026/20260207_0224_HARP14361_NOAA14370.npz,success,2026-06-24T15:16:00.799921+00:00
20260207_0400_HARP14361_NOAA14370,2026_HARP14361_20260207_0224_20260207_1336,2026-02-07 04:00:00,14361,14370,0,saved,"(512, 512, 6)",gs://suryabench-sharp-pipeline-bamidele/jsoc_2025_2026_production_v1/samples_npz/2026/20260207_0400_HARP14361_NOAA14370.npz,success,2026-06-24T15:16:07.534892+00:00
20260207_0536_HARP14361_NOAA14370,2026_HARP14361_20260207_0224_20260207_1336,2026-02-07 05:36:00,14361,14370,0,saved,"(512, 512, 6)",gs://suryabench-sharp-pipeline-bamidele/jsoc_2025_2026_production_v1/samples_npz/2026/20260207_0536_HARP14361_NOAA14370.npz,success,2026-06-24T15:16:14.384169+00:00
20260207_0712_HARP14361_NOAA14370,2026_HARP14361_20260207_0224_20260207_1336,2026-02-07 07:12:00,14361,14370,0,saved,"(512, 512, 6)",gs://suryabench-sharp-pipeline-bamidele/jsoc_2025_2026_production_v1/samples_npz/2026/20260207_0712_HARP14361_NOAA14370.npz,success,2026-06-24T15:16:21.219674+00:00
20260207_0848_HARP14361_NOAA14370,2026_HARP14361_20260207_0224_20260207_1336,2026-02-07 08:48:00,14361,14370,0,saved,"(512, 512, 6)",gs://suryabench-sharp-pipeline-bamidele/jsoc_2025_2026_production_v1/samples_npz/2026/20260207_0848_HARP14361_NOAA14370.npz,success,2026-06-24T15:16:27.985585+00:00
20260207_1024_HARP14361_NOAA14370,2026_HARP14361_20260207_0224_20260207_1336,2026-02-07 10:24:00,14361,14370,0,saved,"(512, 512, 6)",gs://suryabench-sharp-pipeline-bamidele/jsoc_2025_2026_production_v1/samples_npz/2026/20260207_1024_HARP14361_NOAA14370.npz,success,2026-06-24T15:16:35.305371+00:00
20260207_1200_HARP14361_NOAA14370,2026_HARP14361_20260207_0224_20260207_1336,2026-02-07 12:00:00,14361,14370,0,saved,"(512, 512, 6)",gs://suryabench-sharp-pipeline-bamidele/jsoc_2025_2026_production_v1/samples_npz/2026/20260207_1200_HARP14361_NOAA14370.npz,success,2026-06-24T15:16:42.004157+00:00
20260207_1336_HARP14361_NOAA14370,2026_HARP14361_20260207_0224_20260207_1336,2026-02-07 13:36:00,14361,14370,0,saved,"(512, 512, 6)",gs://suryabench-sharp-pipeline-bamidele/jsoc_2025_2026_production_v1/samples_npz/2026/20260207_1336_HARP14361_NOAA14370.npz,success,2026-06-24T15:16:49.058287+00:00
20260207_1648_HARP14361_NOAA14370,2026_HARP14361_20260207_1648_20260207_2000,2026-02-07 16:48:00,14361,14370,0,saved,"(512, 512, 6)",gs://suryabench-sharp-pipeline-bamidele/jsoc_2025_2026_production_v1/samples_npz/2026/20260207_1648_HARP14361_NOAA14370.npz,success,2026-06-24T15:26:09.902566+00:00
20260207_1824_HARP14361_NOAA14370,2026_HARP14361_20260207_1648_20260207_2000,2026-02-07 18:24:00,14361,14370,0,saved,"(512, 512, 6)",gs://suryabench-sharp-pipeline-bamidele/jsoc_2025_2026_production_v1/samples_npz/2026/20260207_1824_HARP14361_NOAA14370.npz,success,2026-06-24T15:26:16.507094+00:00
20260207_2000_HARP14361_NOAA14370,2026_HARP14361_20260207_1648_20260207_2000,2026-02-07 20:00:00,14361,14370,0,saved,"(512, 512, 6)",gs://suryabench-sharp-pipeline-bamidele/jsoc_2025_2026_production_v1/samples_npz/2026/20260207_2000_HARP14361_NOAA14370.npz,success,2026-06-24T15:26:23.155226+00:00
20260207_1936_HARP14358_NOAA14368,2026_HARP14358_20260207_1936_20260208_1624,2026-02-07 19:36:00,14358,14368,0,saved,"(512, 512, 6)",gs://suryabench-sharp-pipeline-bamidele/jsoc_2025_2026_production_v1/samples_npz/2026/20260207_1936_HARP14358_NOAA14368.npz,success,2026-06-24T15:39:12.664836+00:00
20260207_2112_HARP14358_NOAA14368,2026_HARP14358_20260207_1936_20260208_1624,2026-02-07 21:12:00,14358,14368,0,saved,"(512, 512, 6)",gs://suryabench-sharp-pipeline-bamidele/jsoc_2025_2026_production_v1/samples_npz/2026/20260207_2112_HARP14358_NOAA14368.npz,success,2026-06-24T15:39:19.197018+00:00
20260207_2248_HARP14358_NOAA14368,2026_HARP14358_20260207_1936_20260208_1624,2026-02-07 22:48:00,14358,14368,0,saved,"(512, 512, 6)",gs://suryabench-sharp-pipeline-bamidele/jsoc_2025_2026_production_v1/samples_npz/2026/20260207_2248_HARP14358_NOAA14368.npz,success,2026-06-24T15:39:25.794749+00:00
20260208_0024_HARP14358_NOAA14368,2026_HARP14358_20260207_1936_20260208_1624,2026-02-08 00:24:00,14358,14368,0,saved,"(512, 512, 6)",gs://suryabench-sharp-pipeline-bamidele/jsoc_2025_2026_production_v1/samples_npz/2026/20260208_0024_HARP14358_NOAA14368.npz,success,2026-06-24T15:39:32.358232+00:00
20260208_0200_HARP14358_NOAA14368,2026_HARP14358_20260207_1936_20260208_1624,2026-02-08 02:00:00,14358,14368,0,saved,"(512, 512, 6)",gs://suryabench-sharp-pipeline-bamidele/jsoc_2025_2026_production_v1/samples_npz/2026/20260208_0200_HARP14358_NOAA14368.npz,success,2026-06-24T15:39:38.963335+00:00
20260208_0336_HARP14358_NOAA14368,2026_HARP14358_20260207_1936_20260208_1624,2026-02-08 03:36:00,14358,14368,0,saved,"(512, 512, 6)",gs://suryabench-sharp-pipeline-bamidele/jsoc_2025_2026_production_v1/samples_npz/2026/20260208_0336_HARP14358_NOAA14368.npz,success,2026-06-24T15:39:45.536641+00:00
20260208_0512_HARP14358_NOAA14368,2026_HARP14358_20260207_1936_20260208_1624,2026-02-08 05:12:00,14358,14368,0,saved,"(512, 512, 6)",gs://suryabench-sharp-pipeline-bamidele/jsoc_2025_2026_production_v1/samples_npz/2026/20260208_0512_HARP14358_NOAA14368.npz,success,2026-06-24T15:39:52.213922+00:00
20260208_0648_HARP14358_NOAA14368,2026_HARP14358_20260207_1936_20260208_1624,2026-02-08 06:48:00,14358,14368,0,saved,"(512, 512, 6)",gs://suryabench-sharp-pipeline-bamidele/jsoc_2025_2026_production_v1/samples_npz/2026/20260208_0648_HARP14358_NOAA14368.npz,success,2026-06-24T15:39:58.861685+00:00
20260208_0824_HARP14358_NOAA14368,2026_HARP14358_20260207_1936_20260208_1624,2026-02-08 08:24:00,14358,14368,0,saved,"(512, 512, 6)",gs://suryabench-sharp-pipeline-bamidele/jsoc_2025_2026_production_v1/samples_npz/2026/20260208_0824_HARP14358_NOAA14368.npz,success,2026-06-24T15:40:05.707284+00:00
20260208_1000_HARP14358_NOAA14368,2026_HARP14358_20260207_1936_20260208_1624,2026-02-08 10:00:00,14358,14368,0,saved,"(512, 512, 6)",gs://suryabench-sharp-pipeline-bamidele/jsoc_2025_2026_production_v1/samples_npz/2026/20260208_1000_HARP14358_NOAA14368.npz,success,2026-06-24T15:40:12.373641+00:00
20260208_1136_HARP14358_NOAA14368,2026_HARP14358_20260207_1936_20260208_1624,2026-02-08 11:36:00,14358,14368,0,saved,"(512, 512, 6)",gs://suryabench-sharp-pipeline-bamidele/jsoc_2025_2026_production_v1/samples_npz/2026/20260208_1136_HARP14358_NOAA14368.npz,success,2026-06-24T15:40:18.993274+00:00
20260208_1312_HARP14358_NOAA14368,2026_HARP14358_20260207_1936_20260208_1624,2026-02-08 13:12:00,14358,14368,0,saved,"(512, 512, 6)",gs://suryabench-sharp-pipeline-bamidele/jsoc_2025_2026_production_v1/samples_npz/2026/20260208_1312_HARP14358_NOAA14368.npz,success,2026-06-24T15:40:25.637323+00:00
20260208_1448_HARP14358_NOAA14368,2026_HARP14358_20260207_1936_20260208_1624,2026-02-08 14:48:00,14358,14368,0,saved,"(512, 512, 6)",gs://suryabench-sharp-pipeline-bamidele/jsoc_2025_2026_production_v1/samples_npz/2026/20260208_1448_HARP14358_NOAA14368.npz,success,2026-06-24T15:40:32.247660+00:00
20260208_1624_HARP14358_NOAA14368,2026_HARP14358_20260207_1936_20260208_1624,2026-02-08 16:24:00,14358,14368,0,saved,"(512, 512, 6)",gs://suryabench-sharp-pipeline-bamidele/jsoc_2025_2026_production_v1/samples_npz/2026/20260208_1624_HARP14358_NOAA14368.npz,success,2026-06-24T15:40:38.849347+00:00
20260207_2312_HARP14361_NOAA14370,2026_HARP14361_20260207_2312_20260208_2136,2026-02-07 23:12:00,14361,14370,0,saved,"(512, 512, 6)",gs://suryabench-sharp-pipeline-bamidele/jsoc_2025_2026_production_v1/samples_npz/2026/20260207_2312_HARP14361_NOAA14370.npz,success,2026-06-24T15:52:36.653426+00:00
20260208_0048_HARP14361_NOAA14370,2026_HARP14361_20260207_2312_20260208_2136,2026-02-08 00:48:00,14361,14370,0,saved,"(512, 512, 6)",gs://suryabench-sharp-pipeline-bamidele/jsoc_2025_2026_production_v1/samples_npz/2026/20260208_0048_HARP14361_NOAA14370.npz,success,2026-06-24T15:52:43.462872+00:00
20260208_0224_HARP14361_NOAA14370,2026_HARP14361_20260207_2312_20260208_2136,2026-02-08 02:24:00,14361,14370,0,saved,"(512, 512, 6)",gs://suryabench-sharp-pipeline-bamidele/jsoc_2025_2026_production_v1/samples_npz/2026/20260208_0224_HARP14361_NOAA14370.npz,success,2026-06-24T15:52:50.456020+00:00
20260208_0400_HARP14361_NOAA14370,2026_HARP14361_20260207_2312_20260208_2136,2026-02-08 04:00:00,14361,14370,0,saved,"(512, 512, 6)",gs://suryabench-sharp-pipeline-bamidele/jsoc_2025_2026_production_v1/samples_npz/2026/20260208_0400_HARP14361_NOAA14370.npz,success,2026-06-24T15:52:57.436092+00:00
20260208_0536_HARP14361_NOAA14370,2026_HARP14361_20260207_2312_20260208_2136,2026-02-08 05:36:00,14361,14370,0,saved,"(512, 512, 6)",gs://suryabench-sharp-pipeline-bamidele/jsoc_2025_2026_production_v1/samples_npz/2026/20260208_0536_HARP14361_NOAA14370.npz,success,2026-06-24T15:53:04.302578+00:00
20260208_0712_HARP14361_NOAA14370,2026_HARP14361_20260207_2312_20260208_2136,2026-02-08 07:12:00,14361,14370,0,saved,"(512, 512, 6)",gs://suryabench-sharp-pipeline-bamidele/jsoc_2025_2026_production_v1/samples_npz/2026/20260208_0712_HARP14361_NOAA14370.npz,success,2026-06-24T15:53:11.155961+00:00
20260208_0848_HARP14361_NOAA14370,2026_HARP14361_20260207_2312_20260208_2136,2026-02-08 08:48:00,14361,14370,0,saved,"(512, 512, 6)",gs://suryabench-sharp-pipeline-bamidele/jsoc_2025_2026_production_v1/samples_npz/2026/20260208_0848_HARP14361_NOAA14370.npz,success,2026-06-24T15:53:18.031085+00:00
20260208_1024_HARP14361_NOAA14370,2026_HARP14361_20260207_2312_20260208_2136,2026-02-08 10:24:00,14361,14370,0,saved,"(512, 512, 6)",gs://suryabench-sharp-pipeline-bamidele/jsoc_2025_2026_production_v1/samples_npz/2026/20260208_1024_HARP14361_NOAA14370.npz,success,2026-06-24T15:53:24.935325+00:00
20260208_1200_HARP14361_NOAA14370,2026_HARP14361_20260207_2312_20260208_2136,2026-02-08 12:00:00,14361,14370,0,saved,"(512, 512, 6)",gs://suryabench-sharp-pipeline-bamidele/jsoc_2025_2026_production_v1/samples_npz/2026/20260208_1200_HARP14361_NOAA14370.npz,success,2026-06-24T15:53:31.795250+00:00
20260208_1336_HARP14361_NOAA14370,2026_HARP14361_20260207_2312_20260208_2136,2026-02-08 13:36:00,14361,14370,0,saved,"(512, 512, 6)",gs://suryabench-sharp-pipeline-bamidele/jsoc_2025_2026_production_v1/samples_npz/2026/20260208_1336_HARP14361_NOAA14370.npz,success,2026-06-24T15:53:38.580273+00:00
20260208_1512_HARP14361_NOAA14370,2026_HARP14361_20260207_2312_20260208_2136,2026-02-08 15:12:00,14361,14370,0,saved,"(512, 512, 6)",gs://suryabench-sharp-pipeline-bamidele/jsoc_2025_2026_production_v1/samples_npz/2026/20260208_1512_HARP14361_NOAA14370.npz,success,2026-06-24T15:53:45.397413+00:00
20260208_1648_HARP14361_NOAA14370,2026_HARP14361_20260207_2312_20260208_2136,2026-02-08 16:48:00,14361,14370,0,saved,"(512, 512, 6)",gs://suryabench-sharp-pipeline-bamidele/jsoc_2025_2026_production_v1/samples_npz/2026/20260208_1648_HARP14361_NOAA14370.npz,success,2026-06-24T15:53:52.162126+00:00
20260208_1824_HARP14361_NOAA14370,2026_HARP14361_20260207_2312_20260208_2136,2026-02-08 18:24:00,14361,14370,0,saved,"(512, 512, 6)",gs://suryabench-sharp-pipeline-bamidele/jsoc_2025_2026_production_v1/samples_npz/2026/20260208_1824_HARP14361_NOAA14370.npz,success,2026-06-24T15:53:58.970644+00:00
20260208_2000_HARP14361_NOAA14370,2026_HARP14361_20260207_2312_20260208_2136,2026-02-08 20:00:00,14361,14370,0,saved,"(512, 512, 6)",gs://suryabench-sharp-pipeline-bamidele/jsoc_2025_2026_production_v1/samples_npz/2026/20260208_2000_HARP14361_NOAA14370.npz,success,2026-06-24T15:54:05.874766+00:00
20260208_2136_HARP14361_NOAA14370,2026_HARP14361_20260207_2312_20260208_2136,2026-02-08 21:36:00,14361,14370,0,saved,"(512, 512, 6)",gs://suryabench-sharp-pipeline-bamidele/jsoc_2025_2026_production_v1/samples_npz/2026/20260208_2136_HARP14361_NOAA14370.npz,success,2026-06-24T15:54:12.649870+00:00
20260208_0036_HARP14357_NOAA14367,2026_HARP14357_20260208_0036_20260208_2300,2026-02-08 00:36:00,14357,14367,0,saved,"(512, 512, 6)",gs://suryabench-sharp-pipeline-bamidele/jsoc_2025_2026_production_v1/samples_npz/2026/20260208_0036_HARP14357_NOAA14367.npz,success,2026-06-24T16:05:35.735913+00:00
20260208_0212_HARP14357_NOAA14367,2026_HARP14357_20260208_0036_20260208_2300,2026-02-08 02:12:00,14357,14367,0,saved,"(512, 512, 6)",gs://suryabench-sharp-pipeline-bamidele/jsoc_2025_2026_production_v1/samples_npz/2026/20260208_0212_HARP14357_NOAA14367.npz,success,2026-06-24T16:05:42.442873+00:00
20260208_0348_HARP14357_NOAA14367,2026_HARP14357_20260208_0036_20260208_2300,2026-02-08 03:48:00,14357,14367,0,saved,"(512, 512, 6)",gs://suryabench-sharp-pipeline-bamidele/jsoc_2025_2026_production_v1/samples_npz/2026/20260208_0348_HARP14357_NOAA14367.npz,success,2026-06-24T16:05:49.190164+00:00
20260208_0524_HARP14357_NOAA14367,2026_HARP14357_20260208_0036_20260208_2300,2026-02-08 05:24:00,14357,14367,0,saved,"(512, 512, 6)",gs://suryabench-sharp-pipeline-bamidele/jsoc_2025_2026_production_v1/samples_npz/2026/20260208_0524_HARP14357_NOAA14367.npz,success,2026-06-24T16:05:55.955031+00:00
20260208_0700_HARP14357_NOAA14367,2026_HARP14357_20260208_0036_20260208_2300,2026-02-08 07:00:00,14357,14367,0,saved,"(512, 512, 6)",gs://suryabench-sharp-pipeline-bamidele/jsoc_2025_2026_production_v1/samples_npz/2026/20260208_0700_HARP14357_NOAA14367.npz,success,2026-06-24T16:06:02.767702+00:00
20260208_0836_HARP14357_NOAA14367,2026_HARP14357_20260208_0036_20260208_2300,2026-02-08 08:36:00,14357,14367,0,saved,"(512, 512, 6)",gs://suryabench-sharp-pipeline-bamidele/jsoc_2025_2026_production_v1/samples_npz/2026/20260208_0836_HARP14357_NOAA14367.npz,success,2026-06-24T16:06:09.399862+00:00
20260208_1012_HARP14357_NOAA14367,2026_HARP14357_20260208_0036_20260208_2300,2026-02-08 10:12:00,14357,14367,0,saved,"(512, 512, 6)",gs://suryabench-sharp-pipeline-bamidele/jsoc_2025_2026_production_v1/samples_npz/2026/20260208_1012_HARP14357_NOAA14367.npz,success,2026-06-24T16:06:16.145959+00:00
20260208_1148_HARP14357_NOAA14367,2026_HARP14357_20260208_0036_20260208_2300,2026-02-08 11:48:00,14357,14367,0,saved,"(512, 512, 6)",gs://suryabench-sharp-pipeline-bamidele/jsoc_2025_2026_production_v1/samples_npz/2026/20260208_1148_HARP14357_NOAA14367.npz,success,2026-06-24T16:06:22.746319+00:00
20260208_1324_HARP14357_NOAA14367,2026_HARP14357_20260208_0036_20260208_2300,2026-02-08 13:24:00,14357,14367,0,saved,"(512, 512, 6)",gs://suryabench-sharp-pipeline-bamidele/jsoc_2025_2026_production_v1/samples_npz/2026/20260208_1324_HARP14357_NOAA14367.npz,success,2026-06-24T16:06:29.343000+00:00
20260208_1500_HARP14357_NOAA14367,2026_HARP14357_20260208_0036_20260208_2300,2026-02-08 15:00:00,14357,14367,0,saved,"(512, 512, 6)",gs://suryabench-sharp-pipeline-bamidele/jsoc_2025_2026_production_v1/samples_npz/2026/20260208_1500_HARP14357_NOAA14367.npz,success,2026-06-24T16:06:35.906303+00:00
20260208_1636_HARP14357_NOAA14367,2026_HARP14357_20260208_0036_20260208_2300,2026-02-08 16:36:00,14357,14367,0,saved,"(512, 512, 6)",gs://suryabench-sharp-pipeline-bamidele/jsoc_2025_2026_production_v1/samples_npz/2026/20260208_1636_HARP14357_NOAA14367.npz,success,2026-06-24T16:06:43.045966+00:00
20260208_1812_HARP14357_NOAA14367,2026_HARP14357_20260208_0036_20260208_2300,2026-02-08 18:12:00,14357,14367,0,saved,"(512, 512, 6)",gs://suryabench-sharp-pipeline-bamidele/jsoc_2025_2026_production_v1/samples_npz/2026/20260208_1812_HARP14357_NOAA14367.npz,success,2026-06-24T16:06:49.781719+00:00
20260208_1948_HARP14357_NOAA14367,2026_HARP14357_20260208_0036_20260208_2300,2026-02-08 19:48:00,14357,14367,0,saved,"(512, 512, 6)",gs://suryabench-sharp-pipeline-bamidele/jsoc_2025_2026_production_v1/samples_npz/2026/20260208_1948_HARP14357_NOAA14367.npz,success,2026-06-24T16:06:56.607031+00:00
20260208_2124_HARP14357_NOAA14367,2026_HARP14357_20260208_0036_20260208_2300,2026-02-08 21:24:00,14357,14367,0,saved,"(512, 512, 6)",gs://suryabench-sharp-pipeline-bamidele/jsoc_2025_2026_production_v1/samples_npz/2026/20260208_2124_HARP14357_NOAA14367.npz,success,2026-06-24T16:07:03.371144+00:00
20260208_2300_HARP14357_NOAA14367,2026_HARP14357_20260208_0036_20260208_2300,2026-02-08 23:00:00,14357,14367,0,saved,"(512, 512, 6)",gs://suryabench-sharp-pipeline-bamidele/jsoc_2025_2026_production_v1/samples_npz/2026/20260208_2300_HARP14357_NOAA14367.npz,success,2026-06-24T16:07:11.130843+00:00
20260208_1936_HARP14358_NOAA14368,2026_HARP14358_20260208_1936_20260209_1312,2026-02-08 19:36:00,14358,14368,0,saved,"(512, 512, 6)",gs://suryabench-sharp-pipeline-bamidele/jsoc_2025_2026_production_v1/samples_npz/2026/20260208_1936_HARP14358_NOAA14368.npz,success,2026-06-24T16:17:51.553868+00:00
20260208_2112_HARP14358_NOAA14368,2026_HARP14358_20260208_1936_20260209_1312,2026-02-08 21:12:00,14358,14368,0,saved,"(512, 512, 6)",gs://suryabench-sharp-pipeline-bamidele/jsoc_2025_2026_production_v1/samples_npz/2026/20260208_2112_HARP14358_NOAA14368.npz,success,2026-06-24T16:17:58.378710+00:00
20260208_2248_HARP14358_NOAA14368,2026_HARP14358_20260208_1936_20260209_1312,2026-02-08 22:48:00,14358,14368,0,saved,"(512, 512, 6)",gs://suryabench-sharp-pipeline-bamidele/jsoc_2025_2026_production_v1/samples_npz/2026/20260208_2248_HARP14358_NOAA14368.npz,success,2026-06-24T16:18:05.149504+00:00
20260209_0024_HARP14358_NOAA14368,2026_HARP14358_20260208_1936_20260209_1312,2026-02-09 00:24:00,14358,14368,0,saved,"(512, 512, 6)",gs://suryabench-sharp-pipeline-bamidele/jsoc_2025_2026_production_v1/samples_npz/2026/20260209_0024_HARP14358_NOAA14368.npz,success,2026-06-24T16:18:11.861832+00:00
20260209_0200_HARP14358_NOAA14368,2026_HARP14358_20260208_1936_20260209_1312,2026-02-09 02:00:00,14358,14368,0,saved,"(512, 512, 6)",gs://suryabench-sharp-pipeline-bamidele/jsoc_2025_2026_production_v1/samples_npz/2026/20260209_0200_HARP14358_NOAA14368.npz,success,2026-06-24T16:18:18.968177+00:00
20260209_0336_HARP14358_NOAA14368,2026_HARP14358_20260208_1936_20260209_1312,2026-02-09 03:36:00,14358,14368,0,saved,"(512, 512, 6)",gs://suryabench-sharp-pipeline-bamidele/jsoc_2025_2026_production_v1/samples_npz/2026/20260209_0336_HARP14358_NOAA14368.npz,success,2026-06-24T16:18:25.889438+00:00
20260209_0512_HARP14358_NOAA14368,2026_HARP14358_20260208_1936_20260209_1312,2026-02-09 05:12:00,14358,14368,0,saved,"(512, 512, 6)",gs://suryabench-sharp-pipeline-bamidele/jsoc_2025_2026_production_v1/samples_npz/2026/20260209_0512_HARP14358_NOAA14368.npz,success,2026-06-24T16:18:32.683151+00:00
20260209_0648_HARP14358_NOAA14368,2026_HARP14358_20260208_1936_20260209_1312,2026-02-09 06:48:00,14358,14368,0,saved,"(512, 512, 6)",gs://suryabench-sharp-pipeline-bamidele/jsoc_2025_2026_production_v1/samples_npz/2026/20260209_0648_HARP14358_NOAA14368.npz,success,2026-06-24T16:18:39.339793+00:00
20260209_0824_HARP14358_NOAA14368,2026_HARP14358_20260208_1936_20260209_1312,2026-02-09 08:24:00,14358,14368,0,saved,"(512, 512, 6)",gs://suryabench-sharp-pipeline-bamidele/jsoc_2025_2026_production_v1/samples_npz/2026/20260209_0824_HARP14358_NOAA14368.npz,success,2026-06-24T16:18:45.994045+00:00
20260209_1000_HARP14358_NOAA14368,2026_HARP14358_20260208_1936_20260209_1312,2026-02-09 10:00:00,14358,14368,0,saved,"(512, 512, 6)",gs://suryabench-sharp-pipeline-bamidele/jsoc_2025_2026_production_v1/samples_npz/2026/20260209_1000_HARP14358_NOAA14368.npz,success,2026-06-24T16:18:52.704219+00:00
20260209_1136_HARP14358_NOAA14368,2026_HARP14358_20260208_1936_20260209_1312,2026-02-09 11:36:00,14358,14368,0,saved,"(512, 512, 6)",gs://suryabench-sharp-pipeline-bamidele/jsoc_2025_2026_production_v1/samples_npz/2026/20260209_1136_HARP14358_NOAA14368.npz,success,2026-06-24T16:18:59.428468+00:00
20260209_1312_HARP14358_NOAA14368,2026_HARP14358_20260208_1936_20260209_1312,2026-02-09 13:12:00,14358,14368,0,saved,"(512, 512, 6)",gs://suryabench-sharp-pipeline-bamidele/jsoc_2025_2026_production_v1/samples_npz/2026/20260209_1312_HARP14358_NOAA14368.npz,success,2026-06-24T16:19:05.956511+00:00
20260208_2312_HARP14361_NOAA14370,2026_HARP14361_20260208_2312_20260209_2136,2026-02-08 23:12:00,14361,14370,0,saved,"(512, 512, 6)",gs://suryabench-sharp-pipeline-bamidele/jsoc_2025_2026_production_v1/samples_npz/2026/20260208_2312_HARP14361_NOAA14370.npz,success,2026-06-24T16:31:02.619149+00:00
20260209_0048_HARP14361_NOAA14370,2026_HARP14361_20260208_2312_20260209_2136,2026-02-09 00:48:00,14361,14370,0,saved,"(512, 512, 6)",gs://suryabench-sharp-pipeline-bamidele/jsoc_2025_2026_production_v1/samples_npz/2026/20260209_0048_HARP14361_NOAA14370.npz,success,2026-06-24T16:31:09.110256+00:00
20260209_0224_HARP14361_NOAA14370,2026_HARP14361_20260208_2312_20260209_2136,2026-02-09 02:24:00,14361,14370,0,saved,"(512, 512, 6)",gs://suryabench-sharp-pipeline-bamidele/jsoc_2025_2026_production_v1/samples_npz/2026/20260209_0224_HARP14361_NOAA14370.npz,success,2026-06-24T16:31:15.570448+00:00
20260209_0400_HARP14361_NOAA14370,2026_HARP14361_20260208_2312_20260209_2136,2026-02-09 04:00:00,14361,14370,0,saved,"(512, 512, 6)",gs://suryabench-sharp-pipeline-bamidele/jsoc_2025_2026_production_v1/samples_npz/2026/20260209_0400_HARP14361_NOAA14370.npz,success,2026-06-24T16:31:22.169675+00:00
20260209_0536_HARP14361_NOAA14370,2026_HARP14361_20260208_2312_20260209_2136,2026-02-09 05:36:00,14361,14370,0,saved,"(512, 512, 6)",gs://suryabench-sharp-pipeline-bamidele/jsoc_2025_2026_production_v1/samples_npz/2026/20260209_0536_HARP14361_NOAA14370.npz,success,2026-06-24T16:31:28.858386+00:00
20260209_0712_HARP14361_NOAA14370,2026_HARP14361_20260208_2312_20260209_2136,2026-02-09 07:12:00,14361,14370,0,saved,"(512, 512, 6)",gs://suryabench-sharp-pipeline-bamidele/jsoc_2025_2026_production_v1/samples_npz/2026/20260209_0712_HARP14361_NOAA14370.npz,success,2026-06-24T16:31:35.475125+00:00
20260209_0848_HARP14361_NOAA14370,2026_HARP14361_20260208_2312_20260209_2136,2026-02-09 08:48:00,14361,14370,0,saved,"(512, 512, 6)",gs://suryabench-sharp-pipeline-bamidele/jsoc_2025_2026_production_v1/samples_npz/2026/20260209_0848_HARP14361_NOAA14370.npz,success,2026-06-24T16:31:42.079104+00:00
20260209_1024_HARP14361_NOAA14370,2026_HARP14361_20260208_2312_20260209_2136,2026-02-09 10:24:00,14361,14370,0,saved,"(512, 512, 6)",gs://suryabench-sharp-pipeline-bamidele/jsoc_2025_2026_production_v1/samples_npz/2026/20260209_1024_HARP14361_NOAA14370.npz,success,2026-06-24T16:31:48.719333+00:00
20260209_1200_HARP14361_NOAA14370,2026_HARP14361_20260208_2312_20260209_2136,2026-02-09 12:00:00,14361,14370,0,saved,"(512, 512, 6)",gs://suryabench-sharp-pipeline-bamidele/jsoc_2025_2026_production_v1/samples_npz/2026/20260209_1200_HARP14361_NOAA14370.npz,success,2026-06-24T16:31:55.372244+00:00
20260209_1336_HARP14361_NOAA14370,2026_HARP14361_20260208_2312_20260209_2136,2026-02-09 13:36:00,14361,14370,0,saved,"(512, 512, 6)",gs://suryabench-sharp-pipeline-bamidele/jsoc_2025_2026_production_v1/samples_npz/2026/20260209_1336_HARP14361_NOAA14370.npz,success,2026-06-24T16:32:02.090705+00:00
20260209_1512_HARP14361_NOAA14370,2026_HARP14361_20260208_2312_20260209_2136,2026-02-09 15:12:00,14361,14370,0,saved,"(512, 512, 6)",gs://suryabench-sharp-pipeline-bamidele/jsoc_2025_2026_production_v1/samples_npz/2026/20260209_1512_HARP14361_NOAA14370.npz,success,2026-06-24T16:32:08.752472+00:00
20260209_1648_HARP14361_NOAA14370,2026_HARP14361_20260208_2312_20260209_2136,2026-02-09 16:48:00,14361,14370,0,saved,"(512, 512, 6)",gs://suryabench-sharp-pipeline-bamidele/jsoc_2025_2026_production_v1/samples_npz/2026/20260209_1648_HARP14361_NOAA14370.npz,success,2026-06-24T16:32:15.361495+00:00
20260209_1824_HARP14361_NOAA14370,2026_HARP14361_20260208_2312_20260209_2136,2026-02-09 18:24:00,14361,14370,0,saved,"(512, 512, 6)",gs://suryabench-sharp-pipeline-bamidele/jsoc_2025_2026_production_v1/samples_npz/2026/20260209_1824_HARP14361_NOAA14370.npz,success,2026-06-24T16:32:21.856732+00:00
20260209_2000_HARP14361_NOAA14370,2026_HARP14361_20260208_2312_20260209_2136,2026-02-09 20:00:00,14361,14370,0,saved,"(512, 512, 6)",gs://suryabench-sharp-pipeline-bamidele/jsoc_2025_2026_production_v1/samples_npz/2026/20260209_2000_HARP14361_NOAA14370.npz,success,2026-06-24T16:32:28.375884+00:00
20260209_2136_HARP14361_NOAA14370,2026_HARP14361_20260208_2312_20260209_2136,2026-02-09 21:36:00,14361,14370,0,saved,"(512, 512, 6)",gs://suryabench-sharp-pipeline-bamidele/jsoc_2025_2026_production_v1/samples_npz/2026/20260209_2136_HARP14361_NOAA14370.npz,success,2026-06-24T16:32:34.898988+00:00
20260209_0036_HARP14357_NOAA14367,2026_HARP14357_20260209_0036_20260209_0836,2026-02-09 00:36:00,14357,14367,0,saved,"(512, 512, 6)",gs://suryabench-sharp-pipeline-bamidele/jsoc_2025_2026_production_v1/samples_npz/2026/20260209_0036_HARP14357_NOAA14367.npz,success,2026-06-24T16:41:36.687381+00:00
20260209_0212_HARP14357_NOAA14367,2026_HARP14357_20260209_0036_20260209_0836,2026-02-09 02:12:00,14357,14367,0,saved,"(512, 512, 6)",gs://suryabench-sharp-pipeline-bamidele/jsoc_2025_2026_production_v1/samples_npz/2026/20260209_0212_HARP14357_NOAA14367.npz,success,2026-06-24T16:41:43.113369+00:00
20260209_0348_HARP14357_NOAA14367,2026_HARP14357_20260209_0036_20260209_0836,2026-02-09 03:48:00,14357,14367,0,saved,"(512, 512, 6)",gs://suryabench-sharp-pipeline-bamidele/jsoc_2025_2026_production_v1/samples_npz/2026/20260209_0348_HARP14357_NOAA14367.npz,success,2026-06-24T16:41:49.554859+00:00
20260209_0524_HARP14357_NOAA14367,2026_HARP14357_20260209_0036_20260209_0836,2026-02-09 05:24:00,14357,14367,0,saved,"(512, 512, 6)",gs://suryabench-sharp-pipeline-bamidele/jsoc_2025_2026_production_v1/samples_npz/2026/20260209_0524_HARP14357_NOAA14367.npz,success,2026-06-24T16:41:55.980809+00:00
20260209_0700_HARP14357_NOAA14367,2026_HARP14357_20260209_0036_20260209_0836,2026-02-09 07:00:00,14357,14367,0,saved,"(512, 512, 6)",gs://suryabench-sharp-pipeline-bamidele/jsoc_2025_2026_production_v1/samples_npz/2026/20260209_0700_HARP14357_NOAA14367.npz,success,2026-06-24T16:42:02.441401+00:00
20260209_0836_HARP14357_NOAA14367,2026_HARP14357_20260209_0036_20260209_0836,2026-02-09 08:36:00,14357,14367,0,saved,"(512, 512, 6)",gs://suryabench-sharp-pipeline-bamidele/jsoc_2025_2026_production_v1/samples_npz/2026/20260209_0836_HARP14357_NOAA14367.npz,success,2026-06-24T16:42:08.896091+00:00
20260209_2312_HARP14361_NOAA14370,2026_HARP14361_20260209_2312_20260210_1512,2026-02-09 23:12:00,14361,14370,0,saved,"(512, 512, 6)",gs://suryabench-sharp-pipeline-bamidele/jsoc_2025_2026_production_v1/samples_npz/2026/20260209_2312_HARP14361_NOAA14370.npz,success,2026-06-24T16:57:37.971395+00:00
20260210_0048_HARP14361_NOAA14370,2026_HARP14361_20260209_2312_20260210_1512,2026-02-10 00:48:00,14361,14370,0,saved,"(512, 512, 6)",gs://suryabench-sharp-pipeline-bamidele/jsoc_2025_2026_production_v1/samples_npz/2026/20260210_0048_HARP14361_NOAA14370.npz,success,2026-06-24T16:57:44.267695+00:00
20260210_0224_HARP14361_NOAA14370,2026_HARP14361_20260209_2312_20260210_1512,2026-02-10 02:24:00,14361,14370,0,saved,"(512, 512, 6)",gs://suryabench-sharp-pipeline-bamidele/jsoc_2025_2026_production_v1/samples_npz/2026/20260210_0224_HARP14361_NOAA14370.npz,success,2026-06-24T16:57:50.570872+00:00
20260210_0400_HARP14361_NOAA14370,2026_HARP14361_20260209_2312_20260210_1512,2026-02-10 04:00:00,14361,14370,0,saved,"(512, 512, 6)",gs://suryabench-sharp-pipeline-bamidele/jsoc_2025_2026_production_v1/samples_npz/2026/20260210_0400_HARP14361_NOAA14370.npz,success,2026-06-24T16:57:56.867214+00:00
20260210_0536_HARP14361_NOAA14370,2026_HARP14361_20260209_2312_20260210_1512,2026-02-10 05:36:00,14361,14370,0,saved,"(512, 512, 6)",gs://suryabench-sharp-pipeline-bamidele/jsoc_2025_2026_production_v1/samples_npz/2026/20260210_0536_HARP14361_NOAA14370.npz,success,2026-06-24T16:58:03.174230+00:00
20260210_0712_HARP14361_NOAA14370,2026_HARP14361_20260209_2312_20260210_1512,2026-02-10 07:12:00,14361,14370,0,saved,"(512, 512, 6)",gs://suryabench-sharp-pipeline-bamidele/jsoc_2025_2026_production_v1/samples_npz/2026/20260210_0712_HARP14361_NOAA14370.npz,success,2026-06-24T16:58:09.502248+00:00
20260210_0848_HARP14361_NOAA14370,2026_HARP14361_20260209_2312_20260210_1512,2026-02-10 08:48:00,14361,14370,0,saved,"(512, 512, 6)",gs://suryabench-sharp-pipeline-bamidele/jsoc_2025_2026_production_v1/samples_npz/2026/20260210_0848_HARP14361_NOAA14370.npz,success,2026-06-24T16:58:15.818390+00:00
20260210_1024_HARP14361_NOAA14370,2026_HARP14361_20260209_2312_20260210_1512,2026-02-10 10:24:00,14361,14370,0,saved,"(512, 512, 6)",gs://suryabench-sharp-pipeline-bamidele/jsoc_2025_2026_production_v1/samples_npz/2026/20260210_1024_HARP14361_NOAA14370.npz,success,2026-06-24T16:58:22.129734+00:00
20260210_1200_HARP14361_NOAA14370,2026_HARP14361_20260209_2312_20260210_1512,2026-02-10 12:00:00,14361,14370,0,saved,"(512, 512, 6)",gs://suryabench-sharp-pipeline-bamidele/jsoc_2025_2026_production_v1/samples_npz/2026/20260210_1200_HARP14361_NOAA14370.npz,success,2026-06-24T16:58:28.386184+00:00
20260210_1336_HARP14361_NOAA14370,2026_HARP14361_20260209_2312_20260210_1512,2026-02-10 13:36:00,14361,14370,0,saved,"(512, 512, 6)",gs://suryabench-sharp-pipeline-bamidele/jsoc_2025_2026_production_v1/samples_npz/2026/20260210_1336_HARP14361_NOAA14370.npz,success,2026-06-24T16:58:34.636410+00:00
20260210_1512_HARP14361_NOAA14370,2026_HARP14361_20260209_2312_20260210_1512,2026-02-10 15:12:00,14361,14370,0,saved,"(512, 512, 6)",gs://suryabench-sharp-pipeline-bamidele/jsoc_2025_2026_production_v1/samples_npz/2026/20260210_1512_HARP14361_NOAA14370.npz,success,2026-06-24T16:58:40.883642+00:00
20260210_0048_HARP14371_NOAA14373,2026_HARP14371_20260210_0048_20260210_1648,2026-02-10 00:48:00,14371,14373,0,saved,"(512, 512, 6)",gs://suryabench-sharp-pipeline-bamidele/jsoc_2025_2026_production_v1/samples_npz/2026/20260210_0048_HARP14371_NOAA14373.npz,success,2026-06-24T17:08:43.535010+00:00
20260210_0224_HARP14371_NOAA14373,2026_HARP14371_20260210_0048_20260210_1648,2026-02-10 02:24:00,14371,14373,0,saved,"(512, 512, 6)",gs://suryabench-sharp-pipeline-bamidele/jsoc_2025_2026_production_v1/samples_npz/2026/20260210_0224_HARP14371_NOAA14373.npz,success,2026-06-24T17:08:49.982994+00:00
20260210_0400_HARP14371_NOAA14373,2026_HARP14371_20260210_0048_20260210_1648,2026-02-10 04:00:00,14371,14373,0,saved,"(512, 512, 6)",gs://suryabench-sharp-pipeline-bamidele/jsoc_2025_2026_production_v1/samples_npz/2026/20260210_0400_HARP14371_NOAA14373.npz,success,2026-06-24T17:08:56.357641+00:00
20260210_0536_HARP14371_NOAA14373,2026_HARP14371_20260210_0048_20260210_1648,2026-02-10 05:36:00,14371,14373,0,saved,"(512, 512, 6)",gs://suryabench-sharp-pipeline-bamidele/jsoc_2025_2026_production_v1/samples_npz/2026/20260210_0536_HARP14371_NOAA14373.npz,success,2026-06-24T17:09:02.992340+00:00
20260210_0712_HARP14371_NOAA14373,2026_HARP14371_20260210_0048_20260210_1648,2026-02-10 07:12:00,14371,14373,0,saved,"(512, 512, 6)",gs://suryabench-sharp-pipeline-bamidele/jsoc_2025_2026_production_v1/samples_npz/2026/20260210_0712_HARP14371_NOAA14373.npz,success,2026-06-24T17:09:09.891875+00:00
20260210_0848_HARP14371_NOAA14373,2026_HARP14371_20260210_0048_20260210_1648,2026-02-10 08:48:00,14371,14373,0,saved,"(512, 512, 6)",gs://suryabench-sharp-pipeline-bamidele/jsoc_2025_2026_production_v1/samples_npz/2026/20260210_0848_HARP14371_NOAA14373.npz,success,2026-06-24T17:09:16.635653+00:00
20260210_1024_HARP14371_NOAA14373,2026_HARP14371_20260210_0048_20260210_1648,2026-02-10 10:24:00,14371,14373,0,saved,"(512, 512, 6)",gs://suryabench-sharp-pipeline-bamidele/jsoc_2025_2026_production_v1/samples_npz/2026/20260210_1024_HARP14371_NOAA14373.npz,success,2026-06-24T17:09:23.222132+00:00
20260210_1200_HARP14371_NOAA14373,2026_HARP14371_20260210_0048_20260210_1648,2026-02-10 12:00:00,14371,14373,0,saved,"(512, 512, 6)",gs://suryabench-sharp-pipeline-bamidele/jsoc_2025_2026_production_v1/samples_npz/2026/20260210_1200_HARP14371_NOAA14373.npz,success,2026-06-24T17:09:29.747819+00:00
20260210_1336_HARP14371_NOAA14373,2026_HARP14371_20260210_0048_20260210_1648,2026-02-10 13:36:00,14371,14373,0,saved,"(512, 512, 6)",gs://suryabench-sharp-pipeline-bamidele/jsoc_2025_2026_production_v1/samples_npz/2026/20260210_1336_HARP14371_NOAA14373.npz,success,2026-06-24T17:09:36.088487+00:00
20260210_1512_HARP14371_NOAA14373,2026_HARP14371_20260210_0048_20260210_1648,2026-02-10 15:12:00,14371,14373,0,saved,"(512, 512, 6)",gs://suryabench-sharp-pipeline-bamidele/jsoc_2025_2026_production_v1/samples_npz/2026/20260210_1512_HARP14371_NOAA14373.npz,success,2026-06-24T17:09:42.361913+00:00
20260210_1648_HARP14371_NOAA14373,2026_HARP14371_20260210_0048_20260210_1648,2026-02-10 16:48:00,14371,14373,0,saved,"(512, 512, 6)",gs://suryabench-sharp-pipeline-bamidele/jsoc_2025_2026_production_v1/samples_npz/2026/20260210_1648_HARP14371_NOAA14373.npz,success,2026-06-24T17:09:48.657600+00:00
20260210_2000_HARP14371_NOAA14373,2026_HARP14371_20260210_2000_20260211_0848,2026-02-10 20:00:00,14371,14373,0,saved,"(512, 512, 6)",gs://suryabench-sharp-pipeline-bamidele/jsoc_2025_2026_production_v1/samples_npz/2026/20260210_2000_HARP14371_NOAA14373.npz,success,2026-06-24T17:19:43.532681+00:00
20260210_2136_HARP14371_NOAA14373,2026_HARP14371_20260210_2000_20260211_0848,2026-02-10 21:36:00,14371,14373,0,saved,"(512, 512, 6)",gs://suryabench-sharp-pipeline-bamidele/jsoc_2025_2026_production_v1/samples_npz/2026/20260210_2136_HARP14371_NOAA14373.npz,success,2026-06-24T17:19:49.781950+00:00
20260210_2312_HARP14371_NOAA14373,2026_HARP14371_20260210_2000_20260211_0848,2026-02-10 23:12:00,14371,14373,0,saved,"(512, 512, 6)",gs://suryabench-sharp-pipeline-bamidele/jsoc_2025_2026_production_v1/samples_npz/2026/20260210_2312_HARP14371_NOAA14373.npz,success,2026-06-24T17:19:56.074724+00:00
20260211_0048_HARP14371_NOAA14373,2026_HARP14371_20260210_2000_20260211_0848,2026-02-11 00:48:00,14371,14373,0,saved,"(512, 512, 6)",gs://suryabench-sharp-pipeline-bamidele/jsoc_2025_2026_production_v1/samples_npz/2026/20260211_0048_HARP14371_NOAA14373.npz,success,2026-06-24T17:20:02.408885+00:00
20260211_0224_HARP14371_NOAA14373,2026_HARP14371_20260210_2000_20260211_0848,2026-02-11 02:24:00,14371,14373,0,saved,"(512, 512, 6)",gs://suryabench-sharp-pipeline-bamidele/jsoc_2025_2026_production_v1/samples_npz/2026/20260211_0224_HARP14371_NOAA14373.npz,success,2026-06-24T17:20:08.690558+00:00
20260211_0400_HARP14371_NOAA14373,2026_HARP14371_20260210_2000_20260211_0848,2026-02-11 04:00:00,14371,14373,0,saved,"(512, 512, 6)",gs://suryabench-sharp-pipeline-bamidele/jsoc_2025_2026_production_v1/samples_npz/2026/20260211_0400_HARP14371_NOAA14373.npz,success,2026-06-24T17:20:14.994903+00:00
20260211_0536_HARP14371_NOAA14373,2026_HARP14371_20260210_2000_20260211_0848,2026-02-11 05:36:00,14371,14373,0,saved,"(512, 512, 6)",gs://suryabench-sharp-pipeline-bamidele/jsoc_2025_2026_production_v1/samples_npz/2026/20260211_0536_HARP14371_NOAA14373.npz,success,2026-06-24T17:20:21.398697+00:00
20260211_0712_HARP14371_NOAA14373,2026_HARP14371_20260210_2000_20260211_0848,2026-02-11 07:12:00,14371,14373,0,saved,"(512, 512, 6)",gs://suryabench-sharp-pipeline-bamidele/jsoc_2025_2026_production_v1/samples_npz/2026/20260211_0712_HARP14371_NOAA14373.npz,success,2026-06-24T17:20:27.900996+00:00
20260211_0848_HARP14371_NOAA14373,2026_HARP14371_20260210_2000_20260211_0848,2026-02-11 08:48:00,14371,14373,1,saved,"(512, 512, 6)",gs://suryabench-sharp-pipeline-bamidele/jsoc_2025_2026_production_v1/samples_npz/2026/20260211_0848_HARP14371_NOAA14373.npz,success,2026-06-24T17:20:36.624218+00:00
20260211_1200_HARP14371_NOAA14373,2026_HARP14371_20260211_1200_20260211_1648,2026-02-11 12:00:00,14371,14373,1,saved,"(512, 512, 6)",gs://suryabench-sharp-pipeline-bamidele/jsoc_2025_2026_production_v1/samples_npz/2026/20260211_1200_HARP14371_NOAA14373.npz,success,2026-06-24T17:29:14.876685+00:00
20260211_1336_HARP14371_NOAA14373,2026_HARP14371_20260211_1200_20260211_1648,2026-02-11 13:36:00,14371,14373,1,saved,"(512, 512, 6)",gs://suryabench-sharp-pipeline-bamidele/jsoc_2025_2026_production_v1/samples_npz/2026/20260211_1336_HARP14371_NOAA14373.npz,success,2026-06-24T17:29:21.479906+00:00
20260211_1512_HARP14371_NOAA14373,2026_HARP14371_20260211_1200_20260211_1648,2026-02-11 15:12:00,14371,14373,1,saved,"(512, 512, 6)",gs://suryabench-sharp-pipeline-bamidele/jsoc_2025_2026_production_v1/samples_npz/2026/20260211_1512_HARP14371_NOAA14373.npz,success,2026-06-24T17:29:28.076762+00:00
20260211_1648_HARP14371_NOAA14373,2026_HARP14371_20260211_1200_20260211_1648,2026-02-11 16:48:00,14371,14373,1,saved,"(512, 512, 6)",gs://suryabench-sharp-pipeline-bamidele/jsoc_2025_2026_production_v1/samples_npz/2026/20260211_1648_HARP14371_NOAA14373.npz,success,2026-06-24T17:29:34.717608+00:00
20260211_2024_HARP14371_NOAA14373,2026_HARP14371_20260211_2024_20260212_0424,2026-02-11 20:24:00,14371,14373,1,saved,"(512, 512, 6)",gs://suryabench-sharp-pipeline-bamidele/jsoc_2025_2026_production_v1/samples_npz/2026/20260211_2024_HARP14371_NOAA14373.npz,success,2026-06-24T17:38:09.769937+00:00
20260211_2200_HARP14371_NOAA14373,2026_HARP14371_20260211_2024_20260212_0424,2026-02-11 22:00:00,14371,14373,1,saved,"(512, 512, 6)",gs://suryabench-sharp-pipeline-bamidele/jsoc_2025_2026_production_v1/samples_npz/2026/20260211_2200_HARP14371_NOAA14373.npz,success,2026-06-24T17:38:16.227462+00:00
20260211_2336_HARP14371_NOAA14373,2026_HARP14371_20260211_2024_20260212_0424,2026-02-11 23:36:00,14371,14373,1,saved,"(512, 512, 6)",gs://suryabench-sharp-pipeline-bamidele/jsoc_2025_2026_production_v1/samples_npz/2026/20260211_2336_HARP14371_NOAA14373.npz,success,2026-06-24T17:38:22.759175+00:00
20260212_0112_HARP14371_NOAA14373,2026_HARP14371_20260211_2024_20260212_0424,2026-02-12 01:12:00,14371,14373,1,saved,"(512, 512, 6)",gs://suryabench-sharp-pipeline-bamidele/jsoc_2025_2026_production_v1/samples_npz/2026/20260212_0112_HARP14371_NOAA14373.npz,success,2026-06-24T17:38:29.212242+00:00
20260212_0248_HARP14371_NOAA14373,2026_HARP14371_20260211_2024_20260212_0424,2026-02-12 02:48:00,14371,14373,1,saved,"(512, 512, 6)",gs://suryabench-sharp-pipeline-bamidele/jsoc_2025_2026_production_v1/samples_npz/2026/20260212_0248_HARP14371_NOAA14373.npz,success,2026-06-24T17:38:35.714842+00:00
20260212_0424_HARP14371_NOAA14373,2026_HARP14371_20260211_2024_20260212_0424,2026-02-12 04:24:00,14371,14373,1,saved,"(512, 512, 6)",gs://suryabench-sharp-pipeline-bamidele/jsoc_2025_2026_production_v1/samples_npz/2026/20260212_0424_HARP14371_NOAA14373.npz,success,2026-06-24T17:38:42.806446+00:00
20260212_0736_HARP14371_NOAA14373,2026_HARP14371_20260212_0736_20260213_0424,2026-02-12 07:36:00,14371,14373,1,saved,"(512, 512, 6)",gs://suryabench-sharp-pipeline-bamidele/jsoc_2025_2026_production_v1/samples_npz/2026/20260212_0736_HARP14371_NOAA14373.npz,success,2026-06-24T17:49:26.955258+00:00
20260212_0912_HARP14371_NOAA14373,2026_HARP14371_20260212_0736_20260213_0424,2026-02-12 09:12:00,14371,14373,1,saved,"(512, 512, 6)",gs://suryabench-sharp-pipeline-bamidele/jsoc_2025_2026_production_v1/samples_npz/2026/20260212_0912_HARP14371_NOAA14373.npz,success,2026-06-24T17:49:33.677311+00:00
20260212_1048_HARP14371_NOAA14373,2026_HARP14371_20260212_0736_20260213_0424,2026-02-12 10:48:00,14371,14373,1,saved,"(512, 512, 6)",gs://suryabench-sharp-pipeline-bamidele/jsoc_2025_2026_production_v1/samples_npz/2026/20260212_1048_HARP14371_NOAA14373.npz,success,2026-06-24T17:49:40.316353+00:00
20260212_1224_HARP14371_NOAA14373,2026_HARP14371_20260212_0736_20260213_0424,2026-02-12 12:24:00,14371,14373,1,saved,"(512, 512, 6)",gs://suryabench-sharp-pipeline-bamidele/jsoc_2025_2026_production_v1/samples_npz/2026/20260212_1224_HARP14371_NOAA14373.npz,success,2026-06-24T17:49:46.896005+00:00
20260212_1400_HARP14371_NOAA14373,2026_HARP14371_20260212_0736_20260213_0424,2026-02-12 14:00:00,14371,14373,1,saved,"(512, 512, 6)",gs://suryabench-sharp-pipeline-bamidele/jsoc_2025_2026_production_v1/samples_npz/2026/20260212_1400_HARP14371_NOAA14373.npz,success,2026-06-24T17:49:53.420654+00:00
20260212_1536_HARP14371_NOAA14373,2026_HARP14371_20260212_0736_20260213_0424,2026-02-12 15:36:00,14371,14373,1,saved,"(512, 512, 6)",gs://suryabench-sharp-pipeline-bamidele/jsoc_2025_2026_production_v1/samples_npz/2026/20260212_1536_HARP14371_NOAA14373.npz,success,2026-06-24T17:49:59.957152+00:00
20260212_1712_HARP14371_NOAA14373,2026_HARP14371_20260212_0736_20260213_0424,2026-02-12 17:12:00,14371,14373,1,saved,"(512, 512, 6)",gs://suryabench-sharp-pipeline-bamidele/jsoc_2025_2026_production_v1/samples_npz/2026/20260212_1712_HARP14371_NOAA14373.npz,success,2026-06-24T17:50:06.529901+00:00
20260212_1848_HARP14371_NOAA14373,2026_HARP14371_20260212_0736_20260213_0424,2026-02-12 18:48:00,14371,14373,1,saved,"(512, 512, 6)",gs://suryabench-sharp-pipeline-bamidele/jsoc_2025_2026_production_v1/samples_npz/2026/20260212_1848_HARP14371_NOAA14373.npz,success,2026-06-24T17:50:13.279391+00:00
20260212_2024_HARP14371_NOAA14373,2026_HARP14371_20260212_0736_20260213_0424,2026-02-12 20:24:00,14371,14373,1,saved,"(512, 512, 6)",gs://suryabench-sharp-pipeline-bamidele/jsoc_2025_2026_production_v1/samples_npz/2026/20260212_2024_HARP14371_NOAA14373.npz,success,2026-06-24T17:50:19.995882+00:00
20260212_2200_HARP14371_NOAA14373,2026_HARP14371_20260212_0736_20260213_0424,2026-02-12 22:00:00,14371,14373,1,saved,"(512, 512, 6)",gs://suryabench-sharp-pipeline-bamidele/jsoc_2025_2026_production_v1/samples_npz/2026/20260212_2200_HARP14371_NOAA14373.npz,success,2026-06-24T17:50:26.597694+00:00
20260212_2336_HARP14371_NOAA14373,2026_HARP14371_20260212_0736_20260213_0424,2026-02-12 23:36:00,14371,14373,1,saved,"(512, 512, 6)",gs://suryabench-sharp-pipeline-bamidele/jsoc_2025_2026_production_v1/samples_npz/2026/20260212_2336_HARP14371_NOAA14373.npz,success,2026-06-24T17:50:33.199065+00:00
20260213_0112_HARP14371_NOAA14373,2026_HARP14371_20260212_0736_20260213_0424,2026-02-13 01:12:00,14371,14373,1,saved,"(512, 512, 6)",gs://suryabench-sharp-pipeline-bamidele/jsoc_2025_2026_production_v1/samples_npz/2026/20260213_0112_HARP14371_NOAA14373.npz,success,2026-06-24T17:50:39.757923+00:00
20260213_0248_HARP14371_NOAA14373,2026_HARP14371_20260212_0736_20260213_0424,2026-02-13 02:48:00,14371,14373,1,saved,"(512, 512, 6)",gs://suryabench-sharp-pipeline-bamidele/jsoc_2025_2026_production_v1/samples_npz/2026/20260213_0248_HARP14371_NOAA14373.npz,success,2026-06-24T17:50:46.371056+00:00
20260213_0424_HARP14371_NOAA14373,2026_HARP14371_20260212_0736_20260213_0424,2026-02-13 04:24:00,14371,14373,1,saved,"(512, 512, 6)",gs://suryabench-sharp-pipeline-bamidele/jsoc_2025_2026_production_v1/samples_npz/2026/20260213_0424_HARP14371_NOAA14373.npz,success,2026-06-24T17:50:52.964025+00:00
20260213_0500_HARP14375_NOAA14374,2026_HARP14375_20260213_0500_20260214_0324,2026-02-13 05:00:00,14375,14374,0,saved,"(512, 512, 6)",gs://suryabench-sharp-pipeline-bamidele/jsoc_2025_2026_production_v1/samples_npz/2026/20260213_0500_HARP14375_NOAA14374.npz,success,2026-06-24T18:01:32.714235+00:00
20260213_0636_HARP14375_NOAA14374,2026_HARP14375_20260213_0500_20260214_0324,2026-02-13 06:36:00,14375,14374,0,saved,"(512, 512, 6)",gs://suryabench-sharp-pipeline-bamidele/jsoc_2025_2026_production_v1/samples_npz/2026/20260213_0636_HARP14375_NOAA14374.npz,success,2026-06-24T18:01:39.202928+00:00
20260213_0812_HARP14375_NOAA14374,2026_HARP14375_20260213_0500_20260214_0324,2026-02-13 08:12:00,14375,14374,0,saved,"(512, 512, 6)",gs://suryabench-sharp-pipeline-bamidele/jsoc_2025_2026_production_v1/samples_npz/2026/20260213_0812_HARP14375_NOAA14374.npz,success,2026-06-24T18:01:45.691006+00:00
20260213_0948_HARP14375_NOAA14374,2026_HARP14375_20260213_0500_20260214_0324,2026-02-13 09:48:00,14375,14374,0,saved,"(512, 512, 6)",gs://suryabench-sharp-pipeline-bamidele/jsoc_2025_2026_production_v1/samples_npz/2026/20260213_0948_HARP14375_NOAA14374.npz,success,2026-06-24T18:01:52.162119+00:00
20260213_1124_HARP14375_NOAA14374,2026_HARP14375_20260213_0500_20260214_0324,2026-02-13 11:24:00,14375,14374,0,saved,"(512, 512, 6)",gs://suryabench-sharp-pipeline-bamidele/jsoc_2025_2026_production_v1/samples_npz/2026/20260213_1124_HARP14375_NOAA14374.npz,success,2026-06-24T18:01:58.691028+00:00
20260213_1300_HARP14375_NOAA14374,2026_HARP14375_20260213_0500_20260214_0324,2026-02-13 13:00:00,14375,14374,0,saved,"(512, 512, 6)",gs://suryabench-sharp-pipeline-bamidele/jsoc_2025_2026_production_v1/samples_npz/2026/20260213_1300_HARP14375_NOAA14374.npz,success,2026-06-24T18:02:05.116703+00:00
20260213_1436_HARP14375_NOAA14374,2026_HARP14375_20260213_0500_20260214_0324,2026-02-13 14:36:00,14375,14374,0,saved,"(512, 512, 6)",gs://suryabench-sharp-pipeline-bamidele/jsoc_2025_2026_production_v1/samples_npz/2026/20260213_1436_HARP14375_NOAA14374.npz,success,2026-06-24T18:02:11.602839+00:00
20260213_1612_HARP14375_NOAA14374,2026_HARP14375_20260213_0500_20260214_0324,2026-02-13 16:12:00,14375,14374,0,saved,"(512, 512, 6)",gs://suryabench-sharp-pipeline-bamidele/jsoc_2025_2026_production_v1/samples_npz/2026/20260213_1612_HARP14375_NOAA14374.npz,success,2026-06-24T18:02:18.073901+00:00
20260213_1748_HARP14375_NOAA14374,2026_HARP14375_20260213_0500_20260214_0324,2026-02-13 17:48:00,14375,14374,0,saved,"(512, 512, 6)",gs://suryabench-sharp-pipeline-bamidele/jsoc_2025_2026_production_v1/samples_npz/2026/20260213_1748_HARP14375_NOAA14374.npz,success,2026-06-24T18:02:24.625826+00:00
20260213_1924_HARP14375_NOAA14374,2026_HARP14375_20260213_0500_20260214_0324,2026-02-13 19:24:00,14375,14374,0,saved,"(512, 512, 6)",gs://suryabench-sharp-pipeline-bamidele/jsoc_2025_2026_production_v1/samples_npz/2026/20260213_1924_HARP14375_NOAA14374.npz,success,2026-06-24T18:02:31.046466+00:00
20260213_2100_HARP14375_NOAA14374,2026_HARP14375_20260213_0500_20260214_0324,2026-02-13 21:00:00,14375,14374,0,saved,"(512, 512, 6)",gs://suryabench-sharp-pipeline-bamidele/jsoc_2025_2026_production_v1/samples_npz/2026/20260213_2100_HARP14375_NOAA14374.npz,success,2026-06-24T18:02:37.581095+00:00
20260213_2236_HARP14375_NOAA14374,2026_HARP14375_20260213_0500_20260214_0324,2026-02-13 22:36:00,14375,14374,0,saved,"(512, 512, 6)",gs://suryabench-sharp-pipeline-bamidele/jsoc_2025_2026_production_v1/samples_npz/2026/20260213_2236_HARP14375_NOAA14374.npz,success,2026-06-24T18:02:44.066961+00:00
20260214_0012_HARP14375_NOAA14374,2026_HARP14375_20260213_0500_20260214_0324,2026-02-14 00:12:00,14375,14374,0,saved,"(512, 512, 6)",gs://suryabench-sharp-pipeline-bamidele/jsoc_2025_2026_production_v1/samples_npz/2026/20260214_0012_HARP14375_NOAA14374.npz,success,2026-06-24T18:02:50.605759+00:00
20260214_0148_HARP14375_NOAA14374,2026_HARP14375_20260213_0500_20260214_0324,2026-02-14 01:48:00,14375,14374,0,saved,"(512, 512, 6)",gs://suryabench-sharp-pipeline-bamidele/jsoc_2025_2026_production_v1/samples_npz/2026/20260214_0148_HARP14375_NOAA14374.npz,success,2026-06-24T18:02:57.872784+00:00
20260214_0324_HARP14375_NOAA14374,2026_HARP14375_20260213_0500_20260214_0324,2026-02-14 03:24:00,14375,14374,0,saved,"(512, 512, 6)",gs://suryabench-sharp-pipeline-bamidele/jsoc_2025_2026_production_v1/samples_npz/2026/20260214_0324_HARP14375_NOAA14374.npz,success,2026-06-24T18:03:04.662675+00:00
20260213_0736_HARP14371_NOAA14373,2026_HARP14371_20260213_0736_20260214_0424,2026-02-13 07:36:00,14371,14373,1,saved,"(512, 512, 6)",gs://suryabench-sharp-pipeline-bamidele/jsoc_2025_2026_production_v1/samples_npz/2026/20260213_0736_HARP14371_NOAA14373.npz,success,2026-06-24T18:15:03.955566+00:00
20260213_0912_HARP14371_NOAA14373,2026_HARP14371_20260213_0736_20260214_0424,2026-02-13 09:12:00,14371,14373,0,saved,"(512, 512, 6)",gs://suryabench-sharp-pipeline-bamidele/jsoc_2025_2026_production_v1/samples_npz/2026/20260213_0912_HARP14371_NOAA14373.npz,success,2026-06-24T18:15:10.550974+00:00
20260213_1048_HARP14371_NOAA14373,2026_HARP14371_20260213_0736_20260214_0424,2026-02-13 10:48:00,14371,14373,0,saved,"(512, 512, 6)",gs://suryabench-sharp-pipeline-bamidele/jsoc_2025_2026_production_v1/samples_npz/2026/20260213_1048_HARP14371_NOAA14373.npz,success,2026-06-24T18:15:17.084293+00:00
20260213_1224_HARP14371_NOAA14373,2026_HARP14371_20260213_0736_20260214_0424,2026-02-13 12:24:00,14371,14373,0,saved,"(512, 512, 6)",gs://suryabench-sharp-pipeline-bamidele/jsoc_2025_2026_production_v1/samples_npz/2026/20260213_1224_HARP14371_NOAA14373.npz,success,2026-06-24T18:15:23.929100+00:00
20260213_1400_HARP14371_NOAA14373,2026_HARP14371_20260213_0736_20260214_0424,2026-02-13 14:00:00,14371,14373,0,saved,"(512, 512, 6)",gs://suryabench-sharp-pipeline-bamidele/jsoc_2025_2026_production_v1/samples_npz/2026/20260213_1400_HARP14371_NOAA14373.npz,success,2026-06-24T18:15:30.459808+00:00
20260213_1536_HARP14371_NOAA14373,2026_HARP14371_20260213_0736_20260214_0424,2026-02-13 15:36:00,14371,14373,0,saved,"(512, 512, 6)",gs://suryabench-sharp-pipeline-bamidele/jsoc_2025_2026_production_v1/samples_npz/2026/20260213_1536_HARP14371_NOAA14373.npz,success,2026-06-24T18:15:36.933280+00:00
20260213_1712_HARP14371_NOAA14373,2026_HARP14371_20260213_0736_20260214_0424,2026-02-13 17:12:00,14371,14373,0,saved,"(512, 512, 6)",gs://suryabench-sharp-pipeline-bamidele/jsoc_2025_2026_production_v1/samples_npz/2026/20260213_1712_HARP14371_NOAA14373.npz,success,2026-06-24T18:15:43.375818+00:00
20260213_1848_HARP14371_NOAA14373,2026_HARP14371_20260213_0736_20260214_0424,2026-02-13 18:48:00,14371,14373,0,saved,"(512, 512, 6)",gs://suryabench-sharp-pipeline-bamidele/jsoc_2025_2026_production_v1/samples_npz/2026/20260213_1848_HARP14371_NOAA14373.npz,success,2026-06-24T18:15:49.845504+00:00
20260213_2024_HARP14371_NOAA14373,2026_HARP14371_20260213_0736_20260214_0424,2026-02-13 20:24:00,14371,14373,0,saved,"(512, 512, 6)",gs://suryabench-sharp-pipeline-bamidele/jsoc_2025_2026_production_v1/samples_npz/2026/20260213_2024_HARP14371_NOAA14373.npz,success,2026-06-24T18:15:56.314681+00:00
20260213_2200_HARP14371_NOAA14373,2026_HARP14371_20260213_0736_20260214_0424,2026-02-13 22:00:00,14371,14373,0,saved,"(512, 512, 6)",gs://suryabench-sharp-pipeline-bamidele/jsoc_2025_2026_production_v1/samples_npz/2026/20260213_2200_HARP14371_NOAA14373.npz,success,2026-06-24T18:16:02.831324+00:00
20260213_2336_HARP14371_NOAA14373,2026_HARP14371_20260213_0736_20260214_0424,2026-02-13 23:36:00,14371,14373,0,saved,"(512, 512, 6)",gs://suryabench-sharp-pipeline-bamidele/jsoc_2025_2026_production_v1/samples_npz/2026/20260213_2336_HARP14371_NOAA14373.npz,success,2026-06-24T18:16:09.428790+00:00
20260214_0112_HARP14371_NOAA14373,2026_HARP14371_20260213_0736_20260214_0424,2026-02-14 01:12:00,14371,14373,0,saved,"(512, 512, 6)",gs://suryabench-sharp-pipeline-bamidele/jsoc_2025_2026_production_v1/samples_npz/2026/20260214_0112_HARP14371_NOAA14373.npz,success,2026-06-24T18:16:16.692598+00:00
20260214_0248_HARP14371_NOAA14373,2026_HARP14371_20260213_0736_20260214_0424,2026-02-14 02:48:00,14371,14373,0,saved,"(512, 512, 6)",gs://suryabench-sharp-pipeline-bamidele/jsoc_2025_2026_production_v1/samples_npz/2026/20260214_0248_HARP14371_NOAA14373.npz,success,2026-06-24T18:16:23.171279+00:00
20260214_0424_HARP14371_NOAA14373,2026_HARP14371_20260213_0736_20260214_0424,2026-02-14 04:24:00,14371,14373,0,saved,"(512, 512, 6)",gs://suryabench-sharp-pipeline-bamidele/jsoc_2025_2026_production_v1/samples_npz/2026/20260214_0424_HARP14371_NOAA14373.npz,success,2026-06-24T18:16:29.648337+00:00
20260214_0500_HARP14375_NOAA14374,2026_HARP14375_20260214_0500_20260215_0324,2026-02-14 05:00:00,14375,14374,0,saved,"(512, 512, 6)",gs://suryabench-sharp-pipeline-bamidele/jsoc_2025_2026_production_v1/samples_npz/2026/20260214_0500_HARP14375_NOAA14374.npz,success,2026-06-24T18:26:28.525624+00:00
20260214_0636_HARP14375_NOAA14374,2026_HARP14375_20260214_0500_20260215_0324,2026-02-14 06:36:00,14375,14374,0,saved,"(512, 512, 6)",gs://suryabench-sharp-pipeline-bamidele/jsoc_2025_2026_production_v1/samples_npz/2026/20260214_0636_HARP14375_NOAA14374.npz,success,2026-06-24T18:26:35.000937+00:00
20260214_0812_HARP14375_NOAA14374,2026_HARP14375_20260214_0500_20260215_0324,2026-02-14 08:12:00,14375,14374,0,saved,"(512, 512, 6)",gs://suryabench-sharp-pipeline-bamidele/jsoc_2025_2026_production_v1/samples_npz/2026/20260214_0812_HARP14375_NOAA14374.npz,success,2026-06-24T18:26:41.500676+00:00
20260214_0948_HARP14375_NOAA14374,2026_HARP14375_20260214_0500_20260215_0324,2026-02-14 09:48:00,14375,14374,0,saved,"(512, 512, 6)",gs://suryabench-sharp-pipeline-bamidele/jsoc_2025_2026_production_v1/samples_npz/2026/20260214_0948_HARP14375_NOAA14374.npz,success,2026-06-24T18:26:47.940119+00:00
20260214_1124_HARP14375_NOAA14374,2026_HARP14375_20260214_0500_20260215_0324,2026-02-14 11:24:00,14375,14374,0,saved,"(512, 512, 6)",gs://suryabench-sharp-pipeline-bamidele/jsoc_2025_2026_production_v1/samples_npz/2026/20260214_1124_HARP14375_NOAA14374.npz,success,2026-06-24T18:26:54.446379+00:00
20260214_1300_HARP14375_NOAA14374,2026_HARP14375_20260214_0500_20260215_0324,2026-02-14 13:00:00,14375,14374,0,saved,"(512, 512, 6)",gs://suryabench-sharp-pipeline-bamidele/jsoc_2025_2026_production_v1/samples_npz/2026/20260214_1300_HARP14375_NOAA14374.npz,success,2026-06-24T18:27:00.959482+00:00
20260214_1436_HARP14375_NOAA14374,2026_HARP14375_20260214_0500_20260215_0324,2026-02-14 14:36:00,14375,14374,0,saved,"(512, 512, 6)",gs://suryabench-sharp-pipeline-bamidele/jsoc_2025_2026_production_v1/samples_npz/2026/20260214_1436_HARP14375_NOAA14374.npz,success,2026-06-24T18:27:07.500622+00:00
20260214_1612_HARP14375_NOAA14374,2026_HARP14375_20260214_0500_20260215_0324,2026-02-14 16:12:00,14375,14374,0,saved,"(512, 512, 6)",gs://suryabench-sharp-pipeline-bamidele/jsoc_2025_2026_production_v1/samples_npz/2026/20260214_1612_HARP14375_NOAA14374.npz,success,2026-06-24T18:27:13.947295+00:00
20260214_1748_HARP14375_NOAA14374,2026_HARP14375_20260214_0500_20260215_0324,2026-02-14 17:48:00,14375,14374,0,saved,"(512, 512, 6)",gs://suryabench-sharp-pipeline-bamidele/jsoc_2025_2026_production_v1/samples_npz/2026/20260214_1748_HARP14375_NOAA14374.npz,success,2026-06-24T18:27:20.449103+00:00
20260214_1924_HARP14375_NOAA14374,2026_HARP14375_20260214_0500_20260215_0324,2026-02-14 19:24:00,14375,14374,0,saved,"(512, 512, 6)",gs://suryabench-sharp-pipeline-bamidele/jsoc_2025_2026_production_v1/samples_npz/2026/20260214_1924_HARP14375_NOAA14374.npz,success,2026-06-24T18:27:27.054994+00:00
20260214_2100_HARP14375_NOAA14374,2026_HARP14375_20260214_0500_20260215_0324,2026-02-14 21:00:00,14375,14374,0,saved,"(512, 512, 6)",gs://suryabench-sharp-pipeline-bamidele/jsoc_2025_2026_production_v1/samples_npz/2026/20260214_2100_HARP14375_NOAA14374.npz,success,2026-06-24T18:27:33.551471+00:00
20260214_2236_HARP14375_NOAA14374,2026_HARP14375_20260214_0500_20260215_0324,2026-02-14 22:36:00,14375,14374,0,saved,"(512, 512, 6)",gs://suryabench-sharp-pipeline-bamidele/jsoc_2025_2026_production_v1/samples_npz/2026/20260214_2236_HARP14375_NOAA14374.npz,success,2026-06-24T18:27:39.961149+00:00
20260215_0012_HARP14375_NOAA14374,2026_HARP14375_20260214_0500_20260215_0324,2026-02-15 00:12:00,14375,14374,0,saved,"(512, 512, 6)",gs://suryabench-sharp-pipeline-bamidele/jsoc_2025_2026_production_v1/samples_npz/2026/20260215_0012_HARP14375_NOAA14374.npz,success,2026-06-24T18:27:47.244166+00:00
20260215_0148_HARP14375_NOAA14374,2026_HARP14375_20260214_0500_20260215_0324,2026-02-15 01:48:00,14375,14374,0,saved,"(512, 512, 6)",gs://suryabench-sharp-pipeline-bamidele/jsoc_2025_2026_production_v1/samples_npz/2026/20260215_0148_HARP14375_NOAA14374.npz,success,2026-06-24T18:27:53.861656+00:00
20260215_0324_HARP14375_NOAA14374,2026_HARP14375_20260214_0500_20260215_0324,2026-02-15 03:24:00,14375,14374,0,saved,"(512, 512, 6)",gs://suryabench-sharp-pipeline-bamidele/jsoc_2025_2026_production_v1/samples_npz/2026/20260215_0324_HARP14375_NOAA14374.npz,success,2026-06-24T18:28:00.336203+00:00
20260214_0736_HARP14371_NOAA14373,2026_HARP14371_20260214_0736_20260214_1048,2026-02-14 07:36:00,14371,14373,0,saved,"(512, 512, 6)",gs://suryabench-sharp-pipeline-bamidele/jsoc_2025_2026_production_v1/samples_npz/2026/20260214_0736_HARP14371_NOAA14373.npz,success,2026-06-24T18:36:37.815918+00:00
20260214_0912_HARP14371_NOAA14373,2026_HARP14371_20260214_0736_20260214_1048,2026-02-14 09:12:00,14371,14373,0,saved,"(512, 512, 6)",gs://suryabench-sharp-pipeline-bamidele/jsoc_2025_2026_production_v1/samples_npz/2026/20260214_0912_HARP14371_NOAA14373.npz,success,2026-06-24T18:36:44.585928+00:00
20260214_1048_HARP14371_NOAA14373,2026_HARP14371_20260214_0736_20260214_1048,2026-02-14 10:48:00,14371,14373,0,saved,"(512, 512, 6)",gs://suryabench-sharp-pipeline-bamidele/jsoc_2025_2026_production_v1/samples_npz/2026/20260214_1048_HARP14371_NOAA14373.npz,success,2026-06-24T18:36:51.372993+00:00
20260215_0000_HARP14379_NOAA14375,2026_HARP14379_20260215_0000_20260215_2224,2026-02-15 00:00:00,14379,14375,0,saved,"(512, 512, 6)",gs://suryabench-sharp-pipeline-bamidele/jsoc_2025_2026_production_v1/samples_npz/2026/20260215_0000_HARP14379_NOAA14375.npz,success,2026-06-24T18:47:17.927382+00:00
20260215_0136_HARP14379_NOAA14375,2026_HARP14379_20260215_0000_20260215_2224,2026-02-15 01:36:00,14379,14375,0,saved,"(512, 512, 6)",gs://suryabench-sharp-pipeline-bamidele/jsoc_2025_2026_production_v1/samples_npz/2026/20260215_0136_HARP14379_NOAA14375.npz,success,2026-06-24T18:47:24.787004+00:00
20260215_0312_HARP14379_NOAA14375,2026_HARP14379_20260215_0000_20260215_2224,2026-02-15 03:12:00,14379,14375,0,saved,"(512, 512, 6)",gs://suryabench-sharp-pipeline-bamidele/jsoc_2025_2026_production_v1/samples_npz/2026/20260215_0312_HARP14379_NOAA14375.npz,success,2026-06-24T18:47:31.567874+00:00
20260215_0448_HARP14379_NOAA14375,2026_HARP14379_20260215_0000_20260215_2224,2026-02-15 04:48:00,14379,14375,0,saved,"(512, 512, 6)",gs://suryabench-sharp-pipeline-bamidele/jsoc_2025_2026_production_v1/samples_npz/2026/20260215_0448_HARP14379_NOAA14375.npz,success,2026-06-24T18:47:38.272643+00:00
20260215_0624_HARP14379_NOAA14375,2026_HARP14379_20260215_0000_20260215_2224,2026-02-15 06:24:00,14379,14375,0,saved,"(512, 512, 6)",gs://suryabench-sharp-pipeline-bamidele/jsoc_2025_2026_production_v1/samples_npz/2026/20260215_0624_HARP14379_NOAA14375.npz,success,2026-06-24T18:47:45.057671+00:00
20260215_0800_HARP14379_NOAA14375,2026_HARP14379_20260215_0000_20260215_2224,2026-02-15 08:00:00,14379,14375,0,saved,"(512, 512, 6)",gs://suryabench-sharp-pipeline-bamidele/jsoc_2025_2026_production_v1/samples_npz/2026/20260215_0800_HARP14379_NOAA14375.npz,success,2026-06-24T18:47:51.888200+00:00
20260215_0936_HARP14379_NOAA14375,2026_HARP14379_20260215_0000_20260215_2224,2026-02-15 09:36:00,14379,14375,0,saved,"(512, 512, 6)",gs://suryabench-sharp-pipeline-bamidele/jsoc_2025_2026_production_v1/samples_npz/2026/20260215_0936_HARP14379_NOAA14375.npz,success,2026-06-24T18:47:58.685081+00:00
20260215_1112_HARP14379_NOAA14375,2026_HARP14379_20260215_0000_20260215_2224,2026-02-15 11:12:00,14379,14375,0,saved,"(512, 512, 6)",gs://suryabench-sharp-pipeline-bamidele/jsoc_2025_2026_production_v1/samples_npz/2026/20260215_1112_HARP14379_NOAA14375.npz,success,2026-06-24T18:48:06.135906+00:00
20260215_1248_HARP14379_NOAA14375,2026_HARP14379_20260215_0000_20260215_2224,2026-02-15 12:48:00,14379,14375,0,saved,"(512, 512, 6)",gs://suryabench-sharp-pipeline-bamidele/jsoc_2025_2026_production_v1/samples_npz/2026/20260215_1248_HARP14379_NOAA14375.npz,success,2026-06-24T18:48:12.996598+00:00
20260215_1424_HARP14379_NOAA14375,2026_HARP14379_20260215_0000_20260215_2224,2026-02-15 14:24:00,14379,14375,0,saved,"(512, 512, 6)",gs://suryabench-sharp-pipeline-bamidele/jsoc_2025_2026_production_v1/samples_npz/2026/20260215_1424_HARP14379_NOAA14375.npz,success,2026-06-24T18:48:19.904854+00:00
20260215_1600_HARP14379_NOAA14375,2026_HARP14379_20260215_0000_20260215_2224,2026-02-15 16:00:00,14379,14375,0,saved,"(512, 512, 6)",gs://suryabench-sharp-pipeline-bamidele/jsoc_2025_2026_production_v1/samples_npz/2026/20260215_1600_HARP14379_NOAA14375.npz,success,2026-06-24T18:48:26.789738+00:00
20260215_1736_HARP14379_NOAA14375,2026_HARP14379_20260215_0000_20260215_2224,2026-02-15 17:36:00,14379,14375,0,saved,"(512, 512, 6)",gs://suryabench-sharp-pipeline-bamidele/jsoc_2025_2026_production_v1/samples_npz/2026/20260215_1736_HARP14379_NOAA14375.npz,success,2026-06-24T18:48:33.584294+00:00
20260215_1912_HARP14379_NOAA14375,2026_HARP14379_20260215_0000_20260215_2224,2026-02-15 19:12:00,14379,14375,0,saved,"(512, 512, 6)",gs://suryabench-sharp-pipeline-bamidele/jsoc_2025_2026_production_v1/samples_npz/2026/20260215_1912_HARP14379_NOAA14375.npz,success,2026-06-24T18:48:40.361122+00:00
20260215_2048_HARP14379_NOAA14375,2026_HARP14379_20260215_0000_20260215_2224,2026-02-15 20:48:00,14379,14375,0,saved,"(512, 512, 6)",gs://suryabench-sharp-pipeline-bamidele/jsoc_2025_2026_production_v1/samples_npz/2026/20260215_2048_HARP14379_NOAA14375.npz,success,2026-06-24T18:48:47.176200+00:00
20260215_2224_HARP14379_NOAA14375,2026_HARP14379_20260215_0000_20260215_2224,2026-02-15 22:24:00,14379,14375,0,saved,"(512, 512, 6)",gs://suryabench-sharp-pipeline-bamidele/jsoc_2025_2026_production_v1/samples_npz/2026/20260215_2224_HARP14379_NOAA14375.npz,success,2026-06-24T18:48:54.073872+00:00
20260215_0500_HARP14375_NOAA14374,2026_HARP14375_20260215_0500_20260216_0324,2026-02-15 05:00:00,14375,14374,0,saved,"(512, 512, 6)",gs://suryabench-sharp-pipeline-bamidele/jsoc_2025_2026_production_v1/samples_npz/2026/20260215_0500_HARP14375_NOAA14374.npz,success,2026-06-24T18:58:45.565741+00:00
20260215_0636_HARP14375_NOAA14374,2026_HARP14375_20260215_0500_20260216_0324,2026-02-15 06:36:00,14375,14374,0,saved,"(512, 512, 6)",gs://suryabench-sharp-pipeline-bamidele/jsoc_2025_2026_production_v1/samples_npz/2026/20260215_0636_HARP14375_NOAA14374.npz,success,2026-06-24T18:58:52.133864+00:00
20260215_0812_HARP14375_NOAA14374,2026_HARP14375_20260215_0500_20260216_0324,2026-02-15 08:12:00,14375,14374,0,saved,"(512, 512, 6)",gs://suryabench-sharp-pipeline-bamidele/jsoc_2025_2026_production_v1/samples_npz/2026/20260215_0812_HARP14375_NOAA14374.npz,success,2026-06-24T18:58:58.719352+00:00
20260215_0948_HARP14375_NOAA14374,2026_HARP14375_20260215_0500_20260216_0324,2026-02-15 09:48:00,14375,14374,0,saved,"(512, 512, 6)",gs://suryabench-sharp-pipeline-bamidele/jsoc_2025_2026_production_v1/samples_npz/2026/20260215_0948_HARP14375_NOAA14374.npz,success,2026-06-24T18:59:05.257459+00:00
20260215_1124_HARP14375_NOAA14374,2026_HARP14375_20260215_0500_20260216_0324,2026-02-15 11:24:00,14375,14374,0,saved,"(512, 512, 6)",gs://suryabench-sharp-pipeline-bamidele/jsoc_2025_2026_production_v1/samples_npz/2026/20260215_1124_HARP14375_NOAA14374.npz,success,2026-06-24T18:59:11.790839+00:00
20260215_1300_HARP14375_NOAA14374,2026_HARP14375_20260215_0500_20260216_0324,2026-02-15 13:00:00,14375,14374,0,saved,"(512, 512, 6)",gs://suryabench-sharp-pipeline-bamidele/jsoc_2025_2026_production_v1/samples_npz/2026/20260215_1300_HARP14375_NOAA14374.npz,success,2026-06-24T18:59:18.281458+00:00
20260215_1436_HARP14375_NOAA14374,2026_HARP14375_20260215_0500_20260216_0324,2026-02-15 14:36:00,14375,14374,0,saved,"(512, 512, 6)",gs://suryabench-sharp-pipeline-bamidele/jsoc_2025_2026_production_v1/samples_npz/2026/20260215_1436_HARP14375_NOAA14374.npz,success,2026-06-24T18:59:24.850014+00:00
20260215_1612_HARP14375_NOAA14374,2026_HARP14375_20260215_0500_20260216_0324,2026-02-15 16:12:00,14375,14374,0,saved,"(512, 512, 6)",gs://suryabench-sharp-pipeline-bamidele/jsoc_2025_2026_production_v1/samples_npz/2026/20260215_1612_HARP14375_NOAA14374.npz,success,2026-06-24T18:59:31.346794+00:00
20260215_1748_HARP14375_NOAA14374,2026_HARP14375_20260215_0500_20260216_0324,2026-02-15 17:48:00,14375,14374,0,saved,"(512, 512, 6)",gs://suryabench-sharp-pipeline-bamidele/jsoc_2025_2026_production_v1/samples_npz/2026/20260215_1748_HARP14375_NOAA14374.npz,success,2026-06-24T18:59:37.882183+00:00
20260215_1924_HARP14375_NOAA14374,2026_HARP14375_20260215_0500_20260216_0324,2026-02-15 19:24:00,14375,14374,0,saved,"(512, 512, 6)",gs://suryabench-sharp-pipeline-bamidele/jsoc_2025_2026_production_v1/samples_npz/2026/20260215_1924_HARP14375_NOAA14374.npz,success,2026-06-24T18:59:44.416750+00:00
20260215_2100_HARP14375_NOAA14374,2026_HARP14375_20260215_0500_20260216_0324,2026-02-15 21:00:00,14375,14374,0,saved,"(512, 512, 6)",gs://suryabench-sharp-pipeline-bamidele/jsoc_2025_2026_production_v1/samples_npz/2026/20260215_2100_HARP14375_NOAA14374.npz,success,2026-06-24T18:59:51.049811+00:00
20260215_2236_HARP14375_NOAA14374,2026_HARP14375_20260215_0500_20260216_0324,2026-02-15 22:36:00,14375,14374,0,saved,"(512, 512, 6)",gs://suryabench-sharp-pipeline-bamidele/jsoc_2025_2026_production_v1/samples_npz/2026/20260215_2236_HARP14375_NOAA14374.npz,success,2026-06-24T18:59:57.593937+00:00
20260216_0012_HARP14375_NOAA14374,2026_HARP14375_20260215_0500_20260216_0324,2026-02-16 00:12:00,14375,14374,0,saved,"(512, 512, 6)",gs://suryabench-sharp-pipeline-bamidele/jsoc_2025_2026_production_v1/samples_npz/2026/20260216_0012_HARP14375_NOAA14374.npz,success,2026-06-24T19:00:04.225272+00:00
20260216_0148_HARP14375_NOAA14374,2026_HARP14375_20260215_0500_20260216_0324,2026-02-16 01:48:00,14375,14374,0,saved,"(512, 512, 6)",gs://suryabench-sharp-pipeline-bamidele/jsoc_2025_2026_production_v1/samples_npz/2026/20260216_0148_HARP14375_NOAA14374.npz,success,2026-06-24T19:00:10.785103+00:00
20260216_0324_HARP14375_NOAA14374,2026_HARP14375_20260215_0500_20260216_0324,2026-02-16 03:24:00,14375,14374,0,saved,"(512, 512, 6)",gs://suryabench-sharp-pipeline-bamidele/jsoc_2025_2026_production_v1/samples_npz/2026/20260216_0324_HARP14375_NOAA14374.npz,success,2026-06-24T19:00:17.568574+00:00
20260216_0000_HARP14379_NOAA14375,2026_HARP14379_20260216_0000_20260216_2224,2026-02-16 00:00:00,14379,14375,0,saved,"(512, 512, 6)",gs://suryabench-sharp-pipeline-bamidele/jsoc_2025_2026_production_v1/samples_npz/2026/20260216_0000_HARP14379_NOAA14375.npz,success,2026-06-24T19:10:53.292509+00:00
20260216_0136_HARP14379_NOAA14375,2026_HARP14379_20260216_0000_20260216_2224,2026-02-16 01:36:00,14379,14375,0,saved,"(512, 512, 6)",gs://suryabench-sharp-pipeline-bamidele/jsoc_2025_2026_production_v1/samples_npz/2026/20260216_0136_HARP14379_NOAA14375.npz,success,2026-06-24T19:10:59.908143+00:00
20260216_0312_HARP14379_NOAA14375,2026_HARP14379_20260216_0000_20260216_2224,2026-02-16 03:12:00,14379,14375,0,saved,"(512, 512, 6)",gs://suryabench-sharp-pipeline-bamidele/jsoc_2025_2026_production_v1/samples_npz/2026/20260216_0312_HARP14379_NOAA14375.npz,success,2026-06-24T19:11:06.506151+00:00
20260216_0448_HARP14379_NOAA14375,2026_HARP14379_20260216_0000_20260216_2224,2026-02-16 04:48:00,14379,14375,0,saved,"(512, 512, 6)",gs://suryabench-sharp-pipeline-bamidele/jsoc_2025_2026_production_v1/samples_npz/2026/20260216_0448_HARP14379_NOAA14375.npz,success,2026-06-24T19:11:13.081567+00:00
20260216_0624_HARP14379_NOAA14375,2026_HARP14379_20260216_0000_20260216_2224,2026-02-16 06:24:00,14379,14375,0,saved,"(512, 512, 6)",gs://suryabench-sharp-pipeline-bamidele/jsoc_2025_2026_production_v1/samples_npz/2026/20260216_0624_HARP14379_NOAA14375.npz,success,2026-06-24T19:11:19.676670+00:00
20260216_0800_HARP14379_NOAA14375,2026_HARP14379_20260216_0000_20260216_2224,2026-02-16 08:00:00,14379,14375,0,saved,"(512, 512, 6)",gs://suryabench-sharp-pipeline-bamidele/jsoc_2025_2026_production_v1/samples_npz/2026/20260216_0800_HARP14379_NOAA14375.npz,success,2026-06-24T19:11:26.252597+00:00
20260216_0936_HARP14379_NOAA14375,2026_HARP14379_20260216_0000_20260216_2224,2026-02-16 09:36:00,14379,14375,0,saved,"(512, 512, 6)",gs://suryabench-sharp-pipeline-bamidele/jsoc_2025_2026_production_v1/samples_npz/2026/20260216_0936_HARP14379_NOAA14375.npz,success,2026-06-24T19:11:32.821272+00:00
20260216_1112_HARP14379_NOAA14375,2026_HARP14379_20260216_0000_20260216_2224,2026-02-16 11:12:00,14379,14375,0,saved,"(512, 512, 6)",gs://suryabench-sharp-pipeline-bamidele/jsoc_2025_2026_production_v1/samples_npz/2026/20260216_1112_HARP14379_NOAA14375.npz,success,2026-06-24T19:11:39.386068+00:00
20260216_1248_HARP14379_NOAA14375,2026_HARP14379_20260216_0000_20260216_2224,2026-02-16 12:48:00,14379,14375,0,saved,"(512, 512, 6)",gs://suryabench-sharp-pipeline-bamidele/jsoc_2025_2026_production_v1/samples_npz/2026/20260216_1248_HARP14379_NOAA14375.npz,success,2026-06-24T19:11:45.899888+00:00
20260216_1424_HARP14379_NOAA14375,2026_HARP14379_20260216_0000_20260216_2224,2026-02-16 14:24:00,14379,14375,0,saved,"(512, 512, 6)",gs://suryabench-sharp-pipeline-bamidele/jsoc_2025_2026_production_v1/samples_npz/2026/20260216_1424_HARP14379_NOAA14375.npz,success,2026-06-24T19:11:52.472207+00:00
20260216_1600_HARP14379_NOAA14375,2026_HARP14379_20260216_0000_20260216_2224,2026-02-16 16:00:00,14379,14375,0,saved,"(512, 512, 6)",gs://suryabench-sharp-pipeline-bamidele/jsoc_2025_2026_production_v1/samples_npz/2026/20260216_1600_HARP14379_NOAA14375.npz,success,2026-06-24T19:11:59.014209+00:00
20260216_1736_HARP14379_NOAA14375,2026_HARP14379_20260216_0000_20260216_2224,2026-02-16 17:36:00,14379,14375,0,saved,"(512, 512, 6)",gs://suryabench-sharp-pipeline-bamidele/jsoc_2025_2026_production_v1/samples_npz/2026/20260216_1736_HARP14379_NOAA14375.npz,success,2026-06-24T19:12:05.620245+00:00
20260216_1912_HARP14379_NOAA14375,2026_HARP14379_20260216_0000_20260216_2224,2026-02-16 19:12:00,14379,14375,0,saved,"(512, 512, 6)",gs://suryabench-sharp-pipeline-bamidele/jsoc_2025_2026_production_v1/samples_npz/2026/20260216_1912_HARP14379_NOAA14375.npz,success,2026-06-24T19:12:12.217690+00:00
20260216_2048_HARP14379_NOAA14375,2026_HARP14379_20260216_0000_20260216_2224,2026-02-16 20:48:00,14379,14375,0,saved,"(512, 512, 6)",gs://suryabench-sharp-pipeline-bamidele/jsoc_2025_2026_production_v1/samples_npz/2026/20260216_2048_HARP14379_NOAA14375.npz,success,2026-06-24T19:12:18.779816+00:00
20260216_2224_HARP14379_NOAA14375,2026_HARP14379_20260216_0000_20260216_2224,2026-02-16 22:24:00,14379,14375,0,saved,"(512, 512, 6)",gs://suryabench-sharp-pipeline-bamidele/jsoc_2025_2026_production_v1/samples_npz/2026/20260216_2224_HARP14379_NOAA14375.npz,success,2026-06-24T19:12:26.134846+00:00
20260216_0500_HARP14375_NOAA14374,2026_HARP14375_20260216_0500_20260217_0324,2026-02-16 05:00:00,14375,14374,0,saved,"(512, 512, 6)",gs://suryabench-sharp-pipeline-bamidele/jsoc_2025_2026_production_v1/samples_npz/2026/20260216_0500_HARP14375_NOAA14374.npz,success,2026-06-24T19:25:54.604497+00:00
20260216_0636_HARP14375_NOAA14374,2026_HARP14375_20260216_0500_20260217_0324,2026-02-16 06:36:00,14375,14374,0,saved,"(512, 512, 6)",gs://suryabench-sharp-pipeline-bamidele/jsoc_2025_2026_production_v1/samples_npz/2026/20260216_0636_HARP14375_NOAA14374.npz,success,2026-06-24T19:26:03.517960+00:00
20260216_0812_HARP14375_NOAA14374,2026_HARP14375_20260216_0500_20260217_0324,2026-02-16 08:12:00,14375,14374,0,saved,"(512, 512, 6)",gs://suryabench-sharp-pipeline-bamidele/jsoc_2025_2026_production_v1/samples_npz/2026/20260216_0812_HARP14375_NOAA14374.npz,success,2026-06-24T19:26:11.165900+00:00
20260216_0948_HARP14375_NOAA14374,2026_HARP14375_20260216_0500_20260217_0324,2026-02-16 09:48:00,14375,14374,0,saved,"(512, 512, 6)",gs://suryabench-sharp-pipeline-bamidele/jsoc_2025_2026_production_v1/samples_npz/2026/20260216_0948_HARP14375_NOAA14374.npz,success,2026-06-24T19:26:18.085911+00:00
20260216_1124_HARP14375_NOAA14374,2026_HARP14375_20260216_0500_20260217_0324,2026-02-16 11:24:00,14375,14374,0,saved,"(512, 512, 6)",gs://suryabench-sharp-pipeline-bamidele/jsoc_2025_2026_production_v1/samples_npz/2026/20260216_1124_HARP14375_NOAA14374.npz,success,2026-06-24T19:26:25.016056+00:00
20260216_1300_HARP14375_NOAA14374,2026_HARP14375_20260216_0500_20260217_0324,2026-02-16 13:00:00,14375,14374,0,saved,"(512, 512, 6)",gs://suryabench-sharp-pipeline-bamidele/jsoc_2025_2026_production_v1/samples_npz/2026/20260216_1300_HARP14375_NOAA14374.npz,success,2026-06-24T19:26:32.300989+00:00
20260216_1436_HARP14375_NOAA14374,2026_HARP14375_20260216_0500_20260217_0324,2026-02-16 14:36:00,14375,14374,0,saved,"(512, 512, 6)",gs://suryabench-sharp-pipeline-bamidele/jsoc_2025_2026_production_v1/samples_npz/2026/20260216_1436_HARP14375_NOAA14374.npz,success,2026-06-24T19:26:39.238901+00:00
20260216_1612_HARP14375_NOAA14374,2026_HARP14375_20260216_0500_20260217_0324,2026-02-16 16:12:00,14375,14374,0,saved,"(512, 512, 6)",gs://suryabench-sharp-pipeline-bamidele/jsoc_2025_2026_production_v1/samples_npz/2026/20260216_1612_HARP14375_NOAA14374.npz,success,2026-06-24T19:26:46.075757+00:00
20260216_1748_HARP14375_NOAA14374,2026_HARP14375_20260216_0500_20260217_0324,2026-02-16 17:48:00,14375,14374,0,saved,"(512, 512, 6)",gs://suryabench-sharp-pipeline-bamidele/jsoc_2025_2026_production_v1/samples_npz/2026/20260216_1748_HARP14375_NOAA14374.npz,success,2026-06-24T19:26:52.886688+00:00
20260216_1924_HARP14375_NOAA14374,2026_HARP14375_20260216_0500_20260217_0324,2026-02-16 19:24:00,14375,14374,0,saved,"(512, 512, 6)",gs://suryabench-sharp-pipeline-bamidele/jsoc_2025_2026_production_v1/samples_npz/2026/20260216_1924_HARP14375_NOAA14374.npz,success,2026-06-24T19:26:59.622602+00:00
20260216_2100_HARP14375_NOAA14374,2026_HARP14375_20260216_0500_20260217_0324,2026-02-16 21:00:00,14375,14374,0,saved,"(512, 512, 6)",gs://suryabench-sharp-pipeline-bamidele/jsoc_2025_2026_production_v1/samples_npz/2026/20260216_2100_HARP14375_NOAA14374.npz,success,2026-06-24T19:27:06.536275+00:00
20260216_2236_HARP14375_NOAA14374,2026_HARP14375_20260216_0500_20260217_0324,2026-02-16 22:36:00,14375,14374,0,saved,"(512, 512, 6)",gs://suryabench-sharp-pipeline-bamidele/jsoc_2025_2026_production_v1/samples_npz/2026/20260216_2236_HARP14375_NOAA14374.npz,success,2026-06-24T19:27:13.395892+00:00
20260217_0012_HARP14375_NOAA14374,2026_HARP14375_20260216_0500_20260217_0324,2026-02-17 00:12:00,14375,14374,0,saved,"(512, 512, 6)",gs://suryabench-sharp-pipeline-bamidele/jsoc_2025_2026_production_v1/samples_npz/2026/20260217_0012_HARP14375_NOAA14374.npz,success,2026-06-24T19:27:20.222216+00:00
20260217_0148_HARP14375_NOAA14374,2026_HARP14375_20260216_0500_20260217_0324,2026-02-17 01:48:00,14375,14374,0,saved,"(512, 512, 6)",gs://suryabench-sharp-pipeline-bamidele/jsoc_2025_2026_production_v1/samples_npz/2026/20260217_0148_HARP14375_NOAA14374.npz,success,2026-06-24T19:27:27.027051+00:00
20260217_0324_HARP14375_NOAA14374,2026_HARP14375_20260216_0500_20260217_0324,2026-02-17 03:24:00,14375,14374,0,saved,"(512, 512, 6)",gs://suryabench-sharp-pipeline-bamidele/jsoc_2025_2026_production_v1/samples_npz/2026/20260217_0324_HARP14375_NOAA14374.npz,success,2026-06-24T19:27:33.821565+00:00
20260216_1336_HARP14390_NOAA14376,2026_HARP14390_20260216_1336_20260217_1200,2026-02-16 13:36:00,14390,14376,0,saved,"(512, 512, 6)",gs://suryabench-sharp-pipeline-bamidele/jsoc_2025_2026_production_v1/samples_npz/2026/20260216_1336_HARP14390_NOAA14376.npz,success,2026-06-24T19:38:05.168283+00:00
20260216_1512_HARP14390_NOAA14376,2026_HARP14390_20260216_1336_20260217_1200,2026-02-16 15:12:00,14390,14376,0,saved,"(512, 512, 6)",gs://suryabench-sharp-pipeline-bamidele/jsoc_2025_2026_production_v1/samples_npz/2026/20260216_1512_HARP14390_NOAA14376.npz,success,2026-06-24T19:38:11.934342+00:00
20260216_1648_HARP14390_NOAA14376,2026_HARP14390_20260216_1336_20260217_1200,2026-02-16 16:48:00,14390,14376,0,saved,"(512, 512, 6)",gs://suryabench-sharp-pipeline-bamidele/jsoc_2025_2026_production_v1/samples_npz/2026/20260216_1648_HARP14390_NOAA14376.npz,success,2026-06-24T19:38:18.623987+00:00
20260216_1824_HARP14390_NOAA14376,2026_HARP14390_20260216_1336_20260217_1200,2026-02-16 18:24:00,14390,14376,0,saved,"(512, 512, 6)",gs://suryabench-sharp-pipeline-bamidele/jsoc_2025_2026_production_v1/samples_npz/2026/20260216_1824_HARP14390_NOAA14376.npz,success,2026-06-24T19:38:25.343206+00:00
20260216_2000_HARP14390_NOAA14376,2026_HARP14390_20260216_1336_20260217_1200,2026-02-16 20:00:00,14390,14376,0,saved,"(512, 512, 6)",gs://suryabench-sharp-pipeline-bamidele/jsoc_2025_2026_production_v1/samples_npz/2026/20260216_2000_HARP14390_NOAA14376.npz,success,2026-06-24T19:38:32.170780+00:00
20260216_2136_HARP14390_NOAA14376,2026_HARP14390_20260216_1336_20260217_1200,2026-02-16 21:36:00,14390,14376,0,saved,"(512, 512, 6)",gs://suryabench-sharp-pipeline-bamidele/jsoc_2025_2026_production_v1/samples_npz/2026/20260216_2136_HARP14390_NOAA14376.npz,success,2026-06-24T19:38:39.211351+00:00
20260216_2312_HARP14390_NOAA14376,2026_HARP14390_20260216_1336_20260217_1200,2026-02-16 23:12:00,14390,14376,0,saved,"(512, 512, 6)",gs://suryabench-sharp-pipeline-bamidele/jsoc_2025_2026_production_v1/samples_npz/2026/20260216_2312_HARP14390_NOAA14376.npz,success,2026-06-24T19:38:45.970923+00:00
20260217_0048_HARP14390_NOAA14376,2026_HARP14390_20260216_1336_20260217_1200,2026-02-17 00:48:00,14390,14376,0,saved,"(512, 512, 6)",gs://suryabench-sharp-pipeline-bamidele/jsoc_2025_2026_production_v1/samples_npz/2026/20260217_0048_HARP14390_NOAA14376.npz,success,2026-06-24T19:38:52.719706+00:00
20260217_0224_HARP14390_NOAA14376,2026_HARP14390_20260216_1336_20260217_1200,2026-02-17 02:24:00,14390,14376,0,saved,"(512, 512, 6)",gs://suryabench-sharp-pipeline-bamidele/jsoc_2025_2026_production_v1/samples_npz/2026/20260217_0224_HARP14390_NOAA14376.npz,success,2026-06-24T19:39:00.651386+00:00
20260217_0400_HARP14390_NOAA14376,2026_HARP14390_20260216_1336_20260217_1200,2026-02-17 04:00:00,14390,14376,0,saved,"(512, 512, 6)",gs://suryabench-sharp-pipeline-bamidele/jsoc_2025_2026_production_v1/samples_npz/2026/20260217_0400_HARP14390_NOAA14376.npz,success,2026-06-24T19:39:07.341567+00:00
20260217_0536_HARP14390_NOAA14376,2026_HARP14390_20260216_1336_20260217_1200,2026-02-17 05:36:00,14390,14376,0,saved,"(512, 512, 6)",gs://suryabench-sharp-pipeline-bamidele/jsoc_2025_2026_production_v1/samples_npz/2026/20260217_0536_HARP14390_NOAA14376.npz,success,2026-06-24T19:39:13.997834+00:00
20260217_0712_HARP14390_NOAA14376,2026_HARP14390_20260216_1336_20260217_1200,2026-02-17 07:12:00,14390,14376,0,saved,"(512, 512, 6)",gs://suryabench-sharp-pipeline-bamidele/jsoc_2025_2026_production_v1/samples_npz/2026/20260217_0712_HARP14390_NOAA14376.npz,success,2026-06-24T19:39:20.747083+00:00
20260217_0848_HARP14390_NOAA14376,2026_HARP14390_20260216_1336_20260217_1200,2026-02-17 08:48:00,14390,14376,0,saved,"(512, 512, 6)",gs://suryabench-sharp-pipeline-bamidele/jsoc_2025_2026_production_v1/samples_npz/2026/20260217_0848_HARP14390_NOAA14376.npz,success,2026-06-24T19:39:27.433745+00:00
20260217_1024_HARP14390_NOAA14376,2026_HARP14390_20260216_1336_20260217_1200,2026-02-17 10:24:00,14390,14376,0,saved,"(512, 512, 6)",gs://suryabench-sharp-pipeline-bamidele/jsoc_2025_2026_production_v1/samples_npz/2026/20260217_1024_HARP14390_NOAA14376.npz,success,2026-06-24T19:39:34.069374+00:00
20260217_1200_HARP14390_NOAA14376,2026_HARP14390_20260216_1336_20260217_1200,2026-02-17 12:00:00,14390,14376,0,saved,"(512, 512, 6)",gs://suryabench-sharp-pipeline-bamidele/jsoc_2025_2026_production_v1/samples_npz/2026/20260217_1200_HARP14390_NOAA14376.npz,success,2026-06-24T19:39:40.775316+00:00
20260217_0000_HARP14379_NOAA14375,2026_HARP14379_20260217_0000_20260217_1600,2026-02-17 00:00:00,14379,14375,0,saved,"(512, 512, 6)",gs://suryabench-sharp-pipeline-bamidele/jsoc_2025_2026_production_v1/samples_npz/2026/20260217_0000_HARP14379_NOAA14375.npz,success,2026-06-24T19:50:19.091300+00:00
20260217_0136_HARP14379_NOAA14375,2026_HARP14379_20260217_0000_20260217_1600,2026-02-17 01:36:00,14379,14375,0,saved,"(512, 512, 6)",gs://suryabench-sharp-pipeline-bamidele/jsoc_2025_2026_production_v1/samples_npz/2026/20260217_0136_HARP14379_NOAA14375.npz,success,2026-06-24T19:50:26.029705+00:00
20260217_0312_HARP14379_NOAA14375,2026_HARP14379_20260217_0000_20260217_1600,2026-02-17 03:12:00,14379,14375,0,saved,"(512, 512, 6)",gs://suryabench-sharp-pipeline-bamidele/jsoc_2025_2026_production_v1/samples_npz/2026/20260217_0312_HARP14379_NOAA14375.npz,success,2026-06-24T19:50:32.975830+00:00
20260217_0448_HARP14379_NOAA14375,2026_HARP14379_20260217_0000_20260217_1600,2026-02-17 04:48:00,14379,14375,0,saved,"(512, 512, 6)",gs://suryabench-sharp-pipeline-bamidele/jsoc_2025_2026_production_v1/samples_npz/2026/20260217_0448_HARP14379_NOAA14375.npz,success,2026-06-24T19:50:40.079976+00:00
20260217_0624_HARP14379_NOAA14375,2026_HARP14379_20260217_0000_20260217_1600,2026-02-17 06:24:00,14379,14375,0,saved,"(512, 512, 6)",gs://suryabench-sharp-pipeline-bamidele/jsoc_2025_2026_production_v1/samples_npz/2026/20260217_0624_HARP14379_NOAA14375.npz,success,2026-06-24T19:50:47.017792+00:00
20260217_0800_HARP14379_NOAA14375,2026_HARP14379_20260217_0000_20260217_1600,2026-02-17 08:00:00,14379,14375,0,saved,"(512, 512, 6)",gs://suryabench-sharp-pipeline-bamidele/jsoc_2025_2026_production_v1/samples_npz/2026/20260217_0800_HARP14379_NOAA14375.npz,success,2026-06-24T19:50:54.025927+00:00
20260217_0936_HARP14379_NOAA14375,2026_HARP14379_20260217_0000_20260217_1600,2026-02-17 09:36:00,14379,14375,0,saved,"(512, 512, 6)",gs://suryabench-sharp-pipeline-bamidele/jsoc_2025_2026_production_v1/samples_npz/2026/20260217_0936_HARP14379_NOAA14375.npz,success,2026-06-24T19:51:00.832736+00:00
20260217_1112_HARP14379_NOAA14375,2026_HARP14379_20260217_0000_20260217_1600,2026-02-17 11:12:00,14379,14375,0,saved,"(512, 512, 6)",gs://suryabench-sharp-pipeline-bamidele/jsoc_2025_2026_production_v1/samples_npz/2026/20260217_1112_HARP14379_NOAA14375.npz,success,2026-06-24T19:51:07.741994+00:00
20260217_1248_HARP14379_NOAA14375,2026_HARP14379_20260217_0000_20260217_1600,2026-02-17 12:48:00,14379,14375,0,saved,"(512, 512, 6)",gs://suryabench-sharp-pipeline-bamidele/jsoc_2025_2026_production_v1/samples_npz/2026/20260217_1248_HARP14379_NOAA14375.npz,success,2026-06-24T19:51:15.010778+00:00
20260217_1424_HARP14379_NOAA14375,2026_HARP14379_20260217_0000_20260217_1600,2026-02-17 14:24:00,14379,14375,0,saved,"(512, 512, 6)",gs://suryabench-sharp-pipeline-bamidele/jsoc_2025_2026_production_v1/samples_npz/2026/20260217_1424_HARP14379_NOAA14375.npz,success,2026-06-24T19:51:22.031864+00:00
20260217_1600_HARP14379_NOAA14375,2026_HARP14379_20260217_0000_20260217_1600,2026-02-17 16:00:00,14379,14375,0,saved,"(512, 512, 6)",gs://suryabench-sharp-pipeline-bamidele/jsoc_2025_2026_production_v1/samples_npz/2026/20260217_1600_HARP14379_NOAA14375.npz,success,2026-06-24T19:51:28.950734+00:00
20260217_0336_HARP14397_NOAA14376,2026_HARP14397_20260217_0336_20260217_1448,2026-02-17 03:36:00,14397,14376,0,saved,"(512, 512, 6)",gs://suryabench-sharp-pipeline-bamidele/jsoc_2025_2026_production_v1/samples_npz/2026/20260217_0336_HARP14397_NOAA14376.npz,success,2026-06-24T20:00:59.771090+00:00
20260217_0512_HARP14397_NOAA14376,2026_HARP14397_20260217_0336_20260217_1448,2026-02-17 05:12:00,14397,14376,0,saved,"(512, 512, 6)",gs://suryabench-sharp-pipeline-bamidele/jsoc_2025_2026_production_v1/samples_npz/2026/20260217_0512_HARP14397_NOAA14376.npz,success,2026-06-24T20:01:06.481158+00:00
20260217_0648_HARP14397_NOAA14376,2026_HARP14397_20260217_0336_20260217_1448,2026-02-17 06:48:00,14397,14376,0,saved,"(512, 512, 6)",gs://suryabench-sharp-pipeline-bamidele/jsoc_2025_2026_production_v1/samples_npz/2026/20260217_0648_HARP14397_NOAA14376.npz,success,2026-06-24T20:01:13.078477+00:00
20260217_0824_HARP14397_NOAA14376,2026_HARP14397_20260217_0336_20260217_1448,2026-02-17 08:24:00,14397,14376,0,saved,"(512, 512, 6)",gs://suryabench-sharp-pipeline-bamidele/jsoc_2025_2026_production_v1/samples_npz/2026/20260217_0824_HARP14397_NOAA14376.npz,success,2026-06-24T20:01:19.797800+00:00
20260217_1000_HARP14397_NOAA14376,2026_HARP14397_20260217_0336_20260217_1448,2026-02-17 10:00:00,14397,14376,0,saved,"(512, 512, 6)",gs://suryabench-sharp-pipeline-bamidele/jsoc_2025_2026_production_v1/samples_npz/2026/20260217_1000_HARP14397_NOAA14376.npz,success,2026-06-24T20:01:26.453693+00:00
20260217_1136_HARP14397_NOAA14376,2026_HARP14397_20260217_0336_20260217_1448,2026-02-17 11:36:00,14397,14376,0,saved,"(512, 512, 6)",gs://suryabench-sharp-pipeline-bamidele/jsoc_2025_2026_production_v1/samples_npz/2026/20260217_1136_HARP14397_NOAA14376.npz,success,2026-06-24T20:01:33.089452+00:00
20260217_1312_HARP14397_NOAA14376,2026_HARP14397_20260217_0336_20260217_1448,2026-02-17 13:12:00,14397,14376,0,saved,"(512, 512, 6)",gs://suryabench-sharp-pipeline-bamidele/jsoc_2025_2026_production_v1/samples_npz/2026/20260217_1312_HARP14397_NOAA14376.npz,success,2026-06-24T20:01:39.742020+00:00
20260217_1448_HARP14397_NOAA14376,2026_HARP14397_20260217_0336_20260217_1448,2026-02-17 14:48:00,14397,14376,0,saved,"(512, 512, 6)",gs://suryabench-sharp-pipeline-bamidele/jsoc_2025_2026_production_v1/samples_npz/2026/20260217_1448_HARP14397_NOAA14376.npz,success,2026-06-24T20:01:46.464046+00:00
20260217_0500_HARP14375_NOAA14374,2026_HARP14375_20260217_0500_20260217_1612,2026-02-17 05:00:00,14375,14374,0,saved,"(512, 512, 6)",gs://suryabench-sharp-pipeline-bamidele/jsoc_2025_2026_production_v1/samples_npz/2026/20260217_0500_HARP14375_NOAA14374.npz,success,2026-06-24T20:11:23.482905+00:00
20260217_0636_HARP14375_NOAA14374,2026_HARP14375_20260217_0500_20260217_1612,2026-02-17 06:36:00,14375,14374,0,saved,"(512, 512, 6)",gs://suryabench-sharp-pipeline-bamidele/jsoc_2025_2026_production_v1/samples_npz/2026/20260217_0636_HARP14375_NOAA14374.npz,success,2026-06-24T20:11:30.247718+00:00
20260217_0812_HARP14375_NOAA14374,2026_HARP14375_20260217_0500_20260217_1612,2026-02-17 08:12:00,14375,14374,0,saved,"(512, 512, 6)",gs://suryabench-sharp-pipeline-bamidele/jsoc_2025_2026_production_v1/samples_npz/2026/20260217_0812_HARP14375_NOAA14374.npz,success,2026-06-24T20:11:37.026891+00:00
20260217_0948_HARP14375_NOAA14374,2026_HARP14375_20260217_0500_20260217_1612,2026-02-17 09:48:00,14375,14374,0,saved,"(512, 512, 6)",gs://suryabench-sharp-pipeline-bamidele/jsoc_2025_2026_production_v1/samples_npz/2026/20260217_0948_HARP14375_NOAA14374.npz,success,2026-06-24T20:11:43.867314+00:00
20260217_1124_HARP14375_NOAA14374,2026_HARP14375_20260217_0500_20260217_1612,2026-02-17 11:24:00,14375,14374,0,saved,"(512, 512, 6)",gs://suryabench-sharp-pipeline-bamidele/jsoc_2025_2026_production_v1/samples_npz/2026/20260217_1124_HARP14375_NOAA14374.npz,success,2026-06-24T20:11:50.811315+00:00
20260217_1300_HARP14375_NOAA14374,2026_HARP14375_20260217_0500_20260217_1612,2026-02-17 13:00:00,14375,14374,0,saved,"(512, 512, 6)",gs://suryabench-sharp-pipeline-bamidele/jsoc_2025_2026_production_v1/samples_npz/2026/20260217_1300_HARP14375_NOAA14374.npz,success,2026-06-24T20:11:57.920708+00:00
20260217_1436_HARP14375_NOAA14374,2026_HARP14375_20260217_0500_20260217_1612,2026-02-17 14:36:00,14375,14374,0,saved,"(512, 512, 6)",gs://suryabench-sharp-pipeline-bamidele/jsoc_2025_2026_production_v1/samples_npz/2026/20260217_1436_HARP14375_NOAA14374.npz,success,2026-06-24T20:12:04.944434+00:00
20260217_1612_HARP14375_NOAA14374,2026_HARP14375_20260217_0500_20260217_1612,2026-02-17 16:12:00,14375,14374,0,saved,"(512, 512, 6)",gs://suryabench-sharp-pipeline-bamidele/jsoc_2025_2026_production_v1/samples_npz/2026/20260217_1612_HARP14375_NOAA14374.npz,success,2026-06-24T20:12:12.044133+00:00
20260217_1336_HARP14390_NOAA14376,2026_HARP14390_20260217_1336_20260217_1648,2026-02-17 13:36:00,14390,14376,0,saved,"(512, 512, 6)",gs://suryabench-sharp-pipeline-bamidele/jsoc_2025_2026_production_v1/samples_npz/2026/20260217_1336_HARP14390_NOAA14376.npz,success,2026-06-24T20:20:25.253326+00:00
20260217_1512_HARP14390_NOAA14376,2026_HARP14390_20260217_1336_20260217_1648,2026-02-17 15:12:00,14390,14376,0,saved,"(512, 512, 6)",gs://suryabench-sharp-pipeline-bamidele/jsoc_2025_2026_production_v1/samples_npz/2026/20260217_1512_HARP14390_NOAA14376.npz,success,2026-06-24T20:20:32.558502+00:00
20260217_1648_HARP14390_NOAA14376,2026_HARP14390_20260217_1336_20260217_1648,2026-02-17 16:48:00,14390,14376,0,saved,"(512, 512, 6)",gs://suryabench-sharp-pipeline-bamidele/jsoc_2025_2026_production_v1/samples_npz/2026/20260217_1648_HARP14390_NOAA14376.npz,success,2026-06-24T20:20:39.318439+00:00
20260217_1724_HARP14392_NOAA14377,2026_HARP14392_20260217_1724_20260217_1724,2026-02-17 17:24:00,14392,14377,0,saved,"(512, 512, 6)",gs://suryabench-sharp-pipeline-bamidele/jsoc_2025_2026_production_v1/samples_npz/2026/20260217_1724_HARP14392_NOAA14377.npz,success,2026-06-24T20:27:30.843664+00:00
20260217_2124_HARP14390_NOAA14376,2026_HARP14390_20260217_2124_20260218_1812,2026-02-17 21:24:00,14390,14376,0,saved,"(512, 512, 6)",gs://suryabench-sharp-pipeline-bamidele/jsoc_2025_2026_production_v1/samples_npz/2026/20260217_2124_HARP14390_NOAA14376.npz,success,2026-06-24T20:37:22.813359+00:00
20260217_2300_HARP14390_NOAA14376,2026_HARP14390_20260217_2124_20260218_1812,2026-02-17 23:00:00,14390,14376,0,saved,"(512, 512, 6)",gs://suryabench-sharp-pipeline-bamidele/jsoc_2025_2026_production_v1/samples_npz/2026/20260217_2300_HARP14390_NOAA14376.npz,success,2026-06-24T20:37:29.490403+00:00
20260218_0036_HARP14390_NOAA14376,2026_HARP14390_20260217_2124_20260218_1812,2026-02-18 00:36:00,14390,14376,0,saved,"(512, 512, 6)",gs://suryabench-sharp-pipeline-bamidele/jsoc_2025_2026_production_v1/samples_npz/2026/20260218_0036_HARP14390_NOAA14376.npz,success,2026-06-24T20:37:36.114396+00:00
20260218_0212_HARP14390_NOAA14376,2026_HARP14390_20260217_2124_20260218_1812,2026-02-18 02:12:00,14390,14376,0,saved,"(512, 512, 6)",gs://suryabench-sharp-pipeline-bamidele/jsoc_2025_2026_production_v1/samples_npz/2026/20260218_0212_HARP14390_NOAA14376.npz,success,2026-06-24T20:37:43.557162+00:00
20260218_0348_HARP14390_NOAA14376,2026_HARP14390_20260217_2124_20260218_1812,2026-02-18 03:48:00,14390,14376,0,saved,"(512, 512, 6)",gs://suryabench-sharp-pipeline-bamidele/jsoc_2025_2026_production_v1/samples_npz/2026/20260218_0348_HARP14390_NOAA14376.npz,success,2026-06-24T20:37:50.160190+00:00
20260218_0524_HARP14390_NOAA14376,2026_HARP14390_20260217_2124_20260218_1812,2026-02-18 05:24:00,14390,14376,0,saved,"(512, 512, 6)",gs://suryabench-sharp-pipeline-bamidele/jsoc_2025_2026_production_v1/samples_npz/2026/20260218_0524_HARP14390_NOAA14376.npz,success,2026-06-24T20:37:56.770989+00:00
20260218_0700_HARP14390_NOAA14376,2026_HARP14390_20260217_2124_20260218_1812,2026-02-18 07:00:00,14390,14376,0,saved,"(512, 512, 6)",gs://suryabench-sharp-pipeline-bamidele/jsoc_2025_2026_production_v1/samples_npz/2026/20260218_0700_HARP14390_NOAA14376.npz,success,2026-06-24T20:38:03.471362+00:00
20260218_0836_HARP14390_NOAA14376,2026_HARP14390_20260217_2124_20260218_1812,2026-02-18 08:36:00,14390,14376,0,saved,"(512, 512, 6)",gs://suryabench-sharp-pipeline-bamidele/jsoc_2025_2026_production_v1/samples_npz/2026/20260218_0836_HARP14390_NOAA14376.npz,success,2026-06-24T20:38:10.185824+00:00
20260218_1012_HARP14390_NOAA14376,2026_HARP14390_20260217_2124_20260218_1812,2026-02-18 10:12:00,14390,14376,0,saved,"(512, 512, 6)",gs://suryabench-sharp-pipeline-bamidele/jsoc_2025_2026_production_v1/samples_npz/2026/20260218_1012_HARP14390_NOAA14376.npz,success,2026-06-24T20:38:16.795911+00:00
20260218_1148_HARP14390_NOAA14376,2026_HARP14390_20260217_2124_20260218_1812,2026-02-18 11:48:00,14390,14376,0,saved,"(512, 512, 6)",gs://suryabench-sharp-pipeline-bamidele/jsoc_2025_2026_production_v1/samples_npz/2026/20260218_1148_HARP14390_NOAA14376.npz,success,2026-06-24T20:38:23.444747+00:00
20260218_1324_HARP14390_NOAA14376,2026_HARP14390_20260217_2124_20260218_1812,2026-02-18 13:24:00,14390,14376,0,saved,"(512, 512, 6)",gs://suryabench-sharp-pipeline-bamidele/jsoc_2025_2026_production_v1/samples_npz/2026/20260218_1324_HARP14390_NOAA14376.npz,success,2026-06-24T20:38:30.060281+00:00
20260218_1500_HARP14390_NOAA14376,2026_HARP14390_20260217_2124_20260218_1812,2026-02-18 15:00:00,14390,14376,0,saved,"(512, 512, 6)",gs://suryabench-sharp-pipeline-bamidele/jsoc_2025_2026_production_v1/samples_npz/2026/20260218_1500_HARP14390_NOAA14376.npz,success,2026-06-24T20:38:36.691281+00:00
20260218_1636_HARP14390_NOAA14376,2026_HARP14390_20260217_2124_20260218_1812,2026-02-18 16:36:00,14390,14376,0,saved,"(512, 512, 6)",gs://suryabench-sharp-pipeline-bamidele/jsoc_2025_2026_production_v1/samples_npz/2026/20260218_1636_HARP14390_NOAA14376.npz,success,2026-06-24T20:38:43.300364+00:00
20260218_1812_HARP14390_NOAA14376,2026_HARP14390_20260217_2124_20260218_1812,2026-02-18 18:12:00,14390,14376,0,saved,"(512, 512, 6)",gs://suryabench-sharp-pipeline-bamidele/jsoc_2025_2026_production_v1/samples_npz/2026/20260218_1812_HARP14390_NOAA14376.npz,success,2026-06-24T20:38:49.865078+00:00
20260217_2200_HARP14392_NOAA14377,2026_HARP14392_20260217_2200_20260218_0424,2026-02-17 22:00:00,14392,14377,0,saved,"(512, 512, 6)",gs://suryabench-sharp-pipeline-bamidele/jsoc_2025_2026_production_v1/samples_npz/2026/20260217_2200_HARP14392_NOAA14377.npz,success,2026-06-24T20:47:39.823633+00:00
20260217_2336_HARP14392_NOAA14377,2026_HARP14392_20260217_2200_20260218_0424,2026-02-17 23:36:00,14392,14377,0,saved,"(512, 512, 6)",gs://suryabench-sharp-pipeline-bamidele/jsoc_2025_2026_production_v1/samples_npz/2026/20260217_2336_HARP14392_NOAA14377.npz,success,2026-06-24T20:47:46.298097+00:00
20260218_0112_HARP14392_NOAA14377,2026_HARP14392_20260217_2200_20260218_0424,2026-02-18 01:12:00,14392,14377,0,saved,"(512, 512, 6)",gs://suryabench-sharp-pipeline-bamidele/jsoc_2025_2026_production_v1/samples_npz/2026/20260218_0112_HARP14392_NOAA14377.npz,success,2026-06-24T20:47:52.753312+00:00
20260218_0248_HARP14392_NOAA14377,2026_HARP14392_20260217_2200_20260218_0424,2026-02-18 02:48:00,14392,14377,0,saved,"(512, 512, 6)",gs://suryabench-sharp-pipeline-bamidele/jsoc_2025_2026_production_v1/samples_npz/2026/20260218_0248_HARP14392_NOAA14377.npz,success,2026-06-24T20:47:59.136779+00:00
20260218_0424_HARP14392_NOAA14377,2026_HARP14392_20260217_2200_20260218_0424,2026-02-18 04:24:00,14392,14377,0,saved,"(512, 512, 6)",gs://suryabench-sharp-pipeline-bamidele/jsoc_2025_2026_production_v1/samples_npz/2026/20260218_0424_HARP14392_NOAA14377.npz,success,2026-06-24T20:48:05.646288+00:00
20260217_2212_HARP14379_NOAA14375,2026_HARP14379_20260217_2212_20260218_1724,2026-02-17 22:12:00,14379,14375,0,saved,"(512, 512, 6)",gs://suryabench-sharp-pipeline-bamidele/jsoc_2025_2026_production_v1/samples_npz/2026/20260217_2212_HARP14379_NOAA14375.npz,success,2026-06-24T20:58:58.180857+00:00
20260217_2348_HARP14379_NOAA14375,2026_HARP14379_20260217_2212_20260218_1724,2026-02-17 23:48:00,14379,14375,0,saved,"(512, 512, 6)",gs://suryabench-sharp-pipeline-bamidele/jsoc_2025_2026_production_v1/samples_npz/2026/20260217_2348_HARP14379_NOAA14375.npz,success,2026-06-24T20:59:04.753448+00:00
20260218_0124_HARP14379_NOAA14375,2026_HARP14379_20260217_2212_20260218_1724,2026-02-18 01:24:00,14379,14375,0,saved,"(512, 512, 6)",gs://suryabench-sharp-pipeline-bamidele/jsoc_2025_2026_production_v1/samples_npz/2026/20260218_0124_HARP14379_NOAA14375.npz,success,2026-06-24T20:59:11.365253+00:00
20260218_0300_HARP14379_NOAA14375,2026_HARP14379_20260217_2212_20260218_1724,2026-02-18 03:00:00,14379,14375,0,saved,"(512, 512, 6)",gs://suryabench-sharp-pipeline-bamidele/jsoc_2025_2026_production_v1/samples_npz/2026/20260218_0300_HARP14379_NOAA14375.npz,success,2026-06-24T20:59:17.915931+00:00
20260218_0436_HARP14379_NOAA14375,2026_HARP14379_20260217_2212_20260218_1724,2026-02-18 04:36:00,14379,14375,0,saved,"(512, 512, 6)",gs://suryabench-sharp-pipeline-bamidele/jsoc_2025_2026_production_v1/samples_npz/2026/20260218_0436_HARP14379_NOAA14375.npz,success,2026-06-24T20:59:24.511967+00:00
20260218_0612_HARP14379_NOAA14375,2026_HARP14379_20260217_2212_20260218_1724,2026-02-18 06:12:00,14379,14375,0,saved,"(512, 512, 6)",gs://suryabench-sharp-pipeline-bamidele/jsoc_2025_2026_production_v1/samples_npz/2026/20260218_0612_HARP14379_NOAA14375.npz,success,2026-06-24T20:59:31.170957+00:00
20260218_0748_HARP14379_NOAA14375,2026_HARP14379_20260217_2212_20260218_1724,2026-02-18 07:48:00,14379,14375,0,saved,"(512, 512, 6)",gs://suryabench-sharp-pipeline-bamidele/jsoc_2025_2026_production_v1/samples_npz/2026/20260218_0748_HARP14379_NOAA14375.npz,success,2026-06-24T20:59:37.840629+00:00
20260218_0924_HARP14379_NOAA14375,2026_HARP14379_20260217_2212_20260218_1724,2026-02-18 09:24:00,14379,14375,0,saved,"(512, 512, 6)",gs://suryabench-sharp-pipeline-bamidele/jsoc_2025_2026_production_v1/samples_npz/2026/20260218_0924_HARP14379_NOAA14375.npz,success,2026-06-24T20:59:44.584745+00:00
20260218_1100_HARP14379_NOAA14375,2026_HARP14379_20260217_2212_20260218_1724,2026-02-18 11:00:00,14379,14375,0,saved,"(512, 512, 6)",gs://suryabench-sharp-pipeline-bamidele/jsoc_2025_2026_production_v1/samples_npz/2026/20260218_1100_HARP14379_NOAA14375.npz,success,2026-06-24T20:59:51.317405+00:00
20260218_1236_HARP14379_NOAA14375,2026_HARP14379_20260217_2212_20260218_1724,2026-02-18 12:36:00,14379,14375,0,saved,"(512, 512, 6)",gs://suryabench-sharp-pipeline-bamidele/jsoc_2025_2026_production_v1/samples_npz/2026/20260218_1236_HARP14379_NOAA14375.npz,success,2026-06-24T20:59:58.099754+00:00
20260218_1412_HARP14379_NOAA14375,2026_HARP14379_20260217_2212_20260218_1724,2026-02-18 14:12:00,14379,14375,0,saved,"(512, 512, 6)",gs://suryabench-sharp-pipeline-bamidele/jsoc_2025_2026_production_v1/samples_npz/2026/20260218_1412_HARP14379_NOAA14375.npz,success,2026-06-24T21:00:04.917058+00:00
20260218_1548_HARP14379_NOAA14375,2026_HARP14379_20260217_2212_20260218_1724,2026-02-18 15:48:00,14379,14375,0,saved,"(512, 512, 6)",gs://suryabench-sharp-pipeline-bamidele/jsoc_2025_2026_production_v1/samples_npz/2026/20260218_1548_HARP14379_NOAA14375.npz,success,2026-06-24T21:00:12.880448+00:00
20260218_1724_HARP14379_NOAA14375,2026_HARP14379_20260217_2212_20260218_1724,2026-02-18 17:24:00,14379,14375,0,saved,"(512, 512, 6)",gs://suryabench-sharp-pipeline-bamidele/jsoc_2025_2026_production_v1/samples_npz/2026/20260218_1724_HARP14379_NOAA14375.npz,success,2026-06-24T21:00:19.569434+00:00
20260217_2236_HARP14397_NOAA14376,2026_HARP14397_20260217_2236_20260218_1748,2026-02-17 22:36:00,14397,14376,0,saved,"(512, 512, 6)",gs://suryabench-sharp-pipeline-bamidele/jsoc_2025_2026_production_v1/samples_npz/2026/20260217_2236_HARP14397_NOAA14376.npz,success,2026-06-24T21:10:25.955881+00:00
20260218_0012_HARP14397_NOAA14376,2026_HARP14397_20260217_2236_20260218_1748,2026-02-18 00:12:00,14397,14376,0,saved,"(512, 512, 6)",gs://suryabench-sharp-pipeline-bamidele/jsoc_2025_2026_production_v1/samples_npz/2026/20260218_0012_HARP14397_NOAA14376.npz,success,2026-06-24T21:10:32.605069+00:00
20260218_0148_HARP14397_NOAA14376,2026_HARP14397_20260217_2236_20260218_1748,2026-02-18 01:48:00,14397,14376,0,saved,"(512, 512, 6)",gs://suryabench-sharp-pipeline-bamidele/jsoc_2025_2026_production_v1/samples_npz/2026/20260218_0148_HARP14397_NOAA14376.npz,success,2026-06-24T21:10:39.245508+00:00
20260218_0324_HARP14397_NOAA14376,2026_HARP14397_20260217_2236_20260218_1748,2026-02-18 03:24:00,14397,14376,0,saved,"(512, 512, 6)",gs://suryabench-sharp-pipeline-bamidele/jsoc_2025_2026_production_v1/samples_npz/2026/20260218_0324_HARP14397_NOAA14376.npz,success,2026-06-24T21:10:45.958658+00:00
20260218_0500_HARP14397_NOAA14376,2026_HARP14397_20260217_2236_20260218_1748,2026-02-18 05:00:00,14397,14376,0,saved,"(512, 512, 6)",gs://suryabench-sharp-pipeline-bamidele/jsoc_2025_2026_production_v1/samples_npz/2026/20260218_0500_HARP14397_NOAA14376.npz,success,2026-06-24T21:10:52.471202+00:00
20260218_0636_HARP14397_NOAA14376,2026_HARP14397_20260217_2236_20260218_1748,2026-02-18 06:36:00,14397,14376,0,saved,"(512, 512, 6)",gs://suryabench-sharp-pipeline-bamidele/jsoc_2025_2026_production_v1/samples_npz/2026/20260218_0636_HARP14397_NOAA14376.npz,success,2026-06-24T21:10:59.177223+00:00
20260218_0812_HARP14397_NOAA14376,2026_HARP14397_20260217_2236_20260218_1748,2026-02-18 08:12:00,14397,14376,0,saved,"(512, 512, 6)",gs://suryabench-sharp-pipeline-bamidele/jsoc_2025_2026_production_v1/samples_npz/2026/20260218_0812_HARP14397_NOAA14376.npz,success,2026-06-24T21:11:05.812990+00:00
20260218_0948_HARP14397_NOAA14376,2026_HARP14397_20260217_2236_20260218_1748,2026-02-18 09:48:00,14397,14376,0,saved,"(512, 512, 6)",gs://suryabench-sharp-pipeline-bamidele/jsoc_2025_2026_production_v1/samples_npz/2026/20260218_0948_HARP14397_NOAA14376.npz,success,2026-06-24T21:11:12.382245+00:00
20260218_1124_HARP14397_NOAA14376,2026_HARP14397_20260217_2236_20260218_1748,2026-02-18 11:24:00,14397,14376,0,saved,"(512, 512, 6)",gs://suryabench-sharp-pipeline-bamidele/jsoc_2025_2026_production_v1/samples_npz/2026/20260218_1124_HARP14397_NOAA14376.npz,success,2026-06-24T21:11:18.886100+00:00
20260218_1300_HARP14397_NOAA14376,2026_HARP14397_20260217_2236_20260218_1748,2026-02-18 13:00:00,14397,14376,0,saved,"(512, 512, 6)",gs://suryabench-sharp-pipeline-bamidele/jsoc_2025_2026_production_v1/samples_npz/2026/20260218_1300_HARP14397_NOAA14376.npz,success,2026-06-24T21:11:25.271945+00:00
20260218_1436_HARP14397_NOAA14376,2026_HARP14397_20260217_2236_20260218_1748,2026-02-18 14:36:00,14397,14376,0,saved,"(512, 512, 6)",gs://suryabench-sharp-pipeline-bamidele/jsoc_2025_2026_production_v1/samples_npz/2026/20260218_1436_HARP14397_NOAA14376.npz,success,2026-06-24T21:11:31.630900+00:00
20260218_1612_HARP14397_NOAA14376,2026_HARP14397_20260217_2236_20260218_1748,2026-02-18 16:12:00,14397,14376,0,saved,"(512, 512, 6)",gs://suryabench-sharp-pipeline-bamidele/jsoc_2025_2026_production_v1/samples_npz/2026/20260218_1612_HARP14397_NOAA14376.npz,success,2026-06-24T21:11:37.942390+00:00
20260218_1748_HARP14397_NOAA14376,2026_HARP14397_20260217_2236_20260218_1748,2026-02-18 17:48:00,14397,14376,0,saved,"(512, 512, 6)",gs://suryabench-sharp-pipeline-bamidele/jsoc_2025_2026_production_v1/samples_npz/2026/20260218_1748_HARP14397_NOAA14376.npz,success,2026-06-24T21:11:44.328367+00:00
20260218_0736_HARP14392_NOAA14377,2026_HARP14392_20260218_0736_20260218_1712,2026-02-18 07:36:00,14392,14377,0,saved,"(512, 512, 6)",gs://suryabench-sharp-pipeline-bamidele/jsoc_2025_2026_production_v1/samples_npz/2026/20260218_0736_HARP14392_NOAA14377.npz,success,2026-06-24T21:21:43.644464+00:00
20260218_0912_HARP14392_NOAA14377,2026_HARP14392_20260218_0736_20260218_1712,2026-02-18 09:12:00,14392,14377,0,saved,"(512, 512, 6)",gs://suryabench-sharp-pipeline-bamidele/jsoc_2025_2026_production_v1/samples_npz/2026/20260218_0912_HARP14392_NOAA14377.npz,success,2026-06-24T21:21:50.216632+00:00
20260218_1048_HARP14392_NOAA14377,2026_HARP14392_20260218_0736_20260218_1712,2026-02-18 10:48:00,14392,14377,0,saved,"(512, 512, 6)",gs://suryabench-sharp-pipeline-bamidele/jsoc_2025_2026_production_v1/samples_npz/2026/20260218_1048_HARP14392_NOAA14377.npz,success,2026-06-24T21:21:56.679693+00:00
20260218_1224_HARP14392_NOAA14377,2026_HARP14392_20260218_0736_20260218_1712,2026-02-18 12:24:00,14392,14377,0,saved,"(512, 512, 6)",gs://suryabench-sharp-pipeline-bamidele/jsoc_2025_2026_production_v1/samples_npz/2026/20260218_1224_HARP14392_NOAA14377.npz,success,2026-06-24T21:22:03.205500+00:00
20260218_1400_HARP14392_NOAA14377,2026_HARP14392_20260218_0736_20260218_1712,2026-02-18 14:00:00,14392,14377,0,saved,"(512, 512, 6)",gs://suryabench-sharp-pipeline-bamidele/jsoc_2025_2026_production_v1/samples_npz/2026/20260218_1400_HARP14392_NOAA14377.npz,success,2026-06-24T21:22:09.700254+00:00
20260218_1536_HARP14392_NOAA14377,2026_HARP14392_20260218_0736_20260218_1712,2026-02-18 15:36:00,14392,14377,0,saved,"(512, 512, 6)",gs://suryabench-sharp-pipeline-bamidele/jsoc_2025_2026_production_v1/samples_npz/2026/20260218_1536_HARP14392_NOAA14377.npz,success,2026-06-24T21:22:16.414187+00:00
20260218_1712_HARP14392_NOAA14377,2026_HARP14392_20260218_0736_20260218_1712,2026-02-18 17:12:00,14392,14377,0,saved,"(512, 512, 6)",gs://suryabench-sharp-pipeline-bamidele/jsoc_2025_2026_production_v1/samples_npz/2026/20260218_1712_HARP14392_NOAA14377.npz,success,2026-06-24T21:22:22.903708+00:00
20260219_0024_HARP14379_NOAA14375,2026_HARP14379_20260219_0024_20260219_1448,2026-02-19 00:24:00,14379,14375,0,saved,"(512, 512, 6)",gs://suryabench-sharp-pipeline-bamidele/jsoc_2025_2026_production_v1/samples_npz/2026/20260219_0024_HARP14379_NOAA14375.npz,success,2026-06-24T21:32:49.511896+00:00
20260219_0200_HARP14379_NOAA14375,2026_HARP14379_20260219_0024_20260219_1448,2026-02-19 02:00:00,14379,14375,0,saved,"(512, 512, 6)",gs://suryabench-sharp-pipeline-bamidele/jsoc_2025_2026_production_v1/samples_npz/2026/20260219_0200_HARP14379_NOAA14375.npz,success,2026-06-24T21:32:56.097804+00:00
20260219_0336_HARP14379_NOAA14375,2026_HARP14379_20260219_0024_20260219_1448,2026-02-19 03:36:00,14379,14375,0,saved,"(512, 512, 6)",gs://suryabench-sharp-pipeline-bamidele/jsoc_2025_2026_production_v1/samples_npz/2026/20260219_0336_HARP14379_NOAA14375.npz,success,2026-06-24T21:33:02.772897+00:00
20260219_0512_HARP14379_NOAA14375,2026_HARP14379_20260219_0024_20260219_1448,2026-02-19 05:12:00,14379,14375,0,saved,"(512, 512, 6)",gs://suryabench-sharp-pipeline-bamidele/jsoc_2025_2026_production_v1/samples_npz/2026/20260219_0512_HARP14379_NOAA14375.npz,success,2026-06-24T21:33:09.525796+00:00
20260219_0648_HARP14379_NOAA14375,2026_HARP14379_20260219_0024_20260219_1448,2026-02-19 06:48:00,14379,14375,0,saved,"(512, 512, 6)",gs://suryabench-sharp-pipeline-bamidele/jsoc_2025_2026_production_v1/samples_npz/2026/20260219_0648_HARP14379_NOAA14375.npz,success,2026-06-24T21:33:16.230036+00:00
20260219_0824_HARP14379_NOAA14375,2026_HARP14379_20260219_0024_20260219_1448,2026-02-19 08:24:00,14379,14375,0,saved,"(512, 512, 6)",gs://suryabench-sharp-pipeline-bamidele/jsoc_2025_2026_production_v1/samples_npz/2026/20260219_0824_HARP14379_NOAA14375.npz,success,2026-06-24T21:33:22.934413+00:00
20260219_1000_HARP14379_NOAA14375,2026_HARP14379_20260219_0024_20260219_1448,2026-02-19 10:00:00,14379,14375,0,saved,"(512, 512, 6)",gs://suryabench-sharp-pipeline-bamidele/jsoc_2025_2026_production_v1/samples_npz/2026/20260219_1000_HARP14379_NOAA14375.npz,success,2026-06-24T21:33:29.663430+00:00
20260219_1136_HARP14379_NOAA14375,2026_HARP14379_20260219_0024_20260219_1448,2026-02-19 11:36:00,14379,14375,0,saved,"(512, 512, 6)",gs://suryabench-sharp-pipeline-bamidele/jsoc_2025_2026_production_v1/samples_npz/2026/20260219_1136_HARP14379_NOAA14375.npz,success,2026-06-24T21:33:36.443492+00:00
20260219_1312_HARP14379_NOAA14375,2026_HARP14379_20260219_0024_20260219_1448,2026-02-19 13:12:00,14379,14375,0,saved,"(512, 512, 6)",gs://suryabench-sharp-pipeline-bamidele/jsoc_2025_2026_production_v1/samples_npz/2026/20260219_1312_HARP14379_NOAA14375.npz,success,2026-06-24T21:33:43.172894+00:00
20260219_1448_HARP14379_NOAA14375,2026_HARP14379_20260219_0024_20260219_1448,2026-02-19 14:48:00,14379,14375,0,saved,"(512, 512, 6)",gs://suryabench-sharp-pipeline-bamidele/jsoc_2025_2026_production_v1/samples_npz/2026/20260219_1448_HARP14379_NOAA14375.npz,success,2026-06-24T21:33:49.747239+00:00
20260219_0112_HARP14390_NOAA14376,2026_HARP14390_20260219_0112_20260219_0424,2026-02-19 01:12:00,14390,14376,0,saved,"(512, 512, 6)",gs://suryabench-sharp-pipeline-bamidele/jsoc_2025_2026_production_v1/samples_npz/2026/20260219_0112_HARP14390_NOAA14376.npz,success,2026-06-24T21:41:57.082086+00:00
20260219_0248_HARP14390_NOAA14376,2026_HARP14390_20260219_0112_20260219_0424,2026-02-19 02:48:00,14390,14376,0,saved,"(512, 512, 6)",gs://suryabench-sharp-pipeline-bamidele/jsoc_2025_2026_production_v1/samples_npz/2026/20260219_0248_HARP14390_NOAA14376.npz,success,2026-06-24T21:42:03.526184+00:00
20260219_0424_HARP14390_NOAA14376,2026_HARP14390_20260219_0112_20260219_0424,2026-02-19 04:24:00,14390,14376,0,saved,"(512, 512, 6)",gs://suryabench-sharp-pipeline-bamidele/jsoc_2025_2026_production_v1/samples_npz/2026/20260219_0424_HARP14390_NOAA14376.npz,success,2026-06-24T21:42:10.001577+00:00
20260219_0148_HARP14392_NOAA14377,2026_HARP14392_20260219_0148_20260219_1436,2026-02-19 01:48:00,14392,14377,0,saved,"(512, 512, 6)",gs://suryabench-sharp-pipeline-bamidele/jsoc_2025_2026_production_v1/samples_npz/2026/20260219_0148_HARP14392_NOAA14377.npz,success,2026-06-24T21:51:56.235464+00:00
20260219_0324_HARP14392_NOAA14377,2026_HARP14392_20260219_0148_20260219_1436,2026-02-19 03:24:00,14392,14377,0,saved,"(512, 512, 6)",gs://suryabench-sharp-pipeline-bamidele/jsoc_2025_2026_production_v1/samples_npz/2026/20260219_0324_HARP14392_NOAA14377.npz,success,2026-06-24T21:52:02.933367+00:00
20260219_0500_HARP14392_NOAA14377,2026_HARP14392_20260219_0148_20260219_1436,2026-02-19 05:00:00,14392,14377,0,saved,"(512, 512, 6)",gs://suryabench-sharp-pipeline-bamidele/jsoc_2025_2026_production_v1/samples_npz/2026/20260219_0500_HARP14392_NOAA14377.npz,success,2026-06-24T21:52:09.622301+00:00
20260219_0636_HARP14392_NOAA14377,2026_HARP14392_20260219_0148_20260219_1436,2026-02-19 06:36:00,14392,14377,0,saved,"(512, 512, 6)",gs://suryabench-sharp-pipeline-bamidele/jsoc_2025_2026_production_v1/samples_npz/2026/20260219_0636_HARP14392_NOAA14377.npz,success,2026-06-24T21:52:16.269131+00:00
20260219_0812_HARP14392_NOAA14377,2026_HARP14392_20260219_0148_20260219_1436,2026-02-19 08:12:00,14392,14377,0,saved,"(512, 512, 6)",gs://suryabench-sharp-pipeline-bamidele/jsoc_2025_2026_production_v1/samples_npz/2026/20260219_0812_HARP14392_NOAA14377.npz,success,2026-06-24T21:52:22.910562+00:00
20260219_0948_HARP14392_NOAA14377,2026_HARP14392_20260219_0148_20260219_1436,2026-02-19 09:48:00,14392,14377,0,saved,"(512, 512, 6)",gs://suryabench-sharp-pipeline-bamidele/jsoc_2025_2026_production_v1/samples_npz/2026/20260219_0948_HARP14392_NOAA14377.npz,success,2026-06-24T21:52:29.544849+00:00
20260219_1124_HARP14392_NOAA14377,2026_HARP14392_20260219_0148_20260219_1436,2026-02-19 11:24:00,14392,14377,0,saved,"(512, 512, 6)",gs://suryabench-sharp-pipeline-bamidele/jsoc_2025_2026_production_v1/samples_npz/2026/20260219_1124_HARP14392_NOAA14377.npz,success,2026-06-24T21:52:36.161150+00:00
20260219_1300_HARP14392_NOAA14377,2026_HARP14392_20260219_0148_20260219_1436,2026-02-19 13:00:00,14392,14377,0,saved,"(512, 512, 6)",gs://suryabench-sharp-pipeline-bamidele/jsoc_2025_2026_production_v1/samples_npz/2026/20260219_1300_HARP14392_NOAA14377.npz,success,2026-06-24T21:52:42.781575+00:00
20260219_1436_HARP14392_NOAA14377,2026_HARP14392_20260219_0148_20260219_1436,2026-02-19 14:36:00,14392,14377,0,saved,"(512, 512, 6)",gs://suryabench-sharp-pipeline-bamidele/jsoc_2025_2026_production_v1/samples_npz/2026/20260219_1436_HARP14392_NOAA14377.npz,success,2026-06-24T21:52:50.425243+00:00
20260219_0248_HARP14397_NOAA14376,2026_HARP14397_20260219_0248_20260219_0424,2026-02-19 02:48:00,14397,14376,0,saved,"(512, 512, 6)",gs://suryabench-sharp-pipeline-bamidele/jsoc_2025_2026_production_v1/samples_npz/2026/20260219_0248_HARP14397_NOAA14376.npz,success,2026-06-24T21:59:30.985076+00:00
20260219_0424_HARP14397_NOAA14376,2026_HARP14397_20260219_0248_20260219_0424,2026-02-19 04:24:00,14397,14376,0,saved,"(512, 512, 6)",gs://suryabench-sharp-pipeline-bamidele/jsoc_2025_2026_production_v1/samples_npz/2026/20260219_0424_HARP14397_NOAA14376.npz,success,2026-06-24T21:59:37.637136+00:00
20260219_0736_HARP14390_NOAA14376,2026_HARP14390_20260219_0736_20260220_0424,2026-02-19 07:36:00,14390,14376,0,saved,"(512, 512, 6)",gs://suryabench-sharp-pipeline-bamidele/jsoc_2025_2026_production_v1/samples_npz/2026/20260219_0736_HARP14390_NOAA14376.npz,success,2026-06-24T22:09:57.754003+00:00
20260219_0912_HARP14390_NOAA14376,2026_HARP14390_20260219_0736_20260220_0424,2026-02-19 09:12:00,14390,14376,0,saved,"(512, 512, 6)",gs://suryabench-sharp-pipeline-bamidele/jsoc_2025_2026_production_v1/samples_npz/2026/20260219_0912_HARP14390_NOAA14376.npz,success,2026-06-24T22:10:04.900005+00:00
20260219_1048_HARP14390_NOAA14376,2026_HARP14390_20260219_0736_20260220_0424,2026-02-19 10:48:00,14390,14376,0,saved,"(512, 512, 6)",gs://suryabench-sharp-pipeline-bamidele/jsoc_2025_2026_production_v1/samples_npz/2026/20260219_1048_HARP14390_NOAA14376.npz,success,2026-06-24T22:10:12.073439+00:00
20260219_1224_HARP14390_NOAA14376,2026_HARP14390_20260219_0736_20260220_0424,2026-02-19 12:24:00,14390,14376,0,saved,"(512, 512, 6)",gs://suryabench-sharp-pipeline-bamidele/jsoc_2025_2026_production_v1/samples_npz/2026/20260219_1224_HARP14390_NOAA14376.npz,success,2026-06-24T22:10:19.069013+00:00
20260219_1400_HARP14390_NOAA14376,2026_HARP14390_20260219_0736_20260220_0424,2026-02-19 14:00:00,14390,14376,0,saved,"(512, 512, 6)",gs://suryabench-sharp-pipeline-bamidele/jsoc_2025_2026_production_v1/samples_npz/2026/20260219_1400_HARP14390_NOAA14376.npz,success,2026-06-24T22:10:25.896905+00:00
20260219_1536_HARP14390_NOAA14376,2026_HARP14390_20260219_0736_20260220_0424,2026-02-19 15:36:00,14390,14376,0,saved,"(512, 512, 6)",gs://suryabench-sharp-pipeline-bamidele/jsoc_2025_2026_production_v1/samples_npz/2026/20260219_1536_HARP14390_NOAA14376.npz,success,2026-06-24T22:10:32.663249+00:00
20260219_1712_HARP14390_NOAA14376,2026_HARP14390_20260219_0736_20260220_0424,2026-02-19 17:12:00,14390,14376,0,saved,"(512, 512, 6)",gs://suryabench-sharp-pipeline-bamidele/jsoc_2025_2026_production_v1/samples_npz/2026/20260219_1712_HARP14390_NOAA14376.npz,success,2026-06-24T22:10:39.487365+00:00
20260219_1848_HARP14390_NOAA14376,2026_HARP14390_20260219_0736_20260220_0424,2026-02-19 18:48:00,14390,14376,0,saved,"(512, 512, 6)",gs://suryabench-sharp-pipeline-bamidele/jsoc_2025_2026_production_v1/samples_npz/2026/20260219_1848_HARP14390_NOAA14376.npz,success,2026-06-24T22:10:46.177441+00:00
20260219_2024_HARP14390_NOAA14376,2026_HARP14390_20260219_0736_20260220_0424,2026-02-19 20:24:00,14390,14376,0,saved,"(512, 512, 6)",gs://suryabench-sharp-pipeline-bamidele/jsoc_2025_2026_production_v1/samples_npz/2026/20260219_2024_HARP14390_NOAA14376.npz,success,2026-06-24T22:10:52.810196+00:00
20260219_2200_HARP14390_NOAA14376,2026_HARP14390_20260219_0736_20260220_0424,2026-02-19 22:00:00,14390,14376,0,saved,"(512, 512, 6)",gs://suryabench-sharp-pipeline-bamidele/jsoc_2025_2026_production_v1/samples_npz/2026/20260219_2200_HARP14390_NOAA14376.npz,success,2026-06-24T22:10:59.465285+00:00
20260219_2336_HARP14390_NOAA14376,2026_HARP14390_20260219_0736_20260220_0424,2026-02-19 23:36:00,14390,14376,0,saved,"(512, 512, 6)",gs://suryabench-sharp-pipeline-bamidele/jsoc_2025_2026_production_v1/samples_npz/2026/20260219_2336_HARP14390_NOAA14376.npz,success,2026-06-24T22:11:06.248851+00:00
20260220_0112_HARP14390_NOAA14376,2026_HARP14390_20260219_0736_20260220_0424,2026-02-20 01:12:00,14390,14376,0,saved,"(512, 512, 6)",gs://suryabench-sharp-pipeline-bamidele/jsoc_2025_2026_production_v1/samples_npz/2026/20260220_0112_HARP14390_NOAA14376.npz,success,2026-06-24T22:11:13.119074+00:00
20260220_0248_HARP14390_NOAA14376,2026_HARP14390_20260219_0736_20260220_0424,2026-02-20 02:48:00,14390,14376,0,saved,"(512, 512, 6)",gs://suryabench-sharp-pipeline-bamidele/jsoc_2025_2026_production_v1/samples_npz/2026/20260220_0248_HARP14390_NOAA14376.npz,success,2026-06-24T22:11:19.915133+00:00
20260220_0424_HARP14390_NOAA14376,2026_HARP14390_20260219_0736_20260220_0424,2026-02-20 04:24:00,14390,14376,0,saved,"(512, 512, 6)",gs://suryabench-sharp-pipeline-bamidele/jsoc_2025_2026_production_v1/samples_npz/2026/20260220_0424_HARP14390_NOAA14376.npz,success,2026-06-24T22:11:27.771315+00:00
20260219_0736_HARP14397_NOAA14376,2026_HARP14397_20260219_0736_20260220_0424,2026-02-19 07:36:00,14397,14376,0,saved,"(512, 512, 6)",gs://suryabench-sharp-pipeline-bamidele/jsoc_2025_2026_production_v1/samples_npz/2026/20260219_0736_HARP14397_NOAA14376.npz,success,2026-06-24T22:21:25.197865+00:00
20260219_0912_HARP14397_NOAA14376,2026_HARP14397_20260219_0736_20260220_0424,2026-02-19 09:12:00,14397,14376,0,saved,"(512, 512, 6)",gs://suryabench-sharp-pipeline-bamidele/jsoc_2025_2026_production_v1/samples_npz/2026/20260219_0912_HARP14397_NOAA14376.npz,success,2026-06-24T22:21:32.278320+00:00
20260219_1048_HARP14397_NOAA14376,2026_HARP14397_20260219_0736_20260220_0424,2026-02-19 10:48:00,14397,14376,0,saved,"(512, 512, 6)",gs://suryabench-sharp-pipeline-bamidele/jsoc_2025_2026_production_v1/samples_npz/2026/20260219_1048_HARP14397_NOAA14376.npz,success,2026-06-24T22:21:39.252416+00:00
20260219_1224_HARP14397_NOAA14376,2026_HARP14397_20260219_0736_20260220_0424,2026-02-19 12:24:00,14397,14376,0,saved,"(512, 512, 6)",gs://suryabench-sharp-pipeline-bamidele/jsoc_2025_2026_production_v1/samples_npz/2026/20260219_1224_HARP14397_NOAA14376.npz,success,2026-06-24T22:21:46.178534+00:00
20260219_1400_HARP14397_NOAA14376,2026_HARP14397_20260219_0736_20260220_0424,2026-02-19 14:00:00,14397,14376,0,saved,"(512, 512, 6)",gs://suryabench-sharp-pipeline-bamidele/jsoc_2025_2026_production_v1/samples_npz/2026/20260219_1400_HARP14397_NOAA14376.npz,success,2026-06-24T22:21:53.154116+00:00
20260219_1536_HARP14397_NOAA14376,2026_HARP14397_20260219_0736_20260220_0424,2026-02-19 15:36:00,14397,14376,0,saved,"(512, 512, 6)",gs://suryabench-sharp-pipeline-bamidele/jsoc_2025_2026_production_v1/samples_npz/2026/20260219_1536_HARP14397_NOAA14376.npz,success,2026-06-24T22:22:00.985888+00:00
20260219_1712_HARP14397_NOAA14376,2026_HARP14397_20260219_0736_20260220_0424,2026-02-19 17:12:00,14397,14376,0,saved,"(512, 512, 6)",gs://suryabench-sharp-pipeline-bamidele/jsoc_2025_2026_production_v1/samples_npz/2026/20260219_1712_HARP14397_NOAA14376.npz,success,2026-06-24T22:22:08.019467+00:00
20260219_1848_HARP14397_NOAA14376,2026_HARP14397_20260219_0736_20260220_0424,2026-02-19 18:48:00,14397,14376,0,saved,"(512, 512, 6)",gs://suryabench-sharp-pipeline-bamidele/jsoc_2025_2026_production_v1/samples_npz/2026/20260219_1848_HARP14397_NOAA14376.npz,success,2026-06-24T22:22:14.771445+00:00
20260219_2024_HARP14397_NOAA14376,2026_HARP14397_20260219_0736_20260220_0424,2026-02-19 20:24:00,14397,14376,0,saved,"(512, 512, 6)",gs://suryabench-sharp-pipeline-bamidele/jsoc_2025_2026_production_v1/samples_npz/2026/20260219_2024_HARP14397_NOAA14376.npz,success,2026-06-24T22:22:21.571610+00:00
20260219_2200_HARP14397_NOAA14376,2026_HARP14397_20260219_0736_20260220_0424,2026-02-19 22:00:00,14397,14376,0,saved,"(512, 512, 6)",gs://suryabench-sharp-pipeline-bamidele/jsoc_2025_2026_production_v1/samples_npz/2026/20260219_2200_HARP14397_NOAA14376.npz,success,2026-06-24T22:22:28.401881+00:00
20260219_2336_HARP14397_NOAA14376,2026_HARP14397_20260219_0736_20260220_0424,2026-02-19 23:36:00,14397,14376,0,saved,"(512, 512, 6)",gs://suryabench-sharp-pipeline-bamidele/jsoc_2025_2026_production_v1/samples_npz/2026/20260219_2336_HARP14397_NOAA14376.npz,success,2026-06-24T22:22:35.159795+00:00
20260220_0112_HARP14397_NOAA14376,2026_HARP14397_20260219_0736_20260220_0424,2026-02-20 01:12:00,14397,14376,0,saved,"(512, 512, 6)",gs://suryabench-sharp-pipeline-bamidele/jsoc_2025_2026_production_v1/samples_npz/2026/20260220_0112_HARP14397_NOAA14376.npz,success,2026-06-24T22:22:42.084261+00:00
20260220_0248_HARP14397_NOAA14376,2026_HARP14397_20260219_0736_20260220_0424,2026-02-20 02:48:00,14397,14376,0,saved,"(512, 512, 6)",gs://suryabench-sharp-pipeline-bamidele/jsoc_2025_2026_production_v1/samples_npz/2026/20260220_0248_HARP14397_NOAA14376.npz,success,2026-06-24T22:22:49.016595+00:00
20260220_0424_HARP14397_NOAA14376,2026_HARP14397_20260219_0736_20260220_0424,2026-02-20 04:24:00,14397,14376,0,saved,"(512, 512, 6)",gs://suryabench-sharp-pipeline-bamidele/jsoc_2025_2026_production_v1/samples_npz/2026/20260220_0424_HARP14397_NOAA14376.npz,success,2026-06-24T22:22:55.977882+00:00
20260219_1924_HARP14392_NOAA14377,2026_HARP14392_20260219_1924_20260220_1612,2026-02-19 19:24:00,14392,14377,0,saved,"(512, 512, 6)",gs://suryabench-sharp-pipeline-bamidele/jsoc_2025_2026_production_v1/samples_npz/2026/20260219_1924_HARP14392_NOAA14377.npz,success,2026-06-24T22:32:47.129586+00:00
20260219_2100_HARP14392_NOAA14377,2026_HARP14392_20260219_1924_20260220_1612,2026-02-19 21:00:00,14392,14377,0,saved,"(512, 512, 6)",gs://suryabench-sharp-pipeline-bamidele/jsoc_2025_2026_production_v1/samples_npz/2026/20260219_2100_HARP14392_NOAA14377.npz,success,2026-06-24T22:32:53.711924+00:00
20260219_2236_HARP14392_NOAA14377,2026_HARP14392_20260219_1924_20260220_1612,2026-02-19 22:36:00,14392,14377,0,saved,"(512, 512, 6)",gs://suryabench-sharp-pipeline-bamidele/jsoc_2025_2026_production_v1/samples_npz/2026/20260219_2236_HARP14392_NOAA14377.npz,success,2026-06-24T22:33:00.229496+00:00
20260220_0012_HARP14392_NOAA14377,2026_HARP14392_20260219_1924_20260220_1612,2026-02-20 00:12:00,14392,14377,0,saved,"(512, 512, 6)",gs://suryabench-sharp-pipeline-bamidele/jsoc_2025_2026_production_v1/samples_npz/2026/20260220_0012_HARP14392_NOAA14377.npz,success,2026-06-24T22:33:06.706790+00:00
20260220_0148_HARP14392_NOAA14377,2026_HARP14392_20260219_1924_20260220_1612,2026-02-20 01:48:00,14392,14377,0,saved,"(512, 512, 6)",gs://suryabench-sharp-pipeline-bamidele/jsoc_2025_2026_production_v1/samples_npz/2026/20260220_0148_HARP14392_NOAA14377.npz,success,2026-06-24T22:33:13.190496+00:00
20260220_0324_HARP14392_NOAA14377,2026_HARP14392_20260219_1924_20260220_1612,2026-02-20 03:24:00,14392,14377,0,saved,"(512, 512, 6)",gs://suryabench-sharp-pipeline-bamidele/jsoc_2025_2026_production_v1/samples_npz/2026/20260220_0324_HARP14392_NOAA14377.npz,success,2026-06-24T22:33:19.689457+00:00
20260220_0500_HARP14392_NOAA14377,2026_HARP14392_20260219_1924_20260220_1612,2026-02-20 05:00:00,14392,14377,0,saved,"(512, 512, 6)",gs://suryabench-sharp-pipeline-bamidele/jsoc_2025_2026_production_v1/samples_npz/2026/20260220_0500_HARP14392_NOAA14377.npz,success,2026-06-24T22:33:26.147519+00:00
20260220_0636_HARP14392_NOAA14377,2026_HARP14392_20260219_1924_20260220_1612,2026-02-20 06:36:00,14392,14377,0,saved,"(512, 512, 6)",gs://suryabench-sharp-pipeline-bamidele/jsoc_2025_2026_production_v1/samples_npz/2026/20260220_0636_HARP14392_NOAA14377.npz,success,2026-06-24T22:33:32.569697+00:00
20260220_0812_HARP14392_NOAA14377,2026_HARP14392_20260219_1924_20260220_1612,2026-02-20 08:12:00,14392,14377,0,saved,"(512, 512, 6)",gs://suryabench-sharp-pipeline-bamidele/jsoc_2025_2026_production_v1/samples_npz/2026/20260220_0812_HARP14392_NOAA14377.npz,success,2026-06-24T22:33:38.996367+00:00
20260220_0948_HARP14392_NOAA14377,2026_HARP14392_20260219_1924_20260220_1612,2026-02-20 09:48:00,14392,14377,0,saved,"(512, 512, 6)",gs://suryabench-sharp-pipeline-bamidele/jsoc_2025_2026_production_v1/samples_npz/2026/20260220_0948_HARP14392_NOAA14377.npz,success,2026-06-24T22:33:45.454697+00:00
20260220_1124_HARP14392_NOAA14377,2026_HARP14392_20260219_1924_20260220_1612,2026-02-20 11:24:00,14392,14377,0,saved,"(512, 512, 6)",gs://suryabench-sharp-pipeline-bamidele/jsoc_2025_2026_production_v1/samples_npz/2026/20260220_1124_HARP14392_NOAA14377.npz,success,2026-06-24T22:33:51.899429+00:00
20260220_1300_HARP14392_NOAA14377,2026_HARP14392_20260219_1924_20260220_1612,2026-02-20 13:00:00,14392,14377,0,saved,"(512, 512, 6)",gs://suryabench-sharp-pipeline-bamidele/jsoc_2025_2026_production_v1/samples_npz/2026/20260220_1300_HARP14392_NOAA14377.npz,success,2026-06-24T22:33:58.395095+00:00
20260220_1436_HARP14392_NOAA14377,2026_HARP14392_20260219_1924_20260220_1612,2026-02-20 14:36:00,14392,14377,0,saved,"(512, 512, 6)",gs://suryabench-sharp-pipeline-bamidele/jsoc_2025_2026_production_v1/samples_npz/2026/20260220_1436_HARP14392_NOAA14377.npz,success,2026-06-24T22:34:04.862868+00:00
20260220_1612_HARP14392_NOAA14377,2026_HARP14392_20260219_1924_20260220_1612,2026-02-20 16:12:00,14392,14377,0,saved,"(512, 512, 6)",gs://suryabench-sharp-pipeline-bamidele/jsoc_2025_2026_production_v1/samples_npz/2026/20260220_1612_HARP14392_NOAA14377.npz,success,2026-06-24T22:34:11.788150+00:00
20260220_0736_HARP14390_NOAA14376,2026_HARP14390_20260220_0736_20260220_1536,2026-02-20 07:36:00,14390,14376,0,saved,"(512, 512, 6)",gs://suryabench-sharp-pipeline-bamidele/jsoc_2025_2026_production_v1/samples_npz/2026/20260220_0736_HARP14390_NOAA14376.npz,success,2026-06-24T22:42:02.041490+00:00
20260220_0912_HARP14390_NOAA14376,2026_HARP14390_20260220_0736_20260220_1536,2026-02-20 09:12:00,14390,14376,0,saved,"(512, 512, 6)",gs://suryabench-sharp-pipeline-bamidele/jsoc_2025_2026_production_v1/samples_npz/2026/20260220_0912_HARP14390_NOAA14376.npz,success,2026-06-24T22:42:08.480104+00:00
20260220_1048_HARP14390_NOAA14376,2026_HARP14390_20260220_0736_20260220_1536,2026-02-20 10:48:00,14390,14376,0,saved,"(512, 512, 6)",gs://suryabench-sharp-pipeline-bamidele/jsoc_2025_2026_production_v1/samples_npz/2026/20260220_1048_HARP14390_NOAA14376.npz,success,2026-06-24T22:42:14.901977+00:00
20260220_1224_HARP14390_NOAA14376,2026_HARP14390_20260220_0736_20260220_1536,2026-02-20 12:24:00,14390,14376,0,saved,"(512, 512, 6)",gs://suryabench-sharp-pipeline-bamidele/jsoc_2025_2026_production_v1/samples_npz/2026/20260220_1224_HARP14390_NOAA14376.npz,success,2026-06-24T22:42:21.253371+00:00
20260220_1400_HARP14390_NOAA14376,2026_HARP14390_20260220_0736_20260220_1536,2026-02-20 14:00:00,14390,14376,0,saved,"(512, 512, 6)",gs://suryabench-sharp-pipeline-bamidele/jsoc_2025_2026_production_v1/samples_npz/2026/20260220_1400_HARP14390_NOAA14376.npz,success,2026-06-24T22:42:27.657933+00:00
20260220_1536_HARP14390_NOAA14376,2026_HARP14390_20260220_0736_20260220_1536,2026-02-20 15:36:00,14390,14376,0,saved,"(512, 512, 6)",gs://suryabench-sharp-pipeline-bamidele/jsoc_2025_2026_production_v1/samples_npz/2026/20260220_1536_HARP14390_NOAA14376.npz,success,2026-06-24T22:42:34.001364+00:00
20260220_0736_HARP14397_NOAA14376,2026_HARP14397_20260220_0736_20260220_1536,2026-02-20 07:36:00,14397,14376,0,saved,"(512, 512, 6)",gs://suryabench-sharp-pipeline-bamidele/jsoc_2025_2026_production_v1/samples_npz/2026/20260220_0736_HARP14397_NOAA14376.npz,success,2026-06-24T22:52:01.271270+00:00
20260220_0912_HARP14397_NOAA14376,2026_HARP14397_20260220_0736_20260220_1536,2026-02-20 09:12:00,14397,14376,0,saved,"(512, 512, 6)",gs://suryabench-sharp-pipeline-bamidele/jsoc_2025_2026_production_v1/samples_npz/2026/20260220_0912_HARP14397_NOAA14376.npz,success,2026-06-24T22:52:07.667151+00:00
20260220_1048_HARP14397_NOAA14376,2026_HARP14397_20260220_0736_20260220_1536,2026-02-20 10:48:00,14397,14376,0,saved,"(512, 512, 6)",gs://suryabench-sharp-pipeline-bamidele/jsoc_2025_2026_production_v1/samples_npz/2026/20260220_1048_HARP14397_NOAA14376.npz,success,2026-06-24T22:52:14.086714+00:00
20260220_1224_HARP14397_NOAA14376,2026_HARP14397_20260220_0736_20260220_1536,2026-02-20 12:24:00,14397,14376,0,saved,"(512, 512, 6)",gs://suryabench-sharp-pipeline-bamidele/jsoc_2025_2026_production_v1/samples_npz/2026/20260220_1224_HARP14397_NOAA14376.npz,success,2026-06-24T22:52:20.456113+00:00
20260220_1400_HARP14397_NOAA14376,2026_HARP14397_20260220_0736_20260220_1536,2026-02-20 14:00:00,14397,14376,0,saved,"(512, 512, 6)",gs://suryabench-sharp-pipeline-bamidele/jsoc_2025_2026_production_v1/samples_npz/2026/20260220_1400_HARP14397_NOAA14376.npz,success,2026-06-24T22:52:26.892010+00:00
20260220_1536_HARP14397_NOAA14376,2026_HARP14397_20260220_0736_20260220_1536,2026-02-20 15:36:00,14397,14376,0,saved,"(512, 512, 6)",gs://suryabench-sharp-pipeline-bamidele/jsoc_2025_2026_production_v1/samples_npz/2026/20260220_1536_HARP14397_NOAA14376.npz,success,2026-06-24T22:52:33.296879+00:00
20260220_1936_HARP14392_NOAA14377,2026_HARP14392_20260220_1936_20260220_1936,2026-02-20 19:36:00,14392,14377,0,saved,"(512, 512, 6)",gs://suryabench-sharp-pipeline-bamidele/jsoc_2025_2026_production_v1/samples_npz/2026/20260220_1936_HARP14392_NOAA14377.npz,success,2026-06-24T22:59:37.502532+00:00
20260220_2212_HARP14397_NOAA14376,2026_HARP14397_20260220_2212_20260221_1900,2026-02-20 22:12:00,14397,14376,0,saved,"(512, 512, 6)",gs://suryabench-sharp-pipeline-bamidele/jsoc_2025_2026_production_v1/samples_npz/2026/20260220_2212_HARP14397_NOAA14376.npz,success,2026-06-24T23:09:42.108296+00:00
20260220_2348_HARP14397_NOAA14376,2026_HARP14397_20260220_2212_20260221_1900,2026-02-20 23:48:00,14397,14376,0,saved,"(512, 512, 6)",gs://suryabench-sharp-pipeline-bamidele/jsoc_2025_2026_production_v1/samples_npz/2026/20260220_2348_HARP14397_NOAA14376.npz,success,2026-06-24T23:09:48.560383+00:00
20260221_0124_HARP14397_NOAA14376,2026_HARP14397_20260220_2212_20260221_1900,2026-02-21 01:24:00,14397,14376,0,saved,"(512, 512, 6)",gs://suryabench-sharp-pipeline-bamidele/jsoc_2025_2026_production_v1/samples_npz/2026/20260221_0124_HARP14397_NOAA14376.npz,success,2026-06-24T23:09:54.999315+00:00
20260221_0300_HARP14397_NOAA14376,2026_HARP14397_20260220_2212_20260221_1900,2026-02-21 03:00:00,14397,14376,0,saved,"(512, 512, 6)",gs://suryabench-sharp-pipeline-bamidele/jsoc_2025_2026_production_v1/samples_npz/2026/20260221_0300_HARP14397_NOAA14376.npz,success,2026-06-24T23:10:01.366478+00:00
20260221_0436_HARP14397_NOAA14376,2026_HARP14397_20260220_2212_20260221_1900,2026-02-21 04:36:00,14397,14376,0,saved,"(512, 512, 6)",gs://suryabench-sharp-pipeline-bamidele/jsoc_2025_2026_production_v1/samples_npz/2026/20260221_0436_HARP14397_NOAA14376.npz,success,2026-06-24T23:10:07.746792+00:00
20260221_0612_HARP14397_NOAA14376,2026_HARP14397_20260220_2212_20260221_1900,2026-02-21 06:12:00,14397,14376,0,saved,"(512, 512, 6)",gs://suryabench-sharp-pipeline-bamidele/jsoc_2025_2026_production_v1/samples_npz/2026/20260221_0612_HARP14397_NOAA14376.npz,success,2026-06-24T23:10:14.094065+00:00
20260221_0748_HARP14397_NOAA14376,2026_HARP14397_20260220_2212_20260221_1900,2026-02-21 07:48:00,14397,14376,0,saved,"(512, 512, 6)",gs://suryabench-sharp-pipeline-bamidele/jsoc_2025_2026_production_v1/samples_npz/2026/20260221_0748_HARP14397_NOAA14376.npz,success,2026-06-24T23:10:20.803721+00:00
20260221_0924_HARP14397_NOAA14376,2026_HARP14397_20260220_2212_20260221_1900,2026-02-21 09:24:00,14397,14376,0,saved,"(512, 512, 6)",gs://suryabench-sharp-pipeline-bamidele/jsoc_2025_2026_production_v1/samples_npz/2026/20260221_0924_HARP14397_NOAA14376.npz,success,2026-06-24T23:10:27.318321+00:00
20260221_1100_HARP14397_NOAA14376,2026_HARP14397_20260220_2212_20260221_1900,2026-02-21 11:00:00,14397,14376,0,saved,"(512, 512, 6)",gs://suryabench-sharp-pipeline-bamidele/jsoc_2025_2026_production_v1/samples_npz/2026/20260221_1100_HARP14397_NOAA14376.npz,success,2026-06-24T23:10:33.784445+00:00
20260221_1236_HARP14397_NOAA14376,2026_HARP14397_20260220_2212_20260221_1900,2026-02-21 12:36:00,14397,14376,0,saved,"(512, 512, 6)",gs://suryabench-sharp-pipeline-bamidele/jsoc_2025_2026_production_v1/samples_npz/2026/20260221_1236_HARP14397_NOAA14376.npz,success,2026-06-24T23:10:40.296118+00:00
20260221_1412_HARP14397_NOAA14376,2026_HARP14397_20260220_2212_20260221_1900,2026-02-21 14:12:00,14397,14376,0,saved,"(512, 512, 6)",gs://suryabench-sharp-pipeline-bamidele/jsoc_2025_2026_production_v1/samples_npz/2026/20260221_1412_HARP14397_NOAA14376.npz,success,2026-06-24T23:10:46.905299+00:00
20260221_1548_HARP14397_NOAA14376,2026_HARP14397_20260220_2212_20260221_1900,2026-02-21 15:48:00,14397,14376,0,saved,"(512, 512, 6)",gs://suryabench-sharp-pipeline-bamidele/jsoc_2025_2026_production_v1/samples_npz/2026/20260221_1548_HARP14397_NOAA14376.npz,success,2026-06-24T23:10:53.440105+00:00
20260221_1724_HARP14397_NOAA14376,2026_HARP14397_20260220_2212_20260221_1900,2026-02-21 17:24:00,14397,14376,0,saved,"(512, 512, 6)",gs://suryabench-sharp-pipeline-bamidele/jsoc_2025_2026_production_v1/samples_npz/2026/20260221_1724_HARP14397_NOAA14376.npz,success,2026-06-24T23:11:00.032589+00:00
20260221_1900_HARP14397_NOAA14376,2026_HARP14397_20260220_2212_20260221_1900,2026-02-21 19:00:00,14397,14376,0,saved,"(512, 512, 6)",gs://suryabench-sharp-pipeline-bamidele/jsoc_2025_2026_production_v1/samples_npz/2026/20260221_1900_HARP14397_NOAA14376.npz,success,2026-06-24T23:11:06.660262+00:00
20260220_2248_HARP14392_NOAA14377,2026_HARP14392_20260220_2248_20260221_1624,2026-02-20 22:48:00,14392,14377,0,saved,"(512, 512, 6)",gs://suryabench-sharp-pipeline-bamidele/jsoc_2025_2026_production_v1/samples_npz/2026/20260220_2248_HARP14392_NOAA14377.npz,success,2026-06-24T23:21:06.253035+00:00
20260221_0024_HARP14392_NOAA14377,2026_HARP14392_20260220_2248_20260221_1624,2026-02-21 00:24:00,14392,14377,0,saved,"(512, 512, 6)",gs://suryabench-sharp-pipeline-bamidele/jsoc_2025_2026_production_v1/samples_npz/2026/20260221_0024_HARP14392_NOAA14377.npz,success,2026-06-24T23:21:12.771592+00:00
20260221_0200_HARP14392_NOAA14377,2026_HARP14392_20260220_2248_20260221_1624,2026-02-21 02:00:00,14392,14377,0,saved,"(512, 512, 6)",gs://suryabench-sharp-pipeline-bamidele/jsoc_2025_2026_production_v1/samples_npz/2026/20260221_0200_HARP14392_NOAA14377.npz,success,2026-06-24T23:21:19.171673+00:00
20260221_0336_HARP14392_NOAA14377,2026_HARP14392_20260220_2248_20260221_1624,2026-02-21 03:36:00,14392,14377,0,saved,"(512, 512, 6)",gs://suryabench-sharp-pipeline-bamidele/jsoc_2025_2026_production_v1/samples_npz/2026/20260221_0336_HARP14392_NOAA14377.npz,success,2026-06-24T23:21:25.607356+00:00
20260221_0512_HARP14392_NOAA14377,2026_HARP14392_20260220_2248_20260221_1624,2026-02-21 05:12:00,14392,14377,0,saved,"(512, 512, 6)",gs://suryabench-sharp-pipeline-bamidele/jsoc_2025_2026_production_v1/samples_npz/2026/20260221_0512_HARP14392_NOAA14377.npz,success,2026-06-24T23:21:32.028683+00:00
20260221_0648_HARP14392_NOAA14377,2026_HARP14392_20260220_2248_20260221_1624,2026-02-21 06:48:00,14392,14377,0,saved,"(512, 512, 6)",gs://suryabench-sharp-pipeline-bamidele/jsoc_2025_2026_production_v1/samples_npz/2026/20260221_0648_HARP14392_NOAA14377.npz,success,2026-06-24T23:21:38.471200+00:00
20260221_0824_HARP14392_NOAA14377,2026_HARP14392_20260220_2248_20260221_1624,2026-02-21 08:24:00,14392,14377,0,saved,"(512, 512, 6)",gs://suryabench-sharp-pipeline-bamidele/jsoc_2025_2026_production_v1/samples_npz/2026/20260221_0824_HARP14392_NOAA14377.npz,success,2026-06-24T23:21:44.946367+00:00
20260221_1000_HARP14392_NOAA14377,2026_HARP14392_20260220_2248_20260221_1624,2026-02-21 10:00:00,14392,14377,0,saved,"(512, 512, 6)",gs://suryabench-sharp-pipeline-bamidele/jsoc_2025_2026_production_v1/samples_npz/2026/20260221_1000_HARP14392_NOAA14377.npz,success,2026-06-24T23:21:51.399694+00:00
20260221_1136_HARP14392_NOAA14377,2026_HARP14392_20260220_2248_20260221_1624,2026-02-21 11:36:00,14392,14377,0,saved,"(512, 512, 6)",gs://suryabench-sharp-pipeline-bamidele/jsoc_2025_2026_production_v1/samples_npz/2026/20260221_1136_HARP14392_NOAA14377.npz,success,2026-06-24T23:21:57.944914+00:00
20260221_1312_HARP14392_NOAA14377,2026_HARP14392_20260220_2248_20260221_1624,2026-02-21 13:12:00,14392,14377,0,saved,"(512, 512, 6)",gs://suryabench-sharp-pipeline-bamidele/jsoc_2025_2026_production_v1/samples_npz/2026/20260221_1312_HARP14392_NOAA14377.npz,success,2026-06-24T23:22:04.601700+00:00
20260221_1448_HARP14392_NOAA14377,2026_HARP14392_20260220_2248_20260221_1624,2026-02-21 14:48:00,14392,14377,0,saved,"(512, 512, 6)",gs://suryabench-sharp-pipeline-bamidele/jsoc_2025_2026_production_v1/samples_npz/2026/20260221_1448_HARP14392_NOAA14377.npz,success,2026-06-24T23:22:11.195215+00:00
20260221_1624_HARP14392_NOAA14377,2026_HARP14392_20260220_2248_20260221_1624,2026-02-21 16:24:00,14392,14377,0,saved,"(512, 512, 6)",gs://suryabench-sharp-pipeline-bamidele/jsoc_2025_2026_production_v1/samples_npz/2026/20260221_1624_HARP14392_NOAA14377.npz,success,2026-06-24T23:22:17.794579+00:00
20260221_1936_HARP14392_NOAA14377,2026_HARP14392_20260221_1936_20260222_0336,2026-02-21 19:36:00,14392,14377,0,saved,"(512, 512, 6)",gs://suryabench-sharp-pipeline-bamidele/jsoc_2025_2026_production_v1/samples_npz/2026/20260221_1936_HARP14392_NOAA14377.npz,success,2026-06-24T23:30:57.809380+00:00
20260221_2112_HARP14392_NOAA14377,2026_HARP14392_20260221_1936_20260222_0336,2026-02-21 21:12:00,14392,14377,0,saved,"(512, 512, 6)",gs://suryabench-sharp-pipeline-bamidele/jsoc_2025_2026_production_v1/samples_npz/2026/20260221_2112_HARP14392_NOAA14377.npz,success,2026-06-24T23:31:04.240001+00:00
20260221_2248_HARP14392_NOAA14377,2026_HARP14392_20260221_1936_20260222_0336,2026-02-21 22:48:00,14392,14377,0,saved,"(512, 512, 6)",gs://suryabench-sharp-pipeline-bamidele/jsoc_2025_2026_production_v1/samples_npz/2026/20260221_2248_HARP14392_NOAA14377.npz,success,2026-06-24T23:31:10.757674+00:00
20260222_0024_HARP14392_NOAA14377,2026_HARP14392_20260221_1936_20260222_0336,2026-02-22 00:24:00,14392,14377,0,saved,"(512, 512, 6)",gs://suryabench-sharp-pipeline-bamidele/jsoc_2025_2026_production_v1/samples_npz/2026/20260222_0024_HARP14392_NOAA14377.npz,success,2026-06-24T23:31:17.163423+00:00
20260222_0200_HARP14392_NOAA14377,2026_HARP14392_20260221_1936_20260222_0336,2026-02-22 02:00:00,14392,14377,0,saved,"(512, 512, 6)",gs://suryabench-sharp-pipeline-bamidele/jsoc_2025_2026_production_v1/samples_npz/2026/20260222_0200_HARP14392_NOAA14377.npz,success,2026-06-24T23:31:23.604916+00:00
20260222_0336_HARP14392_NOAA14377,2026_HARP14392_20260221_1936_20260222_0336,2026-02-22 03:36:00,14392,14377,0,saved,"(512, 512, 6)",gs://suryabench-sharp-pipeline-bamidele/jsoc_2025_2026_production_v1/samples_npz/2026/20260222_0336_HARP14392_NOAA14377.npz,success,2026-06-24T23:31:29.972925+00:00
20260227_0036_HARP14445_NOAA14383,2026_HARP14445_20260227_0036_20260227_2300,2026-02-27 00:36:00,14445,14383,0,saved,"(512, 512, 6)",gs://suryabench-sharp-pipeline-bamidele/jsoc_2025_2026_production_v1/samples_npz/2026/20260227_0036_HARP14445_NOAA14383.npz,success,2026-06-24T23:41:25.788885+00:00
20260227_0212_HARP14445_NOAA14383,2026_HARP14445_20260227_0036_20260227_2300,2026-02-27 02:12:00,14445,14383,0,saved,"(512, 512, 6)",gs://suryabench-sharp-pipeline-bamidele/jsoc_2025_2026_production_v1/samples_npz/2026/20260227_0212_HARP14445_NOAA14383.npz,success,2026-06-24T23:41:32.314090+00:00
20260227_0348_HARP14445_NOAA14383,2026_HARP14445_20260227_0036_20260227_2300,2026-02-27 03:48:00,14445,14383,0,saved,"(512, 512, 6)",gs://suryabench-sharp-pipeline-bamidele/jsoc_2025_2026_production_v1/samples_npz/2026/20260227_0348_HARP14445_NOAA14383.npz,success,2026-06-24T23:41:38.643598+00:00
20260227_0524_HARP14445_NOAA14383,2026_HARP14445_20260227_0036_20260227_2300,2026-02-27 05:24:00,14445,14383,0,saved,"(512, 512, 6)",gs://suryabench-sharp-pipeline-bamidele/jsoc_2025_2026_production_v1/samples_npz/2026/20260227_0524_HARP14445_NOAA14383.npz,success,2026-06-24T23:41:44.977787+00:00
20260227_0700_HARP14445_NOAA14383,2026_HARP14445_20260227_0036_20260227_2300,2026-02-27 07:00:00,14445,14383,0,saved,"(512, 512, 6)",gs://suryabench-sharp-pipeline-bamidele/jsoc_2025_2026_production_v1/samples_npz/2026/20260227_0700_HARP14445_NOAA14383.npz,success,2026-06-24T23:41:51.339505+00:00
20260227_0836_HARP14445_NOAA14383,2026_HARP14445_20260227_0036_20260227_2300,2026-02-27 08:36:00,14445,14383,0,saved,"(512, 512, 6)",gs://suryabench-sharp-pipeline-bamidele/jsoc_2025_2026_production_v1/samples_npz/2026/20260227_0836_HARP14445_NOAA14383.npz,success,2026-06-24T23:41:57.685279+00:00
20260227_1012_HARP14445_NOAA14383,2026_HARP14445_20260227_0036_20260227_2300,2026-02-27 10:12:00,14445,14383,0,saved,"(512, 512, 6)",gs://suryabench-sharp-pipeline-bamidele/jsoc_2025_2026_production_v1/samples_npz/2026/20260227_1012_HARP14445_NOAA14383.npz,success,2026-06-24T23:42:05.260910+00:00
20260227_1148_HARP14445_NOAA14383,2026_HARP14445_20260227_0036_20260227_2300,2026-02-27 11:48:00,14445,14383,0,saved,"(512, 512, 6)",gs://suryabench-sharp-pipeline-bamidele/jsoc_2025_2026_production_v1/samples_npz/2026/20260227_1148_HARP14445_NOAA14383.npz,success,2026-06-24T23:42:11.922003+00:00
20260227_1324_HARP14445_NOAA14383,2026_HARP14445_20260227_0036_20260227_2300,2026-02-27 13:24:00,14445,14383,0,saved,"(512, 512, 6)",gs://suryabench-sharp-pipeline-bamidele/jsoc_2025_2026_production_v1/samples_npz/2026/20260227_1324_HARP14445_NOAA14383.npz,success,2026-06-24T23:42:18.368455+00:00
20260227_1500_HARP14445_NOAA14383,2026_HARP14445_20260227_0036_20260227_2300,2026-02-27 15:00:00,14445,14383,0,saved,"(512, 512, 6)",gs://suryabench-sharp-pipeline-bamidele/jsoc_2025_2026_production_v1/samples_npz/2026/20260227_1500_HARP14445_NOAA14383.npz,success,2026-06-24T23:42:24.771693+00:00
20260227_1636_HARP14445_NOAA14383,2026_HARP14445_20260227_0036_20260227_2300,2026-02-27 16:36:00,14445,14383,0,saved,"(512, 512, 6)",gs://suryabench-sharp-pipeline-bamidele/jsoc_2025_2026_production_v1/samples_npz/2026/20260227_1636_HARP14445_NOAA14383.npz,success,2026-06-24T23:42:31.152369+00:00
20260227_1812_HARP14445_NOAA14383,2026_HARP14445_20260227_0036_20260227_2300,2026-02-27 18:12:00,14445,14383,0,saved,"(512, 512, 6)",gs://suryabench-sharp-pipeline-bamidele/jsoc_2025_2026_production_v1/samples_npz/2026/20260227_1812_HARP14445_NOAA14383.npz,success,2026-06-24T23:42:37.469223+00:00
20260227_1948_HARP14445_NOAA14383,2026_HARP14445_20260227_0036_20260227_2300,2026-02-27 19:48:00,14445,14383,0,saved,"(512, 512, 6)",gs://suryabench-sharp-pipeline-bamidele/jsoc_2025_2026_production_v1/samples_npz/2026/20260227_1948_HARP14445_NOAA14383.npz,success,2026-06-24T23:42:43.853935+00:00
20260227_2124_HARP14445_NOAA14383,2026_HARP14445_20260227_0036_20260227_2300,2026-02-27 21:24:00,14445,14383,0,saved,"(512, 512, 6)",gs://suryabench-sharp-pipeline-bamidele/jsoc_2025_2026_production_v1/samples_npz/2026/20260227_2124_HARP14445_NOAA14383.npz,success,2026-06-24T23:42:50.176398+00:00
20260227_2300_HARP14445_NOAA14383,2026_HARP14445_20260227_0036_20260227_2300,2026-02-27 23:00:00,14445,14383,0,saved,"(512, 512, 6)",gs://suryabench-sharp-pipeline-bamidele/jsoc_2025_2026_production_v1/samples_npz/2026/20260227_2300_HARP14445_NOAA14383.npz,success,2026-06-24T23:42:56.479734+00:00
20260227_1536_HARP14453_NOAA14382,2026_HARP14453_20260227_1536_20260227_2024,2026-02-27 15:36:00,14453,14382,0,saved,"(512, 512, 6)",gs://suryabench-sharp-pipeline-bamidele/jsoc_2025_2026_production_v1/samples_npz/2026/20260227_1536_HARP14453_NOAA14382.npz,success,2026-06-24T23:52:32.354326+00:00
20260227_1712_HARP14453_NOAA14382,2026_HARP14453_20260227_1536_20260227_2024,2026-02-27 17:12:00,14453,14382,0,saved,"(512, 512, 6)",gs://suryabench-sharp-pipeline-bamidele/jsoc_2025_2026_production_v1/samples_npz/2026/20260227_1712_HARP14453_NOAA14382.npz,success,2026-06-24T23:52:38.900773+00:00
20260227_1848_HARP14453_NOAA14382,2026_HARP14453_20260227_1536_20260227_2024,2026-02-27 18:48:00,14453,14382,0,saved,"(512, 512, 6)",gs://suryabench-sharp-pipeline-bamidele/jsoc_2025_2026_production_v1/samples_npz/2026/20260227_1848_HARP14453_NOAA14382.npz,success,2026-06-24T23:52:45.382216+00:00
20260227_2024_HARP14453_NOAA14382,2026_HARP14453_20260227_1536_20260227_2024,2026-02-27 20:24:00,14453,14382,0,saved,"(512, 512, 6)",gs://suryabench-sharp-pipeline-bamidele/jsoc_2025_2026_production_v1/samples_npz/2026/20260227_2024_HARP14453_NOAA14382.npz,success,2026-06-24T23:52:51.972949+00:00
20260227_2336_HARP14453_NOAA14382,2026_HARP14453_20260227_2336_20260228_0424,2026-02-27 23:36:00,14453,14382,0,saved,"(512, 512, 6)",gs://suryabench-sharp-pipeline-bamidele/jsoc_2025_2026_production_v1/samples_npz/2026/20260227_2336_HARP14453_NOAA14382.npz,success,2026-06-25T00:00:39.318033+00:00
20260228_0112_HARP14453_NOAA14382,2026_HARP14453_20260227_2336_20260228_0424,2026-02-28 01:12:00,14453,14382,0,saved,"(512, 512, 6)",gs://suryabench-sharp-pipeline-bamidele/jsoc_2025_2026_production_v1/samples_npz/2026/20260228_0112_HARP14453_NOAA14382.npz,success,2026-06-25T00:00:45.742014+00:00
20260228_0248_HARP14453_NOAA14382,2026_HARP14453_20260227_2336_20260228_0424,2026-02-28 02:48:00,14453,14382,0,saved,"(512, 512, 6)",gs://suryabench-sharp-pipeline-bamidele/jsoc_2025_2026_production_v1/samples_npz/2026/20260228_0248_HARP14453_NOAA14382.npz,success,2026-06-25T00:00:52.011265+00:00
20260228_0424_HARP14453_NOAA14382,2026_HARP14453_20260227_2336_20260228_0424,2026-02-28 04:24:00,14453,14382,0,saved,"(512, 512, 6)",gs://suryabench-sharp-pipeline-bamidele/jsoc_2025_2026_production_v1/samples_npz/2026/20260228_0424_HARP14453_NOAA14382.npz,success,2026-06-25T00:00:58.260038+00:00
20260228_0036_HARP14445_NOAA14383,2026_HARP14445_20260228_0036_20260228_2300,2026-02-28 00:36:00,14445,14383,0,saved,"(512, 512, 6)",gs://suryabench-sharp-pipeline-bamidele/jsoc_2025_2026_production_v1/samples_npz/2026/20260228_0036_HARP14445_NOAA14383.npz,success,2026-06-25T00:10:57.305007+00:00
20260228_0212_HARP14445_NOAA14383,2026_HARP14445_20260228_0036_20260228_2300,2026-02-28 02:12:00,14445,14383,0,saved,"(512, 512, 6)",gs://suryabench-sharp-pipeline-bamidele/jsoc_2025_2026_production_v1/samples_npz/2026/20260228_0212_HARP14445_NOAA14383.npz,success,2026-06-25T00:11:03.656627+00:00
20260228_0348_HARP14445_NOAA14383,2026_HARP14445_20260228_0036_20260228_2300,2026-02-28 03:48:00,14445,14383,0,saved,"(512, 512, 6)",gs://suryabench-sharp-pipeline-bamidele/jsoc_2025_2026_production_v1/samples_npz/2026/20260228_0348_HARP14445_NOAA14383.npz,success,2026-06-25T00:11:10.050134+00:00
20260228_0524_HARP14445_NOAA14383,2026_HARP14445_20260228_0036_20260228_2300,2026-02-28 05:24:00,14445,14383,0,saved,"(512, 512, 6)",gs://suryabench-sharp-pipeline-bamidele/jsoc_2025_2026_production_v1/samples_npz/2026/20260228_0524_HARP14445_NOAA14383.npz,success,2026-06-25T00:11:16.358210+00:00
20260228_0700_HARP14445_NOAA14383,2026_HARP14445_20260228_0036_20260228_2300,2026-02-28 07:00:00,14445,14383,0,saved,"(512, 512, 6)",gs://suryabench-sharp-pipeline-bamidele/jsoc_2025_2026_production_v1/samples_npz/2026/20260228_0700_HARP14445_NOAA14383.npz,success,2026-06-25T00:11:22.690877+00:00
20260228_0836_HARP14445_NOAA14383,2026_HARP14445_20260228_0036_20260228_2300,2026-02-28 08:36:00,14445,14383,0,saved,"(512, 512, 6)",gs://suryabench-sharp-pipeline-bamidele/jsoc_2025_2026_production_v1/samples_npz/2026/20260228_0836_HARP14445_NOAA14383.npz,success,2026-06-25T00:11:29.005584+00:00
20260228_1012_HARP14445_NOAA14383,2026_HARP14445_20260228_0036_20260228_2300,2026-02-28 10:12:00,14445,14383,0,saved,"(512, 512, 6)",gs://suryabench-sharp-pipeline-bamidele/jsoc_2025_2026_production_v1/samples_npz/2026/20260228_1012_HARP14445_NOAA14383.npz,success,2026-06-25T00:11:35.316456+00:00
20260228_1148_HARP14445_NOAA14383,2026_HARP14445_20260228_0036_20260228_2300,2026-02-28 11:48:00,14445,14383,0,saved,"(512, 512, 6)",gs://suryabench-sharp-pipeline-bamidele/jsoc_2025_2026_production_v1/samples_npz/2026/20260228_1148_HARP14445_NOAA14383.npz,success,2026-06-25T00:11:41.615577+00:00
20260228_1324_HARP14445_NOAA14383,2026_HARP14445_20260228_0036_20260228_2300,2026-02-28 13:24:00,14445,14383,0,saved,"(512, 512, 6)",gs://suryabench-sharp-pipeline-bamidele/jsoc_2025_2026_production_v1/samples_npz/2026/20260228_1324_HARP14445_NOAA14383.npz,success,2026-06-25T00:11:47.925449+00:00
20260228_1500_HARP14445_NOAA14383,2026_HARP14445_20260228_0036_20260228_2300,2026-02-28 15:00:00,14445,14383,0,saved,"(512, 512, 6)",gs://suryabench-sharp-pipeline-bamidele/jsoc_2025_2026_production_v1/samples_npz/2026/20260228_1500_HARP14445_NOAA14383.npz,success,2026-06-25T00:11:54.322976+00:00
20260228_1636_HARP14445_NOAA14383,2026_HARP14445_20260228_0036_20260228_2300,2026-02-28 16:36:00,14445,14383,0,saved,"(512, 512, 6)",gs://suryabench-sharp-pipeline-bamidele/jsoc_2025_2026_production_v1/samples_npz/2026/20260228_1636_HARP14445_NOAA14383.npz,success,2026-06-25T00:12:00.719062+00:00
20260228_1812_HARP14445_NOAA14383,2026_HARP14445_20260228_0036_20260228_2300,2026-02-28 18:12:00,14445,14383,0,saved,"(512, 512, 6)",gs://suryabench-sharp-pipeline-bamidele/jsoc_2025_2026_production_v1/samples_npz/2026/20260228_1812_HARP14445_NOAA14383.npz,success,2026-06-25T00:12:07.141826+00:00
20260228_1948_HARP14445_NOAA14383,2026_HARP14445_20260228_0036_20260228_2300,2026-02-28 19:48:00,14445,14383,0,saved,"(512, 512, 6)",gs://suryabench-sharp-pipeline-bamidele/jsoc_2025_2026_production_v1/samples_npz/2026/20260228_1948_HARP14445_NOAA14383.npz,success,2026-06-25T00:12:13.616950+00:00
20260228_2124_HARP14445_NOAA14383,2026_HARP14445_20260228_0036_20260228_2300,2026-02-28 21:24:00,14445,14383,0,saved,"(512, 512, 6)",gs://suryabench-sharp-pipeline-bamidele/jsoc_2025_2026_production_v1/samples_npz/2026/20260228_2124_HARP14445_NOAA14383.npz,success,2026-06-25T00:12:20.066294+00:00
20260228_2300_HARP14445_NOAA14383,2026_HARP14445_20260228_0036_20260228_2300,2026-02-28 23:00:00,14445,14383,0,saved,"(512, 512, 6)",gs://suryabench-sharp-pipeline-bamidele/jsoc_2025_2026_production_v1/samples_npz/2026/20260228_2300_HARP14445_NOAA14383.npz,success,2026-06-25T00:12:26.358199+00:00
20260228_0736_HARP14453_NOAA14382,2026_HARP14453_20260228_0736_20260228_1536,2026-02-28 07:36:00,14453,14382,0,saved,"(512, 512, 6)",gs://suryabench-sharp-pipeline-bamidele/jsoc_2025_2026_production_v1/samples_npz/2026/20260228_0736_HARP14453_NOAA14382.npz,success,2026-06-25T00:21:00.625110+00:00
20260228_0912_HARP14453_NOAA14382,2026_HARP14453_20260228_0736_20260228_1536,2026-02-28 09:12:00,14453,14382,0,saved,"(512, 512, 6)",gs://suryabench-sharp-pipeline-bamidele/jsoc_2025_2026_production_v1/samples_npz/2026/20260228_0912_HARP14453_NOAA14382.npz,success,2026-06-25T00:21:06.841081+00:00
20260228_1048_HARP14453_NOAA14382,2026_HARP14453_20260228_0736_20260228_1536,2026-02-28 10:48:00,14453,14382,0,saved,"(512, 512, 6)",gs://suryabench-sharp-pipeline-bamidele/jsoc_2025_2026_production_v1/samples_npz/2026/20260228_1048_HARP14453_NOAA14382.npz,success,2026-06-25T00:21:13.126497+00:00
20260228_1224_HARP14453_NOAA14382,2026_HARP14453_20260228_0736_20260228_1536,2026-02-28 12:24:00,14453,14382,0,saved,"(512, 512, 6)",gs://suryabench-sharp-pipeline-bamidele/jsoc_2025_2026_production_v1/samples_npz/2026/20260228_1224_HARP14453_NOAA14382.npz,success,2026-06-25T00:21:19.368128+00:00
20260228_1400_HARP14453_NOAA14382,2026_HARP14453_20260228_0736_20260228_1536,2026-02-28 14:00:00,14453,14382,0,saved,"(512, 512, 6)",gs://suryabench-sharp-pipeline-bamidele/jsoc_2025_2026_production_v1/samples_npz/2026/20260228_1400_HARP14453_NOAA14382.npz,success,2026-06-25T00:21:25.642136+00:00
20260228_1536_HARP14453_NOAA14382,2026_HARP14453_20260228_0736_20260228_1536,2026-02-28 15:36:00,14453,14382,0,saved,"(512, 512, 6)",gs://suryabench-sharp-pipeline-bamidele/jsoc_2025_2026_production_v1/samples_npz/2026/20260228_1536_HARP14453_NOAA14382.npz,success,2026-06-25T00:21:31.850154+00:00
20260301_0036_HARP14445_NOAA14383,2026_HARP14445_20260301_0036_20260301_2300,2026-03-01 00:36:00,14445,14383,0,saved,"(512, 512, 6)",gs://suryabench-sharp-pipeline-bamidele/jsoc_2025_2026_production_v1/samples_npz/2026/20260301_0036_HARP14445_NOAA14383.npz,success,2026-06-25T00:31:59.424061+00:00
20260301_0212_HARP14445_NOAA14383,2026_HARP14445_20260301_0036_20260301_2300,2026-03-01 02:12:00,14445,14383,0,saved,"(512, 512, 6)",gs://suryabench-sharp-pipeline-bamidele/jsoc_2025_2026_production_v1/samples_npz/2026/20260301_0212_HARP14445_NOAA14383.npz,success,2026-06-25T00:32:05.618305+00:00
20260301_0348_HARP14445_NOAA14383,2026_HARP14445_20260301_0036_20260301_2300,2026-03-01 03:48:00,14445,14383,0,saved,"(512, 512, 6)",gs://suryabench-sharp-pipeline-bamidele/jsoc_2025_2026_production_v1/samples_npz/2026/20260301_0348_HARP14445_NOAA14383.npz,success,2026-06-25T00:32:11.800612+00:00
20260301_0524_HARP14445_NOAA14383,2026_HARP14445_20260301_0036_20260301_2300,2026-03-01 05:24:00,14445,14383,0,saved,"(512, 512, 6)",gs://suryabench-sharp-pipeline-bamidele/jsoc_2025_2026_production_v1/samples_npz/2026/20260301_0524_HARP14445_NOAA14383.npz,success,2026-06-25T00:32:17.958032+00:00
20260301_0700_HARP14445_NOAA14383,2026_HARP14445_20260301_0036_20260301_2300,2026-03-01 07:00:00,14445,14383,0,saved,"(512, 512, 6)",gs://suryabench-sharp-pipeline-bamidele/jsoc_2025_2026_production_v1/samples_npz/2026/20260301_0700_HARP14445_NOAA14383.npz,success,2026-06-25T00:32:24.156913+00:00
20260301_0836_HARP14445_NOAA14383,2026_HARP14445_20260301_0036_20260301_2300,2026-03-01 08:36:00,14445,14383,0,saved,"(512, 512, 6)",gs://suryabench-sharp-pipeline-bamidele/jsoc_2025_2026_production_v1/samples_npz/2026/20260301_0836_HARP14445_NOAA14383.npz,success,2026-06-25T00:32:30.363438+00:00
20260301_1012_HARP14445_NOAA14383,2026_HARP14445_20260301_0036_20260301_2300,2026-03-01 10:12:00,14445,14383,0,saved,"(512, 512, 6)",gs://suryabench-sharp-pipeline-bamidele/jsoc_2025_2026_production_v1/samples_npz/2026/20260301_1012_HARP14445_NOAA14383.npz,success,2026-06-25T00:32:36.512582+00:00
20260301_1148_HARP14445_NOAA14383,2026_HARP14445_20260301_0036_20260301_2300,2026-03-01 11:48:00,14445,14383,0,saved,"(512, 512, 6)",gs://suryabench-sharp-pipeline-bamidele/jsoc_2025_2026_production_v1/samples_npz/2026/20260301_1148_HARP14445_NOAA14383.npz,success,2026-06-25T00:32:42.738671+00:00
20260301_1324_HARP14445_NOAA14383,2026_HARP14445_20260301_0036_20260301_2300,2026-03-01 13:24:00,14445,14383,0,saved,"(512, 512, 6)",gs://suryabench-sharp-pipeline-bamidele/jsoc_2025_2026_production_v1/samples_npz/2026/20260301_1324_HARP14445_NOAA14383.npz,success,2026-06-25T00:32:49.642209+00:00
20260301_1500_HARP14445_NOAA14383,2026_HARP14445_20260301_0036_20260301_2300,2026-03-01 15:00:00,14445,14383,0,saved,"(512, 512, 6)",gs://suryabench-sharp-pipeline-bamidele/jsoc_2025_2026_production_v1/samples_npz/2026/20260301_1500_HARP14445_NOAA14383.npz,success,2026-06-25T00:32:55.818666+00:00
20260301_1636_HARP14445_NOAA14383,2026_HARP14445_20260301_0036_20260301_2300,2026-03-01 16:36:00,14445,14383,0,saved,"(512, 512, 6)",gs://suryabench-sharp-pipeline-bamidele/jsoc_2025_2026_production_v1/samples_npz/2026/20260301_1636_HARP14445_NOAA14383.npz,success,2026-06-25T00:33:01.975086+00:00
20260301_1812_HARP14445_NOAA14383,2026_HARP14445_20260301_0036_20260301_2300,2026-03-01 18:12:00,14445,14383,0,saved,"(512, 512, 6)",gs://suryabench-sharp-pipeline-bamidele/jsoc_2025_2026_production_v1/samples_npz/2026/20260301_1812_HARP14445_NOAA14383.npz,success,2026-06-25T00:33:08.143941+00:00
20260301_1948_HARP14445_NOAA14383,2026_HARP14445_20260301_0036_20260301_2300,2026-03-01 19:48:00,14445,14383,0,saved,"(512, 512, 6)",gs://suryabench-sharp-pipeline-bamidele/jsoc_2025_2026_production_v1/samples_npz/2026/20260301_1948_HARP14445_NOAA14383.npz,success,2026-06-25T00:33:14.331596+00:00
20260301_2124_HARP14445_NOAA14383,2026_HARP14445_20260301_0036_20260301_2300,2026-03-01 21:24:00,14445,14383,0,saved,"(512, 512, 6)",gs://suryabench-sharp-pipeline-bamidele/jsoc_2025_2026_production_v1/samples_npz/2026/20260301_2124_HARP14445_NOAA14383.npz,success,2026-06-25T00:33:20.530021+00:00
20260301_2300_HARP14445_NOAA14383,2026_HARP14445_20260301_0036_20260301_2300,2026-03-01 23:00:00,14445,14383,0,saved,"(512, 512, 6)",gs://suryabench-sharp-pipeline-bamidele/jsoc_2025_2026_production_v1/samples_npz/2026/20260301_2300_HARP14445_NOAA14383.npz,success,2026-06-25T00:33:27.228223+00:00
20260301_1612_HARP14439_NOAA14378,2026_HARP14439_20260301_1612_20260302_1436,2026-03-01 16:12:00,14439,14378,0,saved,"(512, 512, 6)",gs://suryabench-sharp-pipeline-bamidele/jsoc_2025_2026_production_v1/samples_npz/2026/20260301_1612_HARP14439_NOAA14378.npz,success,2026-06-25T00:46:22.408296+00:00
20260301_1748_HARP14439_NOAA14378,2026_HARP14439_20260301_1612_20260302_1436,2026-03-01 17:48:00,14439,14378,0,saved,"(512, 512, 6)",gs://suryabench-sharp-pipeline-bamidele/jsoc_2025_2026_production_v1/samples_npz/2026/20260301_1748_HARP14439_NOAA14378.npz,success,2026-06-25T00:46:28.853442+00:00
20260301_1924_HARP14439_NOAA14378,2026_HARP14439_20260301_1612_20260302_1436,2026-03-01 19:24:00,14439,14378,0,saved,"(512, 512, 6)",gs://suryabench-sharp-pipeline-bamidele/jsoc_2025_2026_production_v1/samples_npz/2026/20260301_1924_HARP14439_NOAA14378.npz,success,2026-06-25T00:46:35.256990+00:00
20260301_2100_HARP14439_NOAA14378,2026_HARP14439_20260301_1612_20260302_1436,2026-03-01 21:00:00,14439,14378,0,saved,"(512, 512, 6)",gs://suryabench-sharp-pipeline-bamidele/jsoc_2025_2026_production_v1/samples_npz/2026/20260301_2100_HARP14439_NOAA14378.npz,success,2026-06-25T00:46:41.661796+00:00
20260301_2236_HARP14439_NOAA14378,2026_HARP14439_20260301_1612_20260302_1436,2026-03-01 22:36:00,14439,14378,0,saved,"(512, 512, 6)",gs://suryabench-sharp-pipeline-bamidele/jsoc_2025_2026_production_v1/samples_npz/2026/20260301_2236_HARP14439_NOAA14378.npz,success,2026-06-25T00:46:48.093614+00:00
20260302_0012_HARP14439_NOAA14378,2026_HARP14439_20260301_1612_20260302_1436,2026-03-02 00:12:00,14439,14378,0,saved,"(512, 512, 6)",gs://suryabench-sharp-pipeline-bamidele/jsoc_2025_2026_production_v1/samples_npz/2026/20260302_0012_HARP14439_NOAA14378.npz,success,2026-06-25T00:46:54.528161+00:00
20260302_0148_HARP14439_NOAA14378,2026_HARP14439_20260301_1612_20260302_1436,2026-03-02 01:48:00,14439,14378,0,saved,"(512, 512, 6)",gs://suryabench-sharp-pipeline-bamidele/jsoc_2025_2026_production_v1/samples_npz/2026/20260302_0148_HARP14439_NOAA14378.npz,success,2026-06-25T00:47:00.885987+00:00
20260302_0324_HARP14439_NOAA14378,2026_HARP14439_20260301_1612_20260302_1436,2026-03-02 03:24:00,14439,14378,0,saved,"(512, 512, 6)",gs://suryabench-sharp-pipeline-bamidele/jsoc_2025_2026_production_v1/samples_npz/2026/20260302_0324_HARP14439_NOAA14378.npz,success,2026-06-25T00:47:07.319175+00:00
20260302_0500_HARP14439_NOAA14378,2026_HARP14439_20260301_1612_20260302_1436,2026-03-02 05:00:00,14439,14378,0,saved,"(512, 512, 6)",gs://suryabench-sharp-pipeline-bamidele/jsoc_2025_2026_production_v1/samples_npz/2026/20260302_0500_HARP14439_NOAA14378.npz,success,2026-06-25T00:47:13.782638+00:00
20260302_0636_HARP14439_NOAA14378,2026_HARP14439_20260301_1612_20260302_1436,2026-03-02 06:36:00,14439,14378,0,saved,"(512, 512, 6)",gs://suryabench-sharp-pipeline-bamidele/jsoc_2025_2026_production_v1/samples_npz/2026/20260302_0636_HARP14439_NOAA14378.npz,success,2026-06-25T00:47:20.268492+00:00
20260302_0812_HARP14439_NOAA14378,2026_HARP14439_20260301_1612_20260302_1436,2026-03-02 08:12:00,14439,14378,0,saved,"(512, 512, 6)",gs://suryabench-sharp-pipeline-bamidele/jsoc_2025_2026_production_v1/samples_npz/2026/20260302_0812_HARP14439_NOAA14378.npz,success,2026-06-25T00:47:26.722236+00:00
20260302_0948_HARP14439_NOAA14378,2026_HARP14439_20260301_1612_20260302_1436,2026-03-02 09:48:00,14439,14378,0,saved,"(512, 512, 6)",gs://suryabench-sharp-pipeline-bamidele/jsoc_2025_2026_production_v1/samples_npz/2026/20260302_0948_HARP14439_NOAA14378.npz,success,2026-06-25T00:47:33.183553+00:00
20260302_1124_HARP14439_NOAA14378,2026_HARP14439_20260301_1612_20260302_1436,2026-03-02 11:24:00,14439,14378,0,saved,"(512, 512, 6)",gs://suryabench-sharp-pipeline-bamidele/jsoc_2025_2026_production_v1/samples_npz/2026/20260302_1124_HARP14439_NOAA14378.npz,success,2026-06-25T00:47:39.608775+00:00
20260302_1300_HARP14439_NOAA14378,2026_HARP14439_20260301_1612_20260302_1436,2026-03-02 13:00:00,14439,14378,0,saved,"(512, 512, 6)",gs://suryabench-sharp-pipeline-bamidele/jsoc_2025_2026_production_v1/samples_npz/2026/20260302_1300_HARP14439_NOAA14378.npz,success,2026-06-25T00:47:46.086444+00:00
20260302_1436_HARP14439_NOAA14378,2026_HARP14439_20260301_1612_20260302_1436,2026-03-02 14:36:00,14439,14378,0,saved,"(512, 512, 6)",gs://suryabench-sharp-pipeline-bamidele/jsoc_2025_2026_production_v1/samples_npz/2026/20260302_1436_HARP14439_NOAA14378.npz,success,2026-06-25T00:47:52.612126+00:00
20260302_0036_HARP14445_NOAA14383,2026_HARP14445_20260302_0036_20260302_1500,2026-03-02 00:36:00,14445,14383,0,saved,"(512, 512, 6)",gs://suryabench-sharp-pipeline-bamidele/jsoc_2025_2026_production_v1/samples_npz/2026/20260302_0036_HARP14445_NOAA14383.npz,success,2026-06-25T00:57:34.768038+00:00
20260302_0212_HARP14445_NOAA14383,2026_HARP14445_20260302_0036_20260302_1500,2026-03-02 02:12:00,14445,14383,0,saved,"(512, 512, 6)",gs://suryabench-sharp-pipeline-bamidele/jsoc_2025_2026_production_v1/samples_npz/2026/20260302_0212_HARP14445_NOAA14383.npz,success,2026-06-25T00:57:41.070118+00:00
20260302_0348_HARP14445_NOAA14383,2026_HARP14445_20260302_0036_20260302_1500,2026-03-02 03:48:00,14445,14383,0,saved,"(512, 512, 6)",gs://suryabench-sharp-pipeline-bamidele/jsoc_2025_2026_production_v1/samples_npz/2026/20260302_0348_HARP14445_NOAA14383.npz,success,2026-06-25T00:57:47.352799+00:00
20260302_0524_HARP14445_NOAA14383,2026_HARP14445_20260302_0036_20260302_1500,2026-03-02 05:24:00,14445,14383,0,saved,"(512, 512, 6)",gs://suryabench-sharp-pipeline-bamidele/jsoc_2025_2026_production_v1/samples_npz/2026/20260302_0524_HARP14445_NOAA14383.npz,success,2026-06-25T00:57:53.616176+00:00
20260302_0700_HARP14445_NOAA14383,2026_HARP14445_20260302_0036_20260302_1500,2026-03-02 07:00:00,14445,14383,0,saved,"(512, 512, 6)",gs://suryabench-sharp-pipeline-bamidele/jsoc_2025_2026_production_v1/samples_npz/2026/20260302_0700_HARP14445_NOAA14383.npz,success,2026-06-25T00:57:59.894670+00:00
20260302_0836_HARP14445_NOAA14383,2026_HARP14445_20260302_0036_20260302_1500,2026-03-02 08:36:00,14445,14383,0,saved,"(512, 512, 6)",gs://suryabench-sharp-pipeline-bamidele/jsoc_2025_2026_production_v1/samples_npz/2026/20260302_0836_HARP14445_NOAA14383.npz,success,2026-06-25T00:58:06.191793+00:00
20260302_1012_HARP14445_NOAA14383,2026_HARP14445_20260302_0036_20260302_1500,2026-03-02 10:12:00,14445,14383,0,saved,"(512, 512, 6)",gs://suryabench-sharp-pipeline-bamidele/jsoc_2025_2026_production_v1/samples_npz/2026/20260302_1012_HARP14445_NOAA14383.npz,success,2026-06-25T00:58:12.425606+00:00
20260302_1148_HARP14445_NOAA14383,2026_HARP14445_20260302_0036_20260302_1500,2026-03-02 11:48:00,14445,14383,0,saved,"(512, 512, 6)",gs://suryabench-sharp-pipeline-bamidele/jsoc_2025_2026_production_v1/samples_npz/2026/20260302_1148_HARP14445_NOAA14383.npz,success,2026-06-25T00:58:18.697068+00:00
20260302_1324_HARP14445_NOAA14383,2026_HARP14445_20260302_0036_20260302_1500,2026-03-02 13:24:00,14445,14383,0,saved,"(512, 512, 6)",gs://suryabench-sharp-pipeline-bamidele/jsoc_2025_2026_production_v1/samples_npz/2026/20260302_1324_HARP14445_NOAA14383.npz,success,2026-06-25T00:58:25.120580+00:00
20260302_1500_HARP14445_NOAA14383,2026_HARP14445_20260302_0036_20260302_1500,2026-03-02 15:00:00,14445,14383,0,saved,"(512, 512, 6)",gs://suryabench-sharp-pipeline-bamidele/jsoc_2025_2026_production_v1/samples_npz/2026/20260302_1500_HARP14445_NOAA14383.npz,success,2026-06-25T00:58:31.424744+00:00
20260302_0712_HARP14438_NOAA14379,2026_HARP14438_20260302_0712_20260302_1512,2026-03-02 07:12:00,14438,14379,0,saved,"(512, 512, 6)",gs://suryabench-sharp-pipeline-bamidele/jsoc_2025_2026_production_v1/samples_npz/2026/20260302_0712_HARP14438_NOAA14379.npz,success,2026-06-25T01:08:43.772813+00:00
20260302_0848_HARP14438_NOAA14379,2026_HARP14438_20260302_0712_20260302_1512,2026-03-02 08:48:00,14438,14379,0,saved,"(512, 512, 6)",gs://suryabench-sharp-pipeline-bamidele/jsoc_2025_2026_production_v1/samples_npz/2026/20260302_0848_HARP14438_NOAA14379.npz,success,2026-06-25T01:08:50.775003+00:00
20260302_1024_HARP14438_NOAA14379,2026_HARP14438_20260302_0712_20260302_1512,2026-03-02 10:24:00,14438,14379,0,saved,"(512, 512, 6)",gs://suryabench-sharp-pipeline-bamidele/jsoc_2025_2026_production_v1/samples_npz/2026/20260302_1024_HARP14438_NOAA14379.npz,success,2026-06-25T01:08:57.708311+00:00
20260302_1200_HARP14438_NOAA14379,2026_HARP14438_20260302_0712_20260302_1512,2026-03-02 12:00:00,14438,14379,0,saved,"(512, 512, 6)",gs://suryabench-sharp-pipeline-bamidele/jsoc_2025_2026_production_v1/samples_npz/2026/20260302_1200_HARP14438_NOAA14379.npz,success,2026-06-25T01:09:04.645949+00:00
20260302_1336_HARP14438_NOAA14379,2026_HARP14438_20260302_0712_20260302_1512,2026-03-02 13:36:00,14438,14379,0,saved,"(512, 512, 6)",gs://suryabench-sharp-pipeline-bamidele/jsoc_2025_2026_production_v1/samples_npz/2026/20260302_1336_HARP14438_NOAA14379.npz,success,2026-06-25T01:09:11.538459+00:00
20260302_1512_HARP14438_NOAA14379,2026_HARP14438_20260302_0712_20260302_1512,2026-03-02 15:12:00,14438,14379,0,saved,"(512, 512, 6)",gs://suryabench-sharp-pipeline-bamidele/jsoc_2025_2026_production_v1/samples_npz/2026/20260302_1512_HARP14438_NOAA14379.npz,success,2026-06-25T01:09:18.425749+00:00
20260302_1748_HARP14439_NOAA14378,2026_HARP14439_20260302_1748_20260303_1612,2026-03-02 17:48:00,14439,14378,0,saved,"(512, 512, 6)",gs://suryabench-sharp-pipeline-bamidele/jsoc_2025_2026_production_v1/samples_npz/2026/20260302_1748_HARP14439_NOAA14378.npz,success,2026-06-25T01:20:51.361240+00:00
20260302_1924_HARP14439_NOAA14378,2026_HARP14439_20260302_1748_20260303_1612,2026-03-02 19:24:00,14439,14378,0,saved,"(512, 512, 6)",gs://suryabench-sharp-pipeline-bamidele/jsoc_2025_2026_production_v1/samples_npz/2026/20260302_1924_HARP14439_NOAA14378.npz,success,2026-06-25T01:20:58.460125+00:00
20260302_2100_HARP14439_NOAA14378,2026_HARP14439_20260302_1748_20260303_1612,2026-03-02 21:00:00,14439,14378,0,saved,"(512, 512, 6)",gs://suryabench-sharp-pipeline-bamidele/jsoc_2025_2026_production_v1/samples_npz/2026/20260302_2100_HARP14439_NOAA14378.npz,success,2026-06-25T01:21:05.495228+00:00
20260302_2236_HARP14439_NOAA14378,2026_HARP14439_20260302_1748_20260303_1612,2026-03-02 22:36:00,14439,14378,0,saved,"(512, 512, 6)",gs://suryabench-sharp-pipeline-bamidele/jsoc_2025_2026_production_v1/samples_npz/2026/20260302_2236_HARP14439_NOAA14378.npz,success,2026-06-25T01:21:12.077624+00:00
20260303_0012_HARP14439_NOAA14378,2026_HARP14439_20260302_1748_20260303_1612,2026-03-03 00:12:00,14439,14378,0,saved,"(512, 512, 6)",gs://suryabench-sharp-pipeline-bamidele/jsoc_2025_2026_production_v1/samples_npz/2026/20260303_0012_HARP14439_NOAA14378.npz,success,2026-06-25T01:21:18.556923+00:00
20260303_0148_HARP14439_NOAA14378,2026_HARP14439_20260302_1748_20260303_1612,2026-03-03 01:48:00,14439,14378,0,saved,"(512, 512, 6)",gs://suryabench-sharp-pipeline-bamidele/jsoc_2025_2026_production_v1/samples_npz/2026/20260303_0148_HARP14439_NOAA14378.npz,success,2026-06-25T01:21:25.001000+00:00
20260303_0324_HARP14439_NOAA14378,2026_HARP14439_20260302_1748_20260303_1612,2026-03-03 03:24:00,14439,14378,0,saved,"(512, 512, 6)",gs://suryabench-sharp-pipeline-bamidele/jsoc_2025_2026_production_v1/samples_npz/2026/20260303_0324_HARP14439_NOAA14378.npz,success,2026-06-25T01:21:31.458530+00:00
20260303_0500_HARP14439_NOAA14378,2026_HARP14439_20260302_1748_20260303_1612,2026-03-03 05:00:00,14439,14378,0,saved,"(512, 512, 6)",gs://suryabench-sharp-pipeline-bamidele/jsoc_2025_2026_production_v1/samples_npz/2026/20260303_0500_HARP14439_NOAA14378.npz,success,2026-06-25T01:21:37.846850+00:00
20260303_0636_HARP14439_NOAA14378,2026_HARP14439_20260302_1748_20260303_1612,2026-03-03 06:36:00,14439,14378,0,saved,"(512, 512, 6)",gs://suryabench-sharp-pipeline-bamidele/jsoc_2025_2026_production_v1/samples_npz/2026/20260303_0636_HARP14439_NOAA14378.npz,success,2026-06-25T01:21:44.262982+00:00
20260303_0812_HARP14439_NOAA14378,2026_HARP14439_20260302_1748_20260303_1612,2026-03-03 08:12:00,14439,14378,0,saved,"(512, 512, 6)",gs://suryabench-sharp-pipeline-bamidele/jsoc_2025_2026_production_v1/samples_npz/2026/20260303_0812_HARP14439_NOAA14378.npz,success,2026-06-25T01:21:50.697381+00:00
20260303_0948_HARP14439_NOAA14378,2026_HARP14439_20260302_1748_20260303_1612,2026-03-03 09:48:00,14439,14378,0,saved,"(512, 512, 6)",gs://suryabench-sharp-pipeline-bamidele/jsoc_2025_2026_production_v1/samples_npz/2026/20260303_0948_HARP14439_NOAA14378.npz,success,2026-06-25T01:21:57.171726+00:00
20260303_1124_HARP14439_NOAA14378,2026_HARP14439_20260302_1748_20260303_1612,2026-03-03 11:24:00,14439,14378,0,saved,"(512, 512, 6)",gs://suryabench-sharp-pipeline-bamidele/jsoc_2025_2026_production_v1/samples_npz/2026/20260303_1124_HARP14439_NOAA14378.npz,success,2026-06-25T01:22:03.643070+00:00
20260303_1300_HARP14439_NOAA14378,2026_HARP14439_20260302_1748_20260303_1612,2026-03-03 13:00:00,14439,14378,0,saved,"(512, 512, 6)",gs://suryabench-sharp-pipeline-bamidele/jsoc_2025_2026_production_v1/samples_npz/2026/20260303_1300_HARP14439_NOAA14378.npz,success,2026-06-25T01:22:10.101944+00:00
20260303_1436_HARP14439_NOAA14378,2026_HARP14439_20260302_1748_20260303_1612,2026-03-03 14:36:00,14439,14378,0,saved,"(512, 512, 6)",gs://suryabench-sharp-pipeline-bamidele/jsoc_2025_2026_production_v1/samples_npz/2026/20260303_1436_HARP14439_NOAA14378.npz,success,2026-06-25T01:22:16.606585+00:00
20260303_1612_HARP14439_NOAA14378,2026_HARP14439_20260302_1748_20260303_1612,2026-03-03 16:12:00,14439,14378,0,saved,"(512, 512, 6)",gs://suryabench-sharp-pipeline-bamidele/jsoc_2025_2026_production_v1/samples_npz/2026/20260303_1612_HARP14439_NOAA14378.npz,success,2026-06-25T01:22:23.047999+00:00
20260302_1812_HARP14445_NOAA14383,2026_HARP14445_20260302_1812_20260303_1012,2026-03-02 18:12:00,14445,14383,0,saved,"(512, 512, 6)",gs://suryabench-sharp-pipeline-bamidele/jsoc_2025_2026_production_v1/samples_npz/2026/20260302_1812_HARP14445_NOAA14383.npz,success,2026-06-25T01:32:05.222480+00:00
20260302_1948_HARP14445_NOAA14383,2026_HARP14445_20260302_1812_20260303_1012,2026-03-02 19:48:00,14445,14383,0,saved,"(512, 512, 6)",gs://suryabench-sharp-pipeline-bamidele/jsoc_2025_2026_production_v1/samples_npz/2026/20260302_1948_HARP14445_NOAA14383.npz,success,2026-06-25T01:32:11.441572+00:00
20260302_2124_HARP14445_NOAA14383,2026_HARP14445_20260302_1812_20260303_1012,2026-03-02 21:24:00,14445,14383,0,saved,"(512, 512, 6)",gs://suryabench-sharp-pipeline-bamidele/jsoc_2025_2026_production_v1/samples_npz/2026/20260302_2124_HARP14445_NOAA14383.npz,success,2026-06-25T01:32:17.634396+00:00
20260302_2300_HARP14445_NOAA14383,2026_HARP14445_20260302_1812_20260303_1012,2026-03-02 23:00:00,14445,14383,0,saved,"(512, 512, 6)",gs://suryabench-sharp-pipeline-bamidele/jsoc_2025_2026_production_v1/samples_npz/2026/20260302_2300_HARP14445_NOAA14383.npz,success,2026-06-25T01:32:23.880855+00:00
20260303_0036_HARP14445_NOAA14383,2026_HARP14445_20260302_1812_20260303_1012,2026-03-03 00:36:00,14445,14383,0,saved,"(512, 512, 6)",gs://suryabench-sharp-pipeline-bamidele/jsoc_2025_2026_production_v1/samples_npz/2026/20260303_0036_HARP14445_NOAA14383.npz,success,2026-06-25T01:32:30.090236+00:00
20260303_0212_HARP14445_NOAA14383,2026_HARP14445_20260302_1812_20260303_1012,2026-03-03 02:12:00,14445,14383,0,saved,"(512, 512, 6)",gs://suryabench-sharp-pipeline-bamidele/jsoc_2025_2026_production_v1/samples_npz/2026/20260303_0212_HARP14445_NOAA14383.npz,success,2026-06-25T01:32:36.268475+00:00
20260303_0348_HARP14445_NOAA14383,2026_HARP14445_20260302_1812_20260303_1012,2026-03-03 03:48:00,14445,14383,0,saved,"(512, 512, 6)",gs://suryabench-sharp-pipeline-bamidele/jsoc_2025_2026_production_v1/samples_npz/2026/20260303_0348_HARP14445_NOAA14383.npz,success,2026-06-25T01:32:42.501336+00:00
20260303_0524_HARP14445_NOAA14383,2026_HARP14445_20260302_1812_20260303_1012,2026-03-03 05:24:00,14445,14383,0,saved,"(512, 512, 6)",gs://suryabench-sharp-pipeline-bamidele/jsoc_2025_2026_production_v1/samples_npz/2026/20260303_0524_HARP14445_NOAA14383.npz,success,2026-06-25T01:32:48.697946+00:00
20260303_0700_HARP14445_NOAA14383,2026_HARP14445_20260302_1812_20260303_1012,2026-03-03 07:00:00,14445,14383,0,saved,"(512, 512, 6)",gs://suryabench-sharp-pipeline-bamidele/jsoc_2025_2026_production_v1/samples_npz/2026/20260303_0700_HARP14445_NOAA14383.npz,success,2026-06-25T01:32:54.880742+00:00
20260303_0836_HARP14445_NOAA14383,2026_HARP14445_20260302_1812_20260303_1012,2026-03-03 08:36:00,14445,14383,0,saved,"(512, 512, 6)",gs://suryabench-sharp-pipeline-bamidele/jsoc_2025_2026_production_v1/samples_npz/2026/20260303_0836_HARP14445_NOAA14383.npz,success,2026-06-25T01:33:01.067295+00:00
20260303_1012_HARP14445_NOAA14383,2026_HARP14445_20260302_1812_20260303_1012,2026-03-03 10:12:00,14445,14383,0,saved,"(512, 512, 6)",gs://suryabench-sharp-pipeline-bamidele/jsoc_2025_2026_production_v1/samples_npz/2026/20260303_1012_HARP14445_NOAA14383.npz,success,2026-06-25T01:33:07.312283+00:00
20260302_1824_HARP14438_NOAA14379,2026_HARP14438_20260302_1824_20260303_1648,2026-03-02 18:24:00,14438,14379,0,saved,"(512, 512, 6)",gs://suryabench-sharp-pipeline-bamidele/jsoc_2025_2026_production_v1/samples_npz/2026/20260302_1824_HARP14438_NOAA14379.npz,success,2026-06-25T01:46:12.680072+00:00
20260302_2000_HARP14438_NOAA14379,2026_HARP14438_20260302_1824_20260303_1648,2026-03-02 20:00:00,14438,14379,0,saved,"(512, 512, 6)",gs://suryabench-sharp-pipeline-bamidele/jsoc_2025_2026_production_v1/samples_npz/2026/20260302_2000_HARP14438_NOAA14379.npz,success,2026-06-25T01:46:19.709050+00:00
20260302_2136_HARP14438_NOAA14379,2026_HARP14438_20260302_1824_20260303_1648,2026-03-02 21:36:00,14438,14379,0,saved,"(512, 512, 6)",gs://suryabench-sharp-pipeline-bamidele/jsoc_2025_2026_production_v1/samples_npz/2026/20260302_2136_HARP14438_NOAA14379.npz,success,2026-06-25T01:46:26.646126+00:00
20260302_2312_HARP14438_NOAA14379,2026_HARP14438_20260302_1824_20260303_1648,2026-03-02 23:12:00,14438,14379,0,saved,"(512, 512, 6)",gs://suryabench-sharp-pipeline-bamidele/jsoc_2025_2026_production_v1/samples_npz/2026/20260302_2312_HARP14438_NOAA14379.npz,success,2026-06-25T01:46:33.540840+00:00
20260303_0048_HARP14438_NOAA14379,2026_HARP14438_20260302_1824_20260303_1648,2026-03-03 00:48:00,14438,14379,0,saved,"(512, 512, 6)",gs://suryabench-sharp-pipeline-bamidele/jsoc_2025_2026_production_v1/samples_npz/2026/20260303_0048_HARP14438_NOAA14379.npz,success,2026-06-25T01:46:40.425954+00:00
20260303_0224_HARP14438_NOAA14379,2026_HARP14438_20260302_1824_20260303_1648,2026-03-03 02:24:00,14438,14379,0,saved,"(512, 512, 6)",gs://suryabench-sharp-pipeline-bamidele/jsoc_2025_2026_production_v1/samples_npz/2026/20260303_0224_HARP14438_NOAA14379.npz,success,2026-06-25T01:46:47.274641+00:00
20260303_0400_HARP14438_NOAA14379,2026_HARP14438_20260302_1824_20260303_1648,2026-03-03 04:00:00,14438,14379,0,saved,"(512, 512, 6)",gs://suryabench-sharp-pipeline-bamidele/jsoc_2025_2026_production_v1/samples_npz/2026/20260303_0400_HARP14438_NOAA14379.npz,success,2026-06-25T01:46:54.138296+00:00
20260303_0536_HARP14438_NOAA14379,2026_HARP14438_20260302_1824_20260303_1648,2026-03-03 05:36:00,14438,14379,0,saved,"(512, 512, 6)",gs://suryabench-sharp-pipeline-bamidele/jsoc_2025_2026_production_v1/samples_npz/2026/20260303_0536_HARP14438_NOAA14379.npz,success,2026-06-25T01:47:00.980931+00:00
20260303_0712_HARP14438_NOAA14379,2026_HARP14438_20260302_1824_20260303_1648,2026-03-03 07:12:00,14438,14379,0,saved,"(512, 512, 6)",gs://suryabench-sharp-pipeline-bamidele/jsoc_2025_2026_production_v1/samples_npz/2026/20260303_0712_HARP14438_NOAA14379.npz,success,2026-06-25T01:47:07.877317+00:00
20260303_0848_HARP14438_NOAA14379,2026_HARP14438_20260302_1824_20260303_1648,2026-03-03 08:48:00,14438,14379,0,saved,"(512, 512, 6)",gs://suryabench-sharp-pipeline-bamidele/jsoc_2025_2026_production_v1/samples_npz/2026/20260303_0848_HARP14438_NOAA14379.npz,success,2026-06-25T01:47:14.784111+00:00
20260303_1024_HARP14438_NOAA14379,2026_HARP14438_20260302_1824_20260303_1648,2026-03-03 10:24:00,14438,14379,0,saved,"(512, 512, 6)",gs://suryabench-sharp-pipeline-bamidele/jsoc_2025_2026_production_v1/samples_npz/2026/20260303_1024_HARP14438_NOAA14379.npz,success,2026-06-25T01:47:21.714667+00:00
20260303_1200_HARP14438_NOAA14379,2026_HARP14438_20260302_1824_20260303_1648,2026-03-03 12:00:00,14438,14379,0,saved,"(512, 512, 6)",gs://suryabench-sharp-pipeline-bamidele/jsoc_2025_2026_production_v1/samples_npz/2026/20260303_1200_HARP14438_NOAA14379.npz,success,2026-06-25T01:47:28.661291+00:00
20260303_1336_HARP14438_NOAA14379,2026_HARP14438_20260302_1824_20260303_1648,2026-03-03 13:36:00,14438,14379,0,saved,"(512, 512, 6)",gs://suryabench-sharp-pipeline-bamidele/jsoc_2025_2026_production_v1/samples_npz/2026/20260303_1336_HARP14438_NOAA14379.npz,success,2026-06-25T01:47:35.570390+00:00
20260303_1512_HARP14438_NOAA14379,2026_HARP14438_20260302_1824_20260303_1648,2026-03-03 15:12:00,14438,14379,0,saved,"(512, 512, 6)",gs://suryabench-sharp-pipeline-bamidele/jsoc_2025_2026_production_v1/samples_npz/2026/20260303_1512_HARP14438_NOAA14379.npz,success,2026-06-25T01:47:42.520496+00:00
20260303_1648_HARP14438_NOAA14379,2026_HARP14438_20260302_1824_20260303_1648,2026-03-03 16:48:00,14438,14379,0,saved,"(512, 512, 6)",gs://suryabench-sharp-pipeline-bamidele/jsoc_2025_2026_production_v1/samples_npz/2026/20260303_1648_HARP14438_NOAA14379.npz,success,2026-06-25T01:47:49.486451+00:00
20260303_1500_HARP14445_NOAA14383,2026_HARP14445_20260303_1500_20260303_1500,2026-03-03 15:00:00,14445,14383,0,saved,"(512, 512, 6)",gs://suryabench-sharp-pipeline-bamidele/jsoc_2025_2026_production_v1/samples_npz/2026/20260303_1500_HARP14445_NOAA14383.npz,success,2026-06-25T01:55:40.535607+00:00
20260303_1748_HARP14439_NOAA14378,2026_HARP14439_20260303_1748_20260304_1436,2026-03-03 17:48:00,14439,14378,0,saved,"(512, 512, 6)",gs://suryabench-sharp-pipeline-bamidele/jsoc_2025_2026_production_v1/samples_npz/2026/20260303_1748_HARP14439_NOAA14378.npz,success,2026-06-25T02:07:45.647509+00:00
20260303_1924_HARP14439_NOAA14378,2026_HARP14439_20260303_1748_20260304_1436,2026-03-03 19:24:00,14439,14378,0,saved,"(512, 512, 6)",gs://suryabench-sharp-pipeline-bamidele/jsoc_2025_2026_production_v1/samples_npz/2026/20260303_1924_HARP14439_NOAA14378.npz,success,2026-06-25T02:07:52.269931+00:00
20260303_2100_HARP14439_NOAA14378,2026_HARP14439_20260303_1748_20260304_1436,2026-03-03 21:00:00,14439,14378,0,saved,"(512, 512, 6)",gs://suryabench-sharp-pipeline-bamidele/jsoc_2025_2026_production_v1/samples_npz/2026/20260303_2100_HARP14439_NOAA14378.npz,success,2026-06-25T02:07:58.894716+00:00
20260303_2236_HARP14439_NOAA14378,2026_HARP14439_20260303_1748_20260304_1436,2026-03-03 22:36:00,14439,14378,0,saved,"(512, 512, 6)",gs://suryabench-sharp-pipeline-bamidele/jsoc_2025_2026_production_v1/samples_npz/2026/20260303_2236_HARP14439_NOAA14378.npz,success,2026-06-25T02:08:05.602104+00:00
20260304_0012_HARP14439_NOAA14378,2026_HARP14439_20260303_1748_20260304_1436,2026-03-04 00:12:00,14439,14378,0,saved,"(512, 512, 6)",gs://suryabench-sharp-pipeline-bamidele/jsoc_2025_2026_production_v1/samples_npz/2026/20260304_0012_HARP14439_NOAA14378.npz,success,2026-06-25T02:08:12.275543+00:00
20260304_0148_HARP14439_NOAA14378,2026_HARP14439_20260303_1748_20260304_1436,2026-03-04 01:48:00,14439,14378,0,saved,"(512, 512, 6)",gs://suryabench-sharp-pipeline-bamidele/jsoc_2025_2026_production_v1/samples_npz/2026/20260304_0148_HARP14439_NOAA14378.npz,success,2026-06-25T02:08:18.903952+00:00
20260304_0324_HARP14439_NOAA14378,2026_HARP14439_20260303_1748_20260304_1436,2026-03-04 03:24:00,14439,14378,0,saved,"(512, 512, 6)",gs://suryabench-sharp-pipeline-bamidele/jsoc_2025_2026_production_v1/samples_npz/2026/20260304_0324_HARP14439_NOAA14378.npz,success,2026-06-25T02:08:25.559553+00:00
20260304_0500_HARP14439_NOAA14378,2026_HARP14439_20260303_1748_20260304_1436,2026-03-04 05:00:00,14439,14378,0,saved,"(512, 512, 6)",gs://suryabench-sharp-pipeline-bamidele/jsoc_2025_2026_production_v1/samples_npz/2026/20260304_0500_HARP14439_NOAA14378.npz,success,2026-06-25T02:08:32.141374+00:00
20260304_0636_HARP14439_NOAA14378,2026_HARP14439_20260303_1748_20260304_1436,2026-03-04 06:36:00,14439,14378,0,saved,"(512, 512, 6)",gs://suryabench-sharp-pipeline-bamidele/jsoc_2025_2026_production_v1/samples_npz/2026/20260304_0636_HARP14439_NOAA14378.npz,success,2026-06-25T02:08:38.773451+00:00
20260304_0812_HARP14439_NOAA14378,2026_HARP14439_20260303_1748_20260304_1436,2026-03-04 08:12:00,14439,14378,0,saved,"(512, 512, 6)",gs://suryabench-sharp-pipeline-bamidele/jsoc_2025_2026_production_v1/samples_npz/2026/20260304_0812_HARP14439_NOAA14378.npz,success,2026-06-25T02:08:45.386262+00:00
20260304_0948_HARP14439_NOAA14378,2026_HARP14439_20260303_1748_20260304_1436,2026-03-04 09:48:00,14439,14378,0,saved,"(512, 512, 6)",gs://suryabench-sharp-pipeline-bamidele/jsoc_2025_2026_production_v1/samples_npz/2026/20260304_0948_HARP14439_NOAA14378.npz,success,2026-06-25T02:08:52.052597+00:00
20260304_1124_HARP14439_NOAA14378,2026_HARP14439_20260303_1748_20260304_1436,2026-03-04 11:24:00,14439,14378,0,saved,"(512, 512, 6)",gs://suryabench-sharp-pipeline-bamidele/jsoc_2025_2026_production_v1/samples_npz/2026/20260304_1124_HARP14439_NOAA14378.npz,success,2026-06-25T02:08:58.617145+00:00
20260304_1300_HARP14439_NOAA14378,2026_HARP14439_20260303_1748_20260304_1436,2026-03-04 13:00:00,14439,14378,0,saved,"(512, 512, 6)",gs://suryabench-sharp-pipeline-bamidele/jsoc_2025_2026_production_v1/samples_npz/2026/20260304_1300_HARP14439_NOAA14378.npz,success,2026-06-25T02:09:05.230497+00:00
20260304_1436_HARP14439_NOAA14378,2026_HARP14439_20260303_1748_20260304_1436,2026-03-04 14:36:00,14439,14378,0,saved,"(512, 512, 6)",gs://suryabench-sharp-pipeline-bamidele/jsoc_2025_2026_production_v1/samples_npz/2026/20260304_1436_HARP14439_NOAA14378.npz,success,2026-06-25T02:09:11.752513+00:00
20260303_1824_HARP14438_NOAA14379,2026_HARP14438_20260303_1824_20260304_1648,2026-03-03 18:24:00,14438,14379,0,saved,"(512, 512, 6)",gs://suryabench-sharp-pipeline-bamidele/jsoc_2025_2026_production_v1/samples_npz/2026/20260303_1824_HARP14438_NOAA14379.npz,success,2026-06-25T02:22:19.350026+00:00
20260303_2000_HARP14438_NOAA14379,2026_HARP14438_20260303_1824_20260304_1648,2026-03-03 20:00:00,14438,14379,0,saved,"(512, 512, 6)",gs://suryabench-sharp-pipeline-bamidele/jsoc_2025_2026_production_v1/samples_npz/2026/20260303_2000_HARP14438_NOAA14379.npz,success,2026-06-25T02:22:26.368150+00:00
20260303_2136_HARP14438_NOAA14379,2026_HARP14438_20260303_1824_20260304_1648,2026-03-03 21:36:00,14438,14379,0,saved,"(512, 512, 6)",gs://suryabench-sharp-pipeline-bamidele/jsoc_2025_2026_production_v1/samples_npz/2026/20260303_2136_HARP14438_NOAA14379.npz,success,2026-06-25T02:22:33.318532+00:00
20260303_2312_HARP14438_NOAA14379,2026_HARP14438_20260303_1824_20260304_1648,2026-03-03 23:12:00,14438,14379,0,saved,"(512, 512, 6)",gs://suryabench-sharp-pipeline-bamidele/jsoc_2025_2026_production_v1/samples_npz/2026/20260303_2312_HARP14438_NOAA14379.npz,success,2026-06-25T02:22:40.308155+00:00
20260304_0048_HARP14438_NOAA14379,2026_HARP14438_20260303_1824_20260304_1648,2026-03-04 00:48:00,14438,14379,0,saved,"(512, 512, 6)",gs://suryabench-sharp-pipeline-bamidele/jsoc_2025_2026_production_v1/samples_npz/2026/20260304_0048_HARP14438_NOAA14379.npz,success,2026-06-25T02:22:47.264079+00:00
20260304_0224_HARP14438_NOAA14379,2026_HARP14438_20260303_1824_20260304_1648,2026-03-04 02:24:00,14438,14379,0,saved,"(512, 512, 6)",gs://suryabench-sharp-pipeline-bamidele/jsoc_2025_2026_production_v1/samples_npz/2026/20260304_0224_HARP14438_NOAA14379.npz,success,2026-06-25T02:22:54.209876+00:00
20260304_0400_HARP14438_NOAA14379,2026_HARP14438_20260303_1824_20260304_1648,2026-03-04 04:00:00,14438,14379,0,saved,"(512, 512, 6)",gs://suryabench-sharp-pipeline-bamidele/jsoc_2025_2026_production_v1/samples_npz/2026/20260304_0400_HARP14438_NOAA14379.npz,success,2026-06-25T02:23:01.664667+00:00
20260304_0536_HARP14438_NOAA14379,2026_HARP14438_20260303_1824_20260304_1648,2026-03-04 05:36:00,14438,14379,0,saved,"(512, 512, 6)",gs://suryabench-sharp-pipeline-bamidele/jsoc_2025_2026_production_v1/samples_npz/2026/20260304_0536_HARP14438_NOAA14379.npz,success,2026-06-25T02:23:08.696178+00:00
20260304_0712_HARP14438_NOAA14379,2026_HARP14438_20260303_1824_20260304_1648,2026-03-04 07:12:00,14438,14379,0,saved,"(512, 512, 6)",gs://suryabench-sharp-pipeline-bamidele/jsoc_2025_2026_production_v1/samples_npz/2026/20260304_0712_HARP14438_NOAA14379.npz,success,2026-06-25T02:23:15.630692+00:00
20260304_0848_HARP14438_NOAA14379,2026_HARP14438_20260303_1824_20260304_1648,2026-03-04 08:48:00,14438,14379,0,saved,"(512, 512, 6)",gs://suryabench-sharp-pipeline-bamidele/jsoc_2025_2026_production_v1/samples_npz/2026/20260304_0848_HARP14438_NOAA14379.npz,success,2026-06-25T02:23:22.616853+00:00
20260304_1024_HARP14438_NOAA14379,2026_HARP14438_20260303_1824_20260304_1648,2026-03-04 10:24:00,14438,14379,0,saved,"(512, 512, 6)",gs://suryabench-sharp-pipeline-bamidele/jsoc_2025_2026_production_v1/samples_npz/2026/20260304_1024_HARP14438_NOAA14379.npz,success,2026-06-25T02:23:29.550959+00:00
20260304_1200_HARP14438_NOAA14379,2026_HARP14438_20260303_1824_20260304_1648,2026-03-04 12:00:00,14438,14379,0,saved,"(512, 512, 6)",gs://suryabench-sharp-pipeline-bamidele/jsoc_2025_2026_production_v1/samples_npz/2026/20260304_1200_HARP14438_NOAA14379.npz,success,2026-06-25T02:23:36.533711+00:00
20260304_1336_HARP14438_NOAA14379,2026_HARP14438_20260303_1824_20260304_1648,2026-03-04 13:36:00,14438,14379,0,saved,"(512, 512, 6)",gs://suryabench-sharp-pipeline-bamidele/jsoc_2025_2026_production_v1/samples_npz/2026/20260304_1336_HARP14438_NOAA14379.npz,success,2026-06-25T02:23:43.559950+00:00
20260304_1512_HARP14438_NOAA14379,2026_HARP14438_20260303_1824_20260304_1648,2026-03-04 15:12:00,14438,14379,0,saved,"(512, 512, 6)",gs://suryabench-sharp-pipeline-bamidele/jsoc_2025_2026_production_v1/samples_npz/2026/20260304_1512_HARP14438_NOAA14379.npz,success,2026-06-25T02:23:50.612526+00:00
20260304_1648_HARP14438_NOAA14379,2026_HARP14438_20260303_1824_20260304_1648,2026-03-04 16:48:00,14438,14379,0,saved,"(512, 512, 6)",gs://suryabench-sharp-pipeline-bamidele/jsoc_2025_2026_production_v1/samples_npz/2026/20260304_1648_HARP14438_NOAA14379.npz,success,2026-06-25T02:23:57.573852+00:00
20260304_1748_HARP14439_NOAA14378,2026_HARP14439_20260304_1748_20260305_1624,2026-03-04 17:48:00,14439,14378,0,saved,"(512, 512, 6)",gs://suryabench-sharp-pipeline-bamidele/jsoc_2025_2026_production_v1/samples_npz/2026/20260304_1748_HARP14439_NOAA14378.npz,success,2026-06-25T02:42:49.039603+00:00
20260304_1936_HARP14439_NOAA14378,2026_HARP14439_20260304_1748_20260305_1624,2026-03-04 19:36:00,14439,14378,0,saved,"(512, 512, 6)",gs://suryabench-sharp-pipeline-bamidele/jsoc_2025_2026_production_v1/samples_npz/2026/20260304_1936_HARP14439_NOAA14378.npz,success,2026-06-25T02:42:55.520148+00:00
20260304_2112_HARP14439_NOAA14378,2026_HARP14439_20260304_1748_20260305_1624,2026-03-04 21:12:00,14439,14378,0,saved,"(512, 512, 6)",gs://suryabench-sharp-pipeline-bamidele/jsoc_2025_2026_production_v1/samples_npz/2026/20260304_2112_HARP14439_NOAA14378.npz,success,2026-06-25T02:43:01.974944+00:00
20260304_2248_HARP14439_NOAA14378,2026_HARP14439_20260304_1748_20260305_1624,2026-03-04 22:48:00,14439,14378,0,saved,"(512, 512, 6)",gs://suryabench-sharp-pipeline-bamidele/jsoc_2025_2026_production_v1/samples_npz/2026/20260304_2248_HARP14439_NOAA14378.npz,success,2026-06-25T02:43:08.347804+00:00
20260305_0024_HARP14439_NOAA14378,2026_HARP14439_20260304_1748_20260305_1624,2026-03-05 00:24:00,14439,14378,0,saved,"(512, 512, 6)",gs://suryabench-sharp-pipeline-bamidele/jsoc_2025_2026_production_v1/samples_npz/2026/20260305_0024_HARP14439_NOAA14378.npz,success,2026-06-25T02:43:14.759817+00:00
20260305_0200_HARP14439_NOAA14378,2026_HARP14439_20260304_1748_20260305_1624,2026-03-05 02:00:00,14439,14378,0,saved,"(512, 512, 6)",gs://suryabench-sharp-pipeline-bamidele/jsoc_2025_2026_production_v1/samples_npz/2026/20260305_0200_HARP14439_NOAA14378.npz,success,2026-06-25T02:43:21.179812+00:00
20260305_0336_HARP14439_NOAA14378,2026_HARP14439_20260304_1748_20260305_1624,2026-03-05 03:36:00,14439,14378,0,saved,"(512, 512, 6)",gs://suryabench-sharp-pipeline-bamidele/jsoc_2025_2026_production_v1/samples_npz/2026/20260305_0336_HARP14439_NOAA14378.npz,success,2026-06-25T02:43:27.582395+00:00
20260305_0512_HARP14439_NOAA14378,2026_HARP14439_20260304_1748_20260305_1624,2026-03-05 05:12:00,14439,14378,0,saved,"(512, 512, 6)",gs://suryabench-sharp-pipeline-bamidele/jsoc_2025_2026_production_v1/samples_npz/2026/20260305_0512_HARP14439_NOAA14378.npz,success,2026-06-25T02:43:34.672210+00:00
20260305_0648_HARP14439_NOAA14378,2026_HARP14439_20260304_1748_20260305_1624,2026-03-05 06:48:00,14439,14378,0,saved,"(512, 512, 6)",gs://suryabench-sharp-pipeline-bamidele/jsoc_2025_2026_production_v1/samples_npz/2026/20260305_0648_HARP14439_NOAA14378.npz,success,2026-06-25T02:43:41.101034+00:00
20260305_0824_HARP14439_NOAA14378,2026_HARP14439_20260304_1748_20260305_1624,2026-03-05 08:24:00,14439,14378,0,saved,"(512, 512, 6)",gs://suryabench-sharp-pipeline-bamidele/jsoc_2025_2026_production_v1/samples_npz/2026/20260305_0824_HARP14439_NOAA14378.npz,success,2026-06-25T02:43:47.498943+00:00
20260305_1000_HARP14439_NOAA14378,2026_HARP14439_20260304_1748_20260305_1624,2026-03-05 10:00:00,14439,14378,0,saved,"(512, 512, 6)",gs://suryabench-sharp-pipeline-bamidele/jsoc_2025_2026_production_v1/samples_npz/2026/20260305_1000_HARP14439_NOAA14378.npz,success,2026-06-25T02:43:53.912310+00:00
20260305_1136_HARP14439_NOAA14378,2026_HARP14439_20260304_1748_20260305_1624,2026-03-05 11:36:00,14439,14378,0,saved,"(512, 512, 6)",gs://suryabench-sharp-pipeline-bamidele/jsoc_2025_2026_production_v1/samples_npz/2026/20260305_1136_HARP14439_NOAA14378.npz,success,2026-06-25T02:44:00.338899+00:00
20260305_1312_HARP14439_NOAA14378,2026_HARP14439_20260304_1748_20260305_1624,2026-03-05 13:12:00,14439,14378,0,saved,"(512, 512, 6)",gs://suryabench-sharp-pipeline-bamidele/jsoc_2025_2026_production_v1/samples_npz/2026/20260305_1312_HARP14439_NOAA14378.npz,success,2026-06-25T02:44:06.722007+00:00
20260305_1448_HARP14439_NOAA14378,2026_HARP14439_20260304_1748_20260305_1624,2026-03-05 14:48:00,14439,14378,0,saved,"(512, 512, 6)",gs://suryabench-sharp-pipeline-bamidele/jsoc_2025_2026_production_v1/samples_npz/2026/20260305_1448_HARP14439_NOAA14378.npz,success,2026-06-25T02:44:13.125363+00:00
20260305_1624_HARP14439_NOAA14378,2026_HARP14439_20260304_1748_20260305_1624,2026-03-05 16:24:00,14439,14378,0,saved,"(512, 512, 6)",gs://suryabench-sharp-pipeline-bamidele/jsoc_2025_2026_production_v1/samples_npz/2026/20260305_1624_HARP14439_NOAA14378.npz,success,2026-06-25T02:44:19.548877+00:00
20260304_1824_HARP14438_NOAA14379,2026_HARP14438_20260304_1824_20260305_1700,2026-03-04 18:24:00,14438,14379,0,saved,"(512, 512, 6)",gs://suryabench-sharp-pipeline-bamidele/jsoc_2025_2026_production_v1/samples_npz/2026/20260304_1824_HARP14438_NOAA14379.npz,success,2026-06-25T03:05:18.457172+00:00
20260304_2012_HARP14438_NOAA14379,2026_HARP14438_20260304_1824_20260305_1700,2026-03-04 20:12:00,14438,14379,0,saved,"(512, 512, 6)",gs://suryabench-sharp-pipeline-bamidele/jsoc_2025_2026_production_v1/samples_npz/2026/20260304_2012_HARP14438_NOAA14379.npz,success,2026-06-25T03:05:25.498049+00:00
20260304_2148_HARP14438_NOAA14379,2026_HARP14438_20260304_1824_20260305_1700,2026-03-04 21:48:00,14438,14379,0,saved,"(512, 512, 6)",gs://suryabench-sharp-pipeline-bamidele/jsoc_2025_2026_production_v1/samples_npz/2026/20260304_2148_HARP14438_NOAA14379.npz,success,2026-06-25T03:05:32.463009+00:00
20260304_2324_HARP14438_NOAA14379,2026_HARP14438_20260304_1824_20260305_1700,2026-03-04 23:24:00,14438,14379,0,saved,"(512, 512, 6)",gs://suryabench-sharp-pipeline-bamidele/jsoc_2025_2026_production_v1/samples_npz/2026/20260304_2324_HARP14438_NOAA14379.npz,success,2026-06-25T03:05:39.501506+00:00
20260305_0100_HARP14438_NOAA14379,2026_HARP14438_20260304_1824_20260305_1700,2026-03-05 01:00:00,14438,14379,0,saved,"(512, 512, 6)",gs://suryabench-sharp-pipeline-bamidele/jsoc_2025_2026_production_v1/samples_npz/2026/20260305_0100_HARP14438_NOAA14379.npz,success,2026-06-25T03:05:46.442571+00:00
20260305_0236_HARP14438_NOAA14379,2026_HARP14438_20260304_1824_20260305_1700,2026-03-05 02:36:00,14438,14379,0,saved,"(512, 512, 6)",gs://suryabench-sharp-pipeline-bamidele/jsoc_2025_2026_production_v1/samples_npz/2026/20260305_0236_HARP14438_NOAA14379.npz,success,2026-06-25T03:05:53.455708+00:00
20260305_0412_HARP14438_NOAA14379,2026_HARP14438_20260304_1824_20260305_1700,2026-03-05 04:12:00,14438,14379,0,saved,"(512, 512, 6)",gs://suryabench-sharp-pipeline-bamidele/jsoc_2025_2026_production_v1/samples_npz/2026/20260305_0412_HARP14438_NOAA14379.npz,success,2026-06-25T03:06:00.410503+00:00
20260305_0548_HARP14438_NOAA14379,2026_HARP14438_20260304_1824_20260305_1700,2026-03-05 05:48:00,14438,14379,0,saved,"(512, 512, 6)",gs://suryabench-sharp-pipeline-bamidele/jsoc_2025_2026_production_v1/samples_npz/2026/20260305_0548_HARP14438_NOAA14379.npz,success,2026-06-25T03:06:07.476667+00:00
20260305_0724_HARP14438_NOAA14379,2026_HARP14438_20260304_1824_20260305_1700,2026-03-05 07:24:00,14438,14379,0,saved,"(512, 512, 6)",gs://suryabench-sharp-pipeline-bamidele/jsoc_2025_2026_production_v1/samples_npz/2026/20260305_0724_HARP14438_NOAA14379.npz,success,2026-06-25T03:06:14.531777+00:00
20260305_0900_HARP14438_NOAA14379,2026_HARP14438_20260304_1824_20260305_1700,2026-03-05 09:00:00,14438,14379,0,saved,"(512, 512, 6)",gs://suryabench-sharp-pipeline-bamidele/jsoc_2025_2026_production_v1/samples_npz/2026/20260305_0900_HARP14438_NOAA14379.npz,success,2026-06-25T03:06:21.560236+00:00
20260305_1036_HARP14438_NOAA14379,2026_HARP14438_20260304_1824_20260305_1700,2026-03-05 10:36:00,14438,14379,0,saved,"(512, 512, 6)",gs://suryabench-sharp-pipeline-bamidele/jsoc_2025_2026_production_v1/samples_npz/2026/20260305_1036_HARP14438_NOAA14379.npz,success,2026-06-25T03:06:28.480803+00:00
20260305_1212_HARP14438_NOAA14379,2026_HARP14438_20260304_1824_20260305_1700,2026-03-05 12:12:00,14438,14379,0,saved,"(512, 512, 6)",gs://suryabench-sharp-pipeline-bamidele/jsoc_2025_2026_production_v1/samples_npz/2026/20260305_1212_HARP14438_NOAA14379.npz,success,2026-06-25T03:06:35.447396+00:00
20260305_1348_HARP14438_NOAA14379,2026_HARP14438_20260304_1824_20260305_1700,2026-03-05 13:48:00,14438,14379,0,saved,"(512, 512, 6)",gs://suryabench-sharp-pipeline-bamidele/jsoc_2025_2026_production_v1/samples_npz/2026/20260305_1348_HARP14438_NOAA14379.npz,success,2026-06-25T03:06:42.386290+00:00
20260305_1524_HARP14438_NOAA14379,2026_HARP14438_20260304_1824_20260305_1700,2026-03-05 15:24:00,14438,14379,0,saved,"(512, 512, 6)",gs://suryabench-sharp-pipeline-bamidele/jsoc_2025_2026_production_v1/samples_npz/2026/20260305_1524_HARP14438_NOAA14379.npz,success,2026-06-25T03:06:49.383659+00:00
20260305_1700_HARP14438_NOAA14379,2026_HARP14438_20260304_1824_20260305_1700,2026-03-05 17:00:00,14438,14379,0,saved,"(512, 512, 6)",gs://suryabench-sharp-pipeline-bamidele/jsoc_2025_2026_production_v1/samples_npz/2026/20260305_1700_HARP14438_NOAA14379.npz,success,2026-06-25T03:06:56.302172+00:00
20260304_1936_HARP14448_NOAA14381,2026_HARP14448_20260304_1936_20260305_1624,2026-03-04 19:36:00,14448,14381,0,saved,"(512, 512, 6)",gs://suryabench-sharp-pipeline-bamidele/jsoc_2025_2026_production_v1/samples_npz/2026/20260304_1936_HARP14448_NOAA14381.npz,success,2026-06-25T03:20:07.601595+00:00
20260304_2112_HARP14448_NOAA14381,2026_HARP14448_20260304_1936_20260305_1624,2026-03-04 21:12:00,14448,14381,0,saved,"(512, 512, 6)",gs://suryabench-sharp-pipeline-bamidele/jsoc_2025_2026_production_v1/samples_npz/2026/20260304_2112_HARP14448_NOAA14381.npz,success,2026-06-25T03:20:14.491897+00:00
20260304_2248_HARP14448_NOAA14381,2026_HARP14448_20260304_1936_20260305_1624,2026-03-04 22:48:00,14448,14381,0,saved,"(512, 512, 6)",gs://suryabench-sharp-pipeline-bamidele/jsoc_2025_2026_production_v1/samples_npz/2026/20260304_2248_HARP14448_NOAA14381.npz,success,2026-06-25T03:20:21.373840+00:00
20260305_0024_HARP14448_NOAA14381,2026_HARP14448_20260304_1936_20260305_1624,2026-03-05 00:24:00,14448,14381,0,saved,"(512, 512, 6)",gs://suryabench-sharp-pipeline-bamidele/jsoc_2025_2026_production_v1/samples_npz/2026/20260305_0024_HARP14448_NOAA14381.npz,success,2026-06-25T03:20:28.187875+00:00
20260305_0200_HARP14448_NOAA14381,2026_HARP14448_20260304_1936_20260305_1624,2026-03-05 02:00:00,14448,14381,0,saved,"(512, 512, 6)",gs://suryabench-sharp-pipeline-bamidele/jsoc_2025_2026_production_v1/samples_npz/2026/20260305_0200_HARP14448_NOAA14381.npz,success,2026-06-25T03:20:35.000848+00:00
20260305_0336_HARP14448_NOAA14381,2026_HARP14448_20260304_1936_20260305_1624,2026-03-05 03:36:00,14448,14381,0,saved,"(512, 512, 6)",gs://suryabench-sharp-pipeline-bamidele/jsoc_2025_2026_production_v1/samples_npz/2026/20260305_0336_HARP14448_NOAA14381.npz,success,2026-06-25T03:20:41.812441+00:00
20260305_0512_HARP14448_NOAA14381,2026_HARP14448_20260304_1936_20260305_1624,2026-03-05 05:12:00,14448,14381,0,saved,"(512, 512, 6)",gs://suryabench-sharp-pipeline-bamidele/jsoc_2025_2026_production_v1/samples_npz/2026/20260305_0512_HARP14448_NOAA14381.npz,success,2026-06-25T03:20:48.634763+00:00
20260305_0648_HARP14448_NOAA14381,2026_HARP14448_20260304_1936_20260305_1624,2026-03-05 06:48:00,14448,14381,0,saved,"(512, 512, 6)",gs://suryabench-sharp-pipeline-bamidele/jsoc_2025_2026_production_v1/samples_npz/2026/20260305_0648_HARP14448_NOAA14381.npz,success,2026-06-25T03:20:55.371865+00:00
20260305_0824_HARP14448_NOAA14381,2026_HARP14448_20260304_1936_20260305_1624,2026-03-05 08:24:00,14448,14381,0,saved,"(512, 512, 6)",gs://suryabench-sharp-pipeline-bamidele/jsoc_2025_2026_production_v1/samples_npz/2026/20260305_0824_HARP14448_NOAA14381.npz,success,2026-06-25T03:21:02.195913+00:00
20260305_1000_HARP14448_NOAA14381,2026_HARP14448_20260304_1936_20260305_1624,2026-03-05 10:00:00,14448,14381,0,saved,"(512, 512, 6)",gs://suryabench-sharp-pipeline-bamidele/jsoc_2025_2026_production_v1/samples_npz/2026/20260305_1000_HARP14448_NOAA14381.npz,success,2026-06-25T03:21:09.095258+00:00
20260305_1136_HARP14448_NOAA14381,2026_HARP14448_20260304_1936_20260305_1624,2026-03-05 11:36:00,14448,14381,0,saved,"(512, 512, 6)",gs://suryabench-sharp-pipeline-bamidele/jsoc_2025_2026_production_v1/samples_npz/2026/20260305_1136_HARP14448_NOAA14381.npz,success,2026-06-25T03:21:15.968690+00:00
20260305_1312_HARP14448_NOAA14381,2026_HARP14448_20260304_1936_20260305_1624,2026-03-05 13:12:00,14448,14381,0,saved,"(512, 512, 6)",gs://suryabench-sharp-pipeline-bamidele/jsoc_2025_2026_production_v1/samples_npz/2026/20260305_1312_HARP14448_NOAA14381.npz,success,2026-06-25T03:21:22.794914+00:00
20260305_1448_HARP14448_NOAA14381,2026_HARP14448_20260304_1936_20260305_1624,2026-03-05 14:48:00,14448,14381,0,saved,"(512, 512, 6)",gs://suryabench-sharp-pipeline-bamidele/jsoc_2025_2026_production_v1/samples_npz/2026/20260305_1448_HARP14448_NOAA14381.npz,success,2026-06-25T03:21:29.598291+00:00
20260305_1624_HARP14448_NOAA14381,2026_HARP14448_20260304_1936_20260305_1624,2026-03-05 16:24:00,14448,14381,0,saved,"(512, 512, 6)",gs://suryabench-sharp-pipeline-bamidele/jsoc_2025_2026_production_v1/samples_npz/2026/20260305_1624_HARP14448_NOAA14381.npz,success,2026-06-25T03:21:36.411471+00:00
20260305_0112_HARP14465_NOAA14385,2026_HARP14465_20260305_0112_20260305_0424,2026-03-05 01:12:00,14465,14385,0,saved,"(512, 512, 6)",gs://suryabench-sharp-pipeline-bamidele/jsoc_2025_2026_production_v1/samples_npz/2026/20260305_0112_HARP14465_NOAA14385.npz,success,2026-06-25T03:30:21.140360+00:00
20260305_0248_HARP14465_NOAA14385,2026_HARP14465_20260305_0112_20260305_0424,2026-03-05 02:48:00,14465,14385,0,saved,"(512, 512, 6)",gs://suryabench-sharp-pipeline-bamidele/jsoc_2025_2026_production_v1/samples_npz/2026/20260305_0248_HARP14465_NOAA14385.npz,success,2026-06-25T03:30:27.427737+00:00
20260305_0424_HARP14465_NOAA14385,2026_HARP14465_20260305_0112_20260305_0424,2026-03-05 04:24:00,14465,14385,0,saved,"(512, 512, 6)",gs://suryabench-sharp-pipeline-bamidele/jsoc_2025_2026_production_v1/samples_npz/2026/20260305_0424_HARP14465_NOAA14385.npz,success,2026-06-25T03:30:33.670682+00:00
20260305_0736_HARP14465_NOAA14385,2026_HARP14465_20260305_0736_20260305_2336,2026-03-05 07:36:00,14465,14385,0,saved,"(512, 512, 6)",gs://suryabench-sharp-pipeline-bamidele/jsoc_2025_2026_production_v1/samples_npz/2026/20260305_0736_HARP14465_NOAA14385.npz,success,2026-06-25T03:40:21.202465+00:00
20260305_0912_HARP14465_NOAA14385,2026_HARP14465_20260305_0736_20260305_2336,2026-03-05 09:12:00,14465,14385,0,saved,"(512, 512, 6)",gs://suryabench-sharp-pipeline-bamidele/jsoc_2025_2026_production_v1/samples_npz/2026/20260305_0912_HARP14465_NOAA14385.npz,success,2026-06-25T03:40:27.496301+00:00
20260305_1048_HARP14465_NOAA14385,2026_HARP14465_20260305_0736_20260305_2336,2026-03-05 10:48:00,14465,14385,0,saved,"(512, 512, 6)",gs://suryabench-sharp-pipeline-bamidele/jsoc_2025_2026_production_v1/samples_npz/2026/20260305_1048_HARP14465_NOAA14385.npz,success,2026-06-25T03:40:34.470303+00:00
20260305_1224_HARP14465_NOAA14385,2026_HARP14465_20260305_0736_20260305_2336,2026-03-05 12:24:00,14465,14385,0,saved,"(512, 512, 6)",gs://suryabench-sharp-pipeline-bamidele/jsoc_2025_2026_production_v1/samples_npz/2026/20260305_1224_HARP14465_NOAA14385.npz,success,2026-06-25T03:40:40.715509+00:00
20260305_1400_HARP14465_NOAA14385,2026_HARP14465_20260305_0736_20260305_2336,2026-03-05 14:00:00,14465,14385,0,saved,"(512, 512, 6)",gs://suryabench-sharp-pipeline-bamidele/jsoc_2025_2026_production_v1/samples_npz/2026/20260305_1400_HARP14465_NOAA14385.npz,success,2026-06-25T03:40:46.972050+00:00
20260305_1536_HARP14465_NOAA14385,2026_HARP14465_20260305_0736_20260305_2336,2026-03-05 15:36:00,14465,14385,0,saved,"(512, 512, 6)",gs://suryabench-sharp-pipeline-bamidele/jsoc_2025_2026_production_v1/samples_npz/2026/20260305_1536_HARP14465_NOAA14385.npz,success,2026-06-25T03:40:53.208076+00:00
20260305_1712_HARP14465_NOAA14385,2026_HARP14465_20260305_0736_20260305_2336,2026-03-05 17:12:00,14465,14385,0,saved,"(512, 512, 6)",gs://suryabench-sharp-pipeline-bamidele/jsoc_2025_2026_production_v1/samples_npz/2026/20260305_1712_HARP14465_NOAA14385.npz,success,2026-06-25T03:40:59.503604+00:00
20260305_1848_HARP14465_NOAA14385,2026_HARP14465_20260305_0736_20260305_2336,2026-03-05 18:48:00,14465,14385,0,saved,"(512, 512, 6)",gs://suryabench-sharp-pipeline-bamidele/jsoc_2025_2026_production_v1/samples_npz/2026/20260305_1848_HARP14465_NOAA14385.npz,success,2026-06-25T03:41:05.836733+00:00
20260305_2024_HARP14465_NOAA14385,2026_HARP14465_20260305_0736_20260305_2336,2026-03-05 20:24:00,14465,14385,0,saved,"(512, 512, 6)",gs://suryabench-sharp-pipeline-bamidele/jsoc_2025_2026_production_v1/samples_npz/2026/20260305_2024_HARP14465_NOAA14385.npz,success,2026-06-25T03:41:12.195260+00:00
20260305_2200_HARP14465_NOAA14385,2026_HARP14465_20260305_0736_20260305_2336,2026-03-05 22:00:00,14465,14385,0,saved,"(512, 512, 6)",gs://suryabench-sharp-pipeline-bamidele/jsoc_2025_2026_production_v1/samples_npz/2026/20260305_2200_HARP14465_NOAA14385.npz,success,2026-06-25T03:41:18.458813+00:00
20260305_2336_HARP14465_NOAA14385,2026_HARP14465_20260305_0736_20260305_2336,2026-03-05 23:36:00,14465,14385,0,saved,"(512, 512, 6)",gs://suryabench-sharp-pipeline-bamidele/jsoc_2025_2026_production_v1/samples_npz/2026/20260305_2336_HARP14465_NOAA14385.npz,success,2026-06-25T03:41:24.730855+00:00
20260305_1836_HARP14438_NOAA14379,2026_HARP14438_20260305_1836_20260305_2324,2026-03-05 18:36:00,14438,14379,0,saved,"(512, 512, 6)",gs://suryabench-sharp-pipeline-bamidele/jsoc_2025_2026_production_v1/samples_npz/2026/20260305_1836_HARP14438_NOAA14379.npz,success,2026-06-25T03:50:41.267285+00:00
20260305_2012_HARP14438_NOAA14379,2026_HARP14438_20260305_1836_20260305_2324,2026-03-05 20:12:00,14438,14379,0,saved,"(512, 512, 6)",gs://suryabench-sharp-pipeline-bamidele/jsoc_2025_2026_production_v1/samples_npz/2026/20260305_2012_HARP14438_NOAA14379.npz,success,2026-06-25T03:50:48.203052+00:00
20260305_2148_HARP14438_NOAA14379,2026_HARP14438_20260305_1836_20260305_2324,2026-03-05 21:48:00,14438,14379,0,saved,"(512, 512, 6)",gs://suryabench-sharp-pipeline-bamidele/jsoc_2025_2026_production_v1/samples_npz/2026/20260305_2148_HARP14438_NOAA14379.npz,success,2026-06-25T03:50:55.137942+00:00
20260305_2324_HARP14438_NOAA14379,2026_HARP14438_20260305_1836_20260305_2324,2026-03-05 23:24:00,14438,14379,0,saved,"(512, 512, 6)",gs://suryabench-sharp-pipeline-bamidele/jsoc_2025_2026_production_v1/samples_npz/2026/20260305_2324_HARP14438_NOAA14379.npz,success,2026-06-25T03:51:02.086639+00:00
20260305_1936_HARP14439_NOAA14378,2026_HARP14439_20260305_1936_20260305_2248,2026-03-05 19:36:00,14439,14378,0,saved,"(512, 512, 6)",gs://suryabench-sharp-pipeline-bamidele/jsoc_2025_2026_production_v1/samples_npz/2026/20260305_1936_HARP14439_NOAA14378.npz,success,2026-06-25T03:59:52.014869+00:00
20260305_2112_HARP14439_NOAA14378,2026_HARP14439_20260305_1936_20260305_2248,2026-03-05 21:12:00,14439,14378,0,saved,"(512, 512, 6)",gs://suryabench-sharp-pipeline-bamidele/jsoc_2025_2026_production_v1/samples_npz/2026/20260305_2112_HARP14439_NOAA14378.npz,success,2026-06-25T03:59:58.516850+00:00
20260305_2248_HARP14439_NOAA14378,2026_HARP14439_20260305_1936_20260305_2248,2026-03-05 22:48:00,14439,14378,0,saved,"(512, 512, 6)",gs://suryabench-sharp-pipeline-bamidele/jsoc_2025_2026_production_v1/samples_npz/2026/20260305_2248_HARP14439_NOAA14378.npz,success,2026-06-25T04:00:05.061076+00:00
20260305_1936_HARP14448_NOAA14381,2026_HARP14448_20260305_1936_20260305_2248,2026-03-05 19:36:00,14448,14381,0,saved,"(512, 512, 6)",gs://suryabench-sharp-pipeline-bamidele/jsoc_2025_2026_production_v1/samples_npz/2026/20260305_1936_HARP14448_NOAA14381.npz,success,2026-06-25T04:09:47.819585+00:00
20260305_2112_HARP14448_NOAA14381,2026_HARP14448_20260305_1936_20260305_2248,2026-03-05 21:12:00,14448,14381,0,saved,"(512, 512, 6)",gs://suryabench-sharp-pipeline-bamidele/jsoc_2025_2026_production_v1/samples_npz/2026/20260305_2112_HARP14448_NOAA14381.npz,success,2026-06-25T04:09:54.928344+00:00
20260305_2248_HARP14448_NOAA14381,2026_HARP14448_20260305_1936_20260305_2248,2026-03-05 22:48:00,14448,14381,0,saved,"(512, 512, 6)",gs://suryabench-sharp-pipeline-bamidele/jsoc_2025_2026_production_v1/samples_npz/2026/20260305_2248_HARP14448_NOAA14381.npz,success,2026-06-25T04:10:01.910443+00:00
20260308_2100_HARP14465_NOAA14385,2026_HARP14465_20260308_2100_20260309_0948,2026-03-08 21:00:00,14465,14385,0,saved,"(512, 512, 6)",gs://suryabench-sharp-pipeline-bamidele/jsoc_2025_2026_production_v1/samples_npz/2026/20260308_2100_HARP14465_NOAA14385.npz,success,2026-06-25T04:46:57.443871+00:00
20260308_2236_HARP14465_NOAA14385,2026_HARP14465_20260308_2100_20260309_0948,2026-03-08 22:36:00,14465,14385,0,saved,"(512, 512, 6)",gs://suryabench-sharp-pipeline-bamidele/jsoc_2025_2026_production_v1/samples_npz/2026/20260308_2236_HARP14465_NOAA14385.npz,success,2026-06-25T04:47:03.942374+00:00
20260309_0012_HARP14465_NOAA14385,2026_HARP14465_20260308_2100_20260309_0948,2026-03-09 00:12:00,14465,14385,0,saved,"(512, 512, 6)",gs://suryabench-sharp-pipeline-bamidele/jsoc_2025_2026_production_v1/samples_npz/2026/20260309_0012_HARP14465_NOAA14385.npz,success,2026-06-25T04:47:10.590722+00:00
20260309_0148_HARP14465_NOAA14385,2026_HARP14465_20260308_2100_20260309_0948,2026-03-09 01:48:00,14465,14385,0,saved,"(512, 512, 6)",gs://suryabench-sharp-pipeline-bamidele/jsoc_2025_2026_production_v1/samples_npz/2026/20260309_0148_HARP14465_NOAA14385.npz,success,2026-06-25T04:47:17.185395+00:00
20260309_0324_HARP14465_NOAA14385,2026_HARP14465_20260308_2100_20260309_0948,2026-03-09 03:24:00,14465,14385,0,saved,"(512, 512, 6)",gs://suryabench-sharp-pipeline-bamidele/jsoc_2025_2026_production_v1/samples_npz/2026/20260309_0324_HARP14465_NOAA14385.npz,success,2026-06-25T04:47:24.402962+00:00
20260309_0500_HARP14465_NOAA14385,2026_HARP14465_20260308_2100_20260309_0948,2026-03-09 05:00:00,14465,14385,0,saved,"(512, 512, 6)",gs://suryabench-sharp-pipeline-bamidele/jsoc_2025_2026_production_v1/samples_npz/2026/20260309_0500_HARP14465_NOAA14385.npz,success,2026-06-25T04:47:31.607822+00:00
20260309_0636_HARP14465_NOAA14385,2026_HARP14465_20260308_2100_20260309_0948,2026-03-09 06:36:00,14465,14385,0,saved,"(512, 512, 6)",gs://suryabench-sharp-pipeline-bamidele/jsoc_2025_2026_production_v1/samples_npz/2026/20260309_0636_HARP14465_NOAA14385.npz,success,2026-06-25T04:47:39.592702+00:00
20260309_0812_HARP14465_NOAA14385,2026_HARP14465_20260308_2100_20260309_0948,2026-03-09 08:12:00,14465,14385,0,saved,"(512, 512, 6)",gs://suryabench-sharp-pipeline-bamidele/jsoc_2025_2026_production_v1/samples_npz/2026/20260309_0812_HARP14465_NOAA14385.npz,success,2026-06-25T04:47:48.219345+00:00
20260309_0948_HARP14465_NOAA14385,2026_HARP14465_20260308_2100_20260309_0948,2026-03-09 09:48:00,14465,14385,0,saved,"(512, 512, 6)",gs://suryabench-sharp-pipeline-bamidele/jsoc_2025_2026_production_v1/samples_npz/2026/20260309_0948_HARP14465_NOAA14385.npz,success,2026-06-25T04:47:57.306046+00:00
20260308_2124_HARP14471_NOAA14388,2026_HARP14471_20260308_2124_20260309_1636,2026-03-08 21:24:00,14471,14388,0,saved,"(512, 512, 6)",gs://suryabench-sharp-pipeline-bamidele/jsoc_2025_2026_production_v1/samples_npz/2026/20260308_2124_HARP14471_NOAA14388.npz,success,2026-06-25T04:58:11.513841+00:00
20260308_2300_HARP14471_NOAA14388,2026_HARP14471_20260308_2124_20260309_1636,2026-03-08 23:00:00,14471,14388,0,saved,"(512, 512, 6)",gs://suryabench-sharp-pipeline-bamidele/jsoc_2025_2026_production_v1/samples_npz/2026/20260308_2300_HARP14471_NOAA14388.npz,success,2026-06-25T04:58:17.928429+00:00
20260309_0036_HARP14471_NOAA14388,2026_HARP14471_20260308_2124_20260309_1636,2026-03-09 00:36:00,14471,14388,0,saved,"(512, 512, 6)",gs://suryabench-sharp-pipeline-bamidele/jsoc_2025_2026_production_v1/samples_npz/2026/20260309_0036_HARP14471_NOAA14388.npz,success,2026-06-25T04:58:25.050047+00:00
20260309_0212_HARP14471_NOAA14388,2026_HARP14471_20260308_2124_20260309_1636,2026-03-09 02:12:00,14471,14388,0,saved,"(512, 512, 6)",gs://suryabench-sharp-pipeline-bamidele/jsoc_2025_2026_production_v1/samples_npz/2026/20260309_0212_HARP14471_NOAA14388.npz,success,2026-06-25T04:58:31.466603+00:00
20260309_0348_HARP14471_NOAA14388,2026_HARP14471_20260308_2124_20260309_1636,2026-03-09 03:48:00,14471,14388,0,saved,"(512, 512, 6)",gs://suryabench-sharp-pipeline-bamidele/jsoc_2025_2026_production_v1/samples_npz/2026/20260309_0348_HARP14471_NOAA14388.npz,success,2026-06-25T04:58:37.867132+00:00
20260309_0524_HARP14471_NOAA14388,2026_HARP14471_20260308_2124_20260309_1636,2026-03-09 05:24:00,14471,14388,0,saved,"(512, 512, 6)",gs://suryabench-sharp-pipeline-bamidele/jsoc_2025_2026_production_v1/samples_npz/2026/20260309_0524_HARP14471_NOAA14388.npz,success,2026-06-25T04:58:44.248614+00:00
20260309_0700_HARP14471_NOAA14388,2026_HARP14471_20260308_2124_20260309_1636,2026-03-09 07:00:00,14471,14388,0,saved,"(512, 512, 6)",gs://suryabench-sharp-pipeline-bamidele/jsoc_2025_2026_production_v1/samples_npz/2026/20260309_0700_HARP14471_NOAA14388.npz,success,2026-06-25T04:58:50.660821+00:00
20260309_0836_HARP14471_NOAA14388,2026_HARP14471_20260308_2124_20260309_1636,2026-03-09 08:36:00,14471,14388,0,saved,"(512, 512, 6)",gs://suryabench-sharp-pipeline-bamidele/jsoc_2025_2026_production_v1/samples_npz/2026/20260309_0836_HARP14471_NOAA14388.npz,success,2026-06-25T04:58:57.077591+00:00
20260309_1012_HARP14471_NOAA14388,2026_HARP14471_20260308_2124_20260309_1636,2026-03-09 10:12:00,14471,14388,0,saved,"(512, 512, 6)",gs://suryabench-sharp-pipeline-bamidele/jsoc_2025_2026_production_v1/samples_npz/2026/20260309_1012_HARP14471_NOAA14388.npz,success,2026-06-25T04:59:03.512456+00:00
20260309_1148_HARP14471_NOAA14388,2026_HARP14471_20260308_2124_20260309_1636,2026-03-09 11:48:00,14471,14388,0,saved,"(512, 512, 6)",gs://suryabench-sharp-pipeline-bamidele/jsoc_2025_2026_production_v1/samples_npz/2026/20260309_1148_HARP14471_NOAA14388.npz,success,2026-06-25T04:59:09.958794+00:00
20260309_1324_HARP14471_NOAA14388,2026_HARP14471_20260308_2124_20260309_1636,2026-03-09 13:24:00,14471,14388,0,saved,"(512, 512, 6)",gs://suryabench-sharp-pipeline-bamidele/jsoc_2025_2026_production_v1/samples_npz/2026/20260309_1324_HARP14471_NOAA14388.npz,success,2026-06-25T04:59:16.348132+00:00
20260309_1500_HARP14471_NOAA14388,2026_HARP14471_20260308_2124_20260309_1636,2026-03-09 15:00:00,14471,14388,0,saved,"(512, 512, 6)",gs://suryabench-sharp-pipeline-bamidele/jsoc_2025_2026_production_v1/samples_npz/2026/20260309_1500_HARP14471_NOAA14388.npz,success,2026-06-25T04:59:22.849474+00:00
20260309_1636_HARP14471_NOAA14388,2026_HARP14471_20260308_2124_20260309_1636,2026-03-09 16:36:00,14471,14388,0,saved,"(512, 512, 6)",gs://suryabench-sharp-pipeline-bamidele/jsoc_2025_2026_production_v1/samples_npz/2026/20260309_1636_HARP14471_NOAA14388.npz,success,2026-06-25T04:59:29.258998+00:00
20260308_2148_HARP14448_NOAA14381,2026_HARP14448_20260308_2148_20260309_0724,2026-03-08 21:48:00,14448,14381,0,saved,"(512, 512, 6)",gs://suryabench-sharp-pipeline-bamidele/jsoc_2025_2026_production_v1/samples_npz/2026/20260308_2148_HARP14448_NOAA14381.npz,success,2026-06-25T05:09:52.228445+00:00
20260308_2324_HARP14448_NOAA14381,2026_HARP14448_20260308_2148_20260309_0724,2026-03-08 23:24:00,14448,14381,0,saved,"(512, 512, 6)",gs://suryabench-sharp-pipeline-bamidele/jsoc_2025_2026_production_v1/samples_npz/2026/20260308_2324_HARP14448_NOAA14381.npz,success,2026-06-25T05:09:59.253315+00:00
20260309_0100_HARP14448_NOAA14381,2026_HARP14448_20260308_2148_20260309_0724,2026-03-09 01:00:00,14448,14381,0,saved,"(512, 512, 6)",gs://suryabench-sharp-pipeline-bamidele/jsoc_2025_2026_production_v1/samples_npz/2026/20260309_0100_HARP14448_NOAA14381.npz,success,2026-06-25T05:10:06.264894+00:00
20260309_0236_HARP14448_NOAA14381,2026_HARP14448_20260308_2148_20260309_0724,2026-03-09 02:36:00,14448,14381,0,saved,"(512, 512, 6)",gs://suryabench-sharp-pipeline-bamidele/jsoc_2025_2026_production_v1/samples_npz/2026/20260309_0236_HARP14448_NOAA14381.npz,success,2026-06-25T05:10:13.274352+00:00
20260309_0412_HARP14448_NOAA14381,2026_HARP14448_20260308_2148_20260309_0724,2026-03-09 04:12:00,14448,14381,0,saved,"(512, 512, 6)",gs://suryabench-sharp-pipeline-bamidele/jsoc_2025_2026_production_v1/samples_npz/2026/20260309_0412_HARP14448_NOAA14381.npz,success,2026-06-25T05:10:20.335207+00:00
20260309_0548_HARP14448_NOAA14381,2026_HARP14448_20260308_2148_20260309_0724,2026-03-09 05:48:00,14448,14381,0,saved,"(512, 512, 6)",gs://suryabench-sharp-pipeline-bamidele/jsoc_2025_2026_production_v1/samples_npz/2026/20260309_0548_HARP14448_NOAA14381.npz,success,2026-06-25T05:10:27.321697+00:00
20260309_0724_HARP14448_NOAA14381,2026_HARP14448_20260308_2148_20260309_0724,2026-03-09 07:24:00,14448,14381,0,saved,"(512, 512, 6)",gs://suryabench-sharp-pipeline-bamidele/jsoc_2025_2026_production_v1/samples_npz/2026/20260309_0724_HARP14448_NOAA14381.npz,success,2026-06-25T05:10:34.224286+00:00
20260309_1948_HARP14471_NOAA14388,2026_HARP14471_20260309_1948_20260310_1636,2026-03-09 19:48:00,14471,14388,0,saved,"(512, 512, 6)",gs://suryabench-sharp-pipeline-bamidele/jsoc_2025_2026_production_v1/samples_npz/2026/20260309_1948_HARP14471_NOAA14388.npz,success,2026-06-25T05:20:48.748796+00:00
20260309_2124_HARP14471_NOAA14388,2026_HARP14471_20260309_1948_20260310_1636,2026-03-09 21:24:00,14471,14388,0,saved,"(512, 512, 6)",gs://suryabench-sharp-pipeline-bamidele/jsoc_2025_2026_production_v1/samples_npz/2026/20260309_2124_HARP14471_NOAA14388.npz,success,2026-06-25T05:20:55.274989+00:00
20260309_2300_HARP14471_NOAA14388,2026_HARP14471_20260309_1948_20260310_1636,2026-03-09 23:00:00,14471,14388,0,saved,"(512, 512, 6)",gs://suryabench-sharp-pipeline-bamidele/jsoc_2025_2026_production_v1/samples_npz/2026/20260309_2300_HARP14471_NOAA14388.npz,success,2026-06-25T05:21:01.731331+00:00
20260310_0036_HARP14471_NOAA14388,2026_HARP14471_20260309_1948_20260310_1636,2026-03-10 00:36:00,14471,14388,0,saved,"(512, 512, 6)",gs://suryabench-sharp-pipeline-bamidele/jsoc_2025_2026_production_v1/samples_npz/2026/20260310_0036_HARP14471_NOAA14388.npz,success,2026-06-25T05:21:08.209985+00:00
20260310_0212_HARP14471_NOAA14388,2026_HARP14471_20260309_1948_20260310_1636,2026-03-10 02:12:00,14471,14388,0,saved,"(512, 512, 6)",gs://suryabench-sharp-pipeline-bamidele/jsoc_2025_2026_production_v1/samples_npz/2026/20260310_0212_HARP14471_NOAA14388.npz,success,2026-06-25T05:21:14.610257+00:00
20260310_0348_HARP14471_NOAA14388,2026_HARP14471_20260309_1948_20260310_1636,2026-03-10 03:48:00,14471,14388,0,saved,"(512, 512, 6)",gs://suryabench-sharp-pipeline-bamidele/jsoc_2025_2026_production_v1/samples_npz/2026/20260310_0348_HARP14471_NOAA14388.npz,success,2026-06-25T05:21:21.081745+00:00
20260310_0524_HARP14471_NOAA14388,2026_HARP14471_20260309_1948_20260310_1636,2026-03-10 05:24:00,14471,14388,0,saved,"(512, 512, 6)",gs://suryabench-sharp-pipeline-bamidele/jsoc_2025_2026_production_v1/samples_npz/2026/20260310_0524_HARP14471_NOAA14388.npz,success,2026-06-25T05:21:27.544382+00:00
20260310_0700_HARP14471_NOAA14388,2026_HARP14471_20260309_1948_20260310_1636,2026-03-10 07:00:00,14471,14388,0,saved,"(512, 512, 6)",gs://suryabench-sharp-pipeline-bamidele/jsoc_2025_2026_production_v1/samples_npz/2026/20260310_0700_HARP14471_NOAA14388.npz,success,2026-06-25T05:21:33.984764+00:00
20260310_0836_HARP14471_NOAA14388,2026_HARP14471_20260309_1948_20260310_1636,2026-03-10 08:36:00,14471,14388,0,saved,"(512, 512, 6)",gs://suryabench-sharp-pipeline-bamidele/jsoc_2025_2026_production_v1/samples_npz/2026/20260310_0836_HARP14471_NOAA14388.npz,success,2026-06-25T05:21:40.382279+00:00
20260310_1012_HARP14471_NOAA14388,2026_HARP14471_20260309_1948_20260310_1636,2026-03-10 10:12:00,14471,14388,0,saved,"(512, 512, 6)",gs://suryabench-sharp-pipeline-bamidele/jsoc_2025_2026_production_v1/samples_npz/2026/20260310_1012_HARP14471_NOAA14388.npz,success,2026-06-25T05:21:46.829619+00:00
20260310_1148_HARP14471_NOAA14388,2026_HARP14471_20260309_1948_20260310_1636,2026-03-10 11:48:00,14471,14388,0,saved,"(512, 512, 6)",gs://suryabench-sharp-pipeline-bamidele/jsoc_2025_2026_production_v1/samples_npz/2026/20260310_1148_HARP14471_NOAA14388.npz,success,2026-06-25T05:21:53.278660+00:00
20260310_1324_HARP14471_NOAA14388,2026_HARP14471_20260309_1948_20260310_1636,2026-03-10 13:24:00,14471,14388,0,saved,"(512, 512, 6)",gs://suryabench-sharp-pipeline-bamidele/jsoc_2025_2026_production_v1/samples_npz/2026/20260310_1324_HARP14471_NOAA14388.npz,success,2026-06-25T05:21:59.782569+00:00
20260310_1500_HARP14471_NOAA14388,2026_HARP14471_20260309_1948_20260310_1636,2026-03-10 15:00:00,14471,14388,0,saved,"(512, 512, 6)",gs://suryabench-sharp-pipeline-bamidele/jsoc_2025_2026_production_v1/samples_npz/2026/20260310_1500_HARP14471_NOAA14388.npz,success,2026-06-25T05:22:06.291229+00:00
20260310_1636_HARP14471_NOAA14388,2026_HARP14471_20260309_1948_20260310_1636,2026-03-10 16:36:00,14471,14388,0,saved,"(512, 512, 6)",gs://suryabench-sharp-pipeline-bamidele/jsoc_2025_2026_production_v1/samples_npz/2026/20260310_1636_HARP14471_NOAA14388.npz,success,2026-06-25T05:22:12.806755+00:00
20260310_2012_HARP14471_NOAA14388,2026_HARP14471_20260310_2012_20260310_2012,2026-03-10 20:12:00,14471,14388,0,saved,"(512, 512, 6)",gs://suryabench-sharp-pipeline-bamidele/jsoc_2025_2026_production_v1/samples_npz/2026/20260310_2012_HARP14471_NOAA14388.npz,success,2026-06-25T05:29:18.319000+00:00
20260310_2136_HARP14486_NOAA14390,2026_HARP14486_20260310_2136_20260311_2000,2026-03-10 21:36:00,14486,14390,0,saved,"(512, 512, 6)",gs://suryabench-sharp-pipeline-bamidele/jsoc_2025_2026_production_v1/samples_npz/2026/20260310_2136_HARP14486_NOAA14390.npz,success,2026-06-25T05:39:24.329586+00:00
20260310_2312_HARP14486_NOAA14390,2026_HARP14486_20260310_2136_20260311_2000,2026-03-10 23:12:00,14486,14390,0,saved,"(512, 512, 6)",gs://suryabench-sharp-pipeline-bamidele/jsoc_2025_2026_production_v1/samples_npz/2026/20260310_2312_HARP14486_NOAA14390.npz,success,2026-06-25T05:39:30.741622+00:00
20260311_0048_HARP14486_NOAA14390,2026_HARP14486_20260310_2136_20260311_2000,2026-03-11 00:48:00,14486,14390,0,saved,"(512, 512, 6)",gs://suryabench-sharp-pipeline-bamidele/jsoc_2025_2026_production_v1/samples_npz/2026/20260311_0048_HARP14486_NOAA14390.npz,success,2026-06-25T05:39:37.184652+00:00
20260311_0224_HARP14486_NOAA14390,2026_HARP14486_20260310_2136_20260311_2000,2026-03-11 02:24:00,14486,14390,0,saved,"(512, 512, 6)",gs://suryabench-sharp-pipeline-bamidele/jsoc_2025_2026_production_v1/samples_npz/2026/20260311_0224_HARP14486_NOAA14390.npz,success,2026-06-25T05:39:43.562588+00:00
20260311_0400_HARP14486_NOAA14390,2026_HARP14486_20260310_2136_20260311_2000,2026-03-11 04:00:00,14486,14390,0,saved,"(512, 512, 6)",gs://suryabench-sharp-pipeline-bamidele/jsoc_2025_2026_production_v1/samples_npz/2026/20260311_0400_HARP14486_NOAA14390.npz,success,2026-06-25T05:39:49.969948+00:00
20260311_0536_HARP14486_NOAA14390,2026_HARP14486_20260310_2136_20260311_2000,2026-03-11 05:36:00,14486,14390,0,saved,"(512, 512, 6)",gs://suryabench-sharp-pipeline-bamidele/jsoc_2025_2026_production_v1/samples_npz/2026/20260311_0536_HARP14486_NOAA14390.npz,success,2026-06-25T05:39:56.360392+00:00
20260311_0712_HARP14486_NOAA14390,2026_HARP14486_20260310_2136_20260311_2000,2026-03-11 07:12:00,14486,14390,0,saved,"(512, 512, 6)",gs://suryabench-sharp-pipeline-bamidele/jsoc_2025_2026_production_v1/samples_npz/2026/20260311_0712_HARP14486_NOAA14390.npz,success,2026-06-25T05:40:04.013653+00:00
20260311_0848_HARP14486_NOAA14390,2026_HARP14486_20260310_2136_20260311_2000,2026-03-11 08:48:00,14486,14390,0,saved,"(512, 512, 6)",gs://suryabench-sharp-pipeline-bamidele/jsoc_2025_2026_production_v1/samples_npz/2026/20260311_0848_HARP14486_NOAA14390.npz,success,2026-06-25T05:40:10.601978+00:00
20260311_1024_HARP14486_NOAA14390,2026_HARP14486_20260310_2136_20260311_2000,2026-03-11 10:24:00,14486,14390,0,saved,"(512, 512, 6)",gs://suryabench-sharp-pipeline-bamidele/jsoc_2025_2026_production_v1/samples_npz/2026/20260311_1024_HARP14486_NOAA14390.npz,success,2026-06-25T05:40:17.044610+00:00
20260311_1200_HARP14486_NOAA14390,2026_HARP14486_20260310_2136_20260311_2000,2026-03-11 12:00:00,14486,14390,0,saved,"(512, 512, 6)",gs://suryabench-sharp-pipeline-bamidele/jsoc_2025_2026_production_v1/samples_npz/2026/20260311_1200_HARP14486_NOAA14390.npz,success,2026-06-25T05:40:23.531687+00:00
20260311_1336_HARP14486_NOAA14390,2026_HARP14486_20260310_2136_20260311_2000,2026-03-11 13:36:00,14486,14390,0,saved,"(512, 512, 6)",gs://suryabench-sharp-pipeline-bamidele/jsoc_2025_2026_production_v1/samples_npz/2026/20260311_1336_HARP14486_NOAA14390.npz,success,2026-06-25T05:40:30.012045+00:00
20260311_1512_HARP14486_NOAA14390,2026_HARP14486_20260310_2136_20260311_2000,2026-03-11 15:12:00,14486,14390,0,saved,"(512, 512, 6)",gs://suryabench-sharp-pipeline-bamidele/jsoc_2025_2026_production_v1/samples_npz/2026/20260311_1512_HARP14486_NOAA14390.npz,success,2026-06-25T05:40:36.472196+00:00
20260311_1648_HARP14486_NOAA14390,2026_HARP14486_20260310_2136_20260311_2000,2026-03-11 16:48:00,14486,14390,0,saved,"(512, 512, 6)",gs://suryabench-sharp-pipeline-bamidele/jsoc_2025_2026_production_v1/samples_npz/2026/20260311_1648_HARP14486_NOAA14390.npz,success,2026-06-25T05:40:42.976784+00:00
20260311_1824_HARP14486_NOAA14390,2026_HARP14486_20260310_2136_20260311_2000,2026-03-11 18:24:00,14486,14390,0,saved,"(512, 512, 6)",gs://suryabench-sharp-pipeline-bamidele/jsoc_2025_2026_production_v1/samples_npz/2026/20260311_1824_HARP14486_NOAA14390.npz,success,2026-06-25T05:40:49.504356+00:00
20260311_2000_HARP14486_NOAA14390,2026_HARP14486_20260310_2136_20260311_2000,2026-03-11 20:00:00,14486,14390,0,saved,"(512, 512, 6)",gs://suryabench-sharp-pipeline-bamidele/jsoc_2025_2026_production_v1/samples_npz/2026/20260311_2000_HARP14486_NOAA14390.npz,success,2026-06-25T05:40:55.976139+00:00
20260311_2136_HARP14486_NOAA14390,2026_HARP14486_20260311_2136_20260312_0048,2026-03-11 21:36:00,14486,14390,0,saved,"(512, 512, 6)",gs://suryabench-sharp-pipeline-bamidele/jsoc_2025_2026_production_v1/samples_npz/2026/20260311_2136_HARP14486_NOAA14390.npz,success,2026-06-25T05:48:03.666212+00:00
20260311_2312_HARP14486_NOAA14390,2026_HARP14486_20260311_2136_20260312_0048,2026-03-11 23:12:00,14486,14390,0,saved,"(512, 512, 6)",gs://suryabench-sharp-pipeline-bamidele/jsoc_2025_2026_production_v1/samples_npz/2026/20260311_2312_HARP14486_NOAA14390.npz,success,2026-06-25T05:48:10.073486+00:00
20260312_0048_HARP14486_NOAA14390,2026_HARP14486_20260311_2136_20260312_0048,2026-03-12 00:48:00,14486,14390,0,saved,"(512, 512, 6)",gs://suryabench-sharp-pipeline-bamidele/jsoc_2025_2026_production_v1/samples_npz/2026/20260312_0048_HARP14486_NOAA14390.npz,success,2026-06-25T05:48:16.427796+00:00
20260312_0400_HARP14486_NOAA14390,2026_HARP14486_20260312_0400_20260313_0224,2026-03-12 04:00:00,14486,14390,0,saved,"(512, 512, 6)",gs://suryabench-sharp-pipeline-bamidele/jsoc_2025_2026_production_v1/samples_npz/2026/20260312_0400_HARP14486_NOAA14390.npz,success,2026-06-25T05:59:31.012943+00:00
20260312_0536_HARP14486_NOAA14390,2026_HARP14486_20260312_0400_20260313_0224,2026-03-12 05:36:00,14486,14390,0,saved,"(512, 512, 6)",gs://suryabench-sharp-pipeline-bamidele/jsoc_2025_2026_production_v1/samples_npz/2026/20260312_0536_HARP14486_NOAA14390.npz,success,2026-06-25T05:59:37.395372+00:00
20260312_0712_HARP14486_NOAA14390,2026_HARP14486_20260312_0400_20260313_0224,2026-03-12 07:12:00,14486,14390,0,saved,"(512, 512, 6)",gs://suryabench-sharp-pipeline-bamidele/jsoc_2025_2026_production_v1/samples_npz/2026/20260312_0712_HARP14486_NOAA14390.npz,success,2026-06-25T05:59:43.697361+00:00
20260312_0848_HARP14486_NOAA14390,2026_HARP14486_20260312_0400_20260313_0224,2026-03-12 08:48:00,14486,14390,0,saved,"(512, 512, 6)",gs://suryabench-sharp-pipeline-bamidele/jsoc_2025_2026_production_v1/samples_npz/2026/20260312_0848_HARP14486_NOAA14390.npz,success,2026-06-25T05:59:50.006324+00:00
20260312_1024_HARP14486_NOAA14390,2026_HARP14486_20260312_0400_20260313_0224,2026-03-12 10:24:00,14486,14390,0,saved,"(512, 512, 6)",gs://suryabench-sharp-pipeline-bamidele/jsoc_2025_2026_production_v1/samples_npz/2026/20260312_1024_HARP14486_NOAA14390.npz,success,2026-06-25T05:59:56.281891+00:00
20260312_1200_HARP14486_NOAA14390,2026_HARP14486_20260312_0400_20260313_0224,2026-03-12 12:00:00,14486,14390,0,saved,"(512, 512, 6)",gs://suryabench-sharp-pipeline-bamidele/jsoc_2025_2026_production_v1/samples_npz/2026/20260312_1200_HARP14486_NOAA14390.npz,success,2026-06-25T06:00:02.636169+00:00
20260312_1336_HARP14486_NOAA14390,2026_HARP14486_20260312_0400_20260313_0224,2026-03-12 13:36:00,14486,14390,0,saved,"(512, 512, 6)",gs://suryabench-sharp-pipeline-bamidele/jsoc_2025_2026_production_v1/samples_npz/2026/20260312_1336_HARP14486_NOAA14390.npz,success,2026-06-25T06:00:08.976255+00:00
20260312_1512_HARP14486_NOAA14390,2026_HARP14486_20260312_0400_20260313_0224,2026-03-12 15:12:00,14486,14390,0,saved,"(512, 512, 6)",gs://suryabench-sharp-pipeline-bamidele/jsoc_2025_2026_production_v1/samples_npz/2026/20260312_1512_HARP14486_NOAA14390.npz,success,2026-06-25T06:00:15.325250+00:00
20260312_1648_HARP14486_NOAA14390,2026_HARP14486_20260312_0400_20260313_0224,2026-03-12 16:48:00,14486,14390,0,saved,"(512, 512, 6)",gs://suryabench-sharp-pipeline-bamidele/jsoc_2025_2026_production_v1/samples_npz/2026/20260312_1648_HARP14486_NOAA14390.npz,success,2026-06-25T06:00:21.640791+00:00
20260312_1824_HARP14486_NOAA14390,2026_HARP14486_20260312_0400_20260313_0224,2026-03-12 18:24:00,14486,14390,0,saved,"(512, 512, 6)",gs://suryabench-sharp-pipeline-bamidele/jsoc_2025_2026_production_v1/samples_npz/2026/20260312_1824_HARP14486_NOAA14390.npz,success,2026-06-25T06:00:27.972270+00:00
20260312_2000_HARP14486_NOAA14390,2026_HARP14486_20260312_0400_20260313_0224,2026-03-12 20:00:00,14486,14390,0,saved,"(512, 512, 6)",gs://suryabench-sharp-pipeline-bamidele/jsoc_2025_2026_production_v1/samples_npz/2026/20260312_2000_HARP14486_NOAA14390.npz,success,2026-06-25T06:00:34.506287+00:00
20260312_2136_HARP14486_NOAA14390,2026_HARP14486_20260312_0400_20260313_0224,2026-03-12 21:36:00,14486,14390,0,saved,"(512, 512, 6)",gs://suryabench-sharp-pipeline-bamidele/jsoc_2025_2026_production_v1/samples_npz/2026/20260312_2136_HARP14486_NOAA14390.npz,success,2026-06-25T06:00:40.771881+00:00
20260312_2312_HARP14486_NOAA14390,2026_HARP14486_20260312_0400_20260313_0224,2026-03-12 23:12:00,14486,14390,0,saved,"(512, 512, 6)",gs://suryabench-sharp-pipeline-bamidele/jsoc_2025_2026_production_v1/samples_npz/2026/20260312_2312_HARP14486_NOAA14390.npz,success,2026-06-25T06:00:47.769472+00:00
20260313_0048_HARP14486_NOAA14390,2026_HARP14486_20260312_0400_20260313_0224,2026-03-13 00:48:00,14486,14390,0,saved,"(512, 512, 6)",gs://suryabench-sharp-pipeline-bamidele/jsoc_2025_2026_production_v1/samples_npz/2026/20260313_0048_HARP14486_NOAA14390.npz,success,2026-06-25T06:00:54.368342+00:00
20260313_0224_HARP14486_NOAA14390,2026_HARP14486_20260312_0400_20260313_0224,2026-03-13 02:24:00,14486,14390,0,saved,"(512, 512, 6)",gs://suryabench-sharp-pipeline-bamidele/jsoc_2025_2026_production_v1/samples_npz/2026/20260313_0224_HARP14486_NOAA14390.npz,success,2026-06-25T06:01:00.818287+00:00
20260312_1500_HARP14479_NOAA14387,2026_HARP14479_20260312_1500_20260313_1324,2026-03-12 15:00:00,14479,14387,0,saved,"(512, 512, 6)",gs://suryabench-sharp-pipeline-bamidele/jsoc_2025_2026_production_v1/samples_npz/2026/20260312_1500_HARP14479_NOAA14387.npz,success,2026-06-25T06:13:54.746241+00:00
20260312_1636_HARP14479_NOAA14387,2026_HARP14479_20260312_1500_20260313_1324,2026-03-12 16:36:00,14479,14387,0,saved,"(512, 512, 6)",gs://suryabench-sharp-pipeline-bamidele/jsoc_2025_2026_production_v1/samples_npz/2026/20260312_1636_HARP14479_NOAA14387.npz,success,2026-06-25T06:14:02.808245+00:00
20260312_1812_HARP14479_NOAA14387,2026_HARP14479_20260312_1500_20260313_1324,2026-03-12 18:12:00,14479,14387,0,saved,"(512, 512, 6)",gs://suryabench-sharp-pipeline-bamidele/jsoc_2025_2026_production_v1/samples_npz/2026/20260312_1812_HARP14479_NOAA14387.npz,success,2026-06-25T06:14:10.109799+00:00
20260312_1948_HARP14479_NOAA14387,2026_HARP14479_20260312_1500_20260313_1324,2026-03-12 19:48:00,14479,14387,0,saved,"(512, 512, 6)",gs://suryabench-sharp-pipeline-bamidele/jsoc_2025_2026_production_v1/samples_npz/2026/20260312_1948_HARP14479_NOAA14387.npz,success,2026-06-25T06:14:17.470198+00:00
20260312_2124_HARP14479_NOAA14387,2026_HARP14479_20260312_1500_20260313_1324,2026-03-12 21:24:00,14479,14387,0,saved,"(512, 512, 6)",gs://suryabench-sharp-pipeline-bamidele/jsoc_2025_2026_production_v1/samples_npz/2026/20260312_2124_HARP14479_NOAA14387.npz,success,2026-06-25T06:14:25.782347+00:00
20260312_2300_HARP14479_NOAA14387,2026_HARP14479_20260312_1500_20260313_1324,2026-03-12 23:00:00,14479,14387,0,saved,"(512, 512, 6)",gs://suryabench-sharp-pipeline-bamidele/jsoc_2025_2026_production_v1/samples_npz/2026/20260312_2300_HARP14479_NOAA14387.npz,success,2026-06-25T06:14:34.324784+00:00
20260313_0036_HARP14479_NOAA14387,2026_HARP14479_20260312_1500_20260313_1324,2026-03-13 00:36:00,14479,14387,0,saved,"(512, 512, 6)",gs://suryabench-sharp-pipeline-bamidele/jsoc_2025_2026_production_v1/samples_npz/2026/20260313_0036_HARP14479_NOAA14387.npz,success,2026-06-25T06:14:43.392111+00:00
20260313_0212_HARP14479_NOAA14387,2026_HARP14479_20260312_1500_20260313_1324,2026-03-13 02:12:00,14479,14387,0,saved,"(512, 512, 6)",gs://suryabench-sharp-pipeline-bamidele/jsoc_2025_2026_production_v1/samples_npz/2026/20260313_0212_HARP14479_NOAA14387.npz,success,2026-06-25T06:14:51.743414+00:00
20260313_0348_HARP14479_NOAA14387,2026_HARP14479_20260312_1500_20260313_1324,2026-03-13 03:48:00,14479,14387,0,saved,"(512, 512, 6)",gs://suryabench-sharp-pipeline-bamidele/jsoc_2025_2026_production_v1/samples_npz/2026/20260313_0348_HARP14479_NOAA14387.npz,success,2026-06-25T06:14:58.924317+00:00
20260313_0524_HARP14479_NOAA14387,2026_HARP14479_20260312_1500_20260313_1324,2026-03-13 05:24:00,14479,14387,0,saved,"(512, 512, 6)",gs://suryabench-sharp-pipeline-bamidele/jsoc_2025_2026_production_v1/samples_npz/2026/20260313_0524_HARP14479_NOAA14387.npz,success,2026-06-25T06:15:06.015480+00:00
20260313_0700_HARP14479_NOAA14387,2026_HARP14479_20260312_1500_20260313_1324,2026-03-13 07:00:00,14479,14387,0,saved,"(512, 512, 6)",gs://suryabench-sharp-pipeline-bamidele/jsoc_2025_2026_production_v1/samples_npz/2026/20260313_0700_HARP14479_NOAA14387.npz,success,2026-06-25T06:15:13.302481+00:00
20260313_0836_HARP14479_NOAA14387,2026_HARP14479_20260312_1500_20260313_1324,2026-03-13 08:36:00,14479,14387,0,saved,"(512, 512, 6)",gs://suryabench-sharp-pipeline-bamidele/jsoc_2025_2026_production_v1/samples_npz/2026/20260313_0836_HARP14479_NOAA14387.npz,success,2026-06-25T06:15:20.567599+00:00
20260313_1012_HARP14479_NOAA14387,2026_HARP14479_20260312_1500_20260313_1324,2026-03-13 10:12:00,14479,14387,0,saved,"(512, 512, 6)",gs://suryabench-sharp-pipeline-bamidele/jsoc_2025_2026_production_v1/samples_npz/2026/20260313_1012_HARP14479_NOAA14387.npz,success,2026-06-25T06:15:27.780509+00:00
20260313_1148_HARP14479_NOAA14387,2026_HARP14479_20260312_1500_20260313_1324,2026-03-13 11:48:00,14479,14387,0,saved,"(512, 512, 6)",gs://suryabench-sharp-pipeline-bamidele/jsoc_2025_2026_production_v1/samples_npz/2026/20260313_1148_HARP14479_NOAA14387.npz,success,2026-06-25T06:15:34.709885+00:00
20260313_1324_HARP14479_NOAA14387,2026_HARP14479_20260312_1500_20260313_1324,2026-03-13 13:24:00,14479,14387,0,saved,"(512, 512, 6)",gs://suryabench-sharp-pipeline-bamidele/jsoc_2025_2026_production_v1/samples_npz/2026/20260313_1324_HARP14479_NOAA14387.npz,success,2026-06-25T06:15:41.775042+00:00
20260313_0400_HARP14486_NOAA14390,2026_HARP14486_20260313_0400_20260314_0224,2026-03-13 04:00:00,14486,14390,0,saved,"(512, 512, 6)",gs://suryabench-sharp-pipeline-bamidele/jsoc_2025_2026_production_v1/samples_npz/2026/20260313_0400_HARP14486_NOAA14390.npz,success,2026-06-25T06:25:55.894941+00:00
20260313_0536_HARP14486_NOAA14390,2026_HARP14486_20260313_0400_20260314_0224,2026-03-13 05:36:00,14486,14390,0,saved,"(512, 512, 6)",gs://suryabench-sharp-pipeline-bamidele/jsoc_2025_2026_production_v1/samples_npz/2026/20260313_0536_HARP14486_NOAA14390.npz,success,2026-06-25T06:26:02.584780+00:00
20260313_0712_HARP14486_NOAA14390,2026_HARP14486_20260313_0400_20260314_0224,2026-03-13 07:12:00,14486,14390,0,saved,"(512, 512, 6)",gs://suryabench-sharp-pipeline-bamidele/jsoc_2025_2026_production_v1/samples_npz/2026/20260313_0712_HARP14486_NOAA14390.npz,success,2026-06-25T06:26:09.132464+00:00
20260313_0848_HARP14486_NOAA14390,2026_HARP14486_20260313_0400_20260314_0224,2026-03-13 08:48:00,14486,14390,0,saved,"(512, 512, 6)",gs://suryabench-sharp-pipeline-bamidele/jsoc_2025_2026_production_v1/samples_npz/2026/20260313_0848_HARP14486_NOAA14390.npz,success,2026-06-25T06:26:15.823149+00:00
20260313_1024_HARP14486_NOAA14390,2026_HARP14486_20260313_0400_20260314_0224,2026-03-13 10:24:00,14486,14390,0,saved,"(512, 512, 6)",gs://suryabench-sharp-pipeline-bamidele/jsoc_2025_2026_production_v1/samples_npz/2026/20260313_1024_HARP14486_NOAA14390.npz,success,2026-06-25T06:26:22.365603+00:00
20260313_1200_HARP14486_NOAA14390,2026_HARP14486_20260313_0400_20260314_0224,2026-03-13 12:00:00,14486,14390,0,saved,"(512, 512, 6)",gs://suryabench-sharp-pipeline-bamidele/jsoc_2025_2026_production_v1/samples_npz/2026/20260313_1200_HARP14486_NOAA14390.npz,success,2026-06-25T06:26:28.909619+00:00
20260313_1336_HARP14486_NOAA14390,2026_HARP14486_20260313_0400_20260314_0224,2026-03-13 13:36:00,14486,14390,0,saved,"(512, 512, 6)",gs://suryabench-sharp-pipeline-bamidele/jsoc_2025_2026_production_v1/samples_npz/2026/20260313_1336_HARP14486_NOAA14390.npz,success,2026-06-25T06:26:35.378020+00:00
20260313_1512_HARP14486_NOAA14390,2026_HARP14486_20260313_0400_20260314_0224,2026-03-13 15:12:00,14486,14390,0,saved,"(512, 512, 6)",gs://suryabench-sharp-pipeline-bamidele/jsoc_2025_2026_production_v1/samples_npz/2026/20260313_1512_HARP14486_NOAA14390.npz,success,2026-06-25T06:26:41.849836+00:00
20260313_1648_HARP14486_NOAA14390,2026_HARP14486_20260313_0400_20260314_0224,2026-03-13 16:48:00,14486,14390,0,saved,"(512, 512, 6)",gs://suryabench-sharp-pipeline-bamidele/jsoc_2025_2026_production_v1/samples_npz/2026/20260313_1648_HARP14486_NOAA14390.npz,success,2026-06-25T06:26:48.284286+00:00
20260313_1824_HARP14486_NOAA14390,2026_HARP14486_20260313_0400_20260314_0224,2026-03-13 18:24:00,14486,14390,0,saved,"(512, 512, 6)",gs://suryabench-sharp-pipeline-bamidele/jsoc_2025_2026_production_v1/samples_npz/2026/20260313_1824_HARP14486_NOAA14390.npz,success,2026-06-25T06:26:54.785947+00:00
20260313_2000_HARP14486_NOAA14390,2026_HARP14486_20260313_0400_20260314_0224,2026-03-13 20:00:00,14486,14390,0,saved,"(512, 512, 6)",gs://suryabench-sharp-pipeline-bamidele/jsoc_2025_2026_production_v1/samples_npz/2026/20260313_2000_HARP14486_NOAA14390.npz,success,2026-06-25T06:27:01.255234+00:00
20260313_2136_HARP14486_NOAA14390,2026_HARP14486_20260313_0400_20260314_0224,2026-03-13 21:36:00,14486,14390,0,saved,"(512, 512, 6)",gs://suryabench-sharp-pipeline-bamidele/jsoc_2025_2026_production_v1/samples_npz/2026/20260313_2136_HARP14486_NOAA14390.npz,success,2026-06-25T06:27:07.775468+00:00
20260313_2312_HARP14486_NOAA14390,2026_HARP14486_20260313_0400_20260314_0224,2026-03-13 23:12:00,14486,14390,0,saved,"(512, 512, 6)",gs://suryabench-sharp-pipeline-bamidele/jsoc_2025_2026_production_v1/samples_npz/2026/20260313_2312_HARP14486_NOAA14390.npz,success,2026-06-25T06:27:14.217742+00:00
20260314_0048_HARP14486_NOAA14390,2026_HARP14486_20260313_0400_20260314_0224,2026-03-14 00:48:00,14486,14390,0,saved,"(512, 512, 6)",gs://suryabench-sharp-pipeline-bamidele/jsoc_2025_2026_production_v1/samples_npz/2026/20260314_0048_HARP14486_NOAA14390.npz,success,2026-06-25T06:27:20.747143+00:00
20260314_0224_HARP14486_NOAA14390,2026_HARP14486_20260313_0400_20260314_0224,2026-03-14 02:24:00,14486,14390,0,saved,"(512, 512, 6)",gs://suryabench-sharp-pipeline-bamidele/jsoc_2025_2026_production_v1/samples_npz/2026/20260314_0224_HARP14486_NOAA14390.npz,success,2026-06-25T06:27:27.269135+00:00
20260313_1500_HARP14479_NOAA14387,2026_HARP14479_20260313_1500_20260314_1324,2026-03-13 15:00:00,14479,14387,0,saved,"(512, 512, 6)",gs://suryabench-sharp-pipeline-bamidele/jsoc_2025_2026_production_v1/samples_npz/2026/20260313_1500_HARP14479_NOAA14387.npz,success,2026-06-25T06:42:11.431141+00:00
20260313_1636_HARP14479_NOAA14387,2026_HARP14479_20260313_1500_20260314_1324,2026-03-13 16:36:00,14479,14387,0,saved,"(512, 512, 6)",gs://suryabench-sharp-pipeline-bamidele/jsoc_2025_2026_production_v1/samples_npz/2026/20260313_1636_HARP14479_NOAA14387.npz,success,2026-06-25T06:42:18.858750+00:00
20260313_1812_HARP14479_NOAA14387,2026_HARP14479_20260313_1500_20260314_1324,2026-03-13 18:12:00,14479,14387,0,saved,"(512, 512, 6)",gs://suryabench-sharp-pipeline-bamidele/jsoc_2025_2026_production_v1/samples_npz/2026/20260313_1812_HARP14479_NOAA14387.npz,success,2026-06-25T06:42:26.787868+00:00
20260313_1948_HARP14479_NOAA14387,2026_HARP14479_20260313_1500_20260314_1324,2026-03-13 19:48:00,14479,14387,0,saved,"(512, 512, 6)",gs://suryabench-sharp-pipeline-bamidele/jsoc_2025_2026_production_v1/samples_npz/2026/20260313_1948_HARP14479_NOAA14387.npz,success,2026-06-25T06:42:34.491789+00:00
20260313_2124_HARP14479_NOAA14387,2026_HARP14479_20260313_1500_20260314_1324,2026-03-13 21:24:00,14479,14387,0,saved,"(512, 512, 6)",gs://suryabench-sharp-pipeline-bamidele/jsoc_2025_2026_production_v1/samples_npz/2026/20260313_2124_HARP14479_NOAA14387.npz,success,2026-06-25T06:42:41.669505+00:00
20260313_2300_HARP14479_NOAA14387,2026_HARP14479_20260313_1500_20260314_1324,2026-03-13 23:00:00,14479,14387,0,saved,"(512, 512, 6)",gs://suryabench-sharp-pipeline-bamidele/jsoc_2025_2026_production_v1/samples_npz/2026/20260313_2300_HARP14479_NOAA14387.npz,success,2026-06-25T06:42:48.859823+00:00
20260314_0036_HARP14479_NOAA14387,2026_HARP14479_20260313_1500_20260314_1324,2026-03-14 00:36:00,14479,14387,0,saved,"(512, 512, 6)",gs://suryabench-sharp-pipeline-bamidele/jsoc_2025_2026_production_v1/samples_npz/2026/20260314_0036_HARP14479_NOAA14387.npz,success,2026-06-25T06:42:56.090037+00:00
20260314_0212_HARP14479_NOAA14387,2026_HARP14479_20260313_1500_20260314_1324,2026-03-14 02:12:00,14479,14387,0,saved,"(512, 512, 6)",gs://suryabench-sharp-pipeline-bamidele/jsoc_2025_2026_production_v1/samples_npz/2026/20260314_0212_HARP14479_NOAA14387.npz,success,2026-06-25T06:43:03.283089+00:00
20260314_0348_HARP14479_NOAA14387,2026_HARP14479_20260313_1500_20260314_1324,2026-03-14 03:48:00,14479,14387,0,saved,"(512, 512, 6)",gs://suryabench-sharp-pipeline-bamidele/jsoc_2025_2026_production_v1/samples_npz/2026/20260314_0348_HARP14479_NOAA14387.npz,success,2026-06-25T06:43:10.545898+00:00
20260314_0524_HARP14479_NOAA14387,2026_HARP14479_20260313_1500_20260314_1324,2026-03-14 05:24:00,14479,14387,0,saved,"(512, 512, 6)",gs://suryabench-sharp-pipeline-bamidele/jsoc_2025_2026_production_v1/samples_npz/2026/20260314_0524_HARP14479_NOAA14387.npz,success,2026-06-25T06:43:17.859945+00:00
20260314_0700_HARP14479_NOAA14387,2026_HARP14479_20260313_1500_20260314_1324,2026-03-14 07:00:00,14479,14387,0,saved,"(512, 512, 6)",gs://suryabench-sharp-pipeline-bamidele/jsoc_2025_2026_production_v1/samples_npz/2026/20260314_0700_HARP14479_NOAA14387.npz,success,2026-06-25T06:43:25.500097+00:00
20260314_0836_HARP14479_NOAA14387,2026_HARP14479_20260313_1500_20260314_1324,2026-03-14 08:36:00,14479,14387,0,saved,"(512, 512, 6)",gs://suryabench-sharp-pipeline-bamidele/jsoc_2025_2026_production_v1/samples_npz/2026/20260314_0836_HARP14479_NOAA14387.npz,success,2026-06-25T06:43:32.873767+00:00
20260314_1012_HARP14479_NOAA14387,2026_HARP14479_20260313_1500_20260314_1324,2026-03-14 10:12:00,14479,14387,0,saved,"(512, 512, 6)",gs://suryabench-sharp-pipeline-bamidele/jsoc_2025_2026_production_v1/samples_npz/2026/20260314_1012_HARP14479_NOAA14387.npz,success,2026-06-25T06:43:40.471963+00:00
20260314_1148_HARP14479_NOAA14387,2026_HARP14479_20260313_1500_20260314_1324,2026-03-14 11:48:00,14479,14387,0,saved,"(512, 512, 6)",gs://suryabench-sharp-pipeline-bamidele/jsoc_2025_2026_production_v1/samples_npz/2026/20260314_1148_HARP14479_NOAA14387.npz,success,2026-06-25T06:43:48.379605+00:00
20260314_1324_HARP14479_NOAA14387,2026_HARP14479_20260313_1500_20260314_1324,2026-03-14 13:24:00,14479,14387,0,saved,"(512, 512, 6)",gs://suryabench-sharp-pipeline-bamidele/jsoc_2025_2026_production_v1/samples_npz/2026/20260314_1324_HARP14479_NOAA14387.npz,success,2026-06-25T06:43:56.554615+00:00
20260314_0400_HARP14486_NOAA14390,2026_HARP14486_20260314_0400_20260315_0224,2026-03-14 04:00:00,14486,14390,0,saved,"(512, 512, 6)",gs://suryabench-sharp-pipeline-bamidele/jsoc_2025_2026_production_v1/samples_npz/2026/20260314_0400_HARP14486_NOAA14390.npz,success,2026-06-25T06:54:06.736021+00:00
20260314_0536_HARP14486_NOAA14390,2026_HARP14486_20260314_0400_20260315_0224,2026-03-14 05:36:00,14486,14390,0,saved,"(512, 512, 6)",gs://suryabench-sharp-pipeline-bamidele/jsoc_2025_2026_production_v1/samples_npz/2026/20260314_0536_HARP14486_NOAA14390.npz,success,2026-06-25T06:54:13.664366+00:00
20260314_0712_HARP14486_NOAA14390,2026_HARP14486_20260314_0400_20260315_0224,2026-03-14 07:12:00,14486,14390,0,saved,"(512, 512, 6)",gs://suryabench-sharp-pipeline-bamidele/jsoc_2025_2026_production_v1/samples_npz/2026/20260314_0712_HARP14486_NOAA14390.npz,success,2026-06-25T06:54:20.507270+00:00
20260314_0848_HARP14486_NOAA14390,2026_HARP14486_20260314_0400_20260315_0224,2026-03-14 08:48:00,14486,14390,0,saved,"(512, 512, 6)",gs://suryabench-sharp-pipeline-bamidele/jsoc_2025_2026_production_v1/samples_npz/2026/20260314_0848_HARP14486_NOAA14390.npz,success,2026-06-25T06:54:27.201885+00:00
20260314_1024_HARP14486_NOAA14390,2026_HARP14486_20260314_0400_20260315_0224,2026-03-14 10:24:00,14486,14390,0,saved,"(512, 512, 6)",gs://suryabench-sharp-pipeline-bamidele/jsoc_2025_2026_production_v1/samples_npz/2026/20260314_1024_HARP14486_NOAA14390.npz,success,2026-06-25T06:54:33.956248+00:00
20260314_1200_HARP14486_NOAA14390,2026_HARP14486_20260314_0400_20260315_0224,2026-03-14 12:00:00,14486,14390,0,saved,"(512, 512, 6)",gs://suryabench-sharp-pipeline-bamidele/jsoc_2025_2026_production_v1/samples_npz/2026/20260314_1200_HARP14486_NOAA14390.npz,success,2026-06-25T06:54:40.854465+00:00
20260314_1336_HARP14486_NOAA14390,2026_HARP14486_20260314_0400_20260315_0224,2026-03-14 13:36:00,14486,14390,0,saved,"(512, 512, 6)",gs://suryabench-sharp-pipeline-bamidele/jsoc_2025_2026_production_v1/samples_npz/2026/20260314_1336_HARP14486_NOAA14390.npz,success,2026-06-25T06:54:47.584397+00:00
20260314_1512_HARP14486_NOAA14390,2026_HARP14486_20260314_0400_20260315_0224,2026-03-14 15:12:00,14486,14390,0,saved,"(512, 512, 6)",gs://suryabench-sharp-pipeline-bamidele/jsoc_2025_2026_production_v1/samples_npz/2026/20260314_1512_HARP14486_NOAA14390.npz,success,2026-06-25T06:54:54.491330+00:00
20260314_1648_HARP14486_NOAA14390,2026_HARP14486_20260314_0400_20260315_0224,2026-03-14 16:48:00,14486,14390,0,saved,"(512, 512, 6)",gs://suryabench-sharp-pipeline-bamidele/jsoc_2025_2026_production_v1/samples_npz/2026/20260314_1648_HARP14486_NOAA14390.npz,success,2026-06-25T06:55:01.234949+00:00
20260314_1824_HARP14486_NOAA14390,2026_HARP14486_20260314_0400_20260315_0224,2026-03-14 18:24:00,14486,14390,0,saved,"(512, 512, 6)",gs://suryabench-sharp-pipeline-bamidele/jsoc_2025_2026_production_v1/samples_npz/2026/20260314_1824_HARP14486_NOAA14390.npz,success,2026-06-25T06:55:08.043255+00:00
20260314_2000_HARP14486_NOAA14390,2026_HARP14486_20260314_0400_20260315_0224,2026-03-14 20:00:00,14486,14390,0,saved,"(512, 512, 6)",gs://suryabench-sharp-pipeline-bamidele/jsoc_2025_2026_production_v1/samples_npz/2026/20260314_2000_HARP14486_NOAA14390.npz,success,2026-06-25T06:55:14.783498+00:00
20260314_2136_HARP14486_NOAA14390,2026_HARP14486_20260314_0400_20260315_0224,2026-03-14 21:36:00,14486,14390,0,saved,"(512, 512, 6)",gs://suryabench-sharp-pipeline-bamidele/jsoc_2025_2026_production_v1/samples_npz/2026/20260314_2136_HARP14486_NOAA14390.npz,success,2026-06-25T06:55:21.517206+00:00
20260314_2312_HARP14486_NOAA14390,2026_HARP14486_20260314_0400_20260315_0224,2026-03-14 23:12:00,14486,14390,0,saved,"(512, 512, 6)",gs://suryabench-sharp-pipeline-bamidele/jsoc_2025_2026_production_v1/samples_npz/2026/20260314_2312_HARP14486_NOAA14390.npz,success,2026-06-25T06:55:28.377340+00:00
20260315_0048_HARP14486_NOAA14390,2026_HARP14486_20260314_0400_20260315_0224,2026-03-15 00:48:00,14486,14390,0,saved,"(512, 512, 6)",gs://suryabench-sharp-pipeline-bamidele/jsoc_2025_2026_production_v1/samples_npz/2026/20260315_0048_HARP14486_NOAA14390.npz,success,2026-06-25T06:55:35.163553+00:00
20260315_0224_HARP14486_NOAA14390,2026_HARP14486_20260314_0400_20260315_0224,2026-03-15 02:24:00,14486,14390,0,saved,"(512, 512, 6)",gs://suryabench-sharp-pipeline-bamidele/jsoc_2025_2026_production_v1/samples_npz/2026/20260315_0224_HARP14486_NOAA14390.npz,success,2026-06-25T06:55:41.852724+00:00
20260314_1500_HARP14479_NOAA14387,2026_HARP14479_20260314_1500_20260314_1636,2026-03-14 15:00:00,14479,14387,0,saved,"(512, 512, 6)",gs://suryabench-sharp-pipeline-bamidele/jsoc_2025_2026_production_v1/samples_npz/2026/20260314_1500_HARP14479_NOAA14387.npz,success,2026-06-25T07:05:26.573470+00:00
20260314_1636_HARP14479_NOAA14387,2026_HARP14479_20260314_1500_20260314_1636,2026-03-14 16:36:00,14479,14387,0,saved,"(512, 512, 6)",gs://suryabench-sharp-pipeline-bamidele/jsoc_2025_2026_production_v1/samples_npz/2026/20260314_1636_HARP14479_NOAA14387.npz,success,2026-06-25T07:05:33.882042+00:00
20260314_1948_HARP14479_NOAA14387,2026_HARP14479_20260314_1948_20260314_2300,2026-03-14 19:48:00,14479,14387,0,saved,"(512, 512, 6)",gs://suryabench-sharp-pipeline-bamidele/jsoc_2025_2026_production_v1/samples_npz/2026/20260314_1948_HARP14479_NOAA14387.npz,success,2026-06-25T07:15:27.613691+00:00
20260314_2124_HARP14479_NOAA14387,2026_HARP14479_20260314_1948_20260314_2300,2026-03-14 21:24:00,14479,14387,0,saved,"(512, 512, 6)",gs://suryabench-sharp-pipeline-bamidele/jsoc_2025_2026_production_v1/samples_npz/2026/20260314_2124_HARP14479_NOAA14387.npz,success,2026-06-25T07:15:34.613396+00:00
20260314_2300_HARP14479_NOAA14387,2026_HARP14479_20260314_1948_20260314_2300,2026-03-14 23:00:00,14479,14387,0,saved,"(512, 512, 6)",gs://suryabench-sharp-pipeline-bamidele/jsoc_2025_2026_production_v1/samples_npz/2026/20260314_2300_HARP14479_NOAA14387.npz,success,2026-06-25T07:15:41.729051+00:00
20260315_0212_HARP14479_NOAA14387,2026_HARP14479_20260315_0212_20260316_0036,2026-03-15 02:12:00,14479,14387,0,saved,"(512, 512, 6)",gs://suryabench-sharp-pipeline-bamidele/jsoc_2025_2026_production_v1/samples_npz/2026/20260315_0212_HARP14479_NOAA14387.npz,success,2026-06-25T07:28:46.740658+00:00
20260315_0348_HARP14479_NOAA14387,2026_HARP14479_20260315_0212_20260316_0036,2026-03-15 03:48:00,14479,14387,0,saved,"(512, 512, 6)",gs://suryabench-sharp-pipeline-bamidele/jsoc_2025_2026_production_v1/samples_npz/2026/20260315_0348_HARP14479_NOAA14387.npz,success,2026-06-25T07:28:53.658135+00:00
20260315_0524_HARP14479_NOAA14387,2026_HARP14479_20260315_0212_20260316_0036,2026-03-15 05:24:00,14479,14387,0,saved,"(512, 512, 6)",gs://suryabench-sharp-pipeline-bamidele/jsoc_2025_2026_production_v1/samples_npz/2026/20260315_0524_HARP14479_NOAA14387.npz,success,2026-06-25T07:29:00.524220+00:00
20260315_0700_HARP14479_NOAA14387,2026_HARP14479_20260315_0212_20260316_0036,2026-03-15 07:00:00,14479,14387,0,saved,"(512, 512, 6)",gs://suryabench-sharp-pipeline-bamidele/jsoc_2025_2026_production_v1/samples_npz/2026/20260315_0700_HARP14479_NOAA14387.npz,success,2026-06-25T07:29:07.414214+00:00
20260315_0836_HARP14479_NOAA14387,2026_HARP14479_20260315_0212_20260316_0036,2026-03-15 08:36:00,14479,14387,0,saved,"(512, 512, 6)",gs://suryabench-sharp-pipeline-bamidele/jsoc_2025_2026_production_v1/samples_npz/2026/20260315_0836_HARP14479_NOAA14387.npz,success,2026-06-25T07:29:14.334793+00:00
20260315_1012_HARP14479_NOAA14387,2026_HARP14479_20260315_0212_20260316_0036,2026-03-15 10:12:00,14479,14387,0,saved,"(512, 512, 6)",gs://suryabench-sharp-pipeline-bamidele/jsoc_2025_2026_production_v1/samples_npz/2026/20260315_1012_HARP14479_NOAA14387.npz,success,2026-06-25T07:29:21.373656+00:00
20260315_1148_HARP14479_NOAA14387,2026_HARP14479_20260315_0212_20260316_0036,2026-03-15 11:48:00,14479,14387,0,saved,"(512, 512, 6)",gs://suryabench-sharp-pipeline-bamidele/jsoc_2025_2026_production_v1/samples_npz/2026/20260315_1148_HARP14479_NOAA14387.npz,success,2026-06-25T07:29:28.399903+00:00
20260315_1324_HARP14479_NOAA14387,2026_HARP14479_20260315_0212_20260316_0036,2026-03-15 13:24:00,14479,14387,0,saved,"(512, 512, 6)",gs://suryabench-sharp-pipeline-bamidele/jsoc_2025_2026_production_v1/samples_npz/2026/20260315_1324_HARP14479_NOAA14387.npz,success,2026-06-25T07:29:35.404733+00:00
20260315_1500_HARP14479_NOAA14387,2026_HARP14479_20260315_0212_20260316_0036,2026-03-15 15:00:00,14479,14387,0,saved,"(512, 512, 6)",gs://suryabench-sharp-pipeline-bamidele/jsoc_2025_2026_production_v1/samples_npz/2026/20260315_1500_HARP14479_NOAA14387.npz,success,2026-06-25T07:29:42.335393+00:00
20260315_1636_HARP14479_NOAA14387,2026_HARP14479_20260315_0212_20260316_0036,2026-03-15 16:36:00,14479,14387,0,saved,"(512, 512, 6)",gs://suryabench-sharp-pipeline-bamidele/jsoc_2025_2026_production_v1/samples_npz/2026/20260315_1636_HARP14479_NOAA14387.npz,success,2026-06-25T07:29:49.243407+00:00
20260315_1812_HARP14479_NOAA14387,2026_HARP14479_20260315_0212_20260316_0036,2026-03-15 18:12:00,14479,14387,0,saved,"(512, 512, 6)",gs://suryabench-sharp-pipeline-bamidele/jsoc_2025_2026_production_v1/samples_npz/2026/20260315_1812_HARP14479_NOAA14387.npz,success,2026-06-25T07:29:56.134430+00:00
20260315_1948_HARP14479_NOAA14387,2026_HARP14479_20260315_0212_20260316_0036,2026-03-15 19:48:00,14479,14387,0,saved,"(512, 512, 6)",gs://suryabench-sharp-pipeline-bamidele/jsoc_2025_2026_production_v1/samples_npz/2026/20260315_1948_HARP14479_NOAA14387.npz,success,2026-06-25T07:30:02.974113+00:00
20260315_2124_HARP14479_NOAA14387,2026_HARP14479_20260315_0212_20260316_0036,2026-03-15 21:24:00,14479,14387,0,saved,"(512, 512, 6)",gs://suryabench-sharp-pipeline-bamidele/jsoc_2025_2026_production_v1/samples_npz/2026/20260315_2124_HARP14479_NOAA14387.npz,success,2026-06-25T07:30:09.839656+00:00
20260315_2300_HARP14479_NOAA14387,2026_HARP14479_20260315_0212_20260316_0036,2026-03-15 23:00:00,14479,14387,0,saved,"(512, 512, 6)",gs://suryabench-sharp-pipeline-bamidele/jsoc_2025_2026_production_v1/samples_npz/2026/20260315_2300_HARP14479_NOAA14387.npz,success,2026-06-25T07:30:16.767085+00:00
20260316_0036_HARP14479_NOAA14387,2026_HARP14479_20260315_0212_20260316_0036,2026-03-16 00:36:00,14479,14387,0,saved,"(512, 512, 6)",gs://suryabench-sharp-pipeline-bamidele/jsoc_2025_2026_production_v1/samples_npz/2026/20260316_0036_HARP14479_NOAA14387.npz,success,2026-06-25T07:30:23.748016+00:00
20260315_0400_HARP14486_NOAA14390,2026_HARP14486_20260315_0400_20260315_1024,2026-03-15 04:00:00,14486,14390,0,saved,"(512, 512, 6)",gs://suryabench-sharp-pipeline-bamidele/jsoc_2025_2026_production_v1/samples_npz/2026/20260315_0400_HARP14486_NOAA14390.npz,success,2026-06-25T07:38:37.116701+00:00
20260315_0536_HARP14486_NOAA14390,2026_HARP14486_20260315_0400_20260315_1024,2026-03-15 05:36:00,14486,14390,0,saved,"(512, 512, 6)",gs://suryabench-sharp-pipeline-bamidele/jsoc_2025_2026_production_v1/samples_npz/2026/20260315_0536_HARP14486_NOAA14390.npz,success,2026-06-25T07:38:43.395320+00:00
20260315_0712_HARP14486_NOAA14390,2026_HARP14486_20260315_0400_20260315_1024,2026-03-15 07:12:00,14486,14390,0,saved,"(512, 512, 6)",gs://suryabench-sharp-pipeline-bamidele/jsoc_2025_2026_production_v1/samples_npz/2026/20260315_0712_HARP14486_NOAA14390.npz,success,2026-06-25T07:38:49.663278+00:00
20260315_0848_HARP14486_NOAA14390,2026_HARP14486_20260315_0400_20260315_1024,2026-03-15 08:48:00,14486,14390,0,saved,"(512, 512, 6)",gs://suryabench-sharp-pipeline-bamidele/jsoc_2025_2026_production_v1/samples_npz/2026/20260315_0848_HARP14486_NOAA14390.npz,success,2026-06-25T07:38:55.941143+00:00
20260315_1024_HARP14486_NOAA14390,2026_HARP14486_20260315_0400_20260315_1024,2026-03-15 10:24:00,14486,14390,0,saved,"(512, 512, 6)",gs://suryabench-sharp-pipeline-bamidele/jsoc_2025_2026_production_v1/samples_npz/2026/20260315_1024_HARP14486_NOAA14390.npz,success,2026-06-25T07:39:02.204758+00:00
20260315_2136_HARP14491_NOAA14392,2026_HARP14491_20260315_2136_20260316_2000,2026-03-15 21:36:00,14491,14392,1,saved,"(512, 512, 6)",gs://suryabench-sharp-pipeline-bamidele/jsoc_2025_2026_production_v1/samples_npz/2026/20260315_2136_HARP14491_NOAA14392.npz,success,2026-06-25T07:50:16.564218+00:00
20260315_2312_HARP14491_NOAA14392,2026_HARP14491_20260315_2136_20260316_2000,2026-03-15 23:12:00,14491,14392,1,saved,"(512, 512, 6)",gs://suryabench-sharp-pipeline-bamidele/jsoc_2025_2026_production_v1/samples_npz/2026/20260315_2312_HARP14491_NOAA14392.npz,success,2026-06-25T07:50:23.532342+00:00
20260316_0048_HARP14491_NOAA14392,2026_HARP14491_20260315_2136_20260316_2000,2026-03-16 00:48:00,14491,14392,1,saved,"(512, 512, 6)",gs://suryabench-sharp-pipeline-bamidele/jsoc_2025_2026_production_v1/samples_npz/2026/20260316_0048_HARP14491_NOAA14392.npz,success,2026-06-25T07:50:30.246385+00:00
20260316_0224_HARP14491_NOAA14392,2026_HARP14491_20260315_2136_20260316_2000,2026-03-16 02:24:00,14491,14392,1,saved,"(512, 512, 6)",gs://suryabench-sharp-pipeline-bamidele/jsoc_2025_2026_production_v1/samples_npz/2026/20260316_0224_HARP14491_NOAA14392.npz,success,2026-06-25T07:50:37.111971+00:00
20260316_0400_HARP14491_NOAA14392,2026_HARP14491_20260315_2136_20260316_2000,2026-03-16 04:00:00,14491,14392,1,saved,"(512, 512, 6)",gs://suryabench-sharp-pipeline-bamidele/jsoc_2025_2026_production_v1/samples_npz/2026/20260316_0400_HARP14491_NOAA14392.npz,success,2026-06-25T07:50:44.109076+00:00
20260316_0536_HARP14491_NOAA14392,2026_HARP14491_20260315_2136_20260316_2000,2026-03-16 05:36:00,14491,14392,1,saved,"(512, 512, 6)",gs://suryabench-sharp-pipeline-bamidele/jsoc_2025_2026_production_v1/samples_npz/2026/20260316_0536_HARP14491_NOAA14392.npz,success,2026-06-25T07:50:50.954346+00:00
20260316_0712_HARP14491_NOAA14392,2026_HARP14491_20260315_2136_20260316_2000,2026-03-16 07:12:00,14491,14392,1,saved,"(512, 512, 6)",gs://suryabench-sharp-pipeline-bamidele/jsoc_2025_2026_production_v1/samples_npz/2026/20260316_0712_HARP14491_NOAA14392.npz,success,2026-06-25T07:50:58.553658+00:00
20260316_0848_HARP14491_NOAA14392,2026_HARP14491_20260315_2136_20260316_2000,2026-03-16 08:48:00,14491,14392,1,saved,"(512, 512, 6)",gs://suryabench-sharp-pipeline-bamidele/jsoc_2025_2026_production_v1/samples_npz/2026/20260316_0848_HARP14491_NOAA14392.npz,success,2026-06-25T07:51:05.517409+00:00
20260316_1024_HARP14491_NOAA14392,2026_HARP14491_20260315_2136_20260316_2000,2026-03-16 10:24:00,14491,14392,1,saved,"(512, 512, 6)",gs://suryabench-sharp-pipeline-bamidele/jsoc_2025_2026_production_v1/samples_npz/2026/20260316_1024_HARP14491_NOAA14392.npz,success,2026-06-25T07:51:12.371292+00:00
20260316_1200_HARP14491_NOAA14392,2026_HARP14491_20260315_2136_20260316_2000,2026-03-16 12:00:00,14491,14392,1,saved,"(512, 512, 6)",gs://suryabench-sharp-pipeline-bamidele/jsoc_2025_2026_production_v1/samples_npz/2026/20260316_1200_HARP14491_NOAA14392.npz,success,2026-06-25T07:51:19.868919+00:00
20260316_1336_HARP14491_NOAA14392,2026_HARP14491_20260315_2136_20260316_2000,2026-03-16 13:36:00,14491,14392,1,saved,"(512, 512, 6)",gs://suryabench-sharp-pipeline-bamidele/jsoc_2025_2026_production_v1/samples_npz/2026/20260316_1336_HARP14491_NOAA14392.npz,success,2026-06-25T07:51:26.702495+00:00
20260316_1512_HARP14491_NOAA14392,2026_HARP14491_20260315_2136_20260316_2000,2026-03-16 15:12:00,14491,14392,1,saved,"(512, 512, 6)",gs://suryabench-sharp-pipeline-bamidele/jsoc_2025_2026_production_v1/samples_npz/2026/20260316_1512_HARP14491_NOAA14392.npz,success,2026-06-25T07:51:33.590953+00:00
20260316_1648_HARP14491_NOAA14392,2026_HARP14491_20260315_2136_20260316_2000,2026-03-16 16:48:00,14491,14392,1,saved,"(512, 512, 6)",gs://suryabench-sharp-pipeline-bamidele/jsoc_2025_2026_production_v1/samples_npz/2026/20260316_1648_HARP14491_NOAA14392.npz,success,2026-06-25T07:51:40.360584+00:00
20260316_1824_HARP14491_NOAA14392,2026_HARP14491_20260315_2136_20260316_2000,2026-03-16 18:24:00,14491,14392,1,saved,"(512, 512, 6)",gs://suryabench-sharp-pipeline-bamidele/jsoc_2025_2026_production_v1/samples_npz/2026/20260316_1824_HARP14491_NOAA14392.npz,success,2026-06-25T07:51:47.184164+00:00
20260316_2000_HARP14491_NOAA14392,2026_HARP14491_20260315_2136_20260316_2000,2026-03-16 20:00:00,14491,14392,1,saved,"(512, 512, 6)",gs://suryabench-sharp-pipeline-bamidele/jsoc_2025_2026_production_v1/samples_npz/2026/20260316_2000_HARP14491_NOAA14392.npz,success,2026-06-25T07:51:54.087239+00:00
20260316_0212_HARP14479_NOAA14387,2026_HARP14479_20260316_0212_20260317_0036,2026-03-16 02:12:00,14479,14387,0,saved,"(512, 512, 6)",gs://suryabench-sharp-pipeline-bamidele/jsoc_2025_2026_production_v1/samples_npz/2026/20260316_0212_HARP14479_NOAA14387.npz,success,2026-06-25T08:05:30.586117+00:00
20260316_0348_HARP14479_NOAA14387,2026_HARP14479_20260316_0212_20260317_0036,2026-03-16 03:48:00,14479,14387,0,saved,"(512, 512, 6)",gs://suryabench-sharp-pipeline-bamidele/jsoc_2025_2026_production_v1/samples_npz/2026/20260316_0348_HARP14479_NOAA14387.npz,success,2026-06-25T08:05:37.716161+00:00
20260316_0524_HARP14479_NOAA14387,2026_HARP14479_20260316_0212_20260317_0036,2026-03-16 05:24:00,14479,14387,0,saved,"(512, 512, 6)",gs://suryabench-sharp-pipeline-bamidele/jsoc_2025_2026_production_v1/samples_npz/2026/20260316_0524_HARP14479_NOAA14387.npz,success,2026-06-25T08:05:44.940224+00:00
20260316_0700_HARP14479_NOAA14387,2026_HARP14479_20260316_0212_20260317_0036,2026-03-16 07:00:00,14479,14387,0,saved,"(512, 512, 6)",gs://suryabench-sharp-pipeline-bamidele/jsoc_2025_2026_production_v1/samples_npz/2026/20260316_0700_HARP14479_NOAA14387.npz,success,2026-06-25T08:05:52.032956+00:00
20260316_0836_HARP14479_NOAA14387,2026_HARP14479_20260316_0212_20260317_0036,2026-03-16 08:36:00,14479,14387,0,saved,"(512, 512, 6)",gs://suryabench-sharp-pipeline-bamidele/jsoc_2025_2026_production_v1/samples_npz/2026/20260316_0836_HARP14479_NOAA14387.npz,success,2026-06-25T08:05:59.035230+00:00
20260316_1012_HARP14479_NOAA14387,2026_HARP14479_20260316_0212_20260317_0036,2026-03-16 10:12:00,14479,14387,0,saved,"(512, 512, 6)",gs://suryabench-sharp-pipeline-bamidele/jsoc_2025_2026_production_v1/samples_npz/2026/20260316_1012_HARP14479_NOAA14387.npz,success,2026-06-25T08:06:06.152023+00:00
20260316_1148_HARP14479_NOAA14387,2026_HARP14479_20260316_0212_20260317_0036,2026-03-16 11:48:00,14479,14387,0,saved,"(512, 512, 6)",gs://suryabench-sharp-pipeline-bamidele/jsoc_2025_2026_production_v1/samples_npz/2026/20260316_1148_HARP14479_NOAA14387.npz,success,2026-06-25T08:06:13.289861+00:00
20260316_1324_HARP14479_NOAA14387,2026_HARP14479_20260316_0212_20260317_0036,2026-03-16 13:24:00,14479,14387,0,saved,"(512, 512, 6)",gs://suryabench-sharp-pipeline-bamidele/jsoc_2025_2026_production_v1/samples_npz/2026/20260316_1324_HARP14479_NOAA14387.npz,success,2026-06-25T08:06:20.363027+00:00
20260316_1500_HARP14479_NOAA14387,2026_HARP14479_20260316_0212_20260317_0036,2026-03-16 15:00:00,14479,14387,0,saved,"(512, 512, 6)",gs://suryabench-sharp-pipeline-bamidele/jsoc_2025_2026_production_v1/samples_npz/2026/20260316_1500_HARP14479_NOAA14387.npz,success,2026-06-25T08:06:27.399252+00:00
20260316_1636_HARP14479_NOAA14387,2026_HARP14479_20260316_0212_20260317_0036,2026-03-16 16:36:00,14479,14387,0,saved,"(512, 512, 6)",gs://suryabench-sharp-pipeline-bamidele/jsoc_2025_2026_production_v1/samples_npz/2026/20260316_1636_HARP14479_NOAA14387.npz,success,2026-06-25T08:06:34.393836+00:00
20260316_1812_HARP14479_NOAA14387,2026_HARP14479_20260316_0212_20260317_0036,2026-03-16 18:12:00,14479,14387,0,saved,"(512, 512, 6)",gs://suryabench-sharp-pipeline-bamidele/jsoc_2025_2026_production_v1/samples_npz/2026/20260316_1812_HARP14479_NOAA14387.npz,success,2026-06-25T08:06:41.354510+00:00
20260316_1948_HARP14479_NOAA14387,2026_HARP14479_20260316_0212_20260317_0036,2026-03-16 19:48:00,14479,14387,0,saved,"(512, 512, 6)",gs://suryabench-sharp-pipeline-bamidele/jsoc_2025_2026_production_v1/samples_npz/2026/20260316_1948_HARP14479_NOAA14387.npz,success,2026-06-25T08:06:48.486255+00:00
20260316_2124_HARP14479_NOAA14387,2026_HARP14479_20260316_0212_20260317_0036,2026-03-16 21:24:00,14479,14387,0,saved,"(512, 512, 6)",gs://suryabench-sharp-pipeline-bamidele/jsoc_2025_2026_production_v1/samples_npz/2026/20260316_2124_HARP14479_NOAA14387.npz,success,2026-06-25T08:06:55.570379+00:00
20260316_2300_HARP14479_NOAA14387,2026_HARP14479_20260316_0212_20260317_0036,2026-03-16 23:00:00,14479,14387,0,saved,"(512, 512, 6)",gs://suryabench-sharp-pipeline-bamidele/jsoc_2025_2026_production_v1/samples_npz/2026/20260316_2300_HARP14479_NOAA14387.npz,success,2026-06-25T08:07:02.581044+00:00
20260317_0036_HARP14479_NOAA14387,2026_HARP14479_20260316_0212_20260317_0036,2026-03-17 00:36:00,14479,14387,0,saved,"(512, 512, 6)",gs://suryabench-sharp-pipeline-bamidele/jsoc_2025_2026_production_v1/samples_npz/2026/20260317_0036_HARP14479_NOAA14387.npz,success,2026-06-25T08:07:09.933692+00:00
20260316_2136_HARP14491_NOAA14392,2026_HARP14491_20260316_2136_20260317_2012,2026-03-16 21:36:00,14491,14392,1,saved,"(512, 512, 6)",gs://suryabench-sharp-pipeline-bamidele/jsoc_2025_2026_production_v1/samples_npz/2026/20260316_2136_HARP14491_NOAA14392.npz,success,2026-06-25T08:27:20.214656+00:00
20260316_2312_HARP14491_NOAA14392,2026_HARP14491_20260316_2136_20260317_2012,2026-03-16 23:12:00,14491,14392,1,saved,"(512, 512, 6)",gs://suryabench-sharp-pipeline-bamidele/jsoc_2025_2026_production_v1/samples_npz/2026/20260316_2312_HARP14491_NOAA14392.npz,success,2026-06-25T08:27:26.714470+00:00
20260317_0048_HARP14491_NOAA14392,2026_HARP14491_20260316_2136_20260317_2012,2026-03-17 00:48:00,14491,14392,1,saved,"(512, 512, 6)",gs://suryabench-sharp-pipeline-bamidele/jsoc_2025_2026_production_v1/samples_npz/2026/20260317_0048_HARP14491_NOAA14392.npz,success,2026-06-25T08:27:33.355507+00:00
20260317_0224_HARP14491_NOAA14392,2026_HARP14491_20260316_2136_20260317_2012,2026-03-17 02:24:00,14491,14392,1,saved,"(512, 512, 6)",gs://suryabench-sharp-pipeline-bamidele/jsoc_2025_2026_production_v1/samples_npz/2026/20260317_0224_HARP14491_NOAA14392.npz,success,2026-06-25T08:27:39.939325+00:00
20260317_0400_HARP14491_NOAA14392,2026_HARP14491_20260316_2136_20260317_2012,2026-03-17 04:00:00,14491,14392,1,saved,"(512, 512, 6)",gs://suryabench-sharp-pipeline-bamidele/jsoc_2025_2026_production_v1/samples_npz/2026/20260317_0400_HARP14491_NOAA14392.npz,success,2026-06-25T08:27:46.558906+00:00
20260317_0536_HARP14491_NOAA14392,2026_HARP14491_20260316_2136_20260317_2012,2026-03-17 05:36:00,14491,14392,1,saved,"(512, 512, 6)",gs://suryabench-sharp-pipeline-bamidele/jsoc_2025_2026_production_v1/samples_npz/2026/20260317_0536_HARP14491_NOAA14392.npz,success,2026-06-25T08:27:53.217414+00:00
20260317_0712_HARP14491_NOAA14392,2026_HARP14491_20260316_2136_20260317_2012,2026-03-17 07:12:00,14491,14392,1,saved,"(512, 512, 6)",gs://suryabench-sharp-pipeline-bamidele/jsoc_2025_2026_production_v1/samples_npz/2026/20260317_0712_HARP14491_NOAA14392.npz,success,2026-06-25T08:27:59.861063+00:00
20260317_0848_HARP14491_NOAA14392,2026_HARP14491_20260316_2136_20260317_2012,2026-03-17 08:48:00,14491,14392,1,saved,"(512, 512, 6)",gs://suryabench-sharp-pipeline-bamidele/jsoc_2025_2026_production_v1/samples_npz/2026/20260317_0848_HARP14491_NOAA14392.npz,success,2026-06-25T08:28:06.395458+00:00
20260317_1024_HARP14491_NOAA14392,2026_HARP14491_20260316_2136_20260317_2012,2026-03-17 10:24:00,14491,14392,1,saved,"(512, 512, 6)",gs://suryabench-sharp-pipeline-bamidele/jsoc_2025_2026_production_v1/samples_npz/2026/20260317_1024_HARP14491_NOAA14392.npz,success,2026-06-25T08:28:14.016978+00:00
20260317_1200_HARP14491_NOAA14392,2026_HARP14491_20260316_2136_20260317_2012,2026-03-17 12:00:00,14491,14392,1,saved,"(512, 512, 6)",gs://suryabench-sharp-pipeline-bamidele/jsoc_2025_2026_production_v1/samples_npz/2026/20260317_1200_HARP14491_NOAA14392.npz,success,2026-06-25T08:28:20.551484+00:00
20260317_1336_HARP14491_NOAA14392,2026_HARP14491_20260316_2136_20260317_2012,2026-03-17 13:36:00,14491,14392,1,saved,"(512, 512, 6)",gs://suryabench-sharp-pipeline-bamidele/jsoc_2025_2026_production_v1/samples_npz/2026/20260317_1336_HARP14491_NOAA14392.npz,success,2026-06-25T08:28:27.165393+00:00
20260317_1512_HARP14491_NOAA14392,2026_HARP14491_20260316_2136_20260317_2012,2026-03-17 15:12:00,14491,14392,1,saved,"(512, 512, 6)",gs://suryabench-sharp-pipeline-bamidele/jsoc_2025_2026_production_v1/samples_npz/2026/20260317_1512_HARP14491_NOAA14392.npz,success,2026-06-25T08:28:33.806580+00:00
20260317_1648_HARP14491_NOAA14392,2026_HARP14491_20260316_2136_20260317_2012,2026-03-17 16:48:00,14491,14392,1,saved,"(512, 512, 6)",gs://suryabench-sharp-pipeline-bamidele/jsoc_2025_2026_production_v1/samples_npz/2026/20260317_1648_HARP14491_NOAA14392.npz,success,2026-06-25T08:28:40.466068+00:00
20260317_1824_HARP14491_NOAA14392,2026_HARP14491_20260316_2136_20260317_2012,2026-03-17 18:24:00,14491,14392,1,saved,"(512, 512, 6)",gs://suryabench-sharp-pipeline-bamidele/jsoc_2025_2026_production_v1/samples_npz/2026/20260317_1824_HARP14491_NOAA14392.npz,success,2026-06-25T08:28:47.082234+00:00
20260317_2012_HARP14491_NOAA14392,2026_HARP14491_20260316_2136_20260317_2012,2026-03-17 20:12:00,14491,14392,1,saved,"(512, 512, 6)",gs://suryabench-sharp-pipeline-bamidele/jsoc_2025_2026_production_v1/samples_npz/2026/20260317_2012_HARP14491_NOAA14392.npz,success,2026-06-25T08:28:54.114962+00:00
20260317_0212_HARP14479_NOAA14387,2026_HARP14479_20260317_0212_20260317_0348,2026-03-17 02:12:00,14479,14387,0,saved,"(512, 512, 6)",gs://suryabench-sharp-pipeline-bamidele/jsoc_2025_2026_production_v1/samples_npz/2026/20260317_0212_HARP14479_NOAA14387.npz,success,2026-06-25T08:36:35.257458+00:00
20260317_0348_HARP14479_NOAA14387,2026_HARP14479_20260317_0212_20260317_0348,2026-03-17 03:48:00,14479,14387,0,saved,"(512, 512, 6)",gs://suryabench-sharp-pipeline-bamidele/jsoc_2025_2026_production_v1/samples_npz/2026/20260317_0348_HARP14479_NOAA14387.npz,success,2026-06-25T08:36:42.476829+00:00
20260317_2048_HARP14498_NOAA14395,2026_HARP14498_20260317_2048_20260318_2036,2026-03-17 20:48:00,14498,14395,0,saved,"(512, 512, 6)",gs://suryabench-sharp-pipeline-bamidele/jsoc_2025_2026_production_v1/samples_npz/2026/20260317_2048_HARP14498_NOAA14395.npz,success,2026-06-25T08:54:38.006353+00:00
20260317_2224_HARP14498_NOAA14395,2026_HARP14498_20260317_2048_20260318_2036,2026-03-17 22:24:00,14498,14395,0,saved,"(512, 512, 6)",gs://suryabench-sharp-pipeline-bamidele/jsoc_2025_2026_production_v1/samples_npz/2026/20260317_2224_HARP14498_NOAA14395.npz,success,2026-06-25T08:54:44.599854+00:00
20260318_0000_HARP14498_NOAA14395,2026_HARP14498_20260317_2048_20260318_2036,2026-03-18 00:00:00,14498,14395,0,saved,"(512, 512, 6)",gs://suryabench-sharp-pipeline-bamidele/jsoc_2025_2026_production_v1/samples_npz/2026/20260318_0000_HARP14498_NOAA14395.npz,success,2026-06-25T08:54:51.437879+00:00
20260318_0136_HARP14498_NOAA14395,2026_HARP14498_20260317_2048_20260318_2036,2026-03-18 01:36:00,14498,14395,0,saved,"(512, 512, 6)",gs://suryabench-sharp-pipeline-bamidele/jsoc_2025_2026_production_v1/samples_npz/2026/20260318_0136_HARP14498_NOAA14395.npz,success,2026-06-25T08:54:58.051501+00:00
20260318_0312_HARP14498_NOAA14395,2026_HARP14498_20260317_2048_20260318_2036,2026-03-18 03:12:00,14498,14395,0,saved,"(512, 512, 6)",gs://suryabench-sharp-pipeline-bamidele/jsoc_2025_2026_production_v1/samples_npz/2026/20260318_0312_HARP14498_NOAA14395.npz,success,2026-06-25T08:55:04.645929+00:00
20260318_0448_HARP14498_NOAA14395,2026_HARP14498_20260317_2048_20260318_2036,2026-03-18 04:48:00,14498,14395,0,saved,"(512, 512, 6)",gs://suryabench-sharp-pipeline-bamidele/jsoc_2025_2026_production_v1/samples_npz/2026/20260318_0448_HARP14498_NOAA14395.npz,success,2026-06-25T08:55:11.169410+00:00
20260318_0624_HARP14498_NOAA14395,2026_HARP14498_20260317_2048_20260318_2036,2026-03-18 06:24:00,14498,14395,0,saved,"(512, 512, 6)",gs://suryabench-sharp-pipeline-bamidele/jsoc_2025_2026_production_v1/samples_npz/2026/20260318_0624_HARP14498_NOAA14395.npz,success,2026-06-25T08:55:17.923242+00:00
20260318_0800_HARP14498_NOAA14395,2026_HARP14498_20260317_2048_20260318_2036,2026-03-18 08:00:00,14498,14395,0,saved,"(512, 512, 6)",gs://suryabench-sharp-pipeline-bamidele/jsoc_2025_2026_production_v1/samples_npz/2026/20260318_0800_HARP14498_NOAA14395.npz,success,2026-06-25T08:55:24.612358+00:00
20260318_0936_HARP14498_NOAA14395,2026_HARP14498_20260317_2048_20260318_2036,2026-03-18 09:36:00,14498,14395,0,saved,"(512, 512, 6)",gs://suryabench-sharp-pipeline-bamidele/jsoc_2025_2026_production_v1/samples_npz/2026/20260318_0936_HARP14498_NOAA14395.npz,success,2026-06-25T08:55:31.284796+00:00
20260318_1112_HARP14498_NOAA14395,2026_HARP14498_20260317_2048_20260318_2036,2026-03-18 11:12:00,14498,14395,0,saved,"(512, 512, 6)",gs://suryabench-sharp-pipeline-bamidele/jsoc_2025_2026_production_v1/samples_npz/2026/20260318_1112_HARP14498_NOAA14395.npz,success,2026-06-25T08:55:37.826646+00:00
20260318_1248_HARP14498_NOAA14395,2026_HARP14498_20260317_2048_20260318_2036,2026-03-18 12:48:00,14498,14395,0,saved,"(512, 512, 6)",gs://suryabench-sharp-pipeline-bamidele/jsoc_2025_2026_production_v1/samples_npz/2026/20260318_1248_HARP14498_NOAA14395.npz,success,2026-06-25T08:55:44.396143+00:00
20260318_1548_HARP14498_NOAA14395,2026_HARP14498_20260317_2048_20260318_2036,2026-03-18 15:48:00,14498,14395,0,saved,"(512, 512, 6)",gs://suryabench-sharp-pipeline-bamidele/jsoc_2025_2026_production_v1/samples_npz/2026/20260318_1548_HARP14498_NOAA14395.npz,success,2026-06-25T08:55:50.967355+00:00
20260318_1724_HARP14498_NOAA14395,2026_HARP14498_20260317_2048_20260318_2036,2026-03-18 17:24:00,14498,14395,0,saved,"(512, 512, 6)",gs://suryabench-sharp-pipeline-bamidele/jsoc_2025_2026_production_v1/samples_npz/2026/20260318_1724_HARP14498_NOAA14395.npz,success,2026-06-25T08:55:57.574356+00:00
20260318_1900_HARP14498_NOAA14395,2026_HARP14498_20260317_2048_20260318_2036,2026-03-18 19:00:00,14498,14395,0,saved,"(512, 512, 6)",gs://suryabench-sharp-pipeline-bamidele/jsoc_2025_2026_production_v1/samples_npz/2026/20260318_1900_HARP14498_NOAA14395.npz,success,2026-06-25T08:56:04.286210+00:00
20260318_2036_HARP14498_NOAA14395,2026_HARP14498_20260317_2048_20260318_2036,2026-03-18 20:36:00,14498,14395,0,saved,"(512, 512, 6)",gs://suryabench-sharp-pipeline-bamidele/jsoc_2025_2026_production_v1/samples_npz/2026/20260318_2036_HARP14498_NOAA14395.npz,success,2026-06-25T08:56:11.033448+00:00
20260317_2136_HARP14499_NOAA14396,2026_HARP14499_20260317_2136_20260318_0848,2026-03-17 21:36:00,14499,14396,0,saved,"(512, 512, 6)",gs://suryabench-sharp-pipeline-bamidele/jsoc_2025_2026_production_v1/samples_npz/2026/20260317_2136_HARP14499_NOAA14396.npz,success,2026-06-25T09:05:21.247880+00:00
20260317_2312_HARP14499_NOAA14396,2026_HARP14499_20260317_2136_20260318_0848,2026-03-17 23:12:00,14499,14396,0,saved,"(512, 512, 6)",gs://suryabench-sharp-pipeline-bamidele/jsoc_2025_2026_production_v1/samples_npz/2026/20260317_2312_HARP14499_NOAA14396.npz,success,2026-06-25T09:05:27.821680+00:00
20260318_0048_HARP14499_NOAA14396,2026_HARP14499_20260317_2136_20260318_0848,2026-03-18 00:48:00,14499,14396,0,saved,"(512, 512, 6)",gs://suryabench-sharp-pipeline-bamidele/jsoc_2025_2026_production_v1/samples_npz/2026/20260318_0048_HARP14499_NOAA14396.npz,success,2026-06-25T09:05:34.918708+00:00
20260318_0224_HARP14499_NOAA14396,2026_HARP14499_20260317_2136_20260318_0848,2026-03-18 02:24:00,14499,14396,0,saved,"(512, 512, 6)",gs://suryabench-sharp-pipeline-bamidele/jsoc_2025_2026_production_v1/samples_npz/2026/20260318_0224_HARP14499_NOAA14396.npz,success,2026-06-25T09:05:41.685416+00:00
20260318_0400_HARP14499_NOAA14396,2026_HARP14499_20260317_2136_20260318_0848,2026-03-18 04:00:00,14499,14396,0,saved,"(512, 512, 6)",gs://suryabench-sharp-pipeline-bamidele/jsoc_2025_2026_production_v1/samples_npz/2026/20260318_0400_HARP14499_NOAA14396.npz,success,2026-06-25T09:05:48.312949+00:00
20260318_0536_HARP14499_NOAA14396,2026_HARP14499_20260317_2136_20260318_0848,2026-03-18 05:36:00,14499,14396,0,saved,"(512, 512, 6)",gs://suryabench-sharp-pipeline-bamidele/jsoc_2025_2026_production_v1/samples_npz/2026/20260318_0536_HARP14499_NOAA14396.npz,success,2026-06-25T09:05:54.887853+00:00
20260318_0712_HARP14499_NOAA14396,2026_HARP14499_20260317_2136_20260318_0848,2026-03-18 07:12:00,14499,14396,0,saved,"(512, 512, 6)",gs://suryabench-sharp-pipeline-bamidele/jsoc_2025_2026_production_v1/samples_npz/2026/20260318_0712_HARP14499_NOAA14396.npz,success,2026-06-25T09:06:01.420287+00:00
20260318_0848_HARP14499_NOAA14396,2026_HARP14499_20260317_2136_20260318_0848,2026-03-18 08:48:00,14499,14396,0,saved,"(512, 512, 6)",gs://suryabench-sharp-pipeline-bamidele/jsoc_2025_2026_production_v1/samples_npz/2026/20260318_0848_HARP14499_NOAA14396.npz,success,2026-06-25T09:06:08.075081+00:00
20260317_2148_HARP14491_NOAA14392,2026_HARP14491_20260317_2148_20260318_0900,2026-03-17 21:48:00,14491,14392,1,saved,"(512, 512, 6)",gs://suryabench-sharp-pipeline-bamidele/jsoc_2025_2026_production_v1/samples_npz/2026/20260317_2148_HARP14491_NOAA14392.npz,success,2026-06-25T09:15:37.456836+00:00
20260317_2324_HARP14491_NOAA14392,2026_HARP14491_20260317_2148_20260318_0900,2026-03-17 23:24:00,14491,14392,1,saved,"(512, 512, 6)",gs://suryabench-sharp-pipeline-bamidele/jsoc_2025_2026_production_v1/samples_npz/2026/20260317_2324_HARP14491_NOAA14392.npz,success,2026-06-25T09:15:44.245119+00:00
20260318_0100_HARP14491_NOAA14392,2026_HARP14491_20260317_2148_20260318_0900,2026-03-18 01:00:00,14491,14392,1,saved,"(512, 512, 6)",gs://suryabench-sharp-pipeline-bamidele/jsoc_2025_2026_production_v1/samples_npz/2026/20260318_0100_HARP14491_NOAA14392.npz,success,2026-06-25T09:15:50.992005+00:00
20260318_0236_HARP14491_NOAA14392,2026_HARP14491_20260317_2148_20260318_0900,2026-03-18 02:36:00,14491,14392,1,saved,"(512, 512, 6)",gs://suryabench-sharp-pipeline-bamidele/jsoc_2025_2026_production_v1/samples_npz/2026/20260318_0236_HARP14491_NOAA14392.npz,success,2026-06-25T09:15:57.640033+00:00
20260318_0412_HARP14491_NOAA14392,2026_HARP14491_20260317_2148_20260318_0900,2026-03-18 04:12:00,14491,14392,1,saved,"(512, 512, 6)",gs://suryabench-sharp-pipeline-bamidele/jsoc_2025_2026_production_v1/samples_npz/2026/20260318_0412_HARP14491_NOAA14392.npz,success,2026-06-25T09:16:04.293298+00:00
20260318_0548_HARP14491_NOAA14392,2026_HARP14491_20260317_2148_20260318_0900,2026-03-18 05:48:00,14491,14392,1,saved,"(512, 512, 6)",gs://suryabench-sharp-pipeline-bamidele/jsoc_2025_2026_production_v1/samples_npz/2026/20260318_0548_HARP14491_NOAA14392.npz,success,2026-06-25T09:16:12.330360+00:00
20260318_0724_HARP14491_NOAA14392,2026_HARP14491_20260317_2148_20260318_0900,2026-03-18 07:24:00,14491,14392,1,saved,"(512, 512, 6)",gs://suryabench-sharp-pipeline-bamidele/jsoc_2025_2026_production_v1/samples_npz/2026/20260318_0724_HARP14491_NOAA14392.npz,success,2026-06-25T09:16:19.329204+00:00
20260318_0900_HARP14491_NOAA14392,2026_HARP14491_20260317_2148_20260318_0900,2026-03-18 09:00:00,14491,14392,0,saved,"(512, 512, 6)",gs://suryabench-sharp-pipeline-bamidele/jsoc_2025_2026_production_v1/samples_npz/2026/20260318_0900_HARP14491_NOAA14392.npz,success,2026-06-25T09:16:26.113109+00:00
20260318_1200_HARP14499_NOAA14396,2026_HARP14499_20260318_1200_20260318_2300,2026-03-18 12:00:00,14499,14396,0,saved,"(512, 512, 6)",gs://suryabench-sharp-pipeline-bamidele/jsoc_2025_2026_production_v1/samples_npz/2026/20260318_1200_HARP14499_NOAA14396.npz,success,2026-06-25T09:31:13.490590+00:00
20260318_1336_HARP14499_NOAA14396,2026_HARP14499_20260318_1200_20260318_2300,2026-03-18 13:36:00,14499,14396,0,saved,"(512, 512, 6)",gs://suryabench-sharp-pipeline-bamidele/jsoc_2025_2026_production_v1/samples_npz/2026/20260318_1336_HARP14499_NOAA14396.npz,success,2026-06-25T09:31:20.555828+00:00
20260318_1636_HARP14499_NOAA14396,2026_HARP14499_20260318_1200_20260318_2300,2026-03-18 16:36:00,14499,14396,0,saved,"(512, 512, 6)",gs://suryabench-sharp-pipeline-bamidele/jsoc_2025_2026_production_v1/samples_npz/2026/20260318_1636_HARP14499_NOAA14396.npz,success,2026-06-25T09:31:27.423117+00:00
20260318_1812_HARP14499_NOAA14396,2026_HARP14499_20260318_1200_20260318_2300,2026-03-18 18:12:00,14499,14396,0,saved,"(512, 512, 6)",gs://suryabench-sharp-pipeline-bamidele/jsoc_2025_2026_production_v1/samples_npz/2026/20260318_1812_HARP14499_NOAA14396.npz,success,2026-06-25T09:31:34.433640+00:00
20260318_1948_HARP14499_NOAA14396,2026_HARP14499_20260318_1200_20260318_2300,2026-03-18 19:48:00,14499,14396,0,saved,"(512, 512, 6)",gs://suryabench-sharp-pipeline-bamidele/jsoc_2025_2026_production_v1/samples_npz/2026/20260318_1948_HARP14499_NOAA14396.npz,success,2026-06-25T09:31:41.424319+00:00
20260318_2124_HARP14499_NOAA14396,2026_HARP14499_20260318_1200_20260318_2300,2026-03-18 21:24:00,14499,14396,0,saved,"(512, 512, 6)",gs://suryabench-sharp-pipeline-bamidele/jsoc_2025_2026_production_v1/samples_npz/2026/20260318_2124_HARP14499_NOAA14396.npz,success,2026-06-25T09:31:48.432323+00:00
20260318_2300_HARP14499_NOAA14396,2026_HARP14499_20260318_1200_20260318_2300,2026-03-18 23:00:00,14499,14396,0,saved,"(512, 512, 6)",gs://suryabench-sharp-pipeline-bamidele/jsoc_2025_2026_production_v1/samples_npz/2026/20260318_2300_HARP14499_NOAA14396.npz,success,2026-06-25T09:31:55.935658+00:00
20260318_1212_HARP14491_NOAA14392,2026_HARP14491_20260318_1212_20260318_2312,2026-03-18 12:12:00,14491,14392,0,saved,"(512, 512, 6)",gs://suryabench-sharp-pipeline-bamidele/jsoc_2025_2026_production_v1/samples_npz/2026/20260318_1212_HARP14491_NOAA14392.npz,success,2026-06-25T09:47:43.801203+00:00
20260318_1512_HARP14491_NOAA14392,2026_HARP14491_20260318_1212_20260318_2312,2026-03-18 15:12:00,14491,14392,0,saved,"(512, 512, 6)",gs://suryabench-sharp-pipeline-bamidele/jsoc_2025_2026_production_v1/samples_npz/2026/20260318_1512_HARP14491_NOAA14392.npz,success,2026-06-25T09:47:51.152969+00:00
20260318_1648_HARP14491_NOAA14392,2026_HARP14491_20260318_1212_20260318_2312,2026-03-18 16:48:00,14491,14392,0,saved,"(512, 512, 6)",gs://suryabench-sharp-pipeline-bamidele/jsoc_2025_2026_production_v1/samples_npz/2026/20260318_1648_HARP14491_NOAA14392.npz,success,2026-06-25T09:47:58.423216+00:00
20260318_1824_HARP14491_NOAA14392,2026_HARP14491_20260318_1212_20260318_2312,2026-03-18 18:24:00,14491,14392,0,saved,"(512, 512, 6)",gs://suryabench-sharp-pipeline-bamidele/jsoc_2025_2026_production_v1/samples_npz/2026/20260318_1824_HARP14491_NOAA14392.npz,success,2026-06-25T09:48:05.327990+00:00
20260318_2000_HARP14491_NOAA14392,2026_HARP14491_20260318_1212_20260318_2312,2026-03-18 20:00:00,14491,14392,0,saved,"(512, 512, 6)",gs://suryabench-sharp-pipeline-bamidele/jsoc_2025_2026_production_v1/samples_npz/2026/20260318_2000_HARP14491_NOAA14392.npz,success,2026-06-25T09:48:12.260008+00:00
20260318_2136_HARP14491_NOAA14392,2026_HARP14491_20260318_1212_20260318_2312,2026-03-18 21:36:00,14491,14392,0,saved,"(512, 512, 6)",gs://suryabench-sharp-pipeline-bamidele/jsoc_2025_2026_production_v1/samples_npz/2026/20260318_2136_HARP14491_NOAA14392.npz,success,2026-06-25T09:48:19.147917+00:00
20260318_2312_HARP14491_NOAA14392,2026_HARP14491_20260318_1212_20260318_2312,2026-03-18 23:12:00,14491,14392,0,saved,"(512, 512, 6)",gs://suryabench-sharp-pipeline-bamidele/jsoc_2025_2026_production_v1/samples_npz/2026/20260318_2312_HARP14491_NOAA14392.npz,success,2026-06-25T09:48:26.338745+00:00
20260318_2212_HARP14498_NOAA14395,2026_HARP14498_20260318_2212_20260318_2348,2026-03-18 22:12:00,14498,14395,0,saved,"(512, 512, 6)",gs://suryabench-sharp-pipeline-bamidele/jsoc_2025_2026_production_v1/samples_npz/2026/20260318_2212_HARP14498_NOAA14395.npz,success,2026-06-25T09:55:45.940017+00:00
20260318_2348_HARP14498_NOAA14395,2026_HARP14498_20260318_2212_20260318_2348,2026-03-18 23:48:00,14498,14395,0,saved,"(512, 512, 6)",gs://suryabench-sharp-pipeline-bamidele/jsoc_2025_2026_production_v1/samples_npz/2026/20260318_2348_HARP14498_NOAA14395.npz,success,2026-06-25T09:55:52.934900+00:00
20260319_1512_HARP14498_NOAA14395,2026_HARP14498_20260319_1512_20260320_1336,2026-03-19 15:12:00,14498,14395,0,saved,"(512, 512, 6)",gs://suryabench-sharp-pipeline-bamidele/jsoc_2025_2026_production_v1/samples_npz/2026/20260319_1512_HARP14498_NOAA14395.npz,success,2026-06-25T10:05:55.271944+00:00
20260319_1648_HARP14498_NOAA14395,2026_HARP14498_20260319_1512_20260320_1336,2026-03-19 16:48:00,14498,14395,0,saved,"(512, 512, 6)",gs://suryabench-sharp-pipeline-bamidele/jsoc_2025_2026_production_v1/samples_npz/2026/20260319_1648_HARP14498_NOAA14395.npz,success,2026-06-25T10:06:02.697945+00:00
20260319_1824_HARP14498_NOAA14395,2026_HARP14498_20260319_1512_20260320_1336,2026-03-19 18:24:00,14498,14395,0,saved,"(512, 512, 6)",gs://suryabench-sharp-pipeline-bamidele/jsoc_2025_2026_production_v1/samples_npz/2026/20260319_1824_HARP14498_NOAA14395.npz,success,2026-06-25T10:06:09.569801+00:00
20260319_2000_HARP14498_NOAA14395,2026_HARP14498_20260319_1512_20260320_1336,2026-03-19 20:00:00,14498,14395,0,saved,"(512, 512, 6)",gs://suryabench-sharp-pipeline-bamidele/jsoc_2025_2026_production_v1/samples_npz/2026/20260319_2000_HARP14498_NOAA14395.npz,success,2026-06-25T10:06:16.245947+00:00
20260319_2136_HARP14498_NOAA14395,2026_HARP14498_20260319_1512_20260320_1336,2026-03-19 21:36:00,14498,14395,0,saved,"(512, 512, 6)",gs://suryabench-sharp-pipeline-bamidele/jsoc_2025_2026_production_v1/samples_npz/2026/20260319_2136_HARP14498_NOAA14395.npz,success,2026-06-25T10:06:22.970445+00:00
20260319_2312_HARP14498_NOAA14395,2026_HARP14498_20260319_1512_20260320_1336,2026-03-19 23:12:00,14498,14395,0,saved,"(512, 512, 6)",gs://suryabench-sharp-pipeline-bamidele/jsoc_2025_2026_production_v1/samples_npz/2026/20260319_2312_HARP14498_NOAA14395.npz,success,2026-06-25T10:06:29.626477+00:00
20260320_0048_HARP14498_NOAA14395,2026_HARP14498_20260319_1512_20260320_1336,2026-03-20 00:48:00,14498,14395,0,saved,"(512, 512, 6)",gs://suryabench-sharp-pipeline-bamidele/jsoc_2025_2026_production_v1/samples_npz/2026/20260320_0048_HARP14498_NOAA14395.npz,success,2026-06-25T10:06:36.193644+00:00
20260320_0224_HARP14498_NOAA14395,2026_HARP14498_20260319_1512_20260320_1336,2026-03-20 02:24:00,14498,14395,0,saved,"(512, 512, 6)",gs://suryabench-sharp-pipeline-bamidele/jsoc_2025_2026_production_v1/samples_npz/2026/20260320_0224_HARP14498_NOAA14395.npz,success,2026-06-25T10:06:42.774844+00:00
20260320_0400_HARP14498_NOAA14395,2026_HARP14498_20260319_1512_20260320_1336,2026-03-20 04:00:00,14498,14395,0,saved,"(512, 512, 6)",gs://suryabench-sharp-pipeline-bamidele/jsoc_2025_2026_production_v1/samples_npz/2026/20260320_0400_HARP14498_NOAA14395.npz,success,2026-06-25T10:06:49.283908+00:00
20260320_0536_HARP14498_NOAA14395,2026_HARP14498_20260319_1512_20260320_1336,2026-03-20 05:36:00,14498,14395,0,saved,"(512, 512, 6)",gs://suryabench-sharp-pipeline-bamidele/jsoc_2025_2026_production_v1/samples_npz/2026/20260320_0536_HARP14498_NOAA14395.npz,success,2026-06-25T10:06:55.778975+00:00
20260320_0712_HARP14498_NOAA14395,2026_HARP14498_20260319_1512_20260320_1336,2026-03-20 07:12:00,14498,14395,0,saved,"(512, 512, 6)",gs://suryabench-sharp-pipeline-bamidele/jsoc_2025_2026_production_v1/samples_npz/2026/20260320_0712_HARP14498_NOAA14395.npz,success,2026-06-25T10:07:02.349332+00:00
20260320_0848_HARP14498_NOAA14395,2026_HARP14498_20260319_1512_20260320_1336,2026-03-20 08:48:00,14498,14395,0,saved,"(512, 512, 6)",gs://suryabench-sharp-pipeline-bamidele/jsoc_2025_2026_production_v1/samples_npz/2026/20260320_0848_HARP14498_NOAA14395.npz,success,2026-06-25T10:07:08.887593+00:00
20260320_1024_HARP14498_NOAA14395,2026_HARP14498_20260319_1512_20260320_1336,2026-03-20 10:24:00,14498,14395,0,saved,"(512, 512, 6)",gs://suryabench-sharp-pipeline-bamidele/jsoc_2025_2026_production_v1/samples_npz/2026/20260320_1024_HARP14498_NOAA14395.npz,success,2026-06-25T10:07:15.428636+00:00
20260320_1200_HARP14498_NOAA14395,2026_HARP14498_20260319_1512_20260320_1336,2026-03-20 12:00:00,14498,14395,0,saved,"(512, 512, 6)",gs://suryabench-sharp-pipeline-bamidele/jsoc_2025_2026_production_v1/samples_npz/2026/20260320_1200_HARP14498_NOAA14395.npz,success,2026-06-25T10:07:22.051820+00:00
20260320_1336_HARP14498_NOAA14395,2026_HARP14498_20260319_1512_20260320_1336,2026-03-20 13:36:00,14498,14395,0,saved,"(512, 512, 6)",gs://suryabench-sharp-pipeline-bamidele/jsoc_2025_2026_production_v1/samples_npz/2026/20260320_1336_HARP14498_NOAA14395.npz,success,2026-06-25T10:07:28.598379+00:00
20260319_1600_HARP14499_NOAA14396,2026_HARP14499_20260319_1600_20260320_1548,2026-03-19 16:00:00,14499,14396,0,saved,"(512, 512, 6)",gs://suryabench-sharp-pipeline-bamidele/jsoc_2025_2026_production_v1/samples_npz/2026/20260319_1600_HARP14499_NOAA14396.npz,success,2026-06-25T10:25:59.609151+00:00
20260319_1736_HARP14499_NOAA14396,2026_HARP14499_20260319_1600_20260320_1548,2026-03-19 17:36:00,14499,14396,0,saved,"(512, 512, 6)",gs://suryabench-sharp-pipeline-bamidele/jsoc_2025_2026_production_v1/samples_npz/2026/20260319_1736_HARP14499_NOAA14396.npz,success,2026-06-25T10:26:05.559868+00:00
20260319_1912_HARP14499_NOAA14396,2026_HARP14499_20260319_1600_20260320_1548,2026-03-19 19:12:00,14499,14396,0,saved,"(512, 512, 6)",gs://suryabench-sharp-pipeline-bamidele/jsoc_2025_2026_production_v1/samples_npz/2026/20260319_1912_HARP14499_NOAA14396.npz,success,2026-06-25T10:26:11.630226+00:00
20260319_2048_HARP14499_NOAA14396,2026_HARP14499_20260319_1600_20260320_1548,2026-03-19 20:48:00,14499,14396,0,saved,"(512, 512, 6)",gs://suryabench-sharp-pipeline-bamidele/jsoc_2025_2026_production_v1/samples_npz/2026/20260319_2048_HARP14499_NOAA14396.npz,success,2026-06-25T10:26:17.544677+00:00
20260319_2224_HARP14499_NOAA14396,2026_HARP14499_20260319_1600_20260320_1548,2026-03-19 22:24:00,14499,14396,0,saved,"(512, 512, 6)",gs://suryabench-sharp-pipeline-bamidele/jsoc_2025_2026_production_v1/samples_npz/2026/20260319_2224_HARP14499_NOAA14396.npz,success,2026-06-25T10:26:23.460369+00:00
20260320_0000_HARP14499_NOAA14396,2026_HARP14499_20260319_1600_20260320_1548,2026-03-20 00:00:00,14499,14396,0,saved,"(512, 512, 6)",gs://suryabench-sharp-pipeline-bamidele/jsoc_2025_2026_production_v1/samples_npz/2026/20260320_0000_HARP14499_NOAA14396.npz,success,2026-06-25T10:26:29.339432+00:00
20260320_0136_HARP14499_NOAA14396,2026_HARP14499_20260319_1600_20260320_1548,2026-03-20 01:36:00,14499,14396,0,saved,"(512, 512, 6)",gs://suryabench-sharp-pipeline-bamidele/jsoc_2025_2026_production_v1/samples_npz/2026/20260320_0136_HARP14499_NOAA14396.npz,success,2026-06-25T10:26:35.199529+00:00
20260320_0312_HARP14499_NOAA14396,2026_HARP14499_20260319_1600_20260320_1548,2026-03-20 03:12:00,14499,14396,0,saved,"(512, 512, 6)",gs://suryabench-sharp-pipeline-bamidele/jsoc_2025_2026_production_v1/samples_npz/2026/20260320_0312_HARP14499_NOAA14396.npz,success,2026-06-25T10:26:41.953153+00:00
20260320_0448_HARP14499_NOAA14396,2026_HARP14499_20260319_1600_20260320_1548,2026-03-20 04:48:00,14499,14396,0,saved,"(512, 512, 6)",gs://suryabench-sharp-pipeline-bamidele/jsoc_2025_2026_production_v1/samples_npz/2026/20260320_0448_HARP14499_NOAA14396.npz,success,2026-06-25T10:26:47.852176+00:00
20260320_0748_HARP14499_NOAA14396,2026_HARP14499_20260319_1600_20260320_1548,2026-03-20 07:48:00,14499,14396,0,saved,"(512, 512, 6)",gs://suryabench-sharp-pipeline-bamidele/jsoc_2025_2026_production_v1/samples_npz/2026/20260320_0748_HARP14499_NOAA14396.npz,success,2026-06-25T10:26:53.806243+00:00
20260320_0924_HARP14499_NOAA14396,2026_HARP14499_20260319_1600_20260320_1548,2026-03-20 09:24:00,14499,14396,0,saved,"(512, 512, 6)",gs://suryabench-sharp-pipeline-bamidele/jsoc_2025_2026_production_v1/samples_npz/2026/20260320_0924_HARP14499_NOAA14396.npz,success,2026-06-25T10:26:59.680629+00:00
20260320_1100_HARP14499_NOAA14396,2026_HARP14499_20260319_1600_20260320_1548,2026-03-20 11:00:00,14499,14396,0,saved,"(512, 512, 6)",gs://suryabench-sharp-pipeline-bamidele/jsoc_2025_2026_production_v1/samples_npz/2026/20260320_1100_HARP14499_NOAA14396.npz,success,2026-06-25T10:27:05.623364+00:00
20260320_1236_HARP14499_NOAA14396,2026_HARP14499_20260319_1600_20260320_1548,2026-03-20 12:36:00,14499,14396,0,saved,"(512, 512, 6)",gs://suryabench-sharp-pipeline-bamidele/jsoc_2025_2026_production_v1/samples_npz/2026/20260320_1236_HARP14499_NOAA14396.npz,success,2026-06-25T10:27:11.539125+00:00
20260320_1412_HARP14499_NOAA14396,2026_HARP14499_20260319_1600_20260320_1548,2026-03-20 14:12:00,14499,14396,0,saved,"(512, 512, 6)",gs://suryabench-sharp-pipeline-bamidele/jsoc_2025_2026_production_v1/samples_npz/2026/20260320_1412_HARP14499_NOAA14396.npz,success,2026-06-25T10:27:17.478791+00:00
20260320_1548_HARP14499_NOAA14396,2026_HARP14499_20260319_1600_20260320_1548,2026-03-20 15:48:00,14499,14396,0,saved,"(512, 512, 6)",gs://suryabench-sharp-pipeline-bamidele/jsoc_2025_2026_production_v1/samples_npz/2026/20260320_1548_HARP14499_NOAA14396.npz,success,2026-06-25T10:27:23.508523+00:00
20260319_1612_HARP14491_NOAA14392,2026_HARP14491_20260319_1612_20260320_0812,2026-03-19 16:12:00,14491,14392,0,saved,"(512, 512, 6)",gs://suryabench-sharp-pipeline-bamidele/jsoc_2025_2026_production_v1/samples_npz/2026/20260319_1612_HARP14491_NOAA14392.npz,success,2026-06-25T10:37:22.442344+00:00
20260319_1748_HARP14491_NOAA14392,2026_HARP14491_20260319_1612_20260320_0812,2026-03-19 17:48:00,14491,14392,0,saved,"(512, 512, 6)",gs://suryabench-sharp-pipeline-bamidele/jsoc_2025_2026_production_v1/samples_npz/2026/20260319_1748_HARP14491_NOAA14392.npz,success,2026-06-25T10:37:28.638031+00:00
20260319_1924_HARP14491_NOAA14392,2026_HARP14491_20260319_1612_20260320_0812,2026-03-19 19:24:00,14491,14392,0,saved,"(512, 512, 6)",gs://suryabench-sharp-pipeline-bamidele/jsoc_2025_2026_production_v1/samples_npz/2026/20260319_1924_HARP14491_NOAA14392.npz,success,2026-06-25T10:37:34.821330+00:00
20260319_2100_HARP14491_NOAA14392,2026_HARP14491_20260319_1612_20260320_0812,2026-03-19 21:00:00,14491,14392,0,saved,"(512, 512, 6)",gs://suryabench-sharp-pipeline-bamidele/jsoc_2025_2026_production_v1/samples_npz/2026/20260319_2100_HARP14491_NOAA14392.npz,success,2026-06-25T10:37:40.917901+00:00
20260319_2236_HARP14491_NOAA14392,2026_HARP14491_20260319_1612_20260320_0812,2026-03-19 22:36:00,14491,14392,0,saved,"(512, 512, 6)",gs://suryabench-sharp-pipeline-bamidele/jsoc_2025_2026_production_v1/samples_npz/2026/20260319_2236_HARP14491_NOAA14392.npz,success,2026-06-25T10:37:46.973657+00:00
20260320_0012_HARP14491_NOAA14392,2026_HARP14491_20260319_1612_20260320_0812,2026-03-20 00:12:00,14491,14392,0,saved,"(512, 512, 6)",gs://suryabench-sharp-pipeline-bamidele/jsoc_2025_2026_production_v1/samples_npz/2026/20260320_0012_HARP14491_NOAA14392.npz,success,2026-06-25T10:37:52.972038+00:00
20260320_0148_HARP14491_NOAA14392,2026_HARP14491_20260319_1612_20260320_0812,2026-03-20 01:48:00,14491,14392,0,saved,"(512, 512, 6)",gs://suryabench-sharp-pipeline-bamidele/jsoc_2025_2026_production_v1/samples_npz/2026/20260320_0148_HARP14491_NOAA14392.npz,success,2026-06-25T10:37:58.857839+00:00
20260320_0324_HARP14491_NOAA14392,2026_HARP14491_20260319_1612_20260320_0812,2026-03-20 03:24:00,14491,14392,0,saved,"(512, 512, 6)",gs://suryabench-sharp-pipeline-bamidele/jsoc_2025_2026_production_v1/samples_npz/2026/20260320_0324_HARP14491_NOAA14392.npz,success,2026-06-25T10:38:04.763814+00:00
20260320_0500_HARP14491_NOAA14392,2026_HARP14491_20260319_1612_20260320_0812,2026-03-20 05:00:00,14491,14392,0,saved,"(512, 512, 6)",gs://suryabench-sharp-pipeline-bamidele/jsoc_2025_2026_production_v1/samples_npz/2026/20260320_0500_HARP14491_NOAA14392.npz,success,2026-06-25T10:38:10.640208+00:00
20260320_0636_HARP14491_NOAA14392,2026_HARP14491_20260319_1612_20260320_0812,2026-03-20 06:36:00,14491,14392,0,saved,"(512, 512, 6)",gs://suryabench-sharp-pipeline-bamidele/jsoc_2025_2026_production_v1/samples_npz/2026/20260320_0636_HARP14491_NOAA14392.npz,success,2026-06-25T10:38:16.513426+00:00
20260320_0812_HARP14491_NOAA14392,2026_HARP14491_20260319_1612_20260320_0812,2026-03-20 08:12:00,14491,14392,0,saved,"(512, 512, 6)",gs://suryabench-sharp-pipeline-bamidele/jsoc_2025_2026_production_v1/samples_npz/2026/20260320_0812_HARP14491_NOAA14392.npz,success,2026-06-25T10:38:22.490146+00:00
20260320_0348_HARP14514_NOAA14400,2026_HARP14514_20260320_0348_20260320_1324,2026-03-20 03:48:00,14514,14400,0,saved,"(512, 512, 6)",gs://suryabench-sharp-pipeline-bamidele/jsoc_2025_2026_production_v1/samples_npz/2026/20260320_0348_HARP14514_NOAA14400.npz,success,2026-06-25T10:47:43.223363+00:00
20260320_0524_HARP14514_NOAA14400,2026_HARP14514_20260320_0348_20260320_1324,2026-03-20 05:24:00,14514,14400,0,saved,"(512, 512, 6)",gs://suryabench-sharp-pipeline-bamidele/jsoc_2025_2026_production_v1/samples_npz/2026/20260320_0524_HARP14514_NOAA14400.npz,success,2026-06-25T10:47:49.228183+00:00
20260320_0700_HARP14514_NOAA14400,2026_HARP14514_20260320_0348_20260320_1324,2026-03-20 07:00:00,14514,14400,0,saved,"(512, 512, 6)",gs://suryabench-sharp-pipeline-bamidele/jsoc_2025_2026_production_v1/samples_npz/2026/20260320_0700_HARP14514_NOAA14400.npz,success,2026-06-25T10:47:55.225695+00:00
20260320_0836_HARP14514_NOAA14400,2026_HARP14514_20260320_0348_20260320_1324,2026-03-20 08:36:00,14514,14400,0,saved,"(512, 512, 6)",gs://suryabench-sharp-pipeline-bamidele/jsoc_2025_2026_production_v1/samples_npz/2026/20260320_0836_HARP14514_NOAA14400.npz,success,2026-06-25T10:48:01.197896+00:00
20260320_1012_HARP14514_NOAA14400,2026_HARP14514_20260320_0348_20260320_1324,2026-03-20 10:12:00,14514,14400,0,saved,"(512, 512, 6)",gs://suryabench-sharp-pipeline-bamidele/jsoc_2025_2026_production_v1/samples_npz/2026/20260320_1012_HARP14514_NOAA14400.npz,success,2026-06-25T10:48:07.218154+00:00
20260320_1148_HARP14514_NOAA14400,2026_HARP14514_20260320_0348_20260320_1324,2026-03-20 11:48:00,14514,14400,0,saved,"(512, 512, 6)",gs://suryabench-sharp-pipeline-bamidele/jsoc_2025_2026_production_v1/samples_npz/2026/20260320_1148_HARP14514_NOAA14400.npz,success,2026-06-25T10:48:13.281955+00:00
20260320_1324_HARP14514_NOAA14400,2026_HARP14514_20260320_0348_20260320_1324,2026-03-20 13:24:00,14514,14400,0,saved,"(512, 512, 6)",gs://suryabench-sharp-pipeline-bamidele/jsoc_2025_2026_production_v1/samples_npz/2026/20260320_1324_HARP14514_NOAA14400.npz,success,2026-06-25T10:48:19.608283+00:00
20260320_1512_HARP14498_NOAA14395,2026_HARP14498_20260320_1512_20260321_0536,2026-03-20 15:12:00,14498,14395,0,saved,"(512, 512, 6)",gs://suryabench-sharp-pipeline-bamidele/jsoc_2025_2026_production_v1/samples_npz/2026/20260320_1512_HARP14498_NOAA14395.npz,success,2026-06-25T10:58:33.873664+00:00
20260320_1648_HARP14498_NOAA14395,2026_HARP14498_20260320_1512_20260321_0536,2026-03-20 16:48:00,14498,14395,0,saved,"(512, 512, 6)",gs://suryabench-sharp-pipeline-bamidele/jsoc_2025_2026_production_v1/samples_npz/2026/20260320_1648_HARP14498_NOAA14395.npz,success,2026-06-25T10:58:40.026904+00:00
20260320_1824_HARP14498_NOAA14395,2026_HARP14498_20260320_1512_20260321_0536,2026-03-20 18:24:00,14498,14395,0,saved,"(512, 512, 6)",gs://suryabench-sharp-pipeline-bamidele/jsoc_2025_2026_production_v1/samples_npz/2026/20260320_1824_HARP14498_NOAA14395.npz,success,2026-06-25T10:58:46.255595+00:00
20260320_2000_HARP14498_NOAA14395,2026_HARP14498_20260320_1512_20260321_0536,2026-03-20 20:00:00,14498,14395,0,saved,"(512, 512, 6)",gs://suryabench-sharp-pipeline-bamidele/jsoc_2025_2026_production_v1/samples_npz/2026/20260320_2000_HARP14498_NOAA14395.npz,success,2026-06-25T10:58:52.616264+00:00
20260320_2136_HARP14498_NOAA14395,2026_HARP14498_20260320_1512_20260321_0536,2026-03-20 21:36:00,14498,14395,0,saved,"(512, 512, 6)",gs://suryabench-sharp-pipeline-bamidele/jsoc_2025_2026_production_v1/samples_npz/2026/20260320_2136_HARP14498_NOAA14395.npz,success,2026-06-25T10:58:58.707765+00:00
20260320_2312_HARP14498_NOAA14395,2026_HARP14498_20260320_1512_20260321_0536,2026-03-20 23:12:00,14498,14395,0,saved,"(512, 512, 6)",gs://suryabench-sharp-pipeline-bamidele/jsoc_2025_2026_production_v1/samples_npz/2026/20260320_2312_HARP14498_NOAA14395.npz,success,2026-06-25T10:59:04.814359+00:00
20260321_0048_HARP14498_NOAA14395,2026_HARP14498_20260320_1512_20260321_0536,2026-03-21 00:48:00,14498,14395,0,saved,"(512, 512, 6)",gs://suryabench-sharp-pipeline-bamidele/jsoc_2025_2026_production_v1/samples_npz/2026/20260321_0048_HARP14498_NOAA14395.npz,success,2026-06-25T10:59:10.950397+00:00
20260321_0224_HARP14498_NOAA14395,2026_HARP14498_20260320_1512_20260321_0536,2026-03-21 02:24:00,14498,14395,0,saved,"(512, 512, 6)",gs://suryabench-sharp-pipeline-bamidele/jsoc_2025_2026_production_v1/samples_npz/2026/20260321_0224_HARP14498_NOAA14395.npz,success,2026-06-25T10:59:17.041212+00:00
20260321_0400_HARP14498_NOAA14395,2026_HARP14498_20260320_1512_20260321_0536,2026-03-21 04:00:00,14498,14395,0,saved,"(512, 512, 6)",gs://suryabench-sharp-pipeline-bamidele/jsoc_2025_2026_production_v1/samples_npz/2026/20260321_0400_HARP14498_NOAA14395.npz,success,2026-06-25T10:59:23.403465+00:00
20260321_0536_HARP14498_NOAA14395,2026_HARP14498_20260320_1512_20260321_0536,2026-03-21 05:36:00,14498,14395,0,saved,"(512, 512, 6)",gs://suryabench-sharp-pipeline-bamidele/jsoc_2025_2026_production_v1/samples_npz/2026/20260321_0536_HARP14498_NOAA14395.npz,success,2026-06-25T10:59:29.465339+00:00
20260320_1636_HARP14514_NOAA14400,2026_HARP14514_20260320_1636_20260321_1500,2026-03-20 16:36:00,14514,14400,0,saved,"(512, 512, 6)",gs://suryabench-sharp-pipeline-bamidele/jsoc_2025_2026_production_v1/samples_npz/2026/20260320_1636_HARP14514_NOAA14400.npz,success,2026-06-25T11:09:59.756717+00:00
20260320_1812_HARP14514_NOAA14400,2026_HARP14514_20260320_1636_20260321_1500,2026-03-20 18:12:00,14514,14400,0,saved,"(512, 512, 6)",gs://suryabench-sharp-pipeline-bamidele/jsoc_2025_2026_production_v1/samples_npz/2026/20260320_1812_HARP14514_NOAA14400.npz,success,2026-06-25T11:10:06.267995+00:00
20260320_1948_HARP14514_NOAA14400,2026_HARP14514_20260320_1636_20260321_1500,2026-03-20 19:48:00,14514,14400,0,saved,"(512, 512, 6)",gs://suryabench-sharp-pipeline-bamidele/jsoc_2025_2026_production_v1/samples_npz/2026/20260320_1948_HARP14514_NOAA14400.npz,success,2026-06-25T11:10:12.447484+00:00
20260320_2124_HARP14514_NOAA14400,2026_HARP14514_20260320_1636_20260321_1500,2026-03-20 21:24:00,14514,14400,0,saved,"(512, 512, 6)",gs://suryabench-sharp-pipeline-bamidele/jsoc_2025_2026_production_v1/samples_npz/2026/20260320_2124_HARP14514_NOAA14400.npz,success,2026-06-25T11:10:18.791026+00:00
20260320_2300_HARP14514_NOAA14400,2026_HARP14514_20260320_1636_20260321_1500,2026-03-20 23:00:00,14514,14400,0,saved,"(512, 512, 6)",gs://suryabench-sharp-pipeline-bamidele/jsoc_2025_2026_production_v1/samples_npz/2026/20260320_2300_HARP14514_NOAA14400.npz,success,2026-06-25T11:10:25.146437+00:00
20260321_0036_HARP14514_NOAA14400,2026_HARP14514_20260320_1636_20260321_1500,2026-03-21 00:36:00,14514,14400,0,saved,"(512, 512, 6)",gs://suryabench-sharp-pipeline-bamidele/jsoc_2025_2026_production_v1/samples_npz/2026/20260321_0036_HARP14514_NOAA14400.npz,success,2026-06-25T11:10:32.156837+00:00
20260321_0212_HARP14514_NOAA14400,2026_HARP14514_20260320_1636_20260321_1500,2026-03-21 02:12:00,14514,14400,0,saved,"(512, 512, 6)",gs://suryabench-sharp-pipeline-bamidele/jsoc_2025_2026_production_v1/samples_npz/2026/20260321_0212_HARP14514_NOAA14400.npz,success,2026-06-25T11:10:38.477201+00:00
20260321_0348_HARP14514_NOAA14400,2026_HARP14514_20260320_1636_20260321_1500,2026-03-21 03:48:00,14514,14400,0,saved,"(512, 512, 6)",gs://suryabench-sharp-pipeline-bamidele/jsoc_2025_2026_production_v1/samples_npz/2026/20260321_0348_HARP14514_NOAA14400.npz,success,2026-06-25T11:10:44.832358+00:00
20260321_0524_HARP14514_NOAA14400,2026_HARP14514_20260320_1636_20260321_1500,2026-03-21 05:24:00,14514,14400,0,saved,"(512, 512, 6)",gs://suryabench-sharp-pipeline-bamidele/jsoc_2025_2026_production_v1/samples_npz/2026/20260321_0524_HARP14514_NOAA14400.npz,success,2026-06-25T11:10:51.420922+00:00
20260321_0700_HARP14514_NOAA14400,2026_HARP14514_20260320_1636_20260321_1500,2026-03-21 07:00:00,14514,14400,0,saved,"(512, 512, 6)",gs://suryabench-sharp-pipeline-bamidele/jsoc_2025_2026_production_v1/samples_npz/2026/20260321_0700_HARP14514_NOAA14400.npz,success,2026-06-25T11:10:57.806621+00:00
20260321_0836_HARP14514_NOAA14400,2026_HARP14514_20260320_1636_20260321_1500,2026-03-21 08:36:00,14514,14400,0,saved,"(512, 512, 6)",gs://suryabench-sharp-pipeline-bamidele/jsoc_2025_2026_production_v1/samples_npz/2026/20260321_0836_HARP14514_NOAA14400.npz,success,2026-06-25T11:11:04.099294+00:00
20260321_1012_HARP14514_NOAA14400,2026_HARP14514_20260320_1636_20260321_1500,2026-03-21 10:12:00,14514,14400,0,saved,"(512, 512, 6)",gs://suryabench-sharp-pipeline-bamidele/jsoc_2025_2026_production_v1/samples_npz/2026/20260321_1012_HARP14514_NOAA14400.npz,success,2026-06-25T11:11:10.303261+00:00
20260321_1148_HARP14514_NOAA14400,2026_HARP14514_20260320_1636_20260321_1500,2026-03-21 11:48:00,14514,14400,0,saved,"(512, 512, 6)",gs://suryabench-sharp-pipeline-bamidele/jsoc_2025_2026_production_v1/samples_npz/2026/20260321_1148_HARP14514_NOAA14400.npz,success,2026-06-25T11:11:16.564259+00:00
20260321_1324_HARP14514_NOAA14400,2026_HARP14514_20260320_1636_20260321_1500,2026-03-21 13:24:00,14514,14400,0,saved,"(512, 512, 6)",gs://suryabench-sharp-pipeline-bamidele/jsoc_2025_2026_production_v1/samples_npz/2026/20260321_1324_HARP14514_NOAA14400.npz,success,2026-06-25T11:11:22.936864+00:00
20260321_1500_HARP14514_NOAA14400,2026_HARP14514_20260320_1636_20260321_1500,2026-03-21 15:00:00,14514,14400,0,saved,"(512, 512, 6)",gs://suryabench-sharp-pipeline-bamidele/jsoc_2025_2026_production_v1/samples_npz/2026/20260321_1500_HARP14514_NOAA14400.npz,success,2026-06-25T11:11:29.237086+00:00
20260321_0100_HARP14507_NOAA14398,2026_HARP14507_20260321_0100_20260321_2324,2026-03-21 01:00:00,14507,14398,0,saved,"(512, 512, 6)",gs://suryabench-sharp-pipeline-bamidele/jsoc_2025_2026_production_v1/samples_npz/2026/20260321_0100_HARP14507_NOAA14398.npz,success,2026-06-25T11:21:52.027432+00:00
20260321_0236_HARP14507_NOAA14398,2026_HARP14507_20260321_0100_20260321_2324,2026-03-21 02:36:00,14507,14398,0,saved,"(512, 512, 6)",gs://suryabench-sharp-pipeline-bamidele/jsoc_2025_2026_production_v1/samples_npz/2026/20260321_0236_HARP14507_NOAA14398.npz,success,2026-06-25T11:21:57.924512+00:00
20260321_0412_HARP14507_NOAA14398,2026_HARP14507_20260321_0100_20260321_2324,2026-03-21 04:12:00,14507,14398,0,saved,"(512, 512, 6)",gs://suryabench-sharp-pipeline-bamidele/jsoc_2025_2026_production_v1/samples_npz/2026/20260321_0412_HARP14507_NOAA14398.npz,success,2026-06-25T11:22:03.788256+00:00
20260321_0548_HARP14507_NOAA14398,2026_HARP14507_20260321_0100_20260321_2324,2026-03-21 05:48:00,14507,14398,0,saved,"(512, 512, 6)",gs://suryabench-sharp-pipeline-bamidele/jsoc_2025_2026_production_v1/samples_npz/2026/20260321_0548_HARP14507_NOAA14398.npz,success,2026-06-25T11:22:09.708231+00:00
20260321_0724_HARP14507_NOAA14398,2026_HARP14507_20260321_0100_20260321_2324,2026-03-21 07:24:00,14507,14398,0,saved,"(512, 512, 6)",gs://suryabench-sharp-pipeline-bamidele/jsoc_2025_2026_production_v1/samples_npz/2026/20260321_0724_HARP14507_NOAA14398.npz,success,2026-06-25T11:22:15.574937+00:00
20260321_0900_HARP14507_NOAA14398,2026_HARP14507_20260321_0100_20260321_2324,2026-03-21 09:00:00,14507,14398,0,saved,"(512, 512, 6)",gs://suryabench-sharp-pipeline-bamidele/jsoc_2025_2026_production_v1/samples_npz/2026/20260321_0900_HARP14507_NOAA14398.npz,success,2026-06-25T11:22:21.549827+00:00
20260321_1036_HARP14507_NOAA14398,2026_HARP14507_20260321_0100_20260321_2324,2026-03-21 10:36:00,14507,14398,0,saved,"(512, 512, 6)",gs://suryabench-sharp-pipeline-bamidele/jsoc_2025_2026_production_v1/samples_npz/2026/20260321_1036_HARP14507_NOAA14398.npz,success,2026-06-25T11:22:27.411916+00:00
20260321_1212_HARP14507_NOAA14398,2026_HARP14507_20260321_0100_20260321_2324,2026-03-21 12:12:00,14507,14398,0,saved,"(512, 512, 6)",gs://suryabench-sharp-pipeline-bamidele/jsoc_2025_2026_production_v1/samples_npz/2026/20260321_1212_HARP14507_NOAA14398.npz,success,2026-06-25T11:22:33.288216+00:00
20260321_1348_HARP14507_NOAA14398,2026_HARP14507_20260321_0100_20260321_2324,2026-03-21 13:48:00,14507,14398,0,saved,"(512, 512, 6)",gs://suryabench-sharp-pipeline-bamidele/jsoc_2025_2026_production_v1/samples_npz/2026/20260321_1348_HARP14507_NOAA14398.npz,success,2026-06-25T11:22:39.174859+00:00
20260321_1524_HARP14507_NOAA14398,2026_HARP14507_20260321_0100_20260321_2324,2026-03-21 15:24:00,14507,14398,0,saved,"(512, 512, 6)",gs://suryabench-sharp-pipeline-bamidele/jsoc_2025_2026_production_v1/samples_npz/2026/20260321_1524_HARP14507_NOAA14398.npz,success,2026-06-25T11:22:45.089079+00:00
20260321_1700_HARP14507_NOAA14398,2026_HARP14507_20260321_0100_20260321_2324,2026-03-21 17:00:00,14507,14398,0,saved,"(512, 512, 6)",gs://suryabench-sharp-pipeline-bamidele/jsoc_2025_2026_production_v1/samples_npz/2026/20260321_1700_HARP14507_NOAA14398.npz,success,2026-06-25T11:22:51.019203+00:00
20260321_1836_HARP14507_NOAA14398,2026_HARP14507_20260321_0100_20260321_2324,2026-03-21 18:36:00,14507,14398,0,saved,"(512, 512, 6)",gs://suryabench-sharp-pipeline-bamidele/jsoc_2025_2026_production_v1/samples_npz/2026/20260321_1836_HARP14507_NOAA14398.npz,success,2026-06-25T11:22:57.061862+00:00
20260321_2012_HARP14507_NOAA14398,2026_HARP14507_20260321_0100_20260321_2324,2026-03-21 20:12:00,14507,14398,0,saved,"(512, 512, 6)",gs://suryabench-sharp-pipeline-bamidele/jsoc_2025_2026_production_v1/samples_npz/2026/20260321_2012_HARP14507_NOAA14398.npz,success,2026-06-25T11:23:03.079708+00:00
20260321_2148_HARP14507_NOAA14398,2026_HARP14507_20260321_0100_20260321_2324,2026-03-21 21:48:00,14507,14398,0,saved,"(512, 512, 6)",gs://suryabench-sharp-pipeline-bamidele/jsoc_2025_2026_production_v1/samples_npz/2026/20260321_2148_HARP14507_NOAA14398.npz,success,2026-06-25T11:23:09.074172+00:00
20260321_2324_HARP14507_NOAA14398,2026_HARP14507_20260321_0100_20260321_2324,2026-03-21 23:24:00,14507,14398,0,saved,"(512, 512, 6)",gs://suryabench-sharp-pipeline-bamidele/jsoc_2025_2026_production_v1/samples_npz/2026/20260321_2324_HARP14507_NOAA14398.npz,success,2026-06-25T11:23:15.036984+00:00
20260321_1636_HARP14514_NOAA14400,2026_HARP14514_20260321_1636_20260322_1500,2026-03-21 16:36:00,14514,14400,0,saved,"(512, 512, 6)",gs://suryabench-sharp-pipeline-bamidele/jsoc_2025_2026_production_v1/samples_npz/2026/20260321_1636_HARP14514_NOAA14400.npz,success,2026-06-25T11:33:29.166047+00:00
20260321_1812_HARP14514_NOAA14400,2026_HARP14514_20260321_1636_20260322_1500,2026-03-21 18:12:00,14514,14400,0,saved,"(512, 512, 6)",gs://suryabench-sharp-pipeline-bamidele/jsoc_2025_2026_production_v1/samples_npz/2026/20260321_1812_HARP14514_NOAA14400.npz,success,2026-06-25T11:33:35.433159+00:00
20260321_1948_HARP14514_NOAA14400,2026_HARP14514_20260321_1636_20260322_1500,2026-03-21 19:48:00,14514,14400,0,saved,"(512, 512, 6)",gs://suryabench-sharp-pipeline-bamidele/jsoc_2025_2026_production_v1/samples_npz/2026/20260321_1948_HARP14514_NOAA14400.npz,success,2026-06-25T11:33:41.644288+00:00
20260321_2124_HARP14514_NOAA14400,2026_HARP14514_20260321_1636_20260322_1500,2026-03-21 21:24:00,14514,14400,0,saved,"(512, 512, 6)",gs://suryabench-sharp-pipeline-bamidele/jsoc_2025_2026_production_v1/samples_npz/2026/20260321_2124_HARP14514_NOAA14400.npz,success,2026-06-25T11:33:47.836647+00:00
20260321_2300_HARP14514_NOAA14400,2026_HARP14514_20260321_1636_20260322_1500,2026-03-21 23:00:00,14514,14400,0,saved,"(512, 512, 6)",gs://suryabench-sharp-pipeline-bamidele/jsoc_2025_2026_production_v1/samples_npz/2026/20260321_2300_HARP14514_NOAA14400.npz,success,2026-06-25T11:33:54.071362+00:00
20260322_0036_HARP14514_NOAA14400,2026_HARP14514_20260321_1636_20260322_1500,2026-03-22 00:36:00,14514,14400,0,saved,"(512, 512, 6)",gs://suryabench-sharp-pipeline-bamidele/jsoc_2025_2026_production_v1/samples_npz/2026/20260322_0036_HARP14514_NOAA14400.npz,success,2026-06-25T11:34:00.281076+00:00
20260322_0212_HARP14514_NOAA14400,2026_HARP14514_20260321_1636_20260322_1500,2026-03-22 02:12:00,14514,14400,0,saved,"(512, 512, 6)",gs://suryabench-sharp-pipeline-bamidele/jsoc_2025_2026_production_v1/samples_npz/2026/20260322_0212_HARP14514_NOAA14400.npz,success,2026-06-25T11:34:06.672915+00:00
20260322_0348_HARP14514_NOAA14400,2026_HARP14514_20260321_1636_20260322_1500,2026-03-22 03:48:00,14514,14400,0,saved,"(512, 512, 6)",gs://suryabench-sharp-pipeline-bamidele/jsoc_2025_2026_production_v1/samples_npz/2026/20260322_0348_HARP14514_NOAA14400.npz,success,2026-06-25T11:34:13.160309+00:00
20260322_0524_HARP14514_NOAA14400,2026_HARP14514_20260321_1636_20260322_1500,2026-03-22 05:24:00,14514,14400,0,saved,"(512, 512, 6)",gs://suryabench-sharp-pipeline-bamidele/jsoc_2025_2026_production_v1/samples_npz/2026/20260322_0524_HARP14514_NOAA14400.npz,success,2026-06-25T11:34:19.427920+00:00
20260322_0700_HARP14514_NOAA14400,2026_HARP14514_20260321_1636_20260322_1500,2026-03-22 07:00:00,14514,14400,0,saved,"(512, 512, 6)",gs://suryabench-sharp-pipeline-bamidele/jsoc_2025_2026_production_v1/samples_npz/2026/20260322_0700_HARP14514_NOAA14400.npz,success,2026-06-25T11:34:25.677862+00:00
20260322_0836_HARP14514_NOAA14400,2026_HARP14514_20260321_1636_20260322_1500,2026-03-22 08:36:00,14514,14400,0,saved,"(512, 512, 6)",gs://suryabench-sharp-pipeline-bamidele/jsoc_2025_2026_production_v1/samples_npz/2026/20260322_0836_HARP14514_NOAA14400.npz,success,2026-06-25T11:34:31.999716+00:00
20260322_1012_HARP14514_NOAA14400,2026_HARP14514_20260321_1636_20260322_1500,2026-03-22 10:12:00,14514,14400,0,saved,"(512, 512, 6)",gs://suryabench-sharp-pipeline-bamidele/jsoc_2025_2026_production_v1/samples_npz/2026/20260322_1012_HARP14514_NOAA14400.npz,success,2026-06-25T11:34:38.499619+00:00
20260322_1148_HARP14514_NOAA14400,2026_HARP14514_20260321_1636_20260322_1500,2026-03-22 11:48:00,14514,14400,0,saved,"(512, 512, 6)",gs://suryabench-sharp-pipeline-bamidele/jsoc_2025_2026_production_v1/samples_npz/2026/20260322_1148_HARP14514_NOAA14400.npz,success,2026-06-25T11:34:45.119680+00:00
20260322_1324_HARP14514_NOAA14400,2026_HARP14514_20260321_1636_20260322_1500,2026-03-22 13:24:00,14514,14400,0,saved,"(512, 512, 6)",gs://suryabench-sharp-pipeline-bamidele/jsoc_2025_2026_production_v1/samples_npz/2026/20260322_1324_HARP14514_NOAA14400.npz,success,2026-06-25T11:34:51.549668+00:00
20260322_1500_HARP14514_NOAA14400,2026_HARP14514_20260321_1636_20260322_1500,2026-03-22 15:00:00,14514,14400,0,saved,"(512, 512, 6)",gs://suryabench-sharp-pipeline-bamidele/jsoc_2025_2026_production_v1/samples_npz/2026/20260322_1500_HARP14514_NOAA14400.npz,success,2026-06-25T11:34:57.995509+00:00
20260321_1824_HARP14513_NOAA14398,2026_HARP14513_20260321_1824_20260322_1648,2026-03-21 18:24:00,14513,14398,0,saved,"(512, 512, 6)",gs://suryabench-sharp-pipeline-bamidele/jsoc_2025_2026_production_v1/samples_npz/2026/20260321_1824_HARP14513_NOAA14398.npz,success,2026-06-25T11:46:15.534350+00:00
20260321_2000_HARP14513_NOAA14398,2026_HARP14513_20260321_1824_20260322_1648,2026-03-21 20:00:00,14513,14398,0,saved,"(512, 512, 6)",gs://suryabench-sharp-pipeline-bamidele/jsoc_2025_2026_production_v1/samples_npz/2026/20260321_2000_HARP14513_NOAA14398.npz,success,2026-06-25T11:46:21.863005+00:00
20260321_2136_HARP14513_NOAA14398,2026_HARP14513_20260321_1824_20260322_1648,2026-03-21 21:36:00,14513,14398,0,saved,"(512, 512, 6)",gs://suryabench-sharp-pipeline-bamidele/jsoc_2025_2026_production_v1/samples_npz/2026/20260321_2136_HARP14513_NOAA14398.npz,success,2026-06-25T11:46:28.266861+00:00
20260321_2312_HARP14513_NOAA14398,2026_HARP14513_20260321_1824_20260322_1648,2026-03-21 23:12:00,14513,14398,0,saved,"(512, 512, 6)",gs://suryabench-sharp-pipeline-bamidele/jsoc_2025_2026_production_v1/samples_npz/2026/20260321_2312_HARP14513_NOAA14398.npz,success,2026-06-25T11:46:34.360034+00:00
20260322_0048_HARP14513_NOAA14398,2026_HARP14513_20260321_1824_20260322_1648,2026-03-22 00:48:00,14513,14398,0,saved,"(512, 512, 6)",gs://suryabench-sharp-pipeline-bamidele/jsoc_2025_2026_production_v1/samples_npz/2026/20260322_0048_HARP14513_NOAA14398.npz,success,2026-06-25T11:46:40.438924+00:00
20260322_0224_HARP14513_NOAA14398,2026_HARP14513_20260321_1824_20260322_1648,2026-03-22 02:24:00,14513,14398,0,saved,"(512, 512, 6)",gs://suryabench-sharp-pipeline-bamidele/jsoc_2025_2026_production_v1/samples_npz/2026/20260322_0224_HARP14513_NOAA14398.npz,success,2026-06-25T11:46:46.495362+00:00
20260322_0400_HARP14513_NOAA14398,2026_HARP14513_20260321_1824_20260322_1648,2026-03-22 04:00:00,14513,14398,0,saved,"(512, 512, 6)",gs://suryabench-sharp-pipeline-bamidele/jsoc_2025_2026_production_v1/samples_npz/2026/20260322_0400_HARP14513_NOAA14398.npz,success,2026-06-25T11:46:52.587399+00:00
20260322_0536_HARP14513_NOAA14398,2026_HARP14513_20260321_1824_20260322_1648,2026-03-22 05:36:00,14513,14398,0,saved,"(512, 512, 6)",gs://suryabench-sharp-pipeline-bamidele/jsoc_2025_2026_production_v1/samples_npz/2026/20260322_0536_HARP14513_NOAA14398.npz,success,2026-06-25T11:46:58.916869+00:00
20260322_0712_HARP14513_NOAA14398,2026_HARP14513_20260321_1824_20260322_1648,2026-03-22 07:12:00,14513,14398,0,saved,"(512, 512, 6)",gs://suryabench-sharp-pipeline-bamidele/jsoc_2025_2026_production_v1/samples_npz/2026/20260322_0712_HARP14513_NOAA14398.npz,success,2026-06-25T11:47:05.438101+00:00
20260322_0848_HARP14513_NOAA14398,2026_HARP14513_20260321_1824_20260322_1648,2026-03-22 08:48:00,14513,14398,0,saved,"(512, 512, 6)",gs://suryabench-sharp-pipeline-bamidele/jsoc_2025_2026_production_v1/samples_npz/2026/20260322_0848_HARP14513_NOAA14398.npz,success,2026-06-25T11:47:11.533243+00:00
20260322_1024_HARP14513_NOAA14398,2026_HARP14513_20260321_1824_20260322_1648,2026-03-22 10:24:00,14513,14398,0,saved,"(512, 512, 6)",gs://suryabench-sharp-pipeline-bamidele/jsoc_2025_2026_production_v1/samples_npz/2026/20260322_1024_HARP14513_NOAA14398.npz,success,2026-06-25T11:47:17.572303+00:00
20260322_1200_HARP14513_NOAA14398,2026_HARP14513_20260321_1824_20260322_1648,2026-03-22 12:00:00,14513,14398,0,saved,"(512, 512, 6)",gs://suryabench-sharp-pipeline-bamidele/jsoc_2025_2026_production_v1/samples_npz/2026/20260322_1200_HARP14513_NOAA14398.npz,success,2026-06-25T11:47:23.693596+00:00
20260322_1336_HARP14513_NOAA14398,2026_HARP14513_20260321_1824_20260322_1648,2026-03-22 13:36:00,14513,14398,0,saved,"(512, 512, 6)",gs://suryabench-sharp-pipeline-bamidele/jsoc_2025_2026_production_v1/samples_npz/2026/20260322_1336_HARP14513_NOAA14398.npz,success,2026-06-25T11:47:29.807393+00:00
20260322_1512_HARP14513_NOAA14398,2026_HARP14513_20260321_1824_20260322_1648,2026-03-22 15:12:00,14513,14398,0,saved,"(512, 512, 6)",gs://suryabench-sharp-pipeline-bamidele/jsoc_2025_2026_production_v1/samples_npz/2026/20260322_1512_HARP14513_NOAA14398.npz,success,2026-06-25T11:47:35.882274+00:00
20260322_1648_HARP14513_NOAA14398,2026_HARP14513_20260321_1824_20260322_1648,2026-03-22 16:48:00,14513,14398,0,saved,"(512, 512, 6)",gs://suryabench-sharp-pipeline-bamidele/jsoc_2025_2026_production_v1/samples_npz/2026/20260322_1648_HARP14513_NOAA14398.npz,success,2026-06-25T11:47:41.954952+00:00
20260322_1636_HARP14514_NOAA14400,2026_HARP14514_20260322_1636_20260323_0836,2026-03-22 16:36:00,14514,14400,0,saved,"(512, 512, 6)",gs://suryabench-sharp-pipeline-bamidele/jsoc_2025_2026_production_v1/samples_npz/2026/20260322_1636_HARP14514_NOAA14400.npz,success,2026-06-25T12:14:44.406287+00:00
20260322_1812_HARP14514_NOAA14400,2026_HARP14514_20260322_1636_20260323_0836,2026-03-22 18:12:00,14514,14400,0,saved,"(512, 512, 6)",gs://suryabench-sharp-pipeline-bamidele/jsoc_2025_2026_production_v1/samples_npz/2026/20260322_1812_HARP14514_NOAA14400.npz,success,2026-06-25T12:14:50.457251+00:00
20260322_1948_HARP14514_NOAA14400,2026_HARP14514_20260322_1636_20260323_0836,2026-03-22 19:48:00,14514,14400,0,saved,"(512, 512, 6)",gs://suryabench-sharp-pipeline-bamidele/jsoc_2025_2026_production_v1/samples_npz/2026/20260322_1948_HARP14514_NOAA14400.npz,success,2026-06-25T12:14:56.439804+00:00
20260322_2124_HARP14514_NOAA14400,2026_HARP14514_20260322_1636_20260323_0836,2026-03-22 21:24:00,14514,14400,0,saved,"(512, 512, 6)",gs://suryabench-sharp-pipeline-bamidele/jsoc_2025_2026_production_v1/samples_npz/2026/20260322_2124_HARP14514_NOAA14400.npz,success,2026-06-25T12:15:02.358193+00:00
20260322_2300_HARP14514_NOAA14400,2026_HARP14514_20260322_1636_20260323_0836,2026-03-22 23:00:00,14514,14400,0,saved,"(512, 512, 6)",gs://suryabench-sharp-pipeline-bamidele/jsoc_2025_2026_production_v1/samples_npz/2026/20260322_2300_HARP14514_NOAA14400.npz,success,2026-06-25T12:15:08.320793+00:00
20260323_0036_HARP14514_NOAA14400,2026_HARP14514_20260322_1636_20260323_0836,2026-03-23 00:36:00,14514,14400,0,saved,"(512, 512, 6)",gs://suryabench-sharp-pipeline-bamidele/jsoc_2025_2026_production_v1/samples_npz/2026/20260323_0036_HARP14514_NOAA14400.npz,success,2026-06-25T12:15:14.251495+00:00
20260323_0212_HARP14514_NOAA14400,2026_HARP14514_20260322_1636_20260323_0836,2026-03-23 02:12:00,14514,14400,0,saved,"(512, 512, 6)",gs://suryabench-sharp-pipeline-bamidele/jsoc_2025_2026_production_v1/samples_npz/2026/20260323_0212_HARP14514_NOAA14400.npz,success,2026-06-25T12:15:20.283017+00:00
20260323_0348_HARP14514_NOAA14400,2026_HARP14514_20260322_1636_20260323_0836,2026-03-23 03:48:00,14514,14400,0,saved,"(512, 512, 6)",gs://suryabench-sharp-pipeline-bamidele/jsoc_2025_2026_production_v1/samples_npz/2026/20260323_0348_HARP14514_NOAA14400.npz,success,2026-06-25T12:15:26.214576+00:00
20260323_0524_HARP14514_NOAA14400,2026_HARP14514_20260322_1636_20260323_0836,2026-03-23 05:24:00,14514,14400,0,saved,"(512, 512, 6)",gs://suryabench-sharp-pipeline-bamidele/jsoc_2025_2026_production_v1/samples_npz/2026/20260323_0524_HARP14514_NOAA14400.npz,success,2026-06-25T12:15:32.351210+00:00
20260323_0700_HARP14514_NOAA14400,2026_HARP14514_20260322_1636_20260323_0836,2026-03-23 07:00:00,14514,14400,0,saved,"(512, 512, 6)",gs://suryabench-sharp-pipeline-bamidele/jsoc_2025_2026_production_v1/samples_npz/2026/20260323_0700_HARP14514_NOAA14400.npz,success,2026-06-25T12:15:38.299198+00:00
20260323_0836_HARP14514_NOAA14400,2026_HARP14514_20260322_1636_20260323_0836,2026-03-23 08:36:00,14514,14400,0,saved,"(512, 512, 6)",gs://suryabench-sharp-pipeline-bamidele/jsoc_2025_2026_production_v1/samples_npz/2026/20260323_0836_HARP14514_NOAA14400.npz,success,2026-06-25T12:15:44.247688+00:00
20260322_1824_HARP14513_NOAA14398,2026_HARP14513_20260322_1824_20260323_1648,2026-03-22 18:24:00,14513,14398,0,saved,"(512, 512, 6)",gs://suryabench-sharp-pipeline-bamidele/jsoc_2025_2026_production_v1/samples_npz/2026/20260322_1824_HARP14513_NOAA14398.npz,success,2026-06-25T12:27:15.028758+00:00
20260322_2000_HARP14513_NOAA14398,2026_HARP14513_20260322_1824_20260323_1648,2026-03-22 20:00:00,14513,14398,0,saved,"(512, 512, 6)",gs://suryabench-sharp-pipeline-bamidele/jsoc_2025_2026_production_v1/samples_npz/2026/20260322_2000_HARP14513_NOAA14398.npz,success,2026-06-25T12:27:21.639315+00:00
20260322_2136_HARP14513_NOAA14398,2026_HARP14513_20260322_1824_20260323_1648,2026-03-22 21:36:00,14513,14398,0,saved,"(512, 512, 6)",gs://suryabench-sharp-pipeline-bamidele/jsoc_2025_2026_production_v1/samples_npz/2026/20260322_2136_HARP14513_NOAA14398.npz,success,2026-06-25T12:27:27.815946+00:00
20260322_2312_HARP14513_NOAA14398,2026_HARP14513_20260322_1824_20260323_1648,2026-03-22 23:12:00,14513,14398,0,saved,"(512, 512, 6)",gs://suryabench-sharp-pipeline-bamidele/jsoc_2025_2026_production_v1/samples_npz/2026/20260322_2312_HARP14513_NOAA14398.npz,success,2026-06-25T12:27:33.957292+00:00
20260323_0048_HARP14513_NOAA14398,2026_HARP14513_20260322_1824_20260323_1648,2026-03-23 00:48:00,14513,14398,0,saved,"(512, 512, 6)",gs://suryabench-sharp-pipeline-bamidele/jsoc_2025_2026_production_v1/samples_npz/2026/20260323_0048_HARP14513_NOAA14398.npz,success,2026-06-25T12:27:40.141803+00:00
20260323_0224_HARP14513_NOAA14398,2026_HARP14513_20260322_1824_20260323_1648,2026-03-23 02:24:00,14513,14398,0,saved,"(512, 512, 6)",gs://suryabench-sharp-pipeline-bamidele/jsoc_2025_2026_production_v1/samples_npz/2026/20260323_0224_HARP14513_NOAA14398.npz,success,2026-06-25T12:27:46.341053+00:00
20260323_0400_HARP14513_NOAA14398,2026_HARP14513_20260322_1824_20260323_1648,2026-03-23 04:00:00,14513,14398,0,saved,"(512, 512, 6)",gs://suryabench-sharp-pipeline-bamidele/jsoc_2025_2026_production_v1/samples_npz/2026/20260323_0400_HARP14513_NOAA14398.npz,success,2026-06-25T12:27:52.514303+00:00
20260323_0536_HARP14513_NOAA14398,2026_HARP14513_20260322_1824_20260323_1648,2026-03-23 05:36:00,14513,14398,0,saved,"(512, 512, 6)",gs://suryabench-sharp-pipeline-bamidele/jsoc_2025_2026_production_v1/samples_npz/2026/20260323_0536_HARP14513_NOAA14398.npz,success,2026-06-25T12:27:58.704727+00:00
20260323_0712_HARP14513_NOAA14398,2026_HARP14513_20260322_1824_20260323_1648,2026-03-23 07:12:00,14513,14398,0,saved,"(512, 512, 6)",gs://suryabench-sharp-pipeline-bamidele/jsoc_2025_2026_production_v1/samples_npz/2026/20260323_0712_HARP14513_NOAA14398.npz,success,2026-06-25T12:28:05.078323+00:00
20260323_0848_HARP14513_NOAA14398,2026_HARP14513_20260322_1824_20260323_1648,2026-03-23 08:48:00,14513,14398,0,saved,"(512, 512, 6)",gs://suryabench-sharp-pipeline-bamidele/jsoc_2025_2026_production_v1/samples_npz/2026/20260323_0848_HARP14513_NOAA14398.npz,success,2026-06-25T12:28:11.202592+00:00
20260323_1024_HARP14513_NOAA14398,2026_HARP14513_20260322_1824_20260323_1648,2026-03-23 10:24:00,14513,14398,0,saved,"(512, 512, 6)",gs://suryabench-sharp-pipeline-bamidele/jsoc_2025_2026_production_v1/samples_npz/2026/20260323_1024_HARP14513_NOAA14398.npz,success,2026-06-25T12:28:17.329454+00:00
20260323_1200_HARP14513_NOAA14398,2026_HARP14513_20260322_1824_20260323_1648,2026-03-23 12:00:00,14513,14398,0,saved,"(512, 512, 6)",gs://suryabench-sharp-pipeline-bamidele/jsoc_2025_2026_production_v1/samples_npz/2026/20260323_1200_HARP14513_NOAA14398.npz,success,2026-06-25T12:28:23.415283+00:00
20260323_1336_HARP14513_NOAA14398,2026_HARP14513_20260322_1824_20260323_1648,2026-03-23 13:36:00,14513,14398,0,saved,"(512, 512, 6)",gs://suryabench-sharp-pipeline-bamidele/jsoc_2025_2026_production_v1/samples_npz/2026/20260323_1336_HARP14513_NOAA14398.npz,success,2026-06-25T12:28:32.098560+00:00
20260323_1512_HARP14513_NOAA14398,2026_HARP14513_20260322_1824_20260323_1648,2026-03-23 15:12:00,14513,14398,0,saved,"(512, 512, 6)",gs://suryabench-sharp-pipeline-bamidele/jsoc_2025_2026_production_v1/samples_npz/2026/20260323_1512_HARP14513_NOAA14398.npz,success,2026-06-25T12:28:38.155155+00:00
20260323_1648_HARP14513_NOAA14398,2026_HARP14513_20260322_1824_20260323_1648,2026-03-23 16:48:00,14513,14398,0,saved,"(512, 512, 6)",gs://suryabench-sharp-pipeline-bamidele/jsoc_2025_2026_production_v1/samples_npz/2026/20260323_1648_HARP14513_NOAA14398.npz,success,2026-06-25T12:28:44.268866+00:00
20260322_2148_HARP14506_NOAA14397,2026_HARP14506_20260322_2148_20260323_2012,2026-03-22 21:48:00,14506,14397,0,saved,"(512, 512, 6)",gs://suryabench-sharp-pipeline-bamidele/jsoc_2025_2026_production_v1/samples_npz/2026/20260322_2148_HARP14506_NOAA14397.npz,success,2026-06-25T12:39:08.095495+00:00
20260322_2324_HARP14506_NOAA14397,2026_HARP14506_20260322_2148_20260323_2012,2026-03-22 23:24:00,14506,14397,0,saved,"(512, 512, 6)",gs://suryabench-sharp-pipeline-bamidele/jsoc_2025_2026_production_v1/samples_npz/2026/20260322_2324_HARP14506_NOAA14397.npz,success,2026-06-25T12:39:14.320834+00:00
20260323_0100_HARP14506_NOAA14397,2026_HARP14506_20260322_2148_20260323_2012,2026-03-23 01:00:00,14506,14397,0,saved,"(512, 512, 6)",gs://suryabench-sharp-pipeline-bamidele/jsoc_2025_2026_production_v1/samples_npz/2026/20260323_0100_HARP14506_NOAA14397.npz,success,2026-06-25T12:39:21.408798+00:00
20260323_0236_HARP14506_NOAA14397,2026_HARP14506_20260322_2148_20260323_2012,2026-03-23 02:36:00,14506,14397,0,saved,"(512, 512, 6)",gs://suryabench-sharp-pipeline-bamidele/jsoc_2025_2026_production_v1/samples_npz/2026/20260323_0236_HARP14506_NOAA14397.npz,success,2026-06-25T12:39:27.813510+00:00
20260323_0412_HARP14506_NOAA14397,2026_HARP14506_20260322_2148_20260323_2012,2026-03-23 04:12:00,14506,14397,0,saved,"(512, 512, 6)",gs://suryabench-sharp-pipeline-bamidele/jsoc_2025_2026_production_v1/samples_npz/2026/20260323_0412_HARP14506_NOAA14397.npz,success,2026-06-25T12:39:34.046721+00:00
20260323_0548_HARP14506_NOAA14397,2026_HARP14506_20260322_2148_20260323_2012,2026-03-23 05:48:00,14506,14397,0,saved,"(512, 512, 6)",gs://suryabench-sharp-pipeline-bamidele/jsoc_2025_2026_production_v1/samples_npz/2026/20260323_0548_HARP14506_NOAA14397.npz,success,2026-06-25T12:39:40.392684+00:00
20260323_0724_HARP14506_NOAA14397,2026_HARP14506_20260322_2148_20260323_2012,2026-03-23 07:24:00,14506,14397,0,saved,"(512, 512, 6)",gs://suryabench-sharp-pipeline-bamidele/jsoc_2025_2026_production_v1/samples_npz/2026/20260323_0724_HARP14506_NOAA14397.npz,success,2026-06-25T12:39:46.621948+00:00
20260323_0900_HARP14506_NOAA14397,2026_HARP14506_20260322_2148_20260323_2012,2026-03-23 09:00:00,14506,14397,0,saved,"(512, 512, 6)",gs://suryabench-sharp-pipeline-bamidele/jsoc_2025_2026_production_v1/samples_npz/2026/20260323_0900_HARP14506_NOAA14397.npz,success,2026-06-25T12:39:52.780505+00:00
20260323_1036_HARP14506_NOAA14397,2026_HARP14506_20260322_2148_20260323_2012,2026-03-23 10:36:00,14506,14397,0,saved,"(512, 512, 6)",gs://suryabench-sharp-pipeline-bamidele/jsoc_2025_2026_production_v1/samples_npz/2026/20260323_1036_HARP14506_NOAA14397.npz,success,2026-06-25T12:39:58.935656+00:00
20260323_1212_HARP14506_NOAA14397,2026_HARP14506_20260322_2148_20260323_2012,2026-03-23 12:12:00,14506,14397,0,saved,"(512, 512, 6)",gs://suryabench-sharp-pipeline-bamidele/jsoc_2025_2026_production_v1/samples_npz/2026/20260323_1212_HARP14506_NOAA14397.npz,success,2026-06-25T12:40:05.186329+00:00
20260323_1348_HARP14506_NOAA14397,2026_HARP14506_20260322_2148_20260323_2012,2026-03-23 13:48:00,14506,14397,0,saved,"(512, 512, 6)",gs://suryabench-sharp-pipeline-bamidele/jsoc_2025_2026_production_v1/samples_npz/2026/20260323_1348_HARP14506_NOAA14397.npz,success,2026-06-25T12:40:11.329459+00:00
20260323_1524_HARP14506_NOAA14397,2026_HARP14506_20260322_2148_20260323_2012,2026-03-23 15:24:00,14506,14397,0,saved,"(512, 512, 6)",gs://suryabench-sharp-pipeline-bamidele/jsoc_2025_2026_production_v1/samples_npz/2026/20260323_1524_HARP14506_NOAA14397.npz,success,2026-06-25T12:40:17.488632+00:00
20260323_1700_HARP14506_NOAA14397,2026_HARP14506_20260322_2148_20260323_2012,2026-03-23 17:00:00,14506,14397,0,saved,"(512, 512, 6)",gs://suryabench-sharp-pipeline-bamidele/jsoc_2025_2026_production_v1/samples_npz/2026/20260323_1700_HARP14506_NOAA14397.npz,success,2026-06-25T12:40:23.904714+00:00
20260323_1836_HARP14506_NOAA14397,2026_HARP14506_20260322_2148_20260323_2012,2026-03-23 18:36:00,14506,14397,0,saved,"(512, 512, 6)",gs://suryabench-sharp-pipeline-bamidele/jsoc_2025_2026_production_v1/samples_npz/2026/20260323_1836_HARP14506_NOAA14397.npz,success,2026-06-25T12:40:30.128234+00:00
20260323_2012_HARP14506_NOAA14397,2026_HARP14506_20260322_2148_20260323_2012,2026-03-23 20:12:00,14506,14397,0,saved,"(512, 512, 6)",gs://suryabench-sharp-pipeline-bamidele/jsoc_2025_2026_production_v1/samples_npz/2026/20260323_2012_HARP14506_NOAA14397.npz,success,2026-06-25T12:40:36.292657+00:00
20260323_0100_HARP14507_NOAA14398,2026_HARP14507_20260323_0100_20260323_2324,2026-03-23 01:00:00,14507,14398,0,saved,"(512, 512, 6)",gs://suryabench-sharp-pipeline-bamidele/jsoc_2025_2026_production_v1/samples_npz/2026/20260323_0100_HARP14507_NOAA14398.npz,success,2026-06-25T12:51:00.151021+00:00
20260323_0236_HARP14507_NOAA14398,2026_HARP14507_20260323_0100_20260323_2324,2026-03-23 02:36:00,14507,14398,0,saved,"(512, 512, 6)",gs://suryabench-sharp-pipeline-bamidele/jsoc_2025_2026_production_v1/samples_npz/2026/20260323_0236_HARP14507_NOAA14398.npz,success,2026-06-25T12:51:06.436507+00:00
20260323_0412_HARP14507_NOAA14398,2026_HARP14507_20260323_0100_20260323_2324,2026-03-23 04:12:00,14507,14398,0,saved,"(512, 512, 6)",gs://suryabench-sharp-pipeline-bamidele/jsoc_2025_2026_production_v1/samples_npz/2026/20260323_0412_HARP14507_NOAA14398.npz,success,2026-06-25T12:51:12.566393+00:00
20260323_0548_HARP14507_NOAA14398,2026_HARP14507_20260323_0100_20260323_2324,2026-03-23 05:48:00,14507,14398,0,saved,"(512, 512, 6)",gs://suryabench-sharp-pipeline-bamidele/jsoc_2025_2026_production_v1/samples_npz/2026/20260323_0548_HARP14507_NOAA14398.npz,success,2026-06-25T12:51:18.623072+00:00
20260323_0724_HARP14507_NOAA14398,2026_HARP14507_20260323_0100_20260323_2324,2026-03-23 07:24:00,14507,14398,0,saved,"(512, 512, 6)",gs://suryabench-sharp-pipeline-bamidele/jsoc_2025_2026_production_v1/samples_npz/2026/20260323_0724_HARP14507_NOAA14398.npz,success,2026-06-25T12:51:25.371222+00:00
20260323_0900_HARP14507_NOAA14398,2026_HARP14507_20260323_0100_20260323_2324,2026-03-23 09:00:00,14507,14398,0,saved,"(512, 512, 6)",gs://suryabench-sharp-pipeline-bamidele/jsoc_2025_2026_production_v1/samples_npz/2026/20260323_0900_HARP14507_NOAA14398.npz,success,2026-06-25T12:51:31.532957+00:00
20260323_1036_HARP14507_NOAA14398,2026_HARP14507_20260323_0100_20260323_2324,2026-03-23 10:36:00,14507,14398,0,saved,"(512, 512, 6)",gs://suryabench-sharp-pipeline-bamidele/jsoc_2025_2026_production_v1/samples_npz/2026/20260323_1036_HARP14507_NOAA14398.npz,success,2026-06-25T12:51:37.667086+00:00
20260323_1212_HARP14507_NOAA14398,2026_HARP14507_20260323_0100_20260323_2324,2026-03-23 12:12:00,14507,14398,0,saved,"(512, 512, 6)",gs://suryabench-sharp-pipeline-bamidele/jsoc_2025_2026_production_v1/samples_npz/2026/20260323_1212_HARP14507_NOAA14398.npz,success,2026-06-25T12:51:43.707046+00:00
20260323_1348_HARP14507_NOAA14398,2026_HARP14507_20260323_0100_20260323_2324,2026-03-23 13:48:00,14507,14398,0,saved,"(512, 512, 6)",gs://suryabench-sharp-pipeline-bamidele/jsoc_2025_2026_production_v1/samples_npz/2026/20260323_1348_HARP14507_NOAA14398.npz,success,2026-06-25T12:51:49.807575+00:00
20260323_1524_HARP14507_NOAA14398,2026_HARP14507_20260323_0100_20260323_2324,2026-03-23 15:24:00,14507,14398,0,saved,"(512, 512, 6)",gs://suryabench-sharp-pipeline-bamidele/jsoc_2025_2026_production_v1/samples_npz/2026/20260323_1524_HARP14507_NOAA14398.npz,success,2026-06-25T12:51:55.914388+00:00
20260323_1700_HARP14507_NOAA14398,2026_HARP14507_20260323_0100_20260323_2324,2026-03-23 17:00:00,14507,14398,0,saved,"(512, 512, 6)",gs://suryabench-sharp-pipeline-bamidele/jsoc_2025_2026_production_v1/samples_npz/2026/20260323_1700_HARP14507_NOAA14398.npz,success,2026-06-25T12:52:02.191115+00:00
20260323_1836_HARP14507_NOAA14398,2026_HARP14507_20260323_0100_20260323_2324,2026-03-23 18:36:00,14507,14398,0,saved,"(512, 512, 6)",gs://suryabench-sharp-pipeline-bamidele/jsoc_2025_2026_production_v1/samples_npz/2026/20260323_1836_HARP14507_NOAA14398.npz,success,2026-06-25T12:52:08.322041+00:00
20260323_2012_HARP14507_NOAA14398,2026_HARP14507_20260323_0100_20260323_2324,2026-03-23 20:12:00,14507,14398,0,saved,"(512, 512, 6)",gs://suryabench-sharp-pipeline-bamidele/jsoc_2025_2026_production_v1/samples_npz/2026/20260323_2012_HARP14507_NOAA14398.npz,success,2026-06-25T12:52:15.124236+00:00
20260323_2148_HARP14507_NOAA14398,2026_HARP14507_20260323_0100_20260323_2324,2026-03-23 21:48:00,14507,14398,0,saved,"(512, 512, 6)",gs://suryabench-sharp-pipeline-bamidele/jsoc_2025_2026_production_v1/samples_npz/2026/20260323_2148_HARP14507_NOAA14398.npz,success,2026-06-25T12:52:21.274831+00:00
20260323_2324_HARP14507_NOAA14398,2026_HARP14507_20260323_0100_20260323_2324,2026-03-23 23:24:00,14507,14398,0,saved,"(512, 512, 6)",gs://suryabench-sharp-pipeline-bamidele/jsoc_2025_2026_production_v1/samples_npz/2026/20260323_2324_HARP14507_NOAA14398.npz,success,2026-06-25T12:52:27.388311+00:00
20260323_1824_HARP14513_NOAA14398,2026_HARP14513_20260323_1824_20260324_0400,2026-03-23 18:24:00,14513,14398,0,saved,"(512, 512, 6)",gs://suryabench-sharp-pipeline-bamidele/jsoc_2025_2026_production_v1/samples_npz/2026/20260323_1824_HARP14513_NOAA14398.npz,success,2026-06-25T13:01:58.868303+00:00
20260323_2000_HARP14513_NOAA14398,2026_HARP14513_20260323_1824_20260324_0400,2026-03-23 20:00:00,14513,14398,0,saved,"(512, 512, 6)",gs://suryabench-sharp-pipeline-bamidele/jsoc_2025_2026_production_v1/samples_npz/2026/20260323_2000_HARP14513_NOAA14398.npz,success,2026-06-25T13:02:05.217851+00:00
20260323_2136_HARP14513_NOAA14398,2026_HARP14513_20260323_1824_20260324_0400,2026-03-23 21:36:00,14513,14398,0,saved,"(512, 512, 6)",gs://suryabench-sharp-pipeline-bamidele/jsoc_2025_2026_production_v1/samples_npz/2026/20260323_2136_HARP14513_NOAA14398.npz,success,2026-06-25T13:02:11.586758+00:00
20260323_2312_HARP14513_NOAA14398,2026_HARP14513_20260323_1824_20260324_0400,2026-03-23 23:12:00,14513,14398,0,saved,"(512, 512, 6)",gs://suryabench-sharp-pipeline-bamidele/jsoc_2025_2026_production_v1/samples_npz/2026/20260323_2312_HARP14513_NOAA14398.npz,success,2026-06-25T13:02:17.913068+00:00
20260324_0048_HARP14513_NOAA14398,2026_HARP14513_20260323_1824_20260324_0400,2026-03-24 00:48:00,14513,14398,0,saved,"(512, 512, 6)",gs://suryabench-sharp-pipeline-bamidele/jsoc_2025_2026_production_v1/samples_npz/2026/20260324_0048_HARP14513_NOAA14398.npz,success,2026-06-25T13:02:24.212616+00:00
20260324_0224_HARP14513_NOAA14398,2026_HARP14513_20260323_1824_20260324_0400,2026-03-24 02:24:00,14513,14398,0,saved,"(512, 512, 6)",gs://suryabench-sharp-pipeline-bamidele/jsoc_2025_2026_production_v1/samples_npz/2026/20260324_0224_HARP14513_NOAA14398.npz,success,2026-06-25T13:02:30.485166+00:00
20260324_0400_HARP14513_NOAA14398,2026_HARP14513_20260323_1824_20260324_0400,2026-03-24 04:00:00,14513,14398,0,saved,"(512, 512, 6)",gs://suryabench-sharp-pipeline-bamidele/jsoc_2025_2026_production_v1/samples_npz/2026/20260324_0400_HARP14513_NOAA14398.npz,success,2026-06-25T13:02:36.867687+00:00
20260323_2148_HARP14506_NOAA14397,2026_HARP14506_20260323_2148_20260324_2024,2026-03-23 21:48:00,14506,14397,0,saved,"(512, 512, 6)",gs://suryabench-sharp-pipeline-bamidele/jsoc_2025_2026_production_v1/samples_npz/2026/20260323_2148_HARP14506_NOAA14397.npz,success,2026-06-25T13:20:42.901741+00:00
20260323_2324_HARP14506_NOAA14397,2026_HARP14506_20260323_2148_20260324_2024,2026-03-23 23:24:00,14506,14397,0,saved,"(512, 512, 6)",gs://suryabench-sharp-pipeline-bamidele/jsoc_2025_2026_production_v1/samples_npz/2026/20260323_2324_HARP14506_NOAA14397.npz,success,2026-06-25T13:20:49.338674+00:00
20260324_0100_HARP14506_NOAA14397,2026_HARP14506_20260323_2148_20260324_2024,2026-03-24 01:00:00,14506,14397,0,saved,"(512, 512, 6)",gs://suryabench-sharp-pipeline-bamidele/jsoc_2025_2026_production_v1/samples_npz/2026/20260324_0100_HARP14506_NOAA14397.npz,success,2026-06-25T13:20:55.557155+00:00
20260324_0236_HARP14506_NOAA14397,2026_HARP14506_20260323_2148_20260324_2024,2026-03-24 02:36:00,14506,14397,0,saved,"(512, 512, 6)",gs://suryabench-sharp-pipeline-bamidele/jsoc_2025_2026_production_v1/samples_npz/2026/20260324_0236_HARP14506_NOAA14397.npz,success,2026-06-25T13:21:01.762310+00:00
20260324_0412_HARP14506_NOAA14397,2026_HARP14506_20260323_2148_20260324_2024,2026-03-24 04:12:00,14506,14397,0,saved,"(512, 512, 6)",gs://suryabench-sharp-pipeline-bamidele/jsoc_2025_2026_production_v1/samples_npz/2026/20260324_0412_HARP14506_NOAA14397.npz,success,2026-06-25T13:21:07.958687+00:00
20260324_0548_HARP14506_NOAA14397,2026_HARP14506_20260323_2148_20260324_2024,2026-03-24 05:48:00,14506,14397,0,saved,"(512, 512, 6)",gs://suryabench-sharp-pipeline-bamidele/jsoc_2025_2026_production_v1/samples_npz/2026/20260324_0548_HARP14506_NOAA14397.npz,success,2026-06-25T13:21:14.196339+00:00
20260324_0724_HARP14506_NOAA14397,2026_HARP14506_20260323_2148_20260324_2024,2026-03-24 07:24:00,14506,14397,0,saved,"(512, 512, 6)",gs://suryabench-sharp-pipeline-bamidele/jsoc_2025_2026_production_v1/samples_npz/2026/20260324_0724_HARP14506_NOAA14397.npz,success,2026-06-25T13:21:20.604662+00:00
20260324_0900_HARP14506_NOAA14397,2026_HARP14506_20260323_2148_20260324_2024,2026-03-24 09:00:00,14506,14397,0,saved,"(512, 512, 6)",gs://suryabench-sharp-pipeline-bamidele/jsoc_2025_2026_production_v1/samples_npz/2026/20260324_0900_HARP14506_NOAA14397.npz,success,2026-06-25T13:21:26.897246+00:00
20260324_1036_HARP14506_NOAA14397,2026_HARP14506_20260323_2148_20260324_2024,2026-03-24 10:36:00,14506,14397,0,saved,"(512, 512, 6)",gs://suryabench-sharp-pipeline-bamidele/jsoc_2025_2026_production_v1/samples_npz/2026/20260324_1036_HARP14506_NOAA14397.npz,success,2026-06-25T13:21:33.753126+00:00
20260324_1212_HARP14506_NOAA14397,2026_HARP14506_20260323_2148_20260324_2024,2026-03-24 12:12:00,14506,14397,0,saved,"(512, 512, 6)",gs://suryabench-sharp-pipeline-bamidele/jsoc_2025_2026_production_v1/samples_npz/2026/20260324_1212_HARP14506_NOAA14397.npz,success,2026-06-25T13:21:40.152341+00:00
20260324_1348_HARP14506_NOAA14397,2026_HARP14506_20260323_2148_20260324_2024,2026-03-24 13:48:00,14506,14397,0,saved,"(512, 512, 6)",gs://suryabench-sharp-pipeline-bamidele/jsoc_2025_2026_production_v1/samples_npz/2026/20260324_1348_HARP14506_NOAA14397.npz,success,2026-06-25T13:21:46.400776+00:00
20260324_1524_HARP14506_NOAA14397,2026_HARP14506_20260323_2148_20260324_2024,2026-03-24 15:24:00,14506,14397,0,saved,"(512, 512, 6)",gs://suryabench-sharp-pipeline-bamidele/jsoc_2025_2026_production_v1/samples_npz/2026/20260324_1524_HARP14506_NOAA14397.npz,success,2026-06-25T13:21:52.687009+00:00
20260324_1700_HARP14506_NOAA14397,2026_HARP14506_20260323_2148_20260324_2024,2026-03-24 17:00:00,14506,14397,0,saved,"(512, 512, 6)",gs://suryabench-sharp-pipeline-bamidele/jsoc_2025_2026_production_v1/samples_npz/2026/20260324_1700_HARP14506_NOAA14397.npz,success,2026-06-25T13:21:58.984975+00:00
20260324_1848_HARP14506_NOAA14397,2026_HARP14506_20260323_2148_20260324_2024,2026-03-24 18:48:00,14506,14397,0,saved,"(512, 512, 6)",gs://suryabench-sharp-pipeline-bamidele/jsoc_2025_2026_production_v1/samples_npz/2026/20260324_1848_HARP14506_NOAA14397.npz,success,2026-06-25T13:22:05.191756+00:00
20260324_2024_HARP14506_NOAA14397,2026_HARP14506_20260323_2148_20260324_2024,2026-03-24 20:24:00,14506,14397,0,saved,"(512, 512, 6)",gs://suryabench-sharp-pipeline-bamidele/jsoc_2025_2026_production_v1/samples_npz/2026/20260324_2024_HARP14506_NOAA14397.npz,success,2026-06-25T13:22:11.382782+00:00
20260324_0100_HARP14507_NOAA14398,2026_HARP14507_20260324_0100_20260324_2336,2026-03-24 01:00:00,14507,14398,0,saved,"(512, 512, 6)",gs://suryabench-sharp-pipeline-bamidele/jsoc_2025_2026_production_v1/samples_npz/2026/20260324_0100_HARP14507_NOAA14398.npz,success,2026-06-25T13:39:05.590992+00:00
20260324_0236_HARP14507_NOAA14398,2026_HARP14507_20260324_0100_20260324_2336,2026-03-24 02:36:00,14507,14398,0,saved,"(512, 512, 6)",gs://suryabench-sharp-pipeline-bamidele/jsoc_2025_2026_production_v1/samples_npz/2026/20260324_0236_HARP14507_NOAA14398.npz,success,2026-06-25T13:39:11.813278+00:00
20260324_0412_HARP14507_NOAA14398,2026_HARP14507_20260324_0100_20260324_2336,2026-03-24 04:12:00,14507,14398,0,saved,"(512, 512, 6)",gs://suryabench-sharp-pipeline-bamidele/jsoc_2025_2026_production_v1/samples_npz/2026/20260324_0412_HARP14507_NOAA14398.npz,success,2026-06-25T13:39:17.946259+00:00
20260324_0548_HARP14507_NOAA14398,2026_HARP14507_20260324_0100_20260324_2336,2026-03-24 05:48:00,14507,14398,0,saved,"(512, 512, 6)",gs://suryabench-sharp-pipeline-bamidele/jsoc_2025_2026_production_v1/samples_npz/2026/20260324_0548_HARP14507_NOAA14398.npz,success,2026-06-25T13:39:24.214554+00:00
20260324_0724_HARP14507_NOAA14398,2026_HARP14507_20260324_0100_20260324_2336,2026-03-24 07:24:00,14507,14398,0,saved,"(512, 512, 6)",gs://suryabench-sharp-pipeline-bamidele/jsoc_2025_2026_production_v1/samples_npz/2026/20260324_0724_HARP14507_NOAA14398.npz,success,2026-06-25T13:39:30.368002+00:00
20260324_0900_HARP14507_NOAA14398,2026_HARP14507_20260324_0100_20260324_2336,2026-03-24 09:00:00,14507,14398,0,saved,"(512, 512, 6)",gs://suryabench-sharp-pipeline-bamidele/jsoc_2025_2026_production_v1/samples_npz/2026/20260324_0900_HARP14507_NOAA14398.npz,success,2026-06-25T13:39:36.474207+00:00
20260324_1036_HARP14507_NOAA14398,2026_HARP14507_20260324_0100_20260324_2336,2026-03-24 10:36:00,14507,14398,0,saved,"(512, 512, 6)",gs://suryabench-sharp-pipeline-bamidele/jsoc_2025_2026_production_v1/samples_npz/2026/20260324_1036_HARP14507_NOAA14398.npz,success,2026-06-25T13:39:42.623998+00:00
20260324_1212_HARP14507_NOAA14398,2026_HARP14507_20260324_0100_20260324_2336,2026-03-24 12:12:00,14507,14398,0,saved,"(512, 512, 6)",gs://suryabench-sharp-pipeline-bamidele/jsoc_2025_2026_production_v1/samples_npz/2026/20260324_1212_HARP14507_NOAA14398.npz,success,2026-06-25T13:39:48.690646+00:00
20260324_1348_HARP14507_NOAA14398,2026_HARP14507_20260324_0100_20260324_2336,2026-03-24 13:48:00,14507,14398,0,saved,"(512, 512, 6)",gs://suryabench-sharp-pipeline-bamidele/jsoc_2025_2026_production_v1/samples_npz/2026/20260324_1348_HARP14507_NOAA14398.npz,success,2026-06-25T13:39:54.869358+00:00
20260324_1524_HARP14507_NOAA14398,2026_HARP14507_20260324_0100_20260324_2336,2026-03-24 15:24:00,14507,14398,0,saved,"(512, 512, 6)",gs://suryabench-sharp-pipeline-bamidele/jsoc_2025_2026_production_v1/samples_npz/2026/20260324_1524_HARP14507_NOAA14398.npz,success,2026-06-25T13:40:01.023265+00:00
20260324_1700_HARP14507_NOAA14398,2026_HARP14507_20260324_0100_20260324_2336,2026-03-24 17:00:00,14507,14398,0,saved,"(512, 512, 6)",gs://suryabench-sharp-pipeline-bamidele/jsoc_2025_2026_production_v1/samples_npz/2026/20260324_1700_HARP14507_NOAA14398.npz,success,2026-06-25T13:40:07.333133+00:00
20260324_1848_HARP14507_NOAA14398,2026_HARP14507_20260324_0100_20260324_2336,2026-03-24 18:48:00,14507,14398,0,saved,"(512, 512, 6)",gs://suryabench-sharp-pipeline-bamidele/jsoc_2025_2026_production_v1/samples_npz/2026/20260324_1848_HARP14507_NOAA14398.npz,success,2026-06-25T13:40:13.673792+00:00
20260324_2024_HARP14507_NOAA14398,2026_HARP14507_20260324_0100_20260324_2336,2026-03-24 20:24:00,14507,14398,0,saved,"(512, 512, 6)",gs://suryabench-sharp-pipeline-bamidele/jsoc_2025_2026_production_v1/samples_npz/2026/20260324_2024_HARP14507_NOAA14398.npz,success,2026-06-25T13:40:19.863373+00:00
20260324_2200_HARP14507_NOAA14398,2026_HARP14507_20260324_0100_20260324_2336,2026-03-24 22:00:00,14507,14398,0,saved,"(512, 512, 6)",gs://suryabench-sharp-pipeline-bamidele/jsoc_2025_2026_production_v1/samples_npz/2026/20260324_2200_HARP14507_NOAA14398.npz,success,2026-06-25T13:40:26.059448+00:00
20260324_2336_HARP14507_NOAA14398,2026_HARP14507_20260324_0100_20260324_2336,2026-03-24 23:36:00,14507,14398,0,saved,"(512, 512, 6)",gs://suryabench-sharp-pipeline-bamidele/jsoc_2025_2026_production_v1/samples_npz/2026/20260324_2336_HARP14507_NOAA14398.npz,success,2026-06-25T13:40:32.433003+00:00
20260324_2200_HARP14506_NOAA14397,2026_HARP14506_20260324_2200_20260325_0424,2026-03-24 22:00:00,14506,14397,0,saved,"(512, 512, 6)",gs://suryabench-sharp-pipeline-bamidele/jsoc_2025_2026_production_v1/samples_npz/2026/20260324_2200_HARP14506_NOAA14397.npz,success,2026-06-25T13:52:46.436053+00:00
20260324_2336_HARP14506_NOAA14397,2026_HARP14506_20260324_2200_20260325_0424,2026-03-24 23:36:00,14506,14397,0,saved,"(512, 512, 6)",gs://suryabench-sharp-pipeline-bamidele/jsoc_2025_2026_production_v1/samples_npz/2026/20260324_2336_HARP14506_NOAA14397.npz,success,2026-06-25T13:52:53.710062+00:00
20260325_0112_HARP14506_NOAA14397,2026_HARP14506_20260324_2200_20260325_0424,2026-03-25 01:12:00,14506,14397,0,saved,"(512, 512, 6)",gs://suryabench-sharp-pipeline-bamidele/jsoc_2025_2026_production_v1/samples_npz/2026/20260325_0112_HARP14506_NOAA14397.npz,success,2026-06-25T13:53:00.357336+00:00
20260325_0248_HARP14506_NOAA14397,2026_HARP14506_20260324_2200_20260325_0424,2026-03-25 02:48:00,14506,14397,0,saved,"(512, 512, 6)",gs://suryabench-sharp-pipeline-bamidele/jsoc_2025_2026_production_v1/samples_npz/2026/20260325_0248_HARP14506_NOAA14397.npz,success,2026-06-25T13:53:06.900197+00:00
20260325_0424_HARP14506_NOAA14397,2026_HARP14506_20260324_2200_20260325_0424,2026-03-25 04:24:00,14506,14397,0,saved,"(512, 512, 6)",gs://suryabench-sharp-pipeline-bamidele/jsoc_2025_2026_production_v1/samples_npz/2026/20260325_0424_HARP14506_NOAA14397.npz,success,2026-06-25T13:53:13.779583+00:00
20260325_0112_HARP14507_NOAA14398,2026_HARP14507_20260325_0112_20260325_0424,2026-03-25 01:12:00,14507,14398,0,saved,"(512, 512, 6)",gs://suryabench-sharp-pipeline-bamidele/jsoc_2025_2026_production_v1/samples_npz/2026/20260325_0112_HARP14507_NOAA14398.npz,success,2026-06-25T14:00:10.161114+00:00
20260325_0248_HARP14507_NOAA14398,2026_HARP14507_20260325_0112_20260325_0424,2026-03-25 02:48:00,14507,14398,0,saved,"(512, 512, 6)",gs://suryabench-sharp-pipeline-bamidele/jsoc_2025_2026_production_v1/samples_npz/2026/20260325_0248_HARP14507_NOAA14398.npz,success,2026-06-25T14:00:17.158807+00:00
20260325_0424_HARP14507_NOAA14398,2026_HARP14507_20260325_0112_20260325_0424,2026-03-25 04:24:00,14507,14398,0,saved,"(512, 512, 6)",gs://suryabench-sharp-pipeline-bamidele/jsoc_2025_2026_production_v1/samples_npz/2026/20260325_0424_HARP14507_NOAA14398.npz,success,2026-06-25T14:00:23.990911+00:00
20260325_0724_HARP14513_NOAA14398,2026_HARP14513_20260325_0724_20260326_0624,2026-03-25 07:24:00,14513,14398,0,saved,"(512, 512, 6)",gs://suryabench-sharp-pipeline-bamidele/jsoc_2025_2026_production_v1/samples_npz/2026/20260325_0724_HARP14513_NOAA14398.npz,success,2026-06-25T14:19:52.445193+00:00
20260325_0900_HARP14513_NOAA14398,2026_HARP14513_20260325_0724_20260326_0624,2026-03-25 09:00:00,14513,14398,0,saved,"(512, 512, 6)",gs://suryabench-sharp-pipeline-bamidele/jsoc_2025_2026_production_v1/samples_npz/2026/20260325_0900_HARP14513_NOAA14398.npz,success,2026-06-25T14:19:58.762510+00:00
20260325_1036_HARP14513_NOAA14398,2026_HARP14513_20260325_0724_20260326_0624,2026-03-25 10:36:00,14513,14398,0,saved,"(512, 512, 6)",gs://suryabench-sharp-pipeline-bamidele/jsoc_2025_2026_production_v1/samples_npz/2026/20260325_1036_HARP14513_NOAA14398.npz,success,2026-06-25T14:20:05.571499+00:00
20260325_1212_HARP14513_NOAA14398,2026_HARP14513_20260325_0724_20260326_0624,2026-03-25 12:12:00,14513,14398,0,saved,"(512, 512, 6)",gs://suryabench-sharp-pipeline-bamidele/jsoc_2025_2026_production_v1/samples_npz/2026/20260325_1212_HARP14513_NOAA14398.npz,success,2026-06-25T14:20:11.848257+00:00
20260325_1348_HARP14513_NOAA14398,2026_HARP14513_20260325_0724_20260326_0624,2026-03-25 13:48:00,14513,14398,0,saved,"(512, 512, 6)",gs://suryabench-sharp-pipeline-bamidele/jsoc_2025_2026_production_v1/samples_npz/2026/20260325_1348_HARP14513_NOAA14398.npz,success,2026-06-25T14:20:18.309894+00:00
20260325_1524_HARP14513_NOAA14398,2026_HARP14513_20260325_0724_20260326_0624,2026-03-25 15:24:00,14513,14398,0,saved,"(512, 512, 6)",gs://suryabench-sharp-pipeline-bamidele/jsoc_2025_2026_production_v1/samples_npz/2026/20260325_1524_HARP14513_NOAA14398.npz,success,2026-06-25T14:20:24.626612+00:00
20260325_1700_HARP14513_NOAA14398,2026_HARP14513_20260325_0724_20260326_0624,2026-03-25 17:00:00,14513,14398,0,saved,"(512, 512, 6)",gs://suryabench-sharp-pipeline-bamidele/jsoc_2025_2026_production_v1/samples_npz/2026/20260325_1700_HARP14513_NOAA14398.npz,success,2026-06-25T14:20:30.889700+00:00
20260325_1836_HARP14513_NOAA14398,2026_HARP14513_20260325_0724_20260326_0624,2026-03-25 18:36:00,14513,14398,0,saved,"(512, 512, 6)",gs://suryabench-sharp-pipeline-bamidele/jsoc_2025_2026_production_v1/samples_npz/2026/20260325_1836_HARP14513_NOAA14398.npz,success,2026-06-25T14:20:37.186739+00:00
20260325_2048_HARP14513_NOAA14398,2026_HARP14513_20260325_0724_20260326_0624,2026-03-25 20:48:00,14513,14398,0,saved,"(512, 512, 6)",gs://suryabench-sharp-pipeline-bamidele/jsoc_2025_2026_production_v1/samples_npz/2026/20260325_2048_HARP14513_NOAA14398.npz,success,2026-06-25T14:20:43.624414+00:00
20260325_2224_HARP14513_NOAA14398,2026_HARP14513_20260325_0724_20260326_0624,2026-03-25 22:24:00,14513,14398,0,saved,"(512, 512, 6)",gs://suryabench-sharp-pipeline-bamidele/jsoc_2025_2026_production_v1/samples_npz/2026/20260325_2224_HARP14513_NOAA14398.npz,success,2026-06-25T14:20:49.966777+00:00
20260326_0000_HARP14513_NOAA14398,2026_HARP14513_20260325_0724_20260326_0624,2026-03-26 00:00:00,14513,14398,0,saved,"(512, 512, 6)",gs://suryabench-sharp-pipeline-bamidele/jsoc_2025_2026_production_v1/samples_npz/2026/20260326_0000_HARP14513_NOAA14398.npz,success,2026-06-25T14:20:56.279772+00:00
20260326_0136_HARP14513_NOAA14398,2026_HARP14513_20260325_0724_20260326_0624,2026-03-26 01:36:00,14513,14398,0,saved,"(512, 512, 6)",gs://suryabench-sharp-pipeline-bamidele/jsoc_2025_2026_production_v1/samples_npz/2026/20260326_0136_HARP14513_NOAA14398.npz,success,2026-06-25T14:21:02.673959+00:00
20260326_0312_HARP14513_NOAA14398,2026_HARP14513_20260325_0724_20260326_0624,2026-03-26 03:12:00,14513,14398,0,saved,"(512, 512, 6)",gs://suryabench-sharp-pipeline-bamidele/jsoc_2025_2026_production_v1/samples_npz/2026/20260326_0312_HARP14513_NOAA14398.npz,success,2026-06-25T14:21:09.117958+00:00
20260326_0448_HARP14513_NOAA14398,2026_HARP14513_20260325_0724_20260326_0624,2026-03-26 04:48:00,14513,14398,0,saved,"(512, 512, 6)",gs://suryabench-sharp-pipeline-bamidele/jsoc_2025_2026_production_v1/samples_npz/2026/20260326_0448_HARP14513_NOAA14398.npz,success,2026-06-25T14:21:15.385843+00:00
20260326_0624_HARP14513_NOAA14398,2026_HARP14513_20260325_0724_20260326_0624,2026-03-26 06:24:00,14513,14398,0,saved,"(512, 512, 6)",gs://suryabench-sharp-pipeline-bamidele/jsoc_2025_2026_production_v1/samples_npz/2026/20260326_0624_HARP14513_NOAA14398.npz,success,2026-06-25T14:21:21.660616+00:00
20260325_0736_HARP14506_NOAA14397,2026_HARP14506_20260325_0736_20260326_0636,2026-03-25 07:36:00,14506,14397,0,saved,"(512, 512, 6)",gs://suryabench-sharp-pipeline-bamidele/jsoc_2025_2026_production_v1/samples_npz/2026/20260325_0736_HARP14506_NOAA14397.npz,success,2026-06-25T14:40:36.038685+00:00
20260325_0912_HARP14506_NOAA14397,2026_HARP14506_20260325_0736_20260326_0636,2026-03-25 09:12:00,14506,14397,0,saved,"(512, 512, 6)",gs://suryabench-sharp-pipeline-bamidele/jsoc_2025_2026_production_v1/samples_npz/2026/20260325_0912_HARP14506_NOAA14397.npz,success,2026-06-25T14:40:42.201456+00:00
20260325_1048_HARP14506_NOAA14397,2026_HARP14506_20260325_0736_20260326_0636,2026-03-25 10:48:00,14506,14397,0,saved,"(512, 512, 6)",gs://suryabench-sharp-pipeline-bamidele/jsoc_2025_2026_production_v1/samples_npz/2026/20260325_1048_HARP14506_NOAA14397.npz,success,2026-06-25T14:40:48.349080+00:00
20260325_1224_HARP14506_NOAA14397,2026_HARP14506_20260325_0736_20260326_0636,2026-03-25 12:24:00,14506,14397,0,saved,"(512, 512, 6)",gs://suryabench-sharp-pipeline-bamidele/jsoc_2025_2026_production_v1/samples_npz/2026/20260325_1224_HARP14506_NOAA14397.npz,success,2026-06-25T14:40:54.511016+00:00
20260325_1400_HARP14506_NOAA14397,2026_HARP14506_20260325_0736_20260326_0636,2026-03-25 14:00:00,14506,14397,0,saved,"(512, 512, 6)",gs://suryabench-sharp-pipeline-bamidele/jsoc_2025_2026_production_v1/samples_npz/2026/20260325_1400_HARP14506_NOAA14397.npz,success,2026-06-25T14:41:00.644277+00:00
20260325_1536_HARP14506_NOAA14397,2026_HARP14506_20260325_0736_20260326_0636,2026-03-25 15:36:00,14506,14397,0,saved,"(512, 512, 6)",gs://suryabench-sharp-pipeline-bamidele/jsoc_2025_2026_production_v1/samples_npz/2026/20260325_1536_HARP14506_NOAA14397.npz,success,2026-06-25T14:41:06.880336+00:00
20260325_1712_HARP14506_NOAA14397,2026_HARP14506_20260325_0736_20260326_0636,2026-03-25 17:12:00,14506,14397,0,saved,"(512, 512, 6)",gs://suryabench-sharp-pipeline-bamidele/jsoc_2025_2026_production_v1/samples_npz/2026/20260325_1712_HARP14506_NOAA14397.npz,success,2026-06-25T14:41:13.025543+00:00
20260325_1924_HARP14506_NOAA14397,2026_HARP14506_20260325_0736_20260326_0636,2026-03-25 19:24:00,14506,14397,0,saved,"(512, 512, 6)",gs://suryabench-sharp-pipeline-bamidele/jsoc_2025_2026_production_v1/samples_npz/2026/20260325_1924_HARP14506_NOAA14397.npz,success,2026-06-25T14:41:19.149570+00:00
20260325_2100_HARP14506_NOAA14397,2026_HARP14506_20260325_0736_20260326_0636,2026-03-25 21:00:00,14506,14397,0,saved,"(512, 512, 6)",gs://suryabench-sharp-pipeline-bamidele/jsoc_2025_2026_production_v1/samples_npz/2026/20260325_2100_HARP14506_NOAA14397.npz,success,2026-06-25T14:41:25.268886+00:00
20260325_2236_HARP14506_NOAA14397,2026_HARP14506_20260325_0736_20260326_0636,2026-03-25 22:36:00,14506,14397,0,saved,"(512, 512, 6)",gs://suryabench-sharp-pipeline-bamidele/jsoc_2025_2026_production_v1/samples_npz/2026/20260325_2236_HARP14506_NOAA14397.npz,success,2026-06-25T14:41:31.385796+00:00
20260326_0012_HARP14506_NOAA14397,2026_HARP14506_20260325_0736_20260326_0636,2026-03-26 00:12:00,14506,14397,0,saved,"(512, 512, 6)",gs://suryabench-sharp-pipeline-bamidele/jsoc_2025_2026_production_v1/samples_npz/2026/20260326_0012_HARP14506_NOAA14397.npz,success,2026-06-25T14:41:37.492993+00:00
20260326_0148_HARP14506_NOAA14397,2026_HARP14506_20260325_0736_20260326_0636,2026-03-26 01:48:00,14506,14397,0,saved,"(512, 512, 6)",gs://suryabench-sharp-pipeline-bamidele/jsoc_2025_2026_production_v1/samples_npz/2026/20260326_0148_HARP14506_NOAA14397.npz,success,2026-06-25T14:41:43.634379+00:00
20260326_0324_HARP14506_NOAA14397,2026_HARP14506_20260325_0736_20260326_0636,2026-03-26 03:24:00,14506,14397,0,saved,"(512, 512, 6)",gs://suryabench-sharp-pipeline-bamidele/jsoc_2025_2026_production_v1/samples_npz/2026/20260326_0324_HARP14506_NOAA14397.npz,success,2026-06-25T14:41:49.691046+00:00
20260326_0500_HARP14506_NOAA14397,2026_HARP14506_20260325_0736_20260326_0636,2026-03-26 05:00:00,14506,14397,0,saved,"(512, 512, 6)",gs://suryabench-sharp-pipeline-bamidele/jsoc_2025_2026_production_v1/samples_npz/2026/20260326_0500_HARP14506_NOAA14397.npz,success,2026-06-25T14:41:56.587213+00:00
20260326_0636_HARP14506_NOAA14397,2026_HARP14506_20260325_0736_20260326_0636,2026-03-26 06:36:00,14506,14397,0,saved,"(512, 512, 6)",gs://suryabench-sharp-pipeline-bamidele/jsoc_2025_2026_production_v1/samples_npz/2026/20260326_0636_HARP14506_NOAA14397.npz,success,2026-06-25T14:42:02.969272+00:00
20260325_0736_HARP14507_NOAA14398,2026_HARP14507_20260325_0736_20260325_1400,2026-03-25 07:36:00,14507,14398,0,saved,"(512, 512, 6)",gs://suryabench-sharp-pipeline-bamidele/jsoc_2025_2026_production_v1/samples_npz/2026/20260325_0736_HARP14507_NOAA14398.npz,success,2026-06-25T14:49:52.210338+00:00
20260325_0912_HARP14507_NOAA14398,2026_HARP14507_20260325_0736_20260325_1400,2026-03-25 09:12:00,14507,14398,0,saved,"(512, 512, 6)",gs://suryabench-sharp-pipeline-bamidele/jsoc_2025_2026_production_v1/samples_npz/2026/20260325_0912_HARP14507_NOAA14398.npz,success,2026-06-25T14:49:58.860137+00:00
20260325_1048_HARP14507_NOAA14398,2026_HARP14507_20260325_0736_20260325_1400,2026-03-25 10:48:00,14507,14398,0,saved,"(512, 512, 6)",gs://suryabench-sharp-pipeline-bamidele/jsoc_2025_2026_production_v1/samples_npz/2026/20260325_1048_HARP14507_NOAA14398.npz,success,2026-06-25T14:50:05.701088+00:00
20260325_1224_HARP14507_NOAA14398,2026_HARP14507_20260325_0736_20260325_1400,2026-03-25 12:24:00,14507,14398,0,saved,"(512, 512, 6)",gs://suryabench-sharp-pipeline-bamidele/jsoc_2025_2026_production_v1/samples_npz/2026/20260325_1224_HARP14507_NOAA14398.npz,success,2026-06-25T14:50:12.454274+00:00
20260325_1400_HARP14507_NOAA14398,2026_HARP14507_20260325_0736_20260325_1400,2026-03-25 14:00:00,14507,14398,0,saved,"(512, 512, 6)",gs://suryabench-sharp-pipeline-bamidele/jsoc_2025_2026_production_v1/samples_npz/2026/20260325_1400_HARP14507_NOAA14398.npz,success,2026-06-25T14:50:19.094555+00:00
20260325_2112_HARP14520_NOAA14401,2026_HARP14520_20260325_2112_20260326_1624,2026-03-25 21:12:00,14520,14401,0,saved,"(512, 512, 6)",gs://suryabench-sharp-pipeline-bamidele/jsoc_2025_2026_production_v1/samples_npz/2026/20260325_2112_HARP14520_NOAA14401.npz,success,2026-06-25T15:02:38.861856+00:00
20260325_2248_HARP14520_NOAA14401,2026_HARP14520_20260325_2112_20260326_1624,2026-03-25 22:48:00,14520,14401,0,saved,"(512, 512, 6)",gs://suryabench-sharp-pipeline-bamidele/jsoc_2025_2026_production_v1/samples_npz/2026/20260325_2248_HARP14520_NOAA14401.npz,success,2026-06-25T15:02:45.732038+00:00
20260326_0024_HARP14520_NOAA14401,2026_HARP14520_20260325_2112_20260326_1624,2026-03-26 00:24:00,14520,14401,0,saved,"(512, 512, 6)",gs://suryabench-sharp-pipeline-bamidele/jsoc_2025_2026_production_v1/samples_npz/2026/20260326_0024_HARP14520_NOAA14401.npz,success,2026-06-25T15:02:52.609360+00:00
20260326_0200_HARP14520_NOAA14401,2026_HARP14520_20260325_2112_20260326_1624,2026-03-26 02:00:00,14520,14401,0,saved,"(512, 512, 6)",gs://suryabench-sharp-pipeline-bamidele/jsoc_2025_2026_production_v1/samples_npz/2026/20260326_0200_HARP14520_NOAA14401.npz,success,2026-06-25T15:02:59.421806+00:00
20260326_0336_HARP14520_NOAA14401,2026_HARP14520_20260325_2112_20260326_1624,2026-03-26 03:36:00,14520,14401,0,saved,"(512, 512, 6)",gs://suryabench-sharp-pipeline-bamidele/jsoc_2025_2026_production_v1/samples_npz/2026/20260326_0336_HARP14520_NOAA14401.npz,success,2026-06-25T15:03:06.392264+00:00
20260326_0512_HARP14520_NOAA14401,2026_HARP14520_20260325_2112_20260326_1624,2026-03-26 05:12:00,14520,14401,0,saved,"(512, 512, 6)",gs://suryabench-sharp-pipeline-bamidele/jsoc_2025_2026_production_v1/samples_npz/2026/20260326_0512_HARP14520_NOAA14401.npz,success,2026-06-25T15:03:13.205674+00:00
20260326_0648_HARP14520_NOAA14401,2026_HARP14520_20260325_2112_20260326_1624,2026-03-26 06:48:00,14520,14401,0,saved,"(512, 512, 6)",gs://suryabench-sharp-pipeline-bamidele/jsoc_2025_2026_production_v1/samples_npz/2026/20260326_0648_HARP14520_NOAA14401.npz,success,2026-06-25T15:03:19.893520+00:00
20260326_0824_HARP14520_NOAA14401,2026_HARP14520_20260325_2112_20260326_1624,2026-03-26 08:24:00,14520,14401,0,saved,"(512, 512, 6)",gs://suryabench-sharp-pipeline-bamidele/jsoc_2025_2026_production_v1/samples_npz/2026/20260326_0824_HARP14520_NOAA14401.npz,success,2026-06-25T15:03:26.577599+00:00
20260326_1000_HARP14520_NOAA14401,2026_HARP14520_20260325_2112_20260326_1624,2026-03-26 10:00:00,14520,14401,0,saved,"(512, 512, 6)",gs://suryabench-sharp-pipeline-bamidele/jsoc_2025_2026_production_v1/samples_npz/2026/20260326_1000_HARP14520_NOAA14401.npz,success,2026-06-25T15:03:33.313163+00:00
20260326_1136_HARP14520_NOAA14401,2026_HARP14520_20260325_2112_20260326_1624,2026-03-26 11:36:00,14520,14401,0,saved,"(512, 512, 6)",gs://suryabench-sharp-pipeline-bamidele/jsoc_2025_2026_production_v1/samples_npz/2026/20260326_1136_HARP14520_NOAA14401.npz,success,2026-06-25T15:03:40.118784+00:00
20260326_1312_HARP14520_NOAA14401,2026_HARP14520_20260325_2112_20260326_1624,2026-03-26 13:12:00,14520,14401,0,saved,"(512, 512, 6)",gs://suryabench-sharp-pipeline-bamidele/jsoc_2025_2026_production_v1/samples_npz/2026/20260326_1312_HARP14520_NOAA14401.npz,success,2026-06-25T15:03:46.796163+00:00
20260326_1448_HARP14520_NOAA14401,2026_HARP14520_20260325_2112_20260326_1624,2026-03-26 14:48:00,14520,14401,0,saved,"(512, 512, 6)",gs://suryabench-sharp-pipeline-bamidele/jsoc_2025_2026_production_v1/samples_npz/2026/20260326_1448_HARP14520_NOAA14401.npz,success,2026-06-25T15:03:53.242214+00:00
20260326_1624_HARP14520_NOAA14401,2026_HARP14520_20260325_2112_20260326_1624,2026-03-26 16:24:00,14520,14401,0,saved,"(512, 512, 6)",gs://suryabench-sharp-pipeline-bamidele/jsoc_2025_2026_production_v1/samples_npz/2026/20260326_1624_HARP14520_NOAA14401.npz,success,2026-06-25T15:03:59.673250+00:00
20260325_2200_HARP14519_NOAA14399,2026_HARP14519_20260325_2200_20260326_0424,2026-03-25 22:00:00,14519,14399,0,saved,"(512, 512, 6)",gs://suryabench-sharp-pipeline-bamidele/jsoc_2025_2026_production_v1/samples_npz/2026/20260325_2200_HARP14519_NOAA14399.npz,success,2026-06-25T15:12:19.786982+00:00
20260325_2336_HARP14519_NOAA14399,2026_HARP14519_20260325_2200_20260326_0424,2026-03-25 23:36:00,14519,14399,0,saved,"(512, 512, 6)",gs://suryabench-sharp-pipeline-bamidele/jsoc_2025_2026_production_v1/samples_npz/2026/20260325_2336_HARP14519_NOAA14399.npz,success,2026-06-25T15:12:26.091182+00:00
20260326_0112_HARP14519_NOAA14399,2026_HARP14519_20260325_2200_20260326_0424,2026-03-26 01:12:00,14519,14399,0,saved,"(512, 512, 6)",gs://suryabench-sharp-pipeline-bamidele/jsoc_2025_2026_production_v1/samples_npz/2026/20260326_0112_HARP14519_NOAA14399.npz,success,2026-06-25T15:12:32.336375+00:00
20260326_0248_HARP14519_NOAA14399,2026_HARP14519_20260325_2200_20260326_0424,2026-03-26 02:48:00,14519,14399,0,saved,"(512, 512, 6)",gs://suryabench-sharp-pipeline-bamidele/jsoc_2025_2026_production_v1/samples_npz/2026/20260326_0248_HARP14519_NOAA14399.npz,success,2026-06-25T15:12:38.619842+00:00
20260326_0424_HARP14519_NOAA14399,2026_HARP14519_20260325_2200_20260326_0424,2026-03-26 04:24:00,14519,14399,0,saved,"(512, 512, 6)",gs://suryabench-sharp-pipeline-bamidele/jsoc_2025_2026_production_v1/samples_npz/2026/20260326_0424_HARP14519_NOAA14399.npz,success,2026-06-25T15:12:44.890988+00:00
20260326_0800_HARP14513_NOAA14398,2026_HARP14513_20260326_0800_20260326_0800,2026-03-26 08:00:00,14513,14398,0,saved,"(512, 512, 6)",gs://suryabench-sharp-pipeline-bamidele/jsoc_2025_2026_production_v1/samples_npz/2026/20260326_0800_HARP14513_NOAA14398.npz,success,2026-06-25T15:20:40.698906+00:00
20260326_0812_HARP14506_NOAA14397,2026_HARP14506_20260326_0812_20260326_0812,2026-03-26 08:12:00,14506,14397,0,saved,"(512, 512, 6)",gs://suryabench-sharp-pipeline-bamidele/jsoc_2025_2026_production_v1/samples_npz/2026/20260326_0812_HARP14506_NOAA14397.npz,success,2026-06-25T15:27:31.448565+00:00
20260327_0736_HARP14519_NOAA14399,2026_HARP14519_20260327_0736_20260327_1848,2026-03-27 07:36:00,14519,14399,0,saved,"(512, 512, 6)",gs://suryabench-sharp-pipeline-bamidele/jsoc_2025_2026_production_v1/samples_npz/2026/20260327_0736_HARP14519_NOAA14399.npz,success,2026-06-25T15:38:10.786555+00:00
20260327_0912_HARP14519_NOAA14399,2026_HARP14519_20260327_0736_20260327_1848,2026-03-27 09:12:00,14519,14399,0,saved,"(512, 512, 6)",gs://suryabench-sharp-pipeline-bamidele/jsoc_2025_2026_production_v1/samples_npz/2026/20260327_0912_HARP14519_NOAA14399.npz,success,2026-06-25T15:38:16.996789+00:00
20260327_1048_HARP14519_NOAA14399,2026_HARP14519_20260327_0736_20260327_1848,2026-03-27 10:48:00,14519,14399,0,saved,"(512, 512, 6)",gs://suryabench-sharp-pipeline-bamidele/jsoc_2025_2026_production_v1/samples_npz/2026/20260327_1048_HARP14519_NOAA14399.npz,success,2026-06-25T15:38:23.300004+00:00
20260327_1224_HARP14519_NOAA14399,2026_HARP14519_20260327_0736_20260327_1848,2026-03-27 12:24:00,14519,14399,0,saved,"(512, 512, 6)",gs://suryabench-sharp-pipeline-bamidele/jsoc_2025_2026_production_v1/samples_npz/2026/20260327_1224_HARP14519_NOAA14399.npz,success,2026-06-25T15:38:29.623915+00:00
20260327_1400_HARP14519_NOAA14399,2026_HARP14519_20260327_0736_20260327_1848,2026-03-27 14:00:00,14519,14399,0,saved,"(512, 512, 6)",gs://suryabench-sharp-pipeline-bamidele/jsoc_2025_2026_production_v1/samples_npz/2026/20260327_1400_HARP14519_NOAA14399.npz,success,2026-06-25T15:38:35.866154+00:00
20260327_1536_HARP14519_NOAA14399,2026_HARP14519_20260327_0736_20260327_1848,2026-03-27 15:36:00,14519,14399,0,saved,"(512, 512, 6)",gs://suryabench-sharp-pipeline-bamidele/jsoc_2025_2026_production_v1/samples_npz/2026/20260327_1536_HARP14519_NOAA14399.npz,success,2026-06-25T15:38:42.176898+00:00
20260327_1712_HARP14519_NOAA14399,2026_HARP14519_20260327_0736_20260327_1848,2026-03-27 17:12:00,14519,14399,0,saved,"(512, 512, 6)",gs://suryabench-sharp-pipeline-bamidele/jsoc_2025_2026_production_v1/samples_npz/2026/20260327_1712_HARP14519_NOAA14399.npz,success,2026-06-25T15:38:48.432311+00:00
20260327_1848_HARP14519_NOAA14399,2026_HARP14519_20260327_0736_20260327_1848,2026-03-27 18:48:00,14519,14399,0,saved,"(512, 512, 6)",gs://suryabench-sharp-pipeline-bamidele/jsoc_2025_2026_production_v1/samples_npz/2026/20260327_1848_HARP14519_NOAA14399.npz,success,2026-06-25T15:38:54.738801+00:00
20260327_1936_HARP14520_NOAA14401,2026_HARP14520_20260327_1936_20260328_0024,2026-03-27 19:36:00,14520,14401,0,saved,"(512, 512, 6)",gs://suryabench-sharp-pipeline-bamidele/jsoc_2025_2026_production_v1/samples_npz/2026/20260327_1936_HARP14520_NOAA14401.npz,success,2026-06-25T15:47:30.278417+00:00
20260327_2112_HARP14520_NOAA14401,2026_HARP14520_20260327_1936_20260328_0024,2026-03-27 21:12:00,14520,14401,0,saved,"(512, 512, 6)",gs://suryabench-sharp-pipeline-bamidele/jsoc_2025_2026_production_v1/samples_npz/2026/20260327_2112_HARP14520_NOAA14401.npz,success,2026-06-25T15:47:37.333096+00:00
20260327_2248_HARP14520_NOAA14401,2026_HARP14520_20260327_1936_20260328_0024,2026-03-27 22:48:00,14520,14401,0,saved,"(512, 512, 6)",gs://suryabench-sharp-pipeline-bamidele/jsoc_2025_2026_production_v1/samples_npz/2026/20260327_2248_HARP14520_NOAA14401.npz,success,2026-06-25T15:47:44.185970+00:00
20260328_0024_HARP14520_NOAA14401,2026_HARP14520_20260327_1936_20260328_0024,2026-03-28 00:24:00,14520,14401,0,saved,"(512, 512, 6)",gs://suryabench-sharp-pipeline-bamidele/jsoc_2025_2026_production_v1/samples_npz/2026/20260328_0024_HARP14520_NOAA14401.npz,success,2026-06-25T15:47:51.110247+00:00
20260327_2200_HARP14519_NOAA14399,2026_HARP14519_20260327_2200_20260327_2336,2026-03-27 22:00:00,14519,14399,0,saved,"(512, 512, 6)",gs://suryabench-sharp-pipeline-bamidele/jsoc_2025_2026_production_v1/samples_npz/2026/20260327_2200_HARP14519_NOAA14399.npz,success,2026-06-25T15:55:25.614703+00:00
20260327_2336_HARP14519_NOAA14399,2026_HARP14519_20260327_2200_20260327_2336,2026-03-27 23:36:00,14519,14399,0,saved,"(512, 512, 6)",gs://suryabench-sharp-pipeline-bamidele/jsoc_2025_2026_production_v1/samples_npz/2026/20260327_2336_HARP14519_NOAA14399.npz,success,2026-06-25T15:55:31.780234+00:00
20260328_0436_HARP14519_NOAA14399,2026_HARP14519_20260328_0436_20260329_0300,2026-03-28 04:36:00,14519,14399,0,saved,"(512, 512, 6)",gs://suryabench-sharp-pipeline-bamidele/jsoc_2025_2026_production_v1/samples_npz/2026/20260328_0436_HARP14519_NOAA14399.npz,success,2026-06-25T16:05:41.468865+00:00
20260328_0612_HARP14519_NOAA14399,2026_HARP14519_20260328_0436_20260329_0300,2026-03-28 06:12:00,14519,14399,0,saved,"(512, 512, 6)",gs://suryabench-sharp-pipeline-bamidele/jsoc_2025_2026_production_v1/samples_npz/2026/20260328_0612_HARP14519_NOAA14399.npz,success,2026-06-25T16:05:47.844275+00:00
20260328_0748_HARP14519_NOAA14399,2026_HARP14519_20260328_0436_20260329_0300,2026-03-28 07:48:00,14519,14399,0,saved,"(512, 512, 6)",gs://suryabench-sharp-pipeline-bamidele/jsoc_2025_2026_production_v1/samples_npz/2026/20260328_0748_HARP14519_NOAA14399.npz,success,2026-06-25T16:05:54.185500+00:00
20260328_0924_HARP14519_NOAA14399,2026_HARP14519_20260328_0436_20260329_0300,2026-03-28 09:24:00,14519,14399,0,saved,"(512, 512, 6)",gs://suryabench-sharp-pipeline-bamidele/jsoc_2025_2026_production_v1/samples_npz/2026/20260328_0924_HARP14519_NOAA14399.npz,success,2026-06-25T16:06:00.522390+00:00
20260328_1100_HARP14519_NOAA14399,2026_HARP14519_20260328_0436_20260329_0300,2026-03-28 11:00:00,14519,14399,0,saved,"(512, 512, 6)",gs://suryabench-sharp-pipeline-bamidele/jsoc_2025_2026_production_v1/samples_npz/2026/20260328_1100_HARP14519_NOAA14399.npz,success,2026-06-25T16:06:07.141627+00:00
20260328_1236_HARP14519_NOAA14399,2026_HARP14519_20260328_0436_20260329_0300,2026-03-28 12:36:00,14519,14399,0,saved,"(512, 512, 6)",gs://suryabench-sharp-pipeline-bamidele/jsoc_2025_2026_production_v1/samples_npz/2026/20260328_1236_HARP14519_NOAA14399.npz,success,2026-06-25T16:06:13.523954+00:00
20260328_1412_HARP14519_NOAA14399,2026_HARP14519_20260328_0436_20260329_0300,2026-03-28 14:12:00,14519,14399,0,saved,"(512, 512, 6)",gs://suryabench-sharp-pipeline-bamidele/jsoc_2025_2026_production_v1/samples_npz/2026/20260328_1412_HARP14519_NOAA14399.npz,success,2026-06-25T16:06:19.838428+00:00
20260328_1548_HARP14519_NOAA14399,2026_HARP14519_20260328_0436_20260329_0300,2026-03-28 15:48:00,14519,14399,0,saved,"(512, 512, 6)",gs://suryabench-sharp-pipeline-bamidele/jsoc_2025_2026_production_v1/samples_npz/2026/20260328_1548_HARP14519_NOAA14399.npz,success,2026-06-25T16:06:26.357402+00:00
20260328_1724_HARP14519_NOAA14399,2026_HARP14519_20260328_0436_20260329_0300,2026-03-28 17:24:00,14519,14399,0,saved,"(512, 512, 6)",gs://suryabench-sharp-pipeline-bamidele/jsoc_2025_2026_production_v1/samples_npz/2026/20260328_1724_HARP14519_NOAA14399.npz,success,2026-06-25T16:06:32.536137+00:00
20260328_1900_HARP14519_NOAA14399,2026_HARP14519_20260328_0436_20260329_0300,2026-03-28 19:00:00,14519,14399,0,saved,"(512, 512, 6)",gs://suryabench-sharp-pipeline-bamidele/jsoc_2025_2026_production_v1/samples_npz/2026/20260328_1900_HARP14519_NOAA14399.npz,success,2026-06-25T16:06:38.803299+00:00
20260328_2036_HARP14519_NOAA14399,2026_HARP14519_20260328_0436_20260329_0300,2026-03-28 20:36:00,14519,14399,0,saved,"(512, 512, 6)",gs://suryabench-sharp-pipeline-bamidele/jsoc_2025_2026_production_v1/samples_npz/2026/20260328_2036_HARP14519_NOAA14399.npz,success,2026-06-25T16:06:45.233226+00:00
20260328_2212_HARP14519_NOAA14399,2026_HARP14519_20260328_0436_20260329_0300,2026-03-28 22:12:00,14519,14399,0,saved,"(512, 512, 6)",gs://suryabench-sharp-pipeline-bamidele/jsoc_2025_2026_production_v1/samples_npz/2026/20260328_2212_HARP14519_NOAA14399.npz,success,2026-06-25T16:06:51.685780+00:00
20260328_2348_HARP14519_NOAA14399,2026_HARP14519_20260328_0436_20260329_0300,2026-03-28 23:48:00,14519,14399,0,saved,"(512, 512, 6)",gs://suryabench-sharp-pipeline-bamidele/jsoc_2025_2026_production_v1/samples_npz/2026/20260328_2348_HARP14519_NOAA14399.npz,success,2026-06-25T16:06:58.091299+00:00
20260329_0124_HARP14519_NOAA14399,2026_HARP14519_20260328_0436_20260329_0300,2026-03-29 01:24:00,14519,14399,0,saved,"(512, 512, 6)",gs://suryabench-sharp-pipeline-bamidele/jsoc_2025_2026_production_v1/samples_npz/2026/20260329_0124_HARP14519_NOAA14399.npz,success,2026-06-25T16:07:04.534182+00:00
20260329_0300_HARP14519_NOAA14399,2026_HARP14519_20260328_0436_20260329_0300,2026-03-29 03:00:00,14519,14399,0,saved,"(512, 512, 6)",gs://suryabench-sharp-pipeline-bamidele/jsoc_2025_2026_production_v1/samples_npz/2026/20260329_0300_HARP14519_NOAA14399.npz,success,2026-06-25T16:07:11.044964+00:00
20260328_0524_HARP14520_NOAA14401,2026_HARP14520_20260328_0524_20260329_0348,2026-03-28 05:24:00,14520,14401,0,saved,"(512, 512, 6)",gs://suryabench-sharp-pipeline-bamidele/jsoc_2025_2026_production_v1/samples_npz/2026/20260328_0524_HARP14520_NOAA14401.npz,success,2026-06-25T16:19:45.898784+00:00
20260328_0700_HARP14520_NOAA14401,2026_HARP14520_20260328_0524_20260329_0348,2026-03-28 07:00:00,14520,14401,0,saved,"(512, 512, 6)",gs://suryabench-sharp-pipeline-bamidele/jsoc_2025_2026_production_v1/samples_npz/2026/20260328_0700_HARP14520_NOAA14401.npz,success,2026-06-25T16:19:52.446546+00:00
20260328_0836_HARP14520_NOAA14401,2026_HARP14520_20260328_0524_20260329_0348,2026-03-28 08:36:00,14520,14401,0,saved,"(512, 512, 6)",gs://suryabench-sharp-pipeline-bamidele/jsoc_2025_2026_production_v1/samples_npz/2026/20260328_0836_HARP14520_NOAA14401.npz,success,2026-06-25T16:19:58.894001+00:00
20260328_1012_HARP14520_NOAA14401,2026_HARP14520_20260328_0524_20260329_0348,2026-03-28 10:12:00,14520,14401,0,saved,"(512, 512, 6)",gs://suryabench-sharp-pipeline-bamidele/jsoc_2025_2026_production_v1/samples_npz/2026/20260328_1012_HARP14520_NOAA14401.npz,success,2026-06-25T16:20:05.397150+00:00
20260328_1148_HARP14520_NOAA14401,2026_HARP14520_20260328_0524_20260329_0348,2026-03-28 11:48:00,14520,14401,0,saved,"(512, 512, 6)",gs://suryabench-sharp-pipeline-bamidele/jsoc_2025_2026_production_v1/samples_npz/2026/20260328_1148_HARP14520_NOAA14401.npz,success,2026-06-25T16:20:11.871745+00:00
20260328_1324_HARP14520_NOAA14401,2026_HARP14520_20260328_0524_20260329_0348,2026-03-28 13:24:00,14520,14401,0,saved,"(512, 512, 6)",gs://suryabench-sharp-pipeline-bamidele/jsoc_2025_2026_production_v1/samples_npz/2026/20260328_1324_HARP14520_NOAA14401.npz,success,2026-06-25T16:20:18.382477+00:00
20260328_1500_HARP14520_NOAA14401,2026_HARP14520_20260328_0524_20260329_0348,2026-03-28 15:00:00,14520,14401,0,saved,"(512, 512, 6)",gs://suryabench-sharp-pipeline-bamidele/jsoc_2025_2026_production_v1/samples_npz/2026/20260328_1500_HARP14520_NOAA14401.npz,success,2026-06-25T16:20:24.891285+00:00
20260328_1636_HARP14520_NOAA14401,2026_HARP14520_20260328_0524_20260329_0348,2026-03-28 16:36:00,14520,14401,0,saved,"(512, 512, 6)",gs://suryabench-sharp-pipeline-bamidele/jsoc_2025_2026_production_v1/samples_npz/2026/20260328_1636_HARP14520_NOAA14401.npz,success,2026-06-25T16:20:31.456035+00:00
20260328_1812_HARP14520_NOAA14401,2026_HARP14520_20260328_0524_20260329_0348,2026-03-28 18:12:00,14520,14401,0,saved,"(512, 512, 6)",gs://suryabench-sharp-pipeline-bamidele/jsoc_2025_2026_production_v1/samples_npz/2026/20260328_1812_HARP14520_NOAA14401.npz,success,2026-06-25T16:20:37.898799+00:00
20260328_1948_HARP14520_NOAA14401,2026_HARP14520_20260328_0524_20260329_0348,2026-03-28 19:48:00,14520,14401,0,saved,"(512, 512, 6)",gs://suryabench-sharp-pipeline-bamidele/jsoc_2025_2026_production_v1/samples_npz/2026/20260328_1948_HARP14520_NOAA14401.npz,success,2026-06-25T16:20:44.369298+00:00
20260328_2124_HARP14520_NOAA14401,2026_HARP14520_20260328_0524_20260329_0348,2026-03-28 21:24:00,14520,14401,0,saved,"(512, 512, 6)",gs://suryabench-sharp-pipeline-bamidele/jsoc_2025_2026_production_v1/samples_npz/2026/20260328_2124_HARP14520_NOAA14401.npz,success,2026-06-25T16:20:51.018895+00:00
20260328_2300_HARP14520_NOAA14401,2026_HARP14520_20260328_0524_20260329_0348,2026-03-28 23:00:00,14520,14401,0,saved,"(512, 512, 6)",gs://suryabench-sharp-pipeline-bamidele/jsoc_2025_2026_production_v1/samples_npz/2026/20260328_2300_HARP14520_NOAA14401.npz,success,2026-06-25T16:20:57.433897+00:00
20260329_0036_HARP14520_NOAA14401,2026_HARP14520_20260328_0524_20260329_0348,2026-03-29 00:36:00,14520,14401,0,saved,"(512, 512, 6)",gs://suryabench-sharp-pipeline-bamidele/jsoc_2025_2026_production_v1/samples_npz/2026/20260329_0036_HARP14520_NOAA14401.npz,success,2026-06-25T16:21:03.930162+00:00
20260329_0212_HARP14520_NOAA14401,2026_HARP14520_20260328_0524_20260329_0348,2026-03-29 02:12:00,14520,14401,0,saved,"(512, 512, 6)",gs://suryabench-sharp-pipeline-bamidele/jsoc_2025_2026_production_v1/samples_npz/2026/20260329_0212_HARP14520_NOAA14401.npz,success,2026-06-25T16:21:10.367047+00:00
20260329_0348_HARP14520_NOAA14401,2026_HARP14520_20260328_0524_20260329_0348,2026-03-29 03:48:00,14520,14401,0,saved,"(512, 512, 6)",gs://suryabench-sharp-pipeline-bamidele/jsoc_2025_2026_production_v1/samples_npz/2026/20260329_0348_HARP14520_NOAA14401.npz,success,2026-06-25T16:21:16.750207+00:00
20260328_1248_HARP14530_NOAA14403,2026_HARP14530_20260328_1248_20260329_1112,2026-03-28 12:48:00,14530,14403,0,saved,"(512, 512, 6)",gs://suryabench-sharp-pipeline-bamidele/jsoc_2025_2026_production_v1/samples_npz/2026/20260328_1248_HARP14530_NOAA14403.npz,success,2026-06-25T16:33:10.347932+00:00
20260328_1424_HARP14530_NOAA14403,2026_HARP14530_20260328_1248_20260329_1112,2026-03-28 14:24:00,14530,14403,0,saved,"(512, 512, 6)",gs://suryabench-sharp-pipeline-bamidele/jsoc_2025_2026_production_v1/samples_npz/2026/20260328_1424_HARP14530_NOAA14403.npz,success,2026-06-25T16:33:16.941649+00:00
20260328_1600_HARP14530_NOAA14403,2026_HARP14530_20260328_1248_20260329_1112,2026-03-28 16:00:00,14530,14403,0,saved,"(512, 512, 6)",gs://suryabench-sharp-pipeline-bamidele/jsoc_2025_2026_production_v1/samples_npz/2026/20260328_1600_HARP14530_NOAA14403.npz,success,2026-06-25T16:33:23.475293+00:00
20260328_1736_HARP14530_NOAA14403,2026_HARP14530_20260328_1248_20260329_1112,2026-03-28 17:36:00,14530,14403,0,saved,"(512, 512, 6)",gs://suryabench-sharp-pipeline-bamidele/jsoc_2025_2026_production_v1/samples_npz/2026/20260328_1736_HARP14530_NOAA14403.npz,success,2026-06-25T16:33:30.046181+00:00
20260328_1912_HARP14530_NOAA14403,2026_HARP14530_20260328_1248_20260329_1112,2026-03-28 19:12:00,14530,14403,0,saved,"(512, 512, 6)",gs://suryabench-sharp-pipeline-bamidele/jsoc_2025_2026_production_v1/samples_npz/2026/20260328_1912_HARP14530_NOAA14403.npz,success,2026-06-25T16:33:36.535669+00:00
20260328_2048_HARP14530_NOAA14403,2026_HARP14530_20260328_1248_20260329_1112,2026-03-28 20:48:00,14530,14403,0,saved,"(512, 512, 6)",gs://suryabench-sharp-pipeline-bamidele/jsoc_2025_2026_production_v1/samples_npz/2026/20260328_2048_HARP14530_NOAA14403.npz,success,2026-06-25T16:33:43.199591+00:00
20260328_2224_HARP14530_NOAA14403,2026_HARP14530_20260328_1248_20260329_1112,2026-03-28 22:24:00,14530,14403,0,saved,"(512, 512, 6)",gs://suryabench-sharp-pipeline-bamidele/jsoc_2025_2026_production_v1/samples_npz/2026/20260328_2224_HARP14530_NOAA14403.npz,success,2026-06-25T16:33:49.753906+00:00
20260329_0000_HARP14530_NOAA14403,2026_HARP14530_20260328_1248_20260329_1112,2026-03-29 00:00:00,14530,14403,0,saved,"(512, 512, 6)",gs://suryabench-sharp-pipeline-bamidele/jsoc_2025_2026_production_v1/samples_npz/2026/20260329_0000_HARP14530_NOAA14403.npz,success,2026-06-25T16:33:56.216157+00:00
20260329_0136_HARP14530_NOAA14403,2026_HARP14530_20260328_1248_20260329_1112,2026-03-29 01:36:00,14530,14403,0,saved,"(512, 512, 6)",gs://suryabench-sharp-pipeline-bamidele/jsoc_2025_2026_production_v1/samples_npz/2026/20260329_0136_HARP14530_NOAA14403.npz,success,2026-06-25T16:34:02.756782+00:00
20260329_0312_HARP14530_NOAA14403,2026_HARP14530_20260328_1248_20260329_1112,2026-03-29 03:12:00,14530,14403,0,saved,"(512, 512, 6)",gs://suryabench-sharp-pipeline-bamidele/jsoc_2025_2026_production_v1/samples_npz/2026/20260329_0312_HARP14530_NOAA14403.npz,success,2026-06-25T16:34:09.262308+00:00
20260329_0448_HARP14530_NOAA14403,2026_HARP14530_20260328_1248_20260329_1112,2026-03-29 04:48:00,14530,14403,0,saved,"(512, 512, 6)",gs://suryabench-sharp-pipeline-bamidele/jsoc_2025_2026_production_v1/samples_npz/2026/20260329_0448_HARP14530_NOAA14403.npz,success,2026-06-25T16:34:15.744938+00:00
20260329_0624_HARP14530_NOAA14403,2026_HARP14530_20260328_1248_20260329_1112,2026-03-29 06:24:00,14530,14403,0,saved,"(512, 512, 6)",gs://suryabench-sharp-pipeline-bamidele/jsoc_2025_2026_production_v1/samples_npz/2026/20260329_0624_HARP14530_NOAA14403.npz,success,2026-06-25T16:34:22.308967+00:00
20260329_0800_HARP14530_NOAA14403,2026_HARP14530_20260328_1248_20260329_1112,2026-03-29 08:00:00,14530,14403,0,saved,"(512, 512, 6)",gs://suryabench-sharp-pipeline-bamidele/jsoc_2025_2026_production_v1/samples_npz/2026/20260329_0800_HARP14530_NOAA14403.npz,success,2026-06-25T16:34:28.989203+00:00
20260329_0936_HARP14530_NOAA14403,2026_HARP14530_20260328_1248_20260329_1112,2026-03-29 09:36:00,14530,14403,0,saved,"(512, 512, 6)",gs://suryabench-sharp-pipeline-bamidele/jsoc_2025_2026_production_v1/samples_npz/2026/20260329_0936_HARP14530_NOAA14403.npz,success,2026-06-25T16:34:35.552976+00:00
20260329_1112_HARP14530_NOAA14403,2026_HARP14530_20260328_1248_20260329_1112,2026-03-29 11:12:00,14530,14403,0,saved,"(512, 512, 6)",gs://suryabench-sharp-pipeline-bamidele/jsoc_2025_2026_production_v1/samples_npz/2026/20260329_1112_HARP14530_NOAA14403.npz,success,2026-06-25T16:34:42.904282+00:00
20260329_0436_HARP14519_NOAA14399,2026_HARP14519_20260329_0436_20260330_0300,2026-03-29 04:36:00,14519,14399,0,saved,"(512, 512, 6)",gs://suryabench-sharp-pipeline-bamidele/jsoc_2025_2026_production_v1/samples_npz/2026/20260329_0436_HARP14519_NOAA14399.npz,success,2026-06-25T16:44:33.384063+00:00
20260329_0612_HARP14519_NOAA14399,2026_HARP14519_20260329_0436_20260330_0300,2026-03-29 06:12:00,14519,14399,0,saved,"(512, 512, 6)",gs://suryabench-sharp-pipeline-bamidele/jsoc_2025_2026_production_v1/samples_npz/2026/20260329_0612_HARP14519_NOAA14399.npz,success,2026-06-25T16:44:39.863002+00:00
20260329_0748_HARP14519_NOAA14399,2026_HARP14519_20260329_0436_20260330_0300,2026-03-29 07:48:00,14519,14399,0,saved,"(512, 512, 6)",gs://suryabench-sharp-pipeline-bamidele/jsoc_2025_2026_production_v1/samples_npz/2026/20260329_0748_HARP14519_NOAA14399.npz,success,2026-06-25T16:44:46.228731+00:00
20260329_0924_HARP14519_NOAA14399,2026_HARP14519_20260329_0436_20260330_0300,2026-03-29 09:24:00,14519,14399,0,saved,"(512, 512, 6)",gs://suryabench-sharp-pipeline-bamidele/jsoc_2025_2026_production_v1/samples_npz/2026/20260329_0924_HARP14519_NOAA14399.npz,success,2026-06-25T16:44:52.568885+00:00
20260329_1100_HARP14519_NOAA14399,2026_HARP14519_20260329_0436_20260330_0300,2026-03-29 11:00:00,14519,14399,0,saved,"(512, 512, 6)",gs://suryabench-sharp-pipeline-bamidele/jsoc_2025_2026_production_v1/samples_npz/2026/20260329_1100_HARP14519_NOAA14399.npz,success,2026-06-25T16:44:58.982515+00:00
20260329_1236_HARP14519_NOAA14399,2026_HARP14519_20260329_0436_20260330_0300,2026-03-29 12:36:00,14519,14399,0,saved,"(512, 512, 6)",gs://suryabench-sharp-pipeline-bamidele/jsoc_2025_2026_production_v1/samples_npz/2026/20260329_1236_HARP14519_NOAA14399.npz,success,2026-06-25T16:45:05.265716+00:00
20260329_1412_HARP14519_NOAA14399,2026_HARP14519_20260329_0436_20260330_0300,2026-03-29 14:12:00,14519,14399,0,saved,"(512, 512, 6)",gs://suryabench-sharp-pipeline-bamidele/jsoc_2025_2026_production_v1/samples_npz/2026/20260329_1412_HARP14519_NOAA14399.npz,success,2026-06-25T16:45:11.595693+00:00
20260329_1548_HARP14519_NOAA14399,2026_HARP14519_20260329_0436_20260330_0300,2026-03-29 15:48:00,14519,14399,0,saved,"(512, 512, 6)",gs://suryabench-sharp-pipeline-bamidele/jsoc_2025_2026_production_v1/samples_npz/2026/20260329_1548_HARP14519_NOAA14399.npz,success,2026-06-25T16:45:18.040092+00:00
20260329_1724_HARP14519_NOAA14399,2026_HARP14519_20260329_0436_20260330_0300,2026-03-29 17:24:00,14519,14399,0,saved,"(512, 512, 6)",gs://suryabench-sharp-pipeline-bamidele/jsoc_2025_2026_production_v1/samples_npz/2026/20260329_1724_HARP14519_NOAA14399.npz,success,2026-06-25T16:45:24.455318+00:00
20260329_1900_HARP14519_NOAA14399,2026_HARP14519_20260329_0436_20260330_0300,2026-03-29 19:00:00,14519,14399,0,saved,"(512, 512, 6)",gs://suryabench-sharp-pipeline-bamidele/jsoc_2025_2026_production_v1/samples_npz/2026/20260329_1900_HARP14519_NOAA14399.npz,success,2026-06-25T16:45:30.905695+00:00
20260329_2036_HARP14519_NOAA14399,2026_HARP14519_20260329_0436_20260330_0300,2026-03-29 20:36:00,14519,14399,0,saved,"(512, 512, 6)",gs://suryabench-sharp-pipeline-bamidele/jsoc_2025_2026_production_v1/samples_npz/2026/20260329_2036_HARP14519_NOAA14399.npz,success,2026-06-25T16:45:37.436992+00:00
20260329_2212_HARP14519_NOAA14399,2026_HARP14519_20260329_0436_20260330_0300,2026-03-29 22:12:00,14519,14399,0,saved,"(512, 512, 6)",gs://suryabench-sharp-pipeline-bamidele/jsoc_2025_2026_production_v1/samples_npz/2026/20260329_2212_HARP14519_NOAA14399.npz,success,2026-06-25T16:45:43.806983+00:00
20260329_2348_HARP14519_NOAA14399,2026_HARP14519_20260329_0436_20260330_0300,2026-03-29 23:48:00,14519,14399,0,saved,"(512, 512, 6)",gs://suryabench-sharp-pipeline-bamidele/jsoc_2025_2026_production_v1/samples_npz/2026/20260329_2348_HARP14519_NOAA14399.npz,success,2026-06-25T16:45:50.141588+00:00
20260330_0124_HARP14519_NOAA14399,2026_HARP14519_20260329_0436_20260330_0300,2026-03-30 01:24:00,14519,14399,0,saved,"(512, 512, 6)",gs://suryabench-sharp-pipeline-bamidele/jsoc_2025_2026_production_v1/samples_npz/2026/20260330_0124_HARP14519_NOAA14399.npz,success,2026-06-25T16:45:56.494453+00:00
20260330_0300_HARP14519_NOAA14399,2026_HARP14519_20260329_0436_20260330_0300,2026-03-30 03:00:00,14519,14399,0,saved,"(512, 512, 6)",gs://suryabench-sharp-pipeline-bamidele/jsoc_2025_2026_production_v1/samples_npz/2026/20260330_0300_HARP14519_NOAA14399.npz,success,2026-06-25T16:46:02.930959+00:00
20260329_0524_HARP14520_NOAA14401,2026_HARP14520_20260329_0524_20260330_0348,2026-03-29 05:24:00,14520,14401,0,saved,"(512, 512, 6)",gs://suryabench-sharp-pipeline-bamidele/jsoc_2025_2026_production_v1/samples_npz/2026/20260329_0524_HARP14520_NOAA14401.npz,success,2026-06-25T16:58:39.169397+00:00
20260329_0700_HARP14520_NOAA14401,2026_HARP14520_20260329_0524_20260330_0348,2026-03-29 07:00:00,14520,14401,0,saved,"(512, 512, 6)",gs://suryabench-sharp-pipeline-bamidele/jsoc_2025_2026_production_v1/samples_npz/2026/20260329_0700_HARP14520_NOAA14401.npz,success,2026-06-25T16:58:45.873949+00:00
20260329_0836_HARP14520_NOAA14401,2026_HARP14520_20260329_0524_20260330_0348,2026-03-29 08:36:00,14520,14401,0,saved,"(512, 512, 6)",gs://suryabench-sharp-pipeline-bamidele/jsoc_2025_2026_production_v1/samples_npz/2026/20260329_0836_HARP14520_NOAA14401.npz,success,2026-06-25T16:58:52.527439+00:00
20260329_1012_HARP14520_NOAA14401,2026_HARP14520_20260329_0524_20260330_0348,2026-03-29 10:12:00,14520,14401,0,saved,"(512, 512, 6)",gs://suryabench-sharp-pipeline-bamidele/jsoc_2025_2026_production_v1/samples_npz/2026/20260329_1012_HARP14520_NOAA14401.npz,success,2026-06-25T16:58:59.088688+00:00
20260329_1148_HARP14520_NOAA14401,2026_HARP14520_20260329_0524_20260330_0348,2026-03-29 11:48:00,14520,14401,0,saved,"(512, 512, 6)",gs://suryabench-sharp-pipeline-bamidele/jsoc_2025_2026_production_v1/samples_npz/2026/20260329_1148_HARP14520_NOAA14401.npz,success,2026-06-25T16:59:05.649913+00:00
20260329_1324_HARP14520_NOAA14401,2026_HARP14520_20260329_0524_20260330_0348,2026-03-29 13:24:00,14520,14401,0,saved,"(512, 512, 6)",gs://suryabench-sharp-pipeline-bamidele/jsoc_2025_2026_production_v1/samples_npz/2026/20260329_1324_HARP14520_NOAA14401.npz,success,2026-06-25T16:59:12.271391+00:00
20260329_1500_HARP14520_NOAA14401,2026_HARP14520_20260329_0524_20260330_0348,2026-03-29 15:00:00,14520,14401,0,saved,"(512, 512, 6)",gs://suryabench-sharp-pipeline-bamidele/jsoc_2025_2026_production_v1/samples_npz/2026/20260329_1500_HARP14520_NOAA14401.npz,success,2026-06-25T16:59:18.797334+00:00
20260329_1636_HARP14520_NOAA14401,2026_HARP14520_20260329_0524_20260330_0348,2026-03-29 16:36:00,14520,14401,0,saved,"(512, 512, 6)",gs://suryabench-sharp-pipeline-bamidele/jsoc_2025_2026_production_v1/samples_npz/2026/20260329_1636_HARP14520_NOAA14401.npz,success,2026-06-25T16:59:25.380815+00:00
20260329_1812_HARP14520_NOAA14401,2026_HARP14520_20260329_0524_20260330_0348,2026-03-29 18:12:00,14520,14401,0,saved,"(512, 512, 6)",gs://suryabench-sharp-pipeline-bamidele/jsoc_2025_2026_production_v1/samples_npz/2026/20260329_1812_HARP14520_NOAA14401.npz,success,2026-06-25T16:59:31.973088+00:00
20260329_1948_HARP14520_NOAA14401,2026_HARP14520_20260329_0524_20260330_0348,2026-03-29 19:48:00,14520,14401,0,saved,"(512, 512, 6)",gs://suryabench-sharp-pipeline-bamidele/jsoc_2025_2026_production_v1/samples_npz/2026/20260329_1948_HARP14520_NOAA14401.npz,success,2026-06-25T16:59:38.506247+00:00
20260329_2124_HARP14520_NOAA14401,2026_HARP14520_20260329_0524_20260330_0348,2026-03-29 21:24:00,14520,14401,0,saved,"(512, 512, 6)",gs://suryabench-sharp-pipeline-bamidele/jsoc_2025_2026_production_v1/samples_npz/2026/20260329_2124_HARP14520_NOAA14401.npz,success,2026-06-25T16:59:44.956465+00:00
20260329_2300_HARP14520_NOAA14401,2026_HARP14520_20260329_0524_20260330_0348,2026-03-29 23:00:00,14520,14401,0,saved,"(512, 512, 6)",gs://suryabench-sharp-pipeline-bamidele/jsoc_2025_2026_production_v1/samples_npz/2026/20260329_2300_HARP14520_NOAA14401.npz,success,2026-06-25T16:59:51.467855+00:00
20260330_0036_HARP14520_NOAA14401,2026_HARP14520_20260329_0524_20260330_0348,2026-03-30 00:36:00,14520,14401,0,saved,"(512, 512, 6)",gs://suryabench-sharp-pipeline-bamidele/jsoc_2025_2026_production_v1/samples_npz/2026/20260330_0036_HARP14520_NOAA14401.npz,success,2026-06-25T16:59:58.129966+00:00
20260330_0212_HARP14520_NOAA14401,2026_HARP14520_20260329_0524_20260330_0348,2026-03-30 02:12:00,14520,14401,0,saved,"(512, 512, 6)",gs://suryabench-sharp-pipeline-bamidele/jsoc_2025_2026_production_v1/samples_npz/2026/20260330_0212_HARP14520_NOAA14401.npz,success,2026-06-25T17:00:04.960315+00:00
20260330_0348_HARP14520_NOAA14401,2026_HARP14520_20260329_0524_20260330_0348,2026-03-30 03:48:00,14520,14401,0,saved,"(512, 512, 6)",gs://suryabench-sharp-pipeline-bamidele/jsoc_2025_2026_production_v1/samples_npz/2026/20260330_0348_HARP14520_NOAA14401.npz,success,2026-06-25T17:00:11.755659+00:00
20260329_1248_HARP14530_NOAA14403,2026_HARP14530_20260329_1248_20260330_1112,2026-03-29 12:48:00,14530,14403,0,saved,"(512, 512, 6)",gs://suryabench-sharp-pipeline-bamidele/jsoc_2025_2026_production_v1/samples_npz/2026/20260329_1248_HARP14530_NOAA14403.npz,success,2026-06-25T17:11:41.663783+00:00
20260329_1424_HARP14530_NOAA14403,2026_HARP14530_20260329_1248_20260330_1112,2026-03-29 14:24:00,14530,14403,0,saved,"(512, 512, 6)",gs://suryabench-sharp-pipeline-bamidele/jsoc_2025_2026_production_v1/samples_npz/2026/20260329_1424_HARP14530_NOAA14403.npz,success,2026-06-25T17:11:48.314622+00:00
20260329_1600_HARP14530_NOAA14403,2026_HARP14530_20260329_1248_20260330_1112,2026-03-29 16:00:00,14530,14403,0,saved,"(512, 512, 6)",gs://suryabench-sharp-pipeline-bamidele/jsoc_2025_2026_production_v1/samples_npz/2026/20260329_1600_HARP14530_NOAA14403.npz,success,2026-06-25T17:11:55.071808+00:00
20260329_1736_HARP14530_NOAA14403,2026_HARP14530_20260329_1248_20260330_1112,2026-03-29 17:36:00,14530,14403,0,saved,"(512, 512, 6)",gs://suryabench-sharp-pipeline-bamidele/jsoc_2025_2026_production_v1/samples_npz/2026/20260329_1736_HARP14530_NOAA14403.npz,success,2026-06-25T17:12:02.496334+00:00
20260329_1912_HARP14530_NOAA14403,2026_HARP14530_20260329_1248_20260330_1112,2026-03-29 19:12:00,14530,14403,0,saved,"(512, 512, 6)",gs://suryabench-sharp-pipeline-bamidele/jsoc_2025_2026_production_v1/samples_npz/2026/20260329_1912_HARP14530_NOAA14403.npz,success,2026-06-25T17:12:09.579851+00:00
20260329_2048_HARP14530_NOAA14403,2026_HARP14530_20260329_1248_20260330_1112,2026-03-29 20:48:00,14530,14403,0,saved,"(512, 512, 6)",gs://suryabench-sharp-pipeline-bamidele/jsoc_2025_2026_production_v1/samples_npz/2026/20260329_2048_HARP14530_NOAA14403.npz,success,2026-06-25T17:12:16.304196+00:00
20260329_2224_HARP14530_NOAA14403,2026_HARP14530_20260329_1248_20260330_1112,2026-03-29 22:24:00,14530,14403,0,saved,"(512, 512, 6)",gs://suryabench-sharp-pipeline-bamidele/jsoc_2025_2026_production_v1/samples_npz/2026/20260329_2224_HARP14530_NOAA14403.npz,success,2026-06-25T17:12:23.048959+00:00
20260330_0000_HARP14530_NOAA14403,2026_HARP14530_20260329_1248_20260330_1112,2026-03-30 00:00:00,14530,14403,0,saved,"(512, 512, 6)",gs://suryabench-sharp-pipeline-bamidele/jsoc_2025_2026_production_v1/samples_npz/2026/20260330_0000_HARP14530_NOAA14403.npz,success,2026-06-25T17:12:29.843887+00:00
20260330_0136_HARP14530_NOAA14403,2026_HARP14530_20260329_1248_20260330_1112,2026-03-30 01:36:00,14530,14403,0,saved,"(512, 512, 6)",gs://suryabench-sharp-pipeline-bamidele/jsoc_2025_2026_production_v1/samples_npz/2026/20260330_0136_HARP14530_NOAA14403.npz,success,2026-06-25T17:12:36.524632+00:00
20260330_0312_HARP14530_NOAA14403,2026_HARP14530_20260329_1248_20260330_1112,2026-03-30 03:12:00,14530,14403,0,saved,"(512, 512, 6)",gs://suryabench-sharp-pipeline-bamidele/jsoc_2025_2026_production_v1/samples_npz/2026/20260330_0312_HARP14530_NOAA14403.npz,success,2026-06-25T17:12:43.929969+00:00
20260330_0448_HARP14530_NOAA14403,2026_HARP14530_20260329_1248_20260330_1112,2026-03-30 04:48:00,14530,14403,0,saved,"(512, 512, 6)",gs://suryabench-sharp-pipeline-bamidele/jsoc_2025_2026_production_v1/samples_npz/2026/20260330_0448_HARP14530_NOAA14403.npz,success,2026-06-25T17:12:50.921885+00:00
20260330_0624_HARP14530_NOAA14403,2026_HARP14530_20260329_1248_20260330_1112,2026-03-30 06:24:00,14530,14403,0,saved,"(512, 512, 6)",gs://suryabench-sharp-pipeline-bamidele/jsoc_2025_2026_production_v1/samples_npz/2026/20260330_0624_HARP14530_NOAA14403.npz,success,2026-06-25T17:12:57.898026+00:00
20260330_0800_HARP14530_NOAA14403,2026_HARP14530_20260329_1248_20260330_1112,2026-03-30 08:00:00,14530,14403,0,saved,"(512, 512, 6)",gs://suryabench-sharp-pipeline-bamidele/jsoc_2025_2026_production_v1/samples_npz/2026/20260330_0800_HARP14530_NOAA14403.npz,success,2026-06-25T17:13:05.116129+00:00
20260330_0936_HARP14530_NOAA14403,2026_HARP14530_20260329_1248_20260330_1112,2026-03-30 09:36:00,14530,14403,0,saved,"(512, 512, 6)",gs://suryabench-sharp-pipeline-bamidele/jsoc_2025_2026_production_v1/samples_npz/2026/20260330_0936_HARP14530_NOAA14403.npz,success,2026-06-25T17:13:12.005170+00:00
20260330_1112_HARP14530_NOAA14403,2026_HARP14530_20260329_1248_20260330_1112,2026-03-30 11:12:00,14530,14403,0,saved,"(512, 512, 6)",gs://suryabench-sharp-pipeline-bamidele/jsoc_2025_2026_production_v1/samples_npz/2026/20260330_1112_HARP14530_NOAA14403.npz,success,2026-06-25T17:13:19.776005+00:00
20260330_0436_HARP14519_NOAA14399,2026_HARP14519_20260330_0436_20260330_1100,2026-03-30 04:36:00,14519,14399,0,saved,"(512, 512, 6)",gs://suryabench-sharp-pipeline-bamidele/jsoc_2025_2026_production_v1/samples_npz/2026/20260330_0436_HARP14519_NOAA14399.npz,success,2026-06-25T17:22:09.454238+00:00
20260330_0612_HARP14519_NOAA14399,2026_HARP14519_20260330_0436_20260330_1100,2026-03-30 06:12:00,14519,14399,0,saved,"(512, 512, 6)",gs://suryabench-sharp-pipeline-bamidele/jsoc_2025_2026_production_v1/samples_npz/2026/20260330_0612_HARP14519_NOAA14399.npz,success,2026-06-25T17:22:15.892020+00:00
20260330_0748_HARP14519_NOAA14399,2026_HARP14519_20260330_0436_20260330_1100,2026-03-30 07:48:00,14519,14399,0,saved,"(512, 512, 6)",gs://suryabench-sharp-pipeline-bamidele/jsoc_2025_2026_production_v1/samples_npz/2026/20260330_0748_HARP14519_NOAA14399.npz,success,2026-06-25T17:22:22.403318+00:00
20260330_0924_HARP14519_NOAA14399,2026_HARP14519_20260330_0436_20260330_1100,2026-03-30 09:24:00,14519,14399,0,saved,"(512, 512, 6)",gs://suryabench-sharp-pipeline-bamidele/jsoc_2025_2026_production_v1/samples_npz/2026/20260330_0924_HARP14519_NOAA14399.npz,success,2026-06-25T17:22:28.820390+00:00
20260330_1100_HARP14519_NOAA14399,2026_HARP14519_20260330_0436_20260330_1100,2026-03-30 11:00:00,14519,14399,0,saved,"(512, 512, 6)",gs://suryabench-sharp-pipeline-bamidele/jsoc_2025_2026_production_v1/samples_npz/2026/20260330_1100_HARP14519_NOAA14399.npz,success,2026-06-25T17:22:35.332069+00:00
20260330_0524_HARP14520_NOAA14401,2026_HARP14520_20260330_0524_20260330_1148,2026-03-30 05:24:00,14520,14401,0,saved,"(512, 512, 6)",gs://suryabench-sharp-pipeline-bamidele/jsoc_2025_2026_production_v1/samples_npz/2026/20260330_0524_HARP14520_NOAA14401.npz,success,2026-06-25T17:32:53.812861+00:00
20260330_0700_HARP14520_NOAA14401,2026_HARP14520_20260330_0524_20260330_1148,2026-03-30 07:00:00,14520,14401,0,saved,"(512, 512, 6)",gs://suryabench-sharp-pipeline-bamidele/jsoc_2025_2026_production_v1/samples_npz/2026/20260330_0700_HARP14520_NOAA14401.npz,success,2026-06-25T17:33:00.752788+00:00
20260330_0836_HARP14520_NOAA14401,2026_HARP14520_20260330_0524_20260330_1148,2026-03-30 08:36:00,14520,14401,0,saved,"(512, 512, 6)",gs://suryabench-sharp-pipeline-bamidele/jsoc_2025_2026_production_v1/samples_npz/2026/20260330_0836_HARP14520_NOAA14401.npz,success,2026-06-25T17:33:07.724315+00:00
20260330_1012_HARP14520_NOAA14401,2026_HARP14520_20260330_0524_20260330_1148,2026-03-30 10:12:00,14520,14401,0,saved,"(512, 512, 6)",gs://suryabench-sharp-pipeline-bamidele/jsoc_2025_2026_production_v1/samples_npz/2026/20260330_1012_HARP14520_NOAA14401.npz,success,2026-06-25T17:33:14.743189+00:00
20260330_1148_HARP14520_NOAA14401,2026_HARP14520_20260330_0524_20260330_1148,2026-03-30 11:48:00,14520,14401,0,saved,"(512, 512, 6)",gs://suryabench-sharp-pipeline-bamidele/jsoc_2025_2026_production_v1/samples_npz/2026/20260330_1148_HARP14520_NOAA14401.npz,success,2026-06-25T17:33:21.844955+00:00
20260330_1248_HARP14530_NOAA14403,2026_HARP14530_20260330_1248_20260331_1112,2026-03-30 12:48:00,14530,14403,0,saved,"(512, 512, 6)",gs://suryabench-sharp-pipeline-bamidele/jsoc_2025_2026_production_v1/samples_npz/2026/20260330_1248_HARP14530_NOAA14403.npz,success,2026-06-25T17:46:29.559156+00:00
20260330_1424_HARP14530_NOAA14403,2026_HARP14530_20260330_1248_20260331_1112,2026-03-30 14:24:00,14530,14403,0,saved,"(512, 512, 6)",gs://suryabench-sharp-pipeline-bamidele/jsoc_2025_2026_production_v1/samples_npz/2026/20260330_1424_HARP14530_NOAA14403.npz,success,2026-06-25T17:46:36.151402+00:00
20260330_1600_HARP14530_NOAA14403,2026_HARP14530_20260330_1248_20260331_1112,2026-03-30 16:00:00,14530,14403,0,saved,"(512, 512, 6)",gs://suryabench-sharp-pipeline-bamidele/jsoc_2025_2026_production_v1/samples_npz/2026/20260330_1600_HARP14530_NOAA14403.npz,success,2026-06-25T17:46:42.709742+00:00
20260330_1736_HARP14530_NOAA14403,2026_HARP14530_20260330_1248_20260331_1112,2026-03-30 17:36:00,14530,14403,0,saved,"(512, 512, 6)",gs://suryabench-sharp-pipeline-bamidele/jsoc_2025_2026_production_v1/samples_npz/2026/20260330_1736_HARP14530_NOAA14403.npz,success,2026-06-25T17:46:49.243884+00:00
20260330_1912_HARP14530_NOAA14403,2026_HARP14530_20260330_1248_20260331_1112,2026-03-30 19:12:00,14530,14403,0,saved,"(512, 512, 6)",gs://suryabench-sharp-pipeline-bamidele/jsoc_2025_2026_production_v1/samples_npz/2026/20260330_1912_HARP14530_NOAA14403.npz,success,2026-06-25T17:46:56.726783+00:00
20260330_2048_HARP14530_NOAA14403,2026_HARP14530_20260330_1248_20260331_1112,2026-03-30 20:48:00,14530,14403,0,saved,"(512, 512, 6)",gs://suryabench-sharp-pipeline-bamidele/jsoc_2025_2026_production_v1/samples_npz/2026/20260330_2048_HARP14530_NOAA14403.npz,success,2026-06-25T17:47:03.275835+00:00
20260330_2224_HARP14530_NOAA14403,2026_HARP14530_20260330_1248_20260331_1112,2026-03-30 22:24:00,14530,14403,0,saved,"(512, 512, 6)",gs://suryabench-sharp-pipeline-bamidele/jsoc_2025_2026_production_v1/samples_npz/2026/20260330_2224_HARP14530_NOAA14403.npz,success,2026-06-25T17:47:09.798767+00:00
20260331_0000_HARP14530_NOAA14403,2026_HARP14530_20260330_1248_20260331_1112,2026-03-31 00:00:00,14530,14403,0,saved,"(512, 512, 6)",gs://suryabench-sharp-pipeline-bamidele/jsoc_2025_2026_production_v1/samples_npz/2026/20260331_0000_HARP14530_NOAA14403.npz,success,2026-06-25T17:47:16.294043+00:00
20260331_0136_HARP14530_NOAA14403,2026_HARP14530_20260330_1248_20260331_1112,2026-03-31 01:36:00,14530,14403,0,saved,"(512, 512, 6)",gs://suryabench-sharp-pipeline-bamidele/jsoc_2025_2026_production_v1/samples_npz/2026/20260331_0136_HARP14530_NOAA14403.npz,success,2026-06-25T17:47:22.819907+00:00
20260331_0312_HARP14530_NOAA14403,2026_HARP14530_20260330_1248_20260331_1112,2026-03-31 03:12:00,14530,14403,0,saved,"(512, 512, 6)",gs://suryabench-sharp-pipeline-bamidele/jsoc_2025_2026_production_v1/samples_npz/2026/20260331_0312_HARP14530_NOAA14403.npz,success,2026-06-25T17:47:29.299841+00:00
20260331_0448_HARP14530_NOAA14403,2026_HARP14530_20260330_1248_20260331_1112,2026-03-31 04:48:00,14530,14403,0,saved,"(512, 512, 6)",gs://suryabench-sharp-pipeline-bamidele/jsoc_2025_2026_production_v1/samples_npz/2026/20260331_0448_HARP14530_NOAA14403.npz,success,2026-06-25T17:47:35.797373+00:00
20260331_0624_HARP14530_NOAA14403,2026_HARP14530_20260330_1248_20260331_1112,2026-03-31 06:24:00,14530,14403,0,saved,"(512, 512, 6)",gs://suryabench-sharp-pipeline-bamidele/jsoc_2025_2026_production_v1/samples_npz/2026/20260331_0624_HARP14530_NOAA14403.npz,success,2026-06-25T17:47:42.385433+00:00
20260331_0800_HARP14530_NOAA14403,2026_HARP14530_20260330_1248_20260331_1112,2026-03-31 08:00:00,14530,14403,0,saved,"(512, 512, 6)",gs://suryabench-sharp-pipeline-bamidele/jsoc_2025_2026_production_v1/samples_npz/2026/20260331_0800_HARP14530_NOAA14403.npz,success,2026-06-25T17:47:48.942463+00:00
20260331_0936_HARP14530_NOAA14403,2026_HARP14530_20260330_1248_20260331_1112,2026-03-31 09:36:00,14530,14403,0,saved,"(512, 512, 6)",gs://suryabench-sharp-pipeline-bamidele/jsoc_2025_2026_production_v1/samples_npz/2026/20260331_0936_HARP14530_NOAA14403.npz,success,2026-06-25T17:47:55.510101+00:00
20260331_1112_HARP14530_NOAA14403,2026_HARP14530_20260330_1248_20260331_1112,2026-03-31 11:12:00,14530,14403,0,saved,"(512, 512, 6)",gs://suryabench-sharp-pipeline-bamidele/jsoc_2025_2026_production_v1/samples_npz/2026/20260331_1112_HARP14530_NOAA14403.npz,success,2026-06-25T17:48:02.094367+00:00
20260330_2124_HARP14536_NOAA14404,2026_HARP14536_20260330_2124_20260331_1948,2026-03-30 21:24:00,14536,14404,0,saved,"(512, 512, 6)",gs://suryabench-sharp-pipeline-bamidele/jsoc_2025_2026_production_v1/samples_npz/2026/20260330_2124_HARP14536_NOAA14404.npz,success,2026-06-25T18:00:16.684639+00:00
20260330_2300_HARP14536_NOAA14404,2026_HARP14536_20260330_2124_20260331_1948,2026-03-30 23:00:00,14536,14404,0,saved,"(512, 512, 6)",gs://suryabench-sharp-pipeline-bamidele/jsoc_2025_2026_production_v1/samples_npz/2026/20260330_2300_HARP14536_NOAA14404.npz,success,2026-06-25T18:00:23.277382+00:00
20260331_0036_HARP14536_NOAA14404,2026_HARP14536_20260330_2124_20260331_1948,2026-03-31 00:36:00,14536,14404,0,saved,"(512, 512, 6)",gs://suryabench-sharp-pipeline-bamidele/jsoc_2025_2026_production_v1/samples_npz/2026/20260331_0036_HARP14536_NOAA14404.npz,success,2026-06-25T18:00:29.748384+00:00
20260331_0212_HARP14536_NOAA14404,2026_HARP14536_20260330_2124_20260331_1948,2026-03-31 02:12:00,14536,14404,0,saved,"(512, 512, 6)",gs://suryabench-sharp-pipeline-bamidele/jsoc_2025_2026_production_v1/samples_npz/2026/20260331_0212_HARP14536_NOAA14404.npz,success,2026-06-25T18:00:36.343028+00:00
20260331_0348_HARP14536_NOAA14404,2026_HARP14536_20260330_2124_20260331_1948,2026-03-31 03:48:00,14536,14404,0,saved,"(512, 512, 6)",gs://suryabench-sharp-pipeline-bamidele/jsoc_2025_2026_production_v1/samples_npz/2026/20260331_0348_HARP14536_NOAA14404.npz,success,2026-06-25T18:00:42.954225+00:00
20260331_0524_HARP14536_NOAA14404,2026_HARP14536_20260330_2124_20260331_1948,2026-03-31 05:24:00,14536,14404,0,saved,"(512, 512, 6)",gs://suryabench-sharp-pipeline-bamidele/jsoc_2025_2026_production_v1/samples_npz/2026/20260331_0524_HARP14536_NOAA14404.npz,success,2026-06-25T18:00:49.582632+00:00
20260331_0700_HARP14536_NOAA14404,2026_HARP14536_20260330_2124_20260331_1948,2026-03-31 07:00:00,14536,14404,0,saved,"(512, 512, 6)",gs://suryabench-sharp-pipeline-bamidele/jsoc_2025_2026_production_v1/samples_npz/2026/20260331_0700_HARP14536_NOAA14404.npz,success,2026-06-25T18:00:56.524707+00:00
20260331_0836_HARP14536_NOAA14404,2026_HARP14536_20260330_2124_20260331_1948,2026-03-31 08:36:00,14536,14404,0,saved,"(512, 512, 6)",gs://suryabench-sharp-pipeline-bamidele/jsoc_2025_2026_production_v1/samples_npz/2026/20260331_0836_HARP14536_NOAA14404.npz,success,2026-06-25T18:01:03.621179+00:00
20260331_1012_HARP14536_NOAA14404,2026_HARP14536_20260330_2124_20260331_1948,2026-03-31 10:12:00,14536,14404,0,saved,"(512, 512, 6)",gs://suryabench-sharp-pipeline-bamidele/jsoc_2025_2026_production_v1/samples_npz/2026/20260331_1012_HARP14536_NOAA14404.npz,success,2026-06-25T18:01:10.459396+00:00
20260331_1148_HARP14536_NOAA14404,2026_HARP14536_20260330_2124_20260331_1948,2026-03-31 11:48:00,14536,14404,0,saved,"(512, 512, 6)",gs://suryabench-sharp-pipeline-bamidele/jsoc_2025_2026_production_v1/samples_npz/2026/20260331_1148_HARP14536_NOAA14404.npz,success,2026-06-25T18:01:17.045026+00:00
20260331_1324_HARP14536_NOAA14404,2026_HARP14536_20260330_2124_20260331_1948,2026-03-31 13:24:00,14536,14404,0,saved,"(512, 512, 6)",gs://suryabench-sharp-pipeline-bamidele/jsoc_2025_2026_production_v1/samples_npz/2026/20260331_1324_HARP14536_NOAA14404.npz,success,2026-06-25T18:01:23.775084+00:00
20260331_1500_HARP14536_NOAA14404,2026_HARP14536_20260330_2124_20260331_1948,2026-03-31 15:00:00,14536,14404,0,saved,"(512, 512, 6)",gs://suryabench-sharp-pipeline-bamidele/jsoc_2025_2026_production_v1/samples_npz/2026/20260331_1500_HARP14536_NOAA14404.npz,success,2026-06-25T18:01:30.520844+00:00
20260331_1636_HARP14536_NOAA14404,2026_HARP14536_20260330_2124_20260331_1948,2026-03-31 16:36:00,14536,14404,0,saved,"(512, 512, 6)",gs://suryabench-sharp-pipeline-bamidele/jsoc_2025_2026_production_v1/samples_npz/2026/20260331_1636_HARP14536_NOAA14404.npz,success,2026-06-25T18:01:37.218834+00:00
20260331_1812_HARP14536_NOAA14404,2026_HARP14536_20260330_2124_20260331_1948,2026-03-31 18:12:00,14536,14404,1,saved,"(512, 512, 6)",gs://suryabench-sharp-pipeline-bamidele/jsoc_2025_2026_production_v1/samples_npz/2026/20260331_1812_HARP14536_NOAA14404.npz,success,2026-06-25T18:01:44.060677+00:00
20260331_1948_HARP14536_NOAA14404,2026_HARP14536_20260330_2124_20260331_1948,2026-03-31 19:48:00,14536,14404,1,saved,"(512, 512, 6)",gs://suryabench-sharp-pipeline-bamidele/jsoc_2025_2026_production_v1/samples_npz/2026/20260331_1948_HARP14536_NOAA14404.npz,success,2026-06-25T18:01:50.906811+00:00
20260331_0012_HARP14535_NOAA14405,2026_HARP14535_20260331_0012_20260331_2236,2026-03-31 00:12:00,14535,14405,0,saved,"(512, 512, 6)",gs://suryabench-sharp-pipeline-bamidele/jsoc_2025_2026_production_v1/samples_npz/2026/20260331_0012_HARP14535_NOAA14405.npz,success,2026-06-25T18:15:08.904983+00:00
20260331_0148_HARP14535_NOAA14405,2026_HARP14535_20260331_0012_20260331_2236,2026-03-31 01:48:00,14535,14405,0,saved,"(512, 512, 6)",gs://suryabench-sharp-pipeline-bamidele/jsoc_2025_2026_production_v1/samples_npz/2026/20260331_0148_HARP14535_NOAA14405.npz,success,2026-06-25T18:15:15.708867+00:00
20260331_0324_HARP14535_NOAA14405,2026_HARP14535_20260331_0012_20260331_2236,2026-03-31 03:24:00,14535,14405,0,saved,"(512, 512, 6)",gs://suryabench-sharp-pipeline-bamidele/jsoc_2025_2026_production_v1/samples_npz/2026/20260331_0324_HARP14535_NOAA14405.npz,success,2026-06-25T18:15:22.549160+00:00
20260331_0500_HARP14535_NOAA14405,2026_HARP14535_20260331_0012_20260331_2236,2026-03-31 05:00:00,14535,14405,0,saved,"(512, 512, 6)",gs://suryabench-sharp-pipeline-bamidele/jsoc_2025_2026_production_v1/samples_npz/2026/20260331_0500_HARP14535_NOAA14405.npz,success,2026-06-25T18:15:29.250307+00:00
20260331_0636_HARP14535_NOAA14405,2026_HARP14535_20260331_0012_20260331_2236,2026-03-31 06:36:00,14535,14405,0,saved,"(512, 512, 6)",gs://suryabench-sharp-pipeline-bamidele/jsoc_2025_2026_production_v1/samples_npz/2026/20260331_0636_HARP14535_NOAA14405.npz,success,2026-06-25T18:15:35.898995+00:00
20260331_0812_HARP14535_NOAA14405,2026_HARP14535_20260331_0012_20260331_2236,2026-03-31 08:12:00,14535,14405,0,saved,"(512, 512, 6)",gs://suryabench-sharp-pipeline-bamidele/jsoc_2025_2026_production_v1/samples_npz/2026/20260331_0812_HARP14535_NOAA14405.npz,success,2026-06-25T18:15:42.568864+00:00
20260331_0948_HARP14535_NOAA14405,2026_HARP14535_20260331_0012_20260331_2236,2026-03-31 09:48:00,14535,14405,0,saved,"(512, 512, 6)",gs://suryabench-sharp-pipeline-bamidele/jsoc_2025_2026_production_v1/samples_npz/2026/20260331_0948_HARP14535_NOAA14405.npz,success,2026-06-25T18:15:49.275018+00:00
20260331_1124_HARP14535_NOAA14405,2026_HARP14535_20260331_0012_20260331_2236,2026-03-31 11:24:00,14535,14405,0,saved,"(512, 512, 6)",gs://suryabench-sharp-pipeline-bamidele/jsoc_2025_2026_production_v1/samples_npz/2026/20260331_1124_HARP14535_NOAA14405.npz,success,2026-06-25T18:15:55.893356+00:00
20260331_1300_HARP14535_NOAA14405,2026_HARP14535_20260331_0012_20260331_2236,2026-03-31 13:00:00,14535,14405,0,saved,"(512, 512, 6)",gs://suryabench-sharp-pipeline-bamidele/jsoc_2025_2026_production_v1/samples_npz/2026/20260331_1300_HARP14535_NOAA14405.npz,success,2026-06-25T18:16:02.639221+00:00
20260331_1436_HARP14535_NOAA14405,2026_HARP14535_20260331_0012_20260331_2236,2026-03-31 14:36:00,14535,14405,0,saved,"(512, 512, 6)",gs://suryabench-sharp-pipeline-bamidele/jsoc_2025_2026_production_v1/samples_npz/2026/20260331_1436_HARP14535_NOAA14405.npz,success,2026-06-25T18:16:09.307616+00:00
20260331_1612_HARP14535_NOAA14405,2026_HARP14535_20260331_0012_20260331_2236,2026-03-31 16:12:00,14535,14405,0,saved,"(512, 512, 6)",gs://suryabench-sharp-pipeline-bamidele/jsoc_2025_2026_production_v1/samples_npz/2026/20260331_1612_HARP14535_NOAA14405.npz,success,2026-06-25T18:16:15.841260+00:00
20260331_1748_HARP14535_NOAA14405,2026_HARP14535_20260331_0012_20260331_2236,2026-03-31 17:48:00,14535,14405,0,saved,"(512, 512, 6)",gs://suryabench-sharp-pipeline-bamidele/jsoc_2025_2026_production_v1/samples_npz/2026/20260331_1748_HARP14535_NOAA14405.npz,success,2026-06-25T18:16:22.405260+00:00
20260331_1924_HARP14535_NOAA14405,2026_HARP14535_20260331_0012_20260331_2236,2026-03-31 19:24:00,14535,14405,0,saved,"(512, 512, 6)",gs://suryabench-sharp-pipeline-bamidele/jsoc_2025_2026_production_v1/samples_npz/2026/20260331_1924_HARP14535_NOAA14405.npz,success,2026-06-25T18:16:29.297675+00:00
20260331_2100_HARP14535_NOAA14405,2026_HARP14535_20260331_0012_20260331_2236,2026-03-31 21:00:00,14535,14405,0,saved,"(512, 512, 6)",gs://suryabench-sharp-pipeline-bamidele/jsoc_2025_2026_production_v1/samples_npz/2026/20260331_2100_HARP14535_NOAA14405.npz,success,2026-06-25T18:16:36.068770+00:00
20260331_2236_HARP14535_NOAA14405,2026_HARP14535_20260331_0012_20260331_2236,2026-03-31 22:36:00,14535,14405,0,saved,"(512, 512, 6)",gs://suryabench-sharp-pipeline-bamidele/jsoc_2025_2026_production_v1/samples_npz/2026/20260331_2236_HARP14535_NOAA14405.npz,success,2026-06-25T18:16:42.627805+00:00
20260331_1248_HARP14530_NOAA14403,2026_HARP14530_20260331_1248_20260331_1736,2026-03-31 12:48:00,14530,14403,0,saved,"(512, 512, 6)",gs://suryabench-sharp-pipeline-bamidele/jsoc_2025_2026_production_v1/samples_npz/2026/20260331_1248_HARP14530_NOAA14403.npz,success,2026-06-25T18:26:20.997337+00:00
20260331_1424_HARP14530_NOAA14403,2026_HARP14530_20260331_1248_20260331_1736,2026-03-31 14:24:00,14530,14403,0,saved,"(512, 512, 6)",gs://suryabench-sharp-pipeline-bamidele/jsoc_2025_2026_production_v1/samples_npz/2026/20260331_1424_HARP14530_NOAA14403.npz,success,2026-06-25T18:26:27.812442+00:00
20260331_1600_HARP14530_NOAA14403,2026_HARP14530_20260331_1248_20260331_1736,2026-03-31 16:00:00,14530,14403,0,saved,"(512, 512, 6)",gs://suryabench-sharp-pipeline-bamidele/jsoc_2025_2026_production_v1/samples_npz/2026/20260331_1600_HARP14530_NOAA14403.npz,success,2026-06-25T18:26:34.533414+00:00
20260331_1736_HARP14530_NOAA14403,2026_HARP14530_20260331_1248_20260331_1736,2026-03-31 17:36:00,14530,14403,0,saved,"(512, 512, 6)",gs://suryabench-sharp-pipeline-bamidele/jsoc_2025_2026_production_v1/samples_npz/2026/20260331_1736_HARP14530_NOAA14403.npz,success,2026-06-25T18:26:41.291695+00:00
20260331_2048_HARP14530_NOAA14403,2026_HARP14530_20260331_2048_20260401_1924,2026-03-31 20:48:00,14530,14403,0,saved,"(512, 512, 6)",gs://suryabench-sharp-pipeline-bamidele/jsoc_2025_2026_production_v1/samples_npz/2026/20260331_2048_HARP14530_NOAA14403.npz,success,2026-06-25T18:45:28.057015+00:00
20260331_2224_HARP14530_NOAA14403,2026_HARP14530_20260331_2048_20260401_1924,2026-03-31 22:24:00,14530,14403,0,saved,"(512, 512, 6)",gs://suryabench-sharp-pipeline-bamidele/jsoc_2025_2026_production_v1/samples_npz/2026/20260331_2224_HARP14530_NOAA14403.npz,success,2026-06-25T18:45:34.617391+00:00
20260401_0000_HARP14530_NOAA14403,2026_HARP14530_20260331_2048_20260401_1924,2026-04-01 00:00:00,14530,14403,0,saved,"(512, 512, 6)",gs://suryabench-sharp-pipeline-bamidele/jsoc_2025_2026_production_v1/samples_npz/2026/20260401_0000_HARP14530_NOAA14403.npz,success,2026-06-25T18:45:41.151074+00:00
20260401_0136_HARP14530_NOAA14403,2026_HARP14530_20260331_2048_20260401_1924,2026-04-01 01:36:00,14530,14403,0,saved,"(512, 512, 6)",gs://suryabench-sharp-pipeline-bamidele/jsoc_2025_2026_production_v1/samples_npz/2026/20260401_0136_HARP14530_NOAA14403.npz,success,2026-06-25T18:45:47.618925+00:00
20260401_0312_HARP14530_NOAA14403,2026_HARP14530_20260331_2048_20260401_1924,2026-04-01 03:12:00,14530,14403,0,saved,"(512, 512, 6)",gs://suryabench-sharp-pipeline-bamidele/jsoc_2025_2026_production_v1/samples_npz/2026/20260401_0312_HARP14530_NOAA14403.npz,success,2026-06-25T18:45:54.174086+00:00
20260401_0448_HARP14530_NOAA14403,2026_HARP14530_20260331_2048_20260401_1924,2026-04-01 04:48:00,14530,14403,0,saved,"(512, 512, 6)",gs://suryabench-sharp-pipeline-bamidele/jsoc_2025_2026_production_v1/samples_npz/2026/20260401_0448_HARP14530_NOAA14403.npz,success,2026-06-25T18:46:00.771311+00:00
20260401_0624_HARP14530_NOAA14403,2026_HARP14530_20260331_2048_20260401_1924,2026-04-01 06:24:00,14530,14403,0,saved,"(512, 512, 6)",gs://suryabench-sharp-pipeline-bamidele/jsoc_2025_2026_production_v1/samples_npz/2026/20260401_0624_HARP14530_NOAA14403.npz,success,2026-06-25T18:46:07.548064+00:00
20260401_0800_HARP14530_NOAA14403,2026_HARP14530_20260331_2048_20260401_1924,2026-04-01 08:00:00,14530,14403,0,saved,"(512, 512, 6)",gs://suryabench-sharp-pipeline-bamidele/jsoc_2025_2026_production_v1/samples_npz/2026/20260401_0800_HARP14530_NOAA14403.npz,success,2026-06-25T18:46:14.315242+00:00
20260401_0936_HARP14530_NOAA14403,2026_HARP14530_20260331_2048_20260401_1924,2026-04-01 09:36:00,14530,14403,0,saved,"(512, 512, 6)",gs://suryabench-sharp-pipeline-bamidele/jsoc_2025_2026_production_v1/samples_npz/2026/20260401_0936_HARP14530_NOAA14403.npz,success,2026-06-25T18:46:21.077750+00:00
20260401_1112_HARP14530_NOAA14403,2026_HARP14530_20260331_2048_20260401_1924,2026-04-01 11:12:00,14530,14403,0,saved,"(512, 512, 6)",gs://suryabench-sharp-pipeline-bamidele/jsoc_2025_2026_production_v1/samples_npz/2026/20260401_1112_HARP14530_NOAA14403.npz,success,2026-06-25T18:46:27.726288+00:00
20260401_1248_HARP14530_NOAA14403,2026_HARP14530_20260331_2048_20260401_1924,2026-04-01 12:48:00,14530,14403,0,saved,"(512, 512, 6)",gs://suryabench-sharp-pipeline-bamidele/jsoc_2025_2026_production_v1/samples_npz/2026/20260401_1248_HARP14530_NOAA14403.npz,success,2026-06-25T18:46:34.224009+00:00
20260401_1424_HARP14530_NOAA14403,2026_HARP14530_20260331_2048_20260401_1924,2026-04-01 14:24:00,14530,14403,0,saved,"(512, 512, 6)",gs://suryabench-sharp-pipeline-bamidele/jsoc_2025_2026_production_v1/samples_npz/2026/20260401_1424_HARP14530_NOAA14403.npz,success,2026-06-25T18:46:40.634500+00:00
20260401_1600_HARP14530_NOAA14403,2026_HARP14530_20260331_2048_20260401_1924,2026-04-01 16:00:00,14530,14403,0,saved,"(512, 512, 6)",gs://suryabench-sharp-pipeline-bamidele/jsoc_2025_2026_production_v1/samples_npz/2026/20260401_1600_HARP14530_NOAA14403.npz,success,2026-06-25T18:46:47.043758+00:00
20260401_1736_HARP14530_NOAA14403,2026_HARP14530_20260331_2048_20260401_1924,2026-04-01 17:36:00,14530,14403,0,saved,"(512, 512, 6)",gs://suryabench-sharp-pipeline-bamidele/jsoc_2025_2026_production_v1/samples_npz/2026/20260401_1736_HARP14530_NOAA14403.npz,success,2026-06-25T18:46:53.463116+00:00
20260401_1924_HARP14530_NOAA14403,2026_HARP14530_20260331_2048_20260401_1924,2026-04-01 19:24:00,14530,14403,0,saved,"(512, 512, 6)",gs://suryabench-sharp-pipeline-bamidele/jsoc_2025_2026_production_v1/samples_npz/2026/20260401_1924_HARP14530_NOAA14403.npz,success,2026-06-25T18:46:59.889202+00:00
20260331_2124_HARP14536_NOAA14404,2026_HARP14536_20260331_2124_20260401_2000,2026-03-31 21:24:00,14536,14404,1,saved,"(512, 512, 6)",gs://suryabench-sharp-pipeline-bamidele/jsoc_2025_2026_production_v1/samples_npz/2026/20260331_2124_HARP14536_NOAA14404.npz,success,2026-06-25T19:04:31.001234+00:00
20260331_2300_HARP14536_NOAA14404,2026_HARP14536_20260331_2124_20260401_2000,2026-03-31 23:00:00,14536,14404,1,saved,"(512, 512, 6)",gs://suryabench-sharp-pipeline-bamidele/jsoc_2025_2026_production_v1/samples_npz/2026/20260331_2300_HARP14536_NOAA14404.npz,success,2026-06-25T19:04:37.768929+00:00
20260401_0036_HARP14536_NOAA14404,2026_HARP14536_20260331_2124_20260401_2000,2026-04-01 00:36:00,14536,14404,1,saved,"(512, 512, 6)",gs://suryabench-sharp-pipeline-bamidele/jsoc_2025_2026_production_v1/samples_npz/2026/20260401_0036_HARP14536_NOAA14404.npz,success,2026-06-25T19:04:44.442287+00:00
20260401_0212_HARP14536_NOAA14404,2026_HARP14536_20260331_2124_20260401_2000,2026-04-01 02:12:00,14536,14404,1,saved,"(512, 512, 6)",gs://suryabench-sharp-pipeline-bamidele/jsoc_2025_2026_production_v1/samples_npz/2026/20260401_0212_HARP14536_NOAA14404.npz,success,2026-06-25T19:04:51.150174+00:00
20260401_0348_HARP14536_NOAA14404,2026_HARP14536_20260331_2124_20260401_2000,2026-04-01 03:48:00,14536,14404,1,saved,"(512, 512, 6)",gs://suryabench-sharp-pipeline-bamidele/jsoc_2025_2026_production_v1/samples_npz/2026/20260401_0348_HARP14536_NOAA14404.npz,success,2026-06-25T19:04:57.800473+00:00
20260401_0524_HARP14536_NOAA14404,2026_HARP14536_20260331_2124_20260401_2000,2026-04-01 05:24:00,14536,14404,1,saved,"(512, 512, 6)",gs://suryabench-sharp-pipeline-bamidele/jsoc_2025_2026_production_v1/samples_npz/2026/20260401_0524_HARP14536_NOAA14404.npz,success,2026-06-25T19:05:04.521808+00:00
20260401_0700_HARP14536_NOAA14404,2026_HARP14536_20260331_2124_20260401_2000,2026-04-01 07:00:00,14536,14404,1,saved,"(512, 512, 6)",gs://suryabench-sharp-pipeline-bamidele/jsoc_2025_2026_production_v1/samples_npz/2026/20260401_0700_HARP14536_NOAA14404.npz,success,2026-06-25T19:05:11.217095+00:00
20260401_0836_HARP14536_NOAA14404,2026_HARP14536_20260331_2124_20260401_2000,2026-04-01 08:36:00,14536,14404,1,saved,"(512, 512, 6)",gs://suryabench-sharp-pipeline-bamidele/jsoc_2025_2026_production_v1/samples_npz/2026/20260401_0836_HARP14536_NOAA14404.npz,success,2026-06-25T19:05:18.519420+00:00
20260401_1012_HARP14536_NOAA14404,2026_HARP14536_20260331_2124_20260401_2000,2026-04-01 10:12:00,14536,14404,1,saved,"(512, 512, 6)",gs://suryabench-sharp-pipeline-bamidele/jsoc_2025_2026_production_v1/samples_npz/2026/20260401_1012_HARP14536_NOAA14404.npz,success,2026-06-25T19:05:25.010382+00:00
20260401_1148_HARP14536_NOAA14404,2026_HARP14536_20260331_2124_20260401_2000,2026-04-01 11:48:00,14536,14404,1,saved,"(512, 512, 6)",gs://suryabench-sharp-pipeline-bamidele/jsoc_2025_2026_production_v1/samples_npz/2026/20260401_1148_HARP14536_NOAA14404.npz,success,2026-06-25T19:05:31.486302+00:00
20260401_1324_HARP14536_NOAA14404,2026_HARP14536_20260331_2124_20260401_2000,2026-04-01 13:24:00,14536,14404,1,saved,"(512, 512, 6)",gs://suryabench-sharp-pipeline-bamidele/jsoc_2025_2026_production_v1/samples_npz/2026/20260401_1324_HARP14536_NOAA14404.npz,success,2026-06-25T19:05:38.031963+00:00
20260401_1500_HARP14536_NOAA14404,2026_HARP14536_20260331_2124_20260401_2000,2026-04-01 15:00:00,14536,14404,1,saved,"(512, 512, 6)",gs://suryabench-sharp-pipeline-bamidele/jsoc_2025_2026_production_v1/samples_npz/2026/20260401_1500_HARP14536_NOAA14404.npz,success,2026-06-25T19:05:44.573216+00:00
20260401_1636_HARP14536_NOAA14404,2026_HARP14536_20260331_2124_20260401_2000,2026-04-01 16:36:00,14536,14404,1,saved,"(512, 512, 6)",gs://suryabench-sharp-pipeline-bamidele/jsoc_2025_2026_production_v1/samples_npz/2026/20260401_1636_HARP14536_NOAA14404.npz,success,2026-06-25T19:05:51.127864+00:00
20260401_1812_HARP14536_NOAA14404,2026_HARP14536_20260331_2124_20260401_2000,2026-04-01 18:12:00,14536,14404,1,saved,"(512, 512, 6)",gs://suryabench-sharp-pipeline-bamidele/jsoc_2025_2026_production_v1/samples_npz/2026/20260401_1812_HARP14536_NOAA14404.npz,success,2026-06-25T19:05:57.661483+00:00
20260401_2000_HARP14536_NOAA14404,2026_HARP14536_20260331_2124_20260401_2000,2026-04-01 20:00:00,14536,14404,1,saved,"(512, 512, 6)",gs://suryabench-sharp-pipeline-bamidele/jsoc_2025_2026_production_v1/samples_npz/2026/20260401_2000_HARP14536_NOAA14404.npz,success,2026-06-25T19:06:04.219295+00:00
20260401_0012_HARP14535_NOAA14405,2026_HARP14535_20260401_0012_20260401_2248,2026-04-01 00:12:00,14535,14405,0,saved,"(512, 512, 6)",gs://suryabench-sharp-pipeline-bamidele/jsoc_2025_2026_production_v1/samples_npz/2026/20260401_0012_HARP14535_NOAA14405.npz,success,2026-06-25T19:25:30.719561+00:00
20260401_0148_HARP14535_NOAA14405,2026_HARP14535_20260401_0012_20260401_2248,2026-04-01 01:48:00,14535,14405,0,saved,"(512, 512, 6)",gs://suryabench-sharp-pipeline-bamidele/jsoc_2025_2026_production_v1/samples_npz/2026/20260401_0148_HARP14535_NOAA14405.npz,success,2026-06-25T19:25:37.250470+00:00
20260401_0324_HARP14535_NOAA14405,2026_HARP14535_20260401_0012_20260401_2248,2026-04-01 03:24:00,14535,14405,0,saved,"(512, 512, 6)",gs://suryabench-sharp-pipeline-bamidele/jsoc_2025_2026_production_v1/samples_npz/2026/20260401_0324_HARP14535_NOAA14405.npz,success,2026-06-25T19:25:43.698415+00:00
20260401_0500_HARP14535_NOAA14405,2026_HARP14535_20260401_0012_20260401_2248,2026-04-01 05:00:00,14535,14405,0,saved,"(512, 512, 6)",gs://suryabench-sharp-pipeline-bamidele/jsoc_2025_2026_production_v1/samples_npz/2026/20260401_0500_HARP14535_NOAA14405.npz,success,2026-06-25T19:25:50.105156+00:00
20260401_0636_HARP14535_NOAA14405,2026_HARP14535_20260401_0012_20260401_2248,2026-04-01 06:36:00,14535,14405,0,saved,"(512, 512, 6)",gs://suryabench-sharp-pipeline-bamidele/jsoc_2025_2026_production_v1/samples_npz/2026/20260401_0636_HARP14535_NOAA14405.npz,success,2026-06-25T19:25:56.453619+00:00
20260401_0812_HARP14535_NOAA14405,2026_HARP14535_20260401_0012_20260401_2248,2026-04-01 08:12:00,14535,14405,0,saved,"(512, 512, 6)",gs://suryabench-sharp-pipeline-bamidele/jsoc_2025_2026_production_v1/samples_npz/2026/20260401_0812_HARP14535_NOAA14405.npz,success,2026-06-25T19:26:02.786735+00:00
20260401_0948_HARP14535_NOAA14405,2026_HARP14535_20260401_0012_20260401_2248,2026-04-01 09:48:00,14535,14405,0,saved,"(512, 512, 6)",gs://suryabench-sharp-pipeline-bamidele/jsoc_2025_2026_production_v1/samples_npz/2026/20260401_0948_HARP14535_NOAA14405.npz,success,2026-06-25T19:26:09.021831+00:00
20260401_1124_HARP14535_NOAA14405,2026_HARP14535_20260401_0012_20260401_2248,2026-04-01 11:24:00,14535,14405,0,saved,"(512, 512, 6)",gs://suryabench-sharp-pipeline-bamidele/jsoc_2025_2026_production_v1/samples_npz/2026/20260401_1124_HARP14535_NOAA14405.npz,success,2026-06-25T19:26:15.181634+00:00
20260401_1300_HARP14535_NOAA14405,2026_HARP14535_20260401_0012_20260401_2248,2026-04-01 13:00:00,14535,14405,0,saved,"(512, 512, 6)",gs://suryabench-sharp-pipeline-bamidele/jsoc_2025_2026_production_v1/samples_npz/2026/20260401_1300_HARP14535_NOAA14405.npz,success,2026-06-25T19:26:21.426833+00:00
20260401_1436_HARP14535_NOAA14405,2026_HARP14535_20260401_0012_20260401_2248,2026-04-01 14:36:00,14535,14405,0,saved,"(512, 512, 6)",gs://suryabench-sharp-pipeline-bamidele/jsoc_2025_2026_production_v1/samples_npz/2026/20260401_1436_HARP14535_NOAA14405.npz,success,2026-06-25T19:26:27.593704+00:00
20260401_1612_HARP14535_NOAA14405,2026_HARP14535_20260401_0012_20260401_2248,2026-04-01 16:12:00,14535,14405,0,saved,"(512, 512, 6)",gs://suryabench-sharp-pipeline-bamidele/jsoc_2025_2026_production_v1/samples_npz/2026/20260401_1612_HARP14535_NOAA14405.npz,success,2026-06-25T19:26:33.763285+00:00
20260401_1748_HARP14535_NOAA14405,2026_HARP14535_20260401_0012_20260401_2248,2026-04-01 17:48:00,14535,14405,0,saved,"(512, 512, 6)",gs://suryabench-sharp-pipeline-bamidele/jsoc_2025_2026_production_v1/samples_npz/2026/20260401_1748_HARP14535_NOAA14405.npz,success,2026-06-25T19:26:39.911437+00:00
20260401_1936_HARP14535_NOAA14405,2026_HARP14535_20260401_0012_20260401_2248,2026-04-01 19:36:00,14535,14405,0,saved,"(512, 512, 6)",gs://suryabench-sharp-pipeline-bamidele/jsoc_2025_2026_production_v1/samples_npz/2026/20260401_1936_HARP14535_NOAA14405.npz,success,2026-06-25T19:26:46.113583+00:00
20260401_2112_HARP14535_NOAA14405,2026_HARP14535_20260401_0012_20260401_2248,2026-04-01 21:12:00,14535,14405,0,saved,"(512, 512, 6)",gs://suryabench-sharp-pipeline-bamidele/jsoc_2025_2026_production_v1/samples_npz/2026/20260401_2112_HARP14535_NOAA14405.npz,success,2026-06-25T19:26:52.295209+00:00
20260401_2248_HARP14535_NOAA14405,2026_HARP14535_20260401_0012_20260401_2248,2026-04-01 22:48:00,14535,14405,0,saved,"(512, 512, 6)",gs://suryabench-sharp-pipeline-bamidele/jsoc_2025_2026_production_v1/samples_npz/2026/20260401_2248_HARP14535_NOAA14405.npz,success,2026-06-25T19:26:58.403056+00:00
20260401_2100_HARP14530_NOAA14403,2026_HARP14530_20260401_2100_20260402_0012,2026-04-01 21:00:00,14530,14403,0,saved,"(512, 512, 6)",gs://suryabench-sharp-pipeline-bamidele/jsoc_2025_2026_production_v1/samples_npz/2026/20260401_2100_HARP14530_NOAA14403.npz,success,2026-06-25T19:36:30.538904+00:00
20260401_2236_HARP14530_NOAA14403,2026_HARP14530_20260401_2100_20260402_0012,2026-04-01 22:36:00,14530,14403,0,saved,"(512, 512, 6)",gs://suryabench-sharp-pipeline-bamidele/jsoc_2025_2026_production_v1/samples_npz/2026/20260401_2236_HARP14530_NOAA14403.npz,success,2026-06-25T19:36:37.031958+00:00
20260402_0012_HARP14530_NOAA14403,2026_HARP14530_20260401_2100_20260402_0012,2026-04-02 00:12:00,14530,14403,0,saved,"(512, 512, 6)",gs://suryabench-sharp-pipeline-bamidele/jsoc_2025_2026_production_v1/samples_npz/2026/20260402_0012_HARP14530_NOAA14403.npz,success,2026-06-25T19:36:43.488490+00:00
20260401_2136_HARP14536_NOAA14404,2026_HARP14536_20260401_2136_20260402_2000,2026-04-01 21:36:00,14536,14404,1,saved,"(512, 512, 6)",gs://suryabench-sharp-pipeline-bamidele/jsoc_2025_2026_production_v1/samples_npz/2026/20260401_2136_HARP14536_NOAA14404.npz,success,2026-06-25T19:49:01.836035+00:00
20260401_2312_HARP14536_NOAA14404,2026_HARP14536_20260401_2136_20260402_2000,2026-04-01 23:12:00,14536,14404,1,saved,"(512, 512, 6)",gs://suryabench-sharp-pipeline-bamidele/jsoc_2025_2026_production_v1/samples_npz/2026/20260401_2312_HARP14536_NOAA14404.npz,success,2026-06-25T19:49:08.317131+00:00
20260402_0048_HARP14536_NOAA14404,2026_HARP14536_20260401_2136_20260402_2000,2026-04-02 00:48:00,14536,14404,1,saved,"(512, 512, 6)",gs://suryabench-sharp-pipeline-bamidele/jsoc_2025_2026_production_v1/samples_npz/2026/20260402_0048_HARP14536_NOAA14404.npz,success,2026-06-25T19:49:14.662507+00:00
20260402_0224_HARP14536_NOAA14404,2026_HARP14536_20260401_2136_20260402_2000,2026-04-02 02:24:00,14536,14404,1,saved,"(512, 512, 6)",gs://suryabench-sharp-pipeline-bamidele/jsoc_2025_2026_production_v1/samples_npz/2026/20260402_0224_HARP14536_NOAA14404.npz,success,2026-06-25T19:49:21.084498+00:00
20260402_0400_HARP14536_NOAA14404,2026_HARP14536_20260401_2136_20260402_2000,2026-04-02 04:00:00,14536,14404,1,saved,"(512, 512, 6)",gs://suryabench-sharp-pipeline-bamidele/jsoc_2025_2026_production_v1/samples_npz/2026/20260402_0400_HARP14536_NOAA14404.npz,success,2026-06-25T19:49:27.430803+00:00
20260402_0536_HARP14536_NOAA14404,2026_HARP14536_20260401_2136_20260402_2000,2026-04-02 05:36:00,14536,14404,1,saved,"(512, 512, 6)",gs://suryabench-sharp-pipeline-bamidele/jsoc_2025_2026_production_v1/samples_npz/2026/20260402_0536_HARP14536_NOAA14404.npz,success,2026-06-25T19:49:34.937505+00:00
20260402_0712_HARP14536_NOAA14404,2026_HARP14536_20260401_2136_20260402_2000,2026-04-02 07:12:00,14536,14404,1,saved,"(512, 512, 6)",gs://suryabench-sharp-pipeline-bamidele/jsoc_2025_2026_production_v1/samples_npz/2026/20260402_0712_HARP14536_NOAA14404.npz,success,2026-06-25T19:49:41.401499+00:00
20260402_0848_HARP14536_NOAA14404,2026_HARP14536_20260401_2136_20260402_2000,2026-04-02 08:48:00,14536,14404,1,saved,"(512, 512, 6)",gs://suryabench-sharp-pipeline-bamidele/jsoc_2025_2026_production_v1/samples_npz/2026/20260402_0848_HARP14536_NOAA14404.npz,success,2026-06-25T19:49:48.115952+00:00
20260402_1024_HARP14536_NOAA14404,2026_HARP14536_20260401_2136_20260402_2000,2026-04-02 10:24:00,14536,14404,1,saved,"(512, 512, 6)",gs://suryabench-sharp-pipeline-bamidele/jsoc_2025_2026_production_v1/samples_npz/2026/20260402_1024_HARP14536_NOAA14404.npz,success,2026-06-25T19:49:54.565241+00:00
20260402_1200_HARP14536_NOAA14404,2026_HARP14536_20260401_2136_20260402_2000,2026-04-02 12:00:00,14536,14404,1,saved,"(512, 512, 6)",gs://suryabench-sharp-pipeline-bamidele/jsoc_2025_2026_production_v1/samples_npz/2026/20260402_1200_HARP14536_NOAA14404.npz,success,2026-06-25T19:50:01.005135+00:00
20260402_1336_HARP14536_NOAA14404,2026_HARP14536_20260401_2136_20260402_2000,2026-04-02 13:36:00,14536,14404,1,saved,"(512, 512, 6)",gs://suryabench-sharp-pipeline-bamidele/jsoc_2025_2026_production_v1/samples_npz/2026/20260402_1336_HARP14536_NOAA14404.npz,success,2026-06-25T19:50:07.495952+00:00
20260402_1512_HARP14536_NOAA14404,2026_HARP14536_20260401_2136_20260402_2000,2026-04-02 15:12:00,14536,14404,1,saved,"(512, 512, 6)",gs://suryabench-sharp-pipeline-bamidele/jsoc_2025_2026_production_v1/samples_npz/2026/20260402_1512_HARP14536_NOAA14404.npz,success,2026-06-25T19:50:13.989255+00:00
20260402_1648_HARP14536_NOAA14404,2026_HARP14536_20260401_2136_20260402_2000,2026-04-02 16:48:00,14536,14404,1,saved,"(512, 512, 6)",gs://suryabench-sharp-pipeline-bamidele/jsoc_2025_2026_production_v1/samples_npz/2026/20260402_1648_HARP14536_NOAA14404.npz,success,2026-06-25T19:50:20.563775+00:00
20260402_1824_HARP14536_NOAA14404,2026_HARP14536_20260401_2136_20260402_2000,2026-04-02 18:24:00,14536,14404,0,saved,"(512, 512, 6)",gs://suryabench-sharp-pipeline-bamidele/jsoc_2025_2026_production_v1/samples_npz/2026/20260402_1824_HARP14536_NOAA14404.npz,success,2026-06-25T19:50:26.963212+00:00
20260402_2000_HARP14536_NOAA14404,2026_HARP14536_20260401_2136_20260402_2000,2026-04-02 20:00:00,14536,14404,0,saved,"(512, 512, 6)",gs://suryabench-sharp-pipeline-bamidele/jsoc_2025_2026_production_v1/samples_npz/2026/20260402_2000_HARP14536_NOAA14404.npz,success,2026-06-25T19:50:34.128997+00:00
20260401_2136_HARP14551_NOAA14408,2026_HARP14551_20260401_2136_20260402_2000,2026-04-01 21:36:00,14551,14408,0,saved,"(512, 512, 6)",gs://suryabench-sharp-pipeline-bamidele/jsoc_2025_2026_production_v1/samples_npz/2026/20260401_2136_HARP14551_NOAA14408.npz,success,2026-06-25T20:02:42.823109+00:00
20260401_2312_HARP14551_NOAA14408,2026_HARP14551_20260401_2136_20260402_2000,2026-04-01 23:12:00,14551,14408,0,saved,"(512, 512, 6)",gs://suryabench-sharp-pipeline-bamidele/jsoc_2025_2026_production_v1/samples_npz/2026/20260401_2312_HARP14551_NOAA14408.npz,success,2026-06-25T20:02:49.133920+00:00
20260402_0048_HARP14551_NOAA14408,2026_HARP14551_20260401_2136_20260402_2000,2026-04-02 00:48:00,14551,14408,0,saved,"(512, 512, 6)",gs://suryabench-sharp-pipeline-bamidele/jsoc_2025_2026_production_v1/samples_npz/2026/20260402_0048_HARP14551_NOAA14408.npz,success,2026-06-25T20:02:55.374060+00:00
20260402_0224_HARP14551_NOAA14408,2026_HARP14551_20260401_2136_20260402_2000,2026-04-02 02:24:00,14551,14408,0,saved,"(512, 512, 6)",gs://suryabench-sharp-pipeline-bamidele/jsoc_2025_2026_production_v1/samples_npz/2026/20260402_0224_HARP14551_NOAA14408.npz,success,2026-06-25T20:03:01.655691+00:00
20260402_0400_HARP14551_NOAA14408,2026_HARP14551_20260401_2136_20260402_2000,2026-04-02 04:00:00,14551,14408,0,saved,"(512, 512, 6)",gs://suryabench-sharp-pipeline-bamidele/jsoc_2025_2026_production_v1/samples_npz/2026/20260402_0400_HARP14551_NOAA14408.npz,success,2026-06-25T20:03:07.971478+00:00
20260402_0536_HARP14551_NOAA14408,2026_HARP14551_20260401_2136_20260402_2000,2026-04-02 05:36:00,14551,14408,0,saved,"(512, 512, 6)",gs://suryabench-sharp-pipeline-bamidele/jsoc_2025_2026_production_v1/samples_npz/2026/20260402_0536_HARP14551_NOAA14408.npz,success,2026-06-25T20:03:14.410234+00:00
20260402_0712_HARP14551_NOAA14408,2026_HARP14551_20260401_2136_20260402_2000,2026-04-02 07:12:00,14551,14408,0,saved,"(512, 512, 6)",gs://suryabench-sharp-pipeline-bamidele/jsoc_2025_2026_production_v1/samples_npz/2026/20260402_0712_HARP14551_NOAA14408.npz,success,2026-06-25T20:03:20.938924+00:00
20260402_0848_HARP14551_NOAA14408,2026_HARP14551_20260401_2136_20260402_2000,2026-04-02 08:48:00,14551,14408,0,saved,"(512, 512, 6)",gs://suryabench-sharp-pipeline-bamidele/jsoc_2025_2026_production_v1/samples_npz/2026/20260402_0848_HARP14551_NOAA14408.npz,success,2026-06-25T20:03:27.390255+00:00
20260402_1024_HARP14551_NOAA14408,2026_HARP14551_20260401_2136_20260402_2000,2026-04-02 10:24:00,14551,14408,0,saved,"(512, 512, 6)",gs://suryabench-sharp-pipeline-bamidele/jsoc_2025_2026_production_v1/samples_npz/2026/20260402_1024_HARP14551_NOAA14408.npz,success,2026-06-25T20:03:34.210813+00:00
20260402_1200_HARP14551_NOAA14408,2026_HARP14551_20260401_2136_20260402_2000,2026-04-02 12:00:00,14551,14408,0,saved,"(512, 512, 6)",gs://suryabench-sharp-pipeline-bamidele/jsoc_2025_2026_production_v1/samples_npz/2026/20260402_1200_HARP14551_NOAA14408.npz,success,2026-06-25T20:03:40.681590+00:00
20260402_1336_HARP14551_NOAA14408,2026_HARP14551_20260401_2136_20260402_2000,2026-04-02 13:36:00,14551,14408,0,saved,"(512, 512, 6)",gs://suryabench-sharp-pipeline-bamidele/jsoc_2025_2026_production_v1/samples_npz/2026/20260402_1336_HARP14551_NOAA14408.npz,success,2026-06-25T20:03:47.112306+00:00
20260402_1512_HARP14551_NOAA14408,2026_HARP14551_20260401_2136_20260402_2000,2026-04-02 15:12:00,14551,14408,0,saved,"(512, 512, 6)",gs://suryabench-sharp-pipeline-bamidele/jsoc_2025_2026_production_v1/samples_npz/2026/20260402_1512_HARP14551_NOAA14408.npz,success,2026-06-25T20:03:53.589769+00:00
20260402_1648_HARP14551_NOAA14408,2026_HARP14551_20260401_2136_20260402_2000,2026-04-02 16:48:00,14551,14408,0,saved,"(512, 512, 6)",gs://suryabench-sharp-pipeline-bamidele/jsoc_2025_2026_production_v1/samples_npz/2026/20260402_1648_HARP14551_NOAA14408.npz,success,2026-06-25T20:03:59.993815+00:00
20260402_1824_HARP14551_NOAA14408,2026_HARP14551_20260401_2136_20260402_2000,2026-04-02 18:24:00,14551,14408,0,saved,"(512, 512, 6)",gs://suryabench-sharp-pipeline-bamidele/jsoc_2025_2026_production_v1/samples_npz/2026/20260402_1824_HARP14551_NOAA14408.npz,success,2026-06-25T20:04:06.448289+00:00
20260402_2000_HARP14551_NOAA14408,2026_HARP14551_20260401_2136_20260402_2000,2026-04-02 20:00:00,14551,14408,0,saved,"(512, 512, 6)",gs://suryabench-sharp-pipeline-bamidele/jsoc_2025_2026_production_v1/samples_npz/2026/20260402_2000_HARP14551_NOAA14408.npz,success,2026-06-25T20:04:12.884970+00:00
20260402_0024_HARP14535_NOAA14405,2026_HARP14535_20260402_0024_20260402_1624,2026-04-02 00:24:00,14535,14405,0,saved,"(512, 512, 6)",gs://suryabench-sharp-pipeline-bamidele/jsoc_2025_2026_production_v1/samples_npz/2026/20260402_0024_HARP14535_NOAA14405.npz,success,2026-06-25T20:14:34.481887+00:00
20260402_0200_HARP14535_NOAA14405,2026_HARP14535_20260402_0024_20260402_1624,2026-04-02 02:00:00,14535,14405,0,saved,"(512, 512, 6)",gs://suryabench-sharp-pipeline-bamidele/jsoc_2025_2026_production_v1/samples_npz/2026/20260402_0200_HARP14535_NOAA14405.npz,success,2026-06-25T20:14:40.755010+00:00
20260402_0336_HARP14535_NOAA14405,2026_HARP14535_20260402_0024_20260402_1624,2026-04-02 03:36:00,14535,14405,0,saved,"(512, 512, 6)",gs://suryabench-sharp-pipeline-bamidele/jsoc_2025_2026_production_v1/samples_npz/2026/20260402_0336_HARP14535_NOAA14405.npz,success,2026-06-25T20:14:46.919664+00:00
20260402_0512_HARP14535_NOAA14405,2026_HARP14535_20260402_0024_20260402_1624,2026-04-02 05:12:00,14535,14405,0,saved,"(512, 512, 6)",gs://suryabench-sharp-pipeline-bamidele/jsoc_2025_2026_production_v1/samples_npz/2026/20260402_0512_HARP14535_NOAA14405.npz,success,2026-06-25T20:14:53.133224+00:00
20260402_0648_HARP14535_NOAA14405,2026_HARP14535_20260402_0024_20260402_1624,2026-04-02 06:48:00,14535,14405,0,saved,"(512, 512, 6)",gs://suryabench-sharp-pipeline-bamidele/jsoc_2025_2026_production_v1/samples_npz/2026/20260402_0648_HARP14535_NOAA14405.npz,success,2026-06-25T20:14:59.375980+00:00
20260402_0824_HARP14535_NOAA14405,2026_HARP14535_20260402_0024_20260402_1624,2026-04-02 08:24:00,14535,14405,0,saved,"(512, 512, 6)",gs://suryabench-sharp-pipeline-bamidele/jsoc_2025_2026_production_v1/samples_npz/2026/20260402_0824_HARP14535_NOAA14405.npz,success,2026-06-25T20:15:05.572356+00:00
20260402_1000_HARP14535_NOAA14405,2026_HARP14535_20260402_0024_20260402_1624,2026-04-02 10:00:00,14535,14405,0,saved,"(512, 512, 6)",gs://suryabench-sharp-pipeline-bamidele/jsoc_2025_2026_production_v1/samples_npz/2026/20260402_1000_HARP14535_NOAA14405.npz,success,2026-06-25T20:15:11.776902+00:00
20260402_1136_HARP14535_NOAA14405,2026_HARP14535_20260402_0024_20260402_1624,2026-04-02 11:36:00,14535,14405,0,saved,"(512, 512, 6)",gs://suryabench-sharp-pipeline-bamidele/jsoc_2025_2026_production_v1/samples_npz/2026/20260402_1136_HARP14535_NOAA14405.npz,success,2026-06-25T20:15:17.939848+00:00
20260402_1312_HARP14535_NOAA14405,2026_HARP14535_20260402_0024_20260402_1624,2026-04-02 13:12:00,14535,14405,0,saved,"(512, 512, 6)",gs://suryabench-sharp-pipeline-bamidele/jsoc_2025_2026_production_v1/samples_npz/2026/20260402_1312_HARP14535_NOAA14405.npz,success,2026-06-25T20:15:24.121287+00:00
20260402_1448_HARP14535_NOAA14405,2026_HARP14535_20260402_0024_20260402_1624,2026-04-02 14:48:00,14535,14405,0,saved,"(512, 512, 6)",gs://suryabench-sharp-pipeline-bamidele/jsoc_2025_2026_production_v1/samples_npz/2026/20260402_1448_HARP14535_NOAA14405.npz,success,2026-06-25T20:15:30.260592+00:00
20260402_1624_HARP14535_NOAA14405,2026_HARP14535_20260402_0024_20260402_1624,2026-04-02 16:24:00,14535,14405,0,saved,"(512, 512, 6)",gs://suryabench-sharp-pipeline-bamidele/jsoc_2025_2026_production_v1/samples_npz/2026/20260402_1624_HARP14535_NOAA14405.npz,success,2026-06-25T20:15:36.368871+00:00
20260402_1936_HARP14535_NOAA14405,2026_HARP14535_20260402_1936_20260403_1624,2026-04-02 19:36:00,14535,14405,0,saved,"(512, 512, 6)",gs://suryabench-sharp-pipeline-bamidele/jsoc_2025_2026_production_v1/samples_npz/2026/20260402_1936_HARP14535_NOAA14405.npz,success,2026-06-25T20:26:45.405638+00:00
20260402_2112_HARP14535_NOAA14405,2026_HARP14535_20260402_1936_20260403_1624,2026-04-02 21:12:00,14535,14405,0,saved,"(512, 512, 6)",gs://suryabench-sharp-pipeline-bamidele/jsoc_2025_2026_production_v1/samples_npz/2026/20260402_2112_HARP14535_NOAA14405.npz,success,2026-06-25T20:26:51.604025+00:00
20260402_2248_HARP14535_NOAA14405,2026_HARP14535_20260402_1936_20260403_1624,2026-04-02 22:48:00,14535,14405,0,saved,"(512, 512, 6)",gs://suryabench-sharp-pipeline-bamidele/jsoc_2025_2026_production_v1/samples_npz/2026/20260402_2248_HARP14535_NOAA14405.npz,success,2026-06-25T20:26:57.706168+00:00
20260403_0024_HARP14535_NOAA14405,2026_HARP14535_20260402_1936_20260403_1624,2026-04-03 00:24:00,14535,14405,0,saved,"(512, 512, 6)",gs://suryabench-sharp-pipeline-bamidele/jsoc_2025_2026_production_v1/samples_npz/2026/20260403_0024_HARP14535_NOAA14405.npz,success,2026-06-25T20:27:03.796990+00:00
20260403_0200_HARP14535_NOAA14405,2026_HARP14535_20260402_1936_20260403_1624,2026-04-03 02:00:00,14535,14405,0,saved,"(512, 512, 6)",gs://suryabench-sharp-pipeline-bamidele/jsoc_2025_2026_production_v1/samples_npz/2026/20260403_0200_HARP14535_NOAA14405.npz,success,2026-06-25T20:27:09.885832+00:00
20260403_0336_HARP14535_NOAA14405,2026_HARP14535_20260402_1936_20260403_1624,2026-04-03 03:36:00,14535,14405,0,saved,"(512, 512, 6)",gs://suryabench-sharp-pipeline-bamidele/jsoc_2025_2026_production_v1/samples_npz/2026/20260403_0336_HARP14535_NOAA14405.npz,success,2026-06-25T20:27:16.145091+00:00
20260403_0512_HARP14535_NOAA14405,2026_HARP14535_20260402_1936_20260403_1624,2026-04-03 05:12:00,14535,14405,0,saved,"(512, 512, 6)",gs://suryabench-sharp-pipeline-bamidele/jsoc_2025_2026_production_v1/samples_npz/2026/20260403_0512_HARP14535_NOAA14405.npz,success,2026-06-25T20:27:22.354844+00:00
20260403_0648_HARP14535_NOAA14405,2026_HARP14535_20260402_1936_20260403_1624,2026-04-03 06:48:00,14535,14405,0,saved,"(512, 512, 6)",gs://suryabench-sharp-pipeline-bamidele/jsoc_2025_2026_production_v1/samples_npz/2026/20260403_0648_HARP14535_NOAA14405.npz,success,2026-06-25T20:27:28.443662+00:00
20260403_0824_HARP14535_NOAA14405,2026_HARP14535_20260402_1936_20260403_1624,2026-04-03 08:24:00,14535,14405,0,saved,"(512, 512, 6)",gs://suryabench-sharp-pipeline-bamidele/jsoc_2025_2026_production_v1/samples_npz/2026/20260403_0824_HARP14535_NOAA14405.npz,success,2026-06-25T20:27:34.583629+00:00
20260403_1000_HARP14535_NOAA14405,2026_HARP14535_20260402_1936_20260403_1624,2026-04-03 10:00:00,14535,14405,0,saved,"(512, 512, 6)",gs://suryabench-sharp-pipeline-bamidele/jsoc_2025_2026_production_v1/samples_npz/2026/20260403_1000_HARP14535_NOAA14405.npz,success,2026-06-25T20:27:40.702473+00:00
20260403_1136_HARP14535_NOAA14405,2026_HARP14535_20260402_1936_20260403_1624,2026-04-03 11:36:00,14535,14405,0,saved,"(512, 512, 6)",gs://suryabench-sharp-pipeline-bamidele/jsoc_2025_2026_production_v1/samples_npz/2026/20260403_1136_HARP14535_NOAA14405.npz,success,2026-06-25T20:27:47.294085+00:00
20260403_1312_HARP14535_NOAA14405,2026_HARP14535_20260402_1936_20260403_1624,2026-04-03 13:12:00,14535,14405,0,saved,"(512, 512, 6)",gs://suryabench-sharp-pipeline-bamidele/jsoc_2025_2026_production_v1/samples_npz/2026/20260403_1312_HARP14535_NOAA14405.npz,success,2026-06-25T20:27:53.503183+00:00
20260403_1448_HARP14535_NOAA14405,2026_HARP14535_20260402_1936_20260403_1624,2026-04-03 14:48:00,14535,14405,0,saved,"(512, 512, 6)",gs://suryabench-sharp-pipeline-bamidele/jsoc_2025_2026_production_v1/samples_npz/2026/20260403_1448_HARP14535_NOAA14405.npz,success,2026-06-25T20:27:59.612144+00:00
20260403_1624_HARP14535_NOAA14405,2026_HARP14535_20260402_1936_20260403_1624,2026-04-03 16:24:00,14535,14405,0,saved,"(512, 512, 6)",gs://suryabench-sharp-pipeline-bamidele/jsoc_2025_2026_production_v1/samples_npz/2026/20260403_1624_HARP14535_NOAA14405.npz,success,2026-06-25T20:28:05.780742+00:00
20260402_2136_HARP14536_NOAA14404,2026_HARP14536_20260402_2136_20260403_2000,2026-04-02 21:36:00,14536,14404,0,saved,"(512, 512, 6)",gs://suryabench-sharp-pipeline-bamidele/jsoc_2025_2026_production_v1/samples_npz/2026/20260402_2136_HARP14536_NOAA14404.npz,success,2026-06-25T20:41:17.411733+00:00
20260402_2312_HARP14536_NOAA14404,2026_HARP14536_20260402_2136_20260403_2000,2026-04-02 23:12:00,14536,14404,0,saved,"(512, 512, 6)",gs://suryabench-sharp-pipeline-bamidele/jsoc_2025_2026_production_v1/samples_npz/2026/20260402_2312_HARP14536_NOAA14404.npz,success,2026-06-25T20:41:24.015092+00:00
20260403_0048_HARP14536_NOAA14404,2026_HARP14536_20260402_2136_20260403_2000,2026-04-03 00:48:00,14536,14404,0,saved,"(512, 512, 6)",gs://suryabench-sharp-pipeline-bamidele/jsoc_2025_2026_production_v1/samples_npz/2026/20260403_0048_HARP14536_NOAA14404.npz,success,2026-06-25T20:41:30.557803+00:00
20260403_0224_HARP14536_NOAA14404,2026_HARP14536_20260402_2136_20260403_2000,2026-04-03 02:24:00,14536,14404,0,saved,"(512, 512, 6)",gs://suryabench-sharp-pipeline-bamidele/jsoc_2025_2026_production_v1/samples_npz/2026/20260403_0224_HARP14536_NOAA14404.npz,success,2026-06-25T20:41:37.105354+00:00
20260403_0400_HARP14536_NOAA14404,2026_HARP14536_20260402_2136_20260403_2000,2026-04-03 04:00:00,14536,14404,0,saved,"(512, 512, 6)",gs://suryabench-sharp-pipeline-bamidele/jsoc_2025_2026_production_v1/samples_npz/2026/20260403_0400_HARP14536_NOAA14404.npz,success,2026-06-25T20:41:43.540831+00:00
20260403_0536_HARP14536_NOAA14404,2026_HARP14536_20260402_2136_20260403_2000,2026-04-03 05:36:00,14536,14404,0,saved,"(512, 512, 6)",gs://suryabench-sharp-pipeline-bamidele/jsoc_2025_2026_production_v1/samples_npz/2026/20260403_0536_HARP14536_NOAA14404.npz,success,2026-06-25T20:41:50.352123+00:00
20260403_0712_HARP14536_NOAA14404,2026_HARP14536_20260402_2136_20260403_2000,2026-04-03 07:12:00,14536,14404,0,saved,"(512, 512, 6)",gs://suryabench-sharp-pipeline-bamidele/jsoc_2025_2026_production_v1/samples_npz/2026/20260403_0712_HARP14536_NOAA14404.npz,success,2026-06-25T20:41:56.839607+00:00
20260403_0848_HARP14536_NOAA14404,2026_HARP14536_20260402_2136_20260403_2000,2026-04-03 08:48:00,14536,14404,0,saved,"(512, 512, 6)",gs://suryabench-sharp-pipeline-bamidele/jsoc_2025_2026_production_v1/samples_npz/2026/20260403_0848_HARP14536_NOAA14404.npz,success,2026-06-25T20:42:03.363002+00:00
20260403_1024_HARP14536_NOAA14404,2026_HARP14536_20260402_2136_20260403_2000,2026-04-03 10:24:00,14536,14404,0,saved,"(512, 512, 6)",gs://suryabench-sharp-pipeline-bamidele/jsoc_2025_2026_production_v1/samples_npz/2026/20260403_1024_HARP14536_NOAA14404.npz,success,2026-06-25T20:42:09.891930+00:00
20260403_1200_HARP14536_NOAA14404,2026_HARP14536_20260402_2136_20260403_2000,2026-04-03 12:00:00,14536,14404,0,saved,"(512, 512, 6)",gs://suryabench-sharp-pipeline-bamidele/jsoc_2025_2026_production_v1/samples_npz/2026/20260403_1200_HARP14536_NOAA14404.npz,success,2026-06-25T20:42:16.322183+00:00
20260403_1336_HARP14536_NOAA14404,2026_HARP14536_20260402_2136_20260403_2000,2026-04-03 13:36:00,14536,14404,0,saved,"(512, 512, 6)",gs://suryabench-sharp-pipeline-bamidele/jsoc_2025_2026_production_v1/samples_npz/2026/20260403_1336_HARP14536_NOAA14404.npz,success,2026-06-25T20:42:22.807034+00:00
20260403_1512_HARP14536_NOAA14404,2026_HARP14536_20260402_2136_20260403_2000,2026-04-03 15:12:00,14536,14404,0,saved,"(512, 512, 6)",gs://suryabench-sharp-pipeline-bamidele/jsoc_2025_2026_production_v1/samples_npz/2026/20260403_1512_HARP14536_NOAA14404.npz,success,2026-06-25T20:42:29.274013+00:00
20260403_1648_HARP14536_NOAA14404,2026_HARP14536_20260402_2136_20260403_2000,2026-04-03 16:48:00,14536,14404,0,saved,"(512, 512, 6)",gs://suryabench-sharp-pipeline-bamidele/jsoc_2025_2026_production_v1/samples_npz/2026/20260403_1648_HARP14536_NOAA14404.npz,success,2026-06-25T20:42:35.685655+00:00
20260403_1824_HARP14536_NOAA14404,2026_HARP14536_20260402_2136_20260403_2000,2026-04-03 18:24:00,14536,14404,0,saved,"(512, 512, 6)",gs://suryabench-sharp-pipeline-bamidele/jsoc_2025_2026_production_v1/samples_npz/2026/20260403_1824_HARP14536_NOAA14404.npz,success,2026-06-25T20:42:42.132202+00:00
20260403_2000_HARP14536_NOAA14404,2026_HARP14536_20260402_2136_20260403_2000,2026-04-03 20:00:00,14536,14404,0,saved,"(512, 512, 6)",gs://suryabench-sharp-pipeline-bamidele/jsoc_2025_2026_production_v1/samples_npz/2026/20260403_2000_HARP14536_NOAA14404.npz,success,2026-06-25T20:42:48.601373+00:00
20260402_2136_HARP14551_NOAA14408,2026_HARP14551_20260402_2136_20260403_2000,2026-04-02 21:36:00,14551,14408,0,saved,"(512, 512, 6)",gs://suryabench-sharp-pipeline-bamidele/jsoc_2025_2026_production_v1/samples_npz/2026/20260402_2136_HARP14551_NOAA14408.npz,success,2026-06-25T20:53:54.362616+00:00
20260402_2312_HARP14551_NOAA14408,2026_HARP14551_20260402_2136_20260403_2000,2026-04-02 23:12:00,14551,14408,0,saved,"(512, 512, 6)",gs://suryabench-sharp-pipeline-bamidele/jsoc_2025_2026_production_v1/samples_npz/2026/20260402_2312_HARP14551_NOAA14408.npz,success,2026-06-25T20:54:00.710200+00:00
20260403_0048_HARP14551_NOAA14408,2026_HARP14551_20260402_2136_20260403_2000,2026-04-03 00:48:00,14551,14408,0,saved,"(512, 512, 6)",gs://suryabench-sharp-pipeline-bamidele/jsoc_2025_2026_production_v1/samples_npz/2026/20260403_0048_HARP14551_NOAA14408.npz,success,2026-06-25T20:54:06.921078+00:00
20260403_0224_HARP14551_NOAA14408,2026_HARP14551_20260402_2136_20260403_2000,2026-04-03 02:24:00,14551,14408,0,saved,"(512, 512, 6)",gs://suryabench-sharp-pipeline-bamidele/jsoc_2025_2026_production_v1/samples_npz/2026/20260403_0224_HARP14551_NOAA14408.npz,success,2026-06-25T20:54:13.051961+00:00
20260403_0400_HARP14551_NOAA14408,2026_HARP14551_20260402_2136_20260403_2000,2026-04-03 04:00:00,14551,14408,0,saved,"(512, 512, 6)",gs://suryabench-sharp-pipeline-bamidele/jsoc_2025_2026_production_v1/samples_npz/2026/20260403_0400_HARP14551_NOAA14408.npz,success,2026-06-25T20:54:19.227370+00:00
20260403_0536_HARP14551_NOAA14408,2026_HARP14551_20260402_2136_20260403_2000,2026-04-03 05:36:00,14551,14408,0,saved,"(512, 512, 6)",gs://suryabench-sharp-pipeline-bamidele/jsoc_2025_2026_production_v1/samples_npz/2026/20260403_0536_HARP14551_NOAA14408.npz,success,2026-06-25T20:54:25.429115+00:00
20260403_0712_HARP14551_NOAA14408,2026_HARP14551_20260402_2136_20260403_2000,2026-04-03 07:12:00,14551,14408,0,saved,"(512, 512, 6)",gs://suryabench-sharp-pipeline-bamidele/jsoc_2025_2026_production_v1/samples_npz/2026/20260403_0712_HARP14551_NOAA14408.npz,success,2026-06-25T20:54:31.611511+00:00
20260403_0848_HARP14551_NOAA14408,2026_HARP14551_20260402_2136_20260403_2000,2026-04-03 08:48:00,14551,14408,0,saved,"(512, 512, 6)",gs://suryabench-sharp-pipeline-bamidele/jsoc_2025_2026_production_v1/samples_npz/2026/20260403_0848_HARP14551_NOAA14408.npz,success,2026-06-25T20:54:37.800363+00:00
20260403_1024_HARP14551_NOAA14408,2026_HARP14551_20260402_2136_20260403_2000,2026-04-03 10:24:00,14551,14408,0,saved,"(512, 512, 6)",gs://suryabench-sharp-pipeline-bamidele/jsoc_2025_2026_production_v1/samples_npz/2026/20260403_1024_HARP14551_NOAA14408.npz,success,2026-06-25T20:54:43.971721+00:00
20260403_1200_HARP14551_NOAA14408,2026_HARP14551_20260402_2136_20260403_2000,2026-04-03 12:00:00,14551,14408,0,saved,"(512, 512, 6)",gs://suryabench-sharp-pipeline-bamidele/jsoc_2025_2026_production_v1/samples_npz/2026/20260403_1200_HARP14551_NOAA14408.npz,success,2026-06-25T20:54:50.098277+00:00
20260403_1336_HARP14551_NOAA14408,2026_HARP14551_20260402_2136_20260403_2000,2026-04-03 13:36:00,14551,14408,0,saved,"(512, 512, 6)",gs://suryabench-sharp-pipeline-bamidele/jsoc_2025_2026_production_v1/samples_npz/2026/20260403_1336_HARP14551_NOAA14408.npz,success,2026-06-25T20:54:56.426510+00:00
20260403_1512_HARP14551_NOAA14408,2026_HARP14551_20260402_2136_20260403_2000,2026-04-03 15:12:00,14551,14408,0,saved,"(512, 512, 6)",gs://suryabench-sharp-pipeline-bamidele/jsoc_2025_2026_production_v1/samples_npz/2026/20260403_1512_HARP14551_NOAA14408.npz,success,2026-06-25T20:55:02.515085+00:00
20260403_1648_HARP14551_NOAA14408,2026_HARP14551_20260402_2136_20260403_2000,2026-04-03 16:48:00,14551,14408,0,saved,"(512, 512, 6)",gs://suryabench-sharp-pipeline-bamidele/jsoc_2025_2026_production_v1/samples_npz/2026/20260403_1648_HARP14551_NOAA14408.npz,success,2026-06-25T20:55:08.649967+00:00
20260403_1824_HARP14551_NOAA14408,2026_HARP14551_20260402_2136_20260403_2000,2026-04-03 18:24:00,14551,14408,0,saved,"(512, 512, 6)",gs://suryabench-sharp-pipeline-bamidele/jsoc_2025_2026_production_v1/samples_npz/2026/20260403_1824_HARP14551_NOAA14408.npz,success,2026-06-25T20:55:14.757177+00:00
20260403_2000_HARP14551_NOAA14408,2026_HARP14551_20260402_2136_20260403_2000,2026-04-03 20:00:00,14551,14408,0,saved,"(512, 512, 6)",gs://suryabench-sharp-pipeline-bamidele/jsoc_2025_2026_production_v1/samples_npz/2026/20260403_2000_HARP14551_NOAA14408.npz,success,2026-06-25T20:55:20.993140+00:00
20260403_1936_HARP14535_NOAA14405,2026_HARP14535_20260403_1936_20260403_2248,2026-04-03 19:36:00,14535,14405,0,saved,"(512, 512, 6)",gs://suryabench-sharp-pipeline-bamidele/jsoc_2025_2026_production_v1/samples_npz/2026/20260403_1936_HARP14535_NOAA14405.npz,success,2026-06-25T21:02:30.085251+00:00
20260403_2112_HARP14535_NOAA14405,2026_HARP14535_20260403_1936_20260403_2248,2026-04-03 21:12:00,14535,14405,0,saved,"(512, 512, 6)",gs://suryabench-sharp-pipeline-bamidele/jsoc_2025_2026_production_v1/samples_npz/2026/20260403_2112_HARP14535_NOAA14405.npz,success,2026-06-25T21:02:36.475160+00:00
20260403_2248_HARP14535_NOAA14405,2026_HARP14535_20260403_1936_20260403_2248,2026-04-03 22:48:00,14535,14405,0,saved,"(512, 512, 6)",gs://suryabench-sharp-pipeline-bamidele/jsoc_2025_2026_production_v1/samples_npz/2026/20260403_2248_HARP14535_NOAA14405.npz,success,2026-06-25T21:02:42.815372+00:00
20260403_2136_HARP14536_NOAA14404,2026_HARP14536_20260403_2136_20260403_2312,2026-04-03 21:36:00,14536,14404,0,saved,"(512, 512, 6)",gs://suryabench-sharp-pipeline-bamidele/jsoc_2025_2026_production_v1/samples_npz/2026/20260403_2136_HARP14536_NOAA14404.npz,success,2026-06-25T21:10:10.524121+00:00
20260403_2312_HARP14536_NOAA14404,2026_HARP14536_20260403_2136_20260403_2312,2026-04-03 23:12:00,14536,14404,0,saved,"(512, 512, 6)",gs://suryabench-sharp-pipeline-bamidele/jsoc_2025_2026_production_v1/samples_npz/2026/20260403_2312_HARP14536_NOAA14404.npz,success,2026-06-25T21:10:17.129528+00:00
20260403_2136_HARP14551_NOAA14408,2026_HARP14551_20260403_2136_20260403_2312,2026-04-03 21:36:00,14551,14408,0,saved,"(512, 512, 6)",gs://suryabench-sharp-pipeline-bamidele/jsoc_2025_2026_production_v1/samples_npz/2026/20260403_2136_HARP14551_NOAA14408.npz,success,2026-06-25T21:18:25.145228+00:00
20260403_2312_HARP14551_NOAA14408,2026_HARP14551_20260403_2136_20260403_2312,2026-04-03 23:12:00,14551,14408,0,saved,"(512, 512, 6)",gs://suryabench-sharp-pipeline-bamidele/jsoc_2025_2026_production_v1/samples_npz/2026/20260403_2312_HARP14551_NOAA14408.npz,success,2026-06-25T21:18:31.442239+00:00
20260125_1136_HARP14305_NOAA14349,2026_HARP14305_20260125_1000_20260125_1624,2026-01-25 11:36:00,14305,14349,0,error,,,"ValueError('Target crop leaves block patch: bounds=(9, 1835, 3, 1829), shape=(1834, 1834)')",2026-06-26T03:15:09.574170+00:00
20260125_1312_HARP14305_NOAA14349,2026_HARP14305_20260125_1000_20260125_1624,2026-01-25 13:12:00,14305,14349,0,error,,,"ValueError('Target crop leaves block patch: bounds=(-8, 1841, -8, 1841), shape=(1834, 1834)')",2026-06-26T03:15:11.666564+00:00
20260125_1448_HARP14305_NOAA14349,2026_HARP14305_20260125_1000_20260125_1624,2026-01-25 14:48:00,14305,14349,0,error,,,"ValueError('Target crop leaves block patch: bounds=(-18, 1845, -14, 1849), shape=(1834, 1834)')",2026-06-26T03:15:13.707154+00:00
20260125_1624_HARP14305_NOAA14349,2026_HARP14305_20260125_1000_20260125_1624,2026-01-25 16:24:00,14305,14349,0,error,,,"ValueError('Target crop leaves block patch: bounds=(-27, 1849, -21, 1855), shape=(1834, 1834)')",2026-06-26T03:15:15.735376+00:00
20260125_1948_HARP14305_NOAA14349,2026_HARP14305_20260125_1948_20260126_0524,2026-01-25 19:48:00,14305,14349,0,error,,,"ValueError('Target crop leaves block patch: bounds=(-58, 1931, -62, 1927), shape=(1834, 1834)')",2026-06-26T03:15:28.259931+00:00
20260125_2124_HARP14305_NOAA14349,2026_HARP14305_20260125_1948_20260126_0524,2026-01-25 21:24:00,14305,14349,0,error,,,"ValueError('Target crop leaves block patch: bounds=(-78, 1936, -81, 1933), shape=(1834, 1834)')",2026-06-26T03:15:30.310568+00:00
20260125_2300_HARP14305_NOAA14349,2026_HARP14305_20260125_1948_20260126_0524,2026-01-25 23:00:00,14305,14349,0,error,,,"ValueError('Target crop leaves block patch: bounds=(-95, 1940, -95, 1940), shape=(1834, 1834)')",2026-06-26T03:15:32.341717+00:00
20260126_0036_HARP14305_NOAA14349,2026_HARP14305_20260125_1948_20260126_0524,2026-01-26 00:36:00,14305,14349,0,error,,,"ValueError('Target crop leaves block patch: bounds=(-111, 1944, -112, 1944), shape=(1834, 1834)')",2026-06-26T03:15:34.402205+00:00
20260126_0212_HARP14305_NOAA14349,2026_HARP14305_20260125_1948_20260126_0524,2026-01-26 02:12:00,14305,14349,0,error,,,"ValueError('Target crop leaves block patch: bounds=(-121, 1948, -121, 1949), shape=(1834, 1834)')",2026-06-26T03:15:36.449666+00:00
20260126_0348_HARP14305_NOAA14349,2026_HARP14305_20260125_1948_20260126_0524,2026-01-26 03:48:00,14305,14349,0,error,,,"ValueError('Target crop leaves block patch: bounds=(-131, 1951, -129, 1953), shape=(1834, 1834)')",2026-06-26T03:15:38.508374+00:00
20260126_0524_HARP14305_NOAA14349,2026_HARP14305_20260125_1948_20260126_0524,2026-01-26 05:24:00,14305,14349,0,error,,,"ValueError('Target crop leaves block patch: bounds=(-139, 1954, -137, 1956), shape=(1834, 1834)')",2026-06-26T03:15:40.574934+00:00
20260126_1112_HARP14305_NOAA14349,2026_HARP14305_20260126_1112_20260127_0312,2026-01-26 11:12:00,14305,14349,0,error,,,"ValueError('Target crop leaves block patch: bounds=(-137, 1999, -147, 1989), shape=(1834, 1834)')",2026-06-26T03:15:50.009112+00:00
20260126_1248_HARP14305_NOAA14349,2026_HARP14305_20260126_1112_20260127_0312,2026-01-26 12:48:00,14305,14349,0,error,,,"ValueError('Target crop leaves block patch: bounds=(-146, 2002, -153, 1995), shape=(1834, 1834)')",2026-06-26T03:15:52.045641+00:00
20260126_1424_HARP14305_NOAA14349,2026_HARP14305_20260126_1112_20260127_0312,2026-01-26 14:24:00,14305,14349,0,error,,,"ValueError('Target crop leaves block patch: bounds=(-155, 2004, -159, 2000), shape=(1834, 1834)')",2026-06-26T03:15:54.086410+00:00
20260126_1600_HARP14305_NOAA14349,2026_HARP14305_20260126_1112_20260127_0312,2026-01-26 16:00:00,14305,14349,0,error,,,"ValueError('Target crop leaves block patch: bounds=(-164, 2007, -167, 2005), shape=(1834, 1834)')",2026-06-26T03:15:56.126229+00:00
20260126_1736_HARP14305_NOAA14349,2026_HARP14305_20260126_1112_20260127_0312,2026-01-26 17:36:00,14305,14349,0,error,,,"ValueError('Target crop leaves block patch: bounds=(-172, 2011, -173, 2009), shape=(1834, 1834)')",2026-06-26T03:15:58.188805+00:00
20260126_1912_HARP14305_NOAA14349,2026_HARP14305_20260126_1112_20260127_0312,2026-01-26 19:12:00,14305,14349,0,error,,,"ValueError('Target crop leaves block patch: bounds=(-179, 2011, -179, 2011), shape=(1834, 1834)')",2026-06-26T03:16:00.713389+00:00
20260126_2048_HARP14305_NOAA14349,2026_HARP14305_20260126_1112_20260127_0312,2026-01-26 20:48:00,14305,14349,0,error,,,"ValueError('Target crop leaves block patch: bounds=(-186, 2013, -184, 2015), shape=(1834, 1834)')",2026-06-26T03:16:02.812618+00:00
20260126_2224_HARP14305_NOAA14349,2026_HARP14305_20260126_1112_20260127_0312,2026-01-26 22:24:00,14305,14349,0,error,,,"ValueError('Target crop leaves block patch: bounds=(-193, 2013, -187, 2019), shape=(1834, 1834)')",2026-06-26T03:16:04.897151+00:00
20260127_0000_HARP14305_NOAA14349,2026_HARP14305_20260126_1112_20260127_0312,2026-01-27 00:00:00,14305,14349,0,error,,,"ValueError('Target crop leaves block patch: bounds=(-199, 2012, -191, 2020), shape=(1834, 1834)')",2026-06-26T03:16:06.940669+00:00
20260127_0136_HARP14305_NOAA14349,2026_HARP14305_20260126_1112_20260127_0312,2026-01-27 01:36:00,14305,14349,0,error,,,"ValueError('Target crop leaves block patch: bounds=(-204, 2011, -194, 2021), shape=(1834, 1834)')",2026-06-26T03:16:09.019737+00:00
20260127_0312_HARP14305_NOAA14349,2026_HARP14305_20260126_1112_20260127_0312,2026-01-27 03:12:00,14305,14349,0,error,,,"ValueError('Target crop leaves block patch: bounds=(-209, 2009, -195, 2023), shape=(1834, 1834)')",2026-06-26T03:16:11.092669+00:00
20260127_0624_HARP14305_NOAA14349,2026_HARP14305_20260127_0624_20260127_0624,2026-01-27 06:24:00,14305,14349,0,error,,,"ValueError('Target crop leaves block patch: bounds=(-197, 2030, -197, 2031), shape=(1834, 1834)')",2026-06-26T03:16:15.286293+00:00
20260127_1024_HARP14305_NOAA14349,2026_HARP14305_20260127_1024_20260128_0424,2026-01-27 10:24:00,14305,14349,0,error,,,"ValueError('Target crop leaves block patch: bounds=(-182, 2052, -200, 2034), shape=(1834, 1834)')",2026-06-26T03:16:23.701212+00:00
20260127_1200_HARP14305_NOAA14349,2026_HARP14305_20260127_1024_20260128_0424,2026-01-27 12:00:00,14305,14349,0,error,,,"ValueError('Target crop leaves block patch: bounds=(-187, 2050, -202, 2035), shape=(1834, 1834)')",2026-06-26T03:16:25.755760+00:00
20260127_1336_HARP14305_NOAA14349,2026_HARP14305_20260127_1024_20260128_0424,2026-01-27 13:36:00,14305,14349,0,error,,,"ValueError('Target crop leaves block patch: bounds=(-191, 2047, -202, 2036), shape=(1834, 1834)')",2026-06-26T03:16:27.840074+00:00
20260127_1512_HARP14305_NOAA14349,2026_HARP14305_20260127_1024_20260128_0424,2026-01-27 15:12:00,14305,14349,0,error,,,"ValueError('Target crop leaves block patch: bounds=(-194, 2045, -202, 2037), shape=(1834, 1834)')",2026-06-26T03:16:29.898456+00:00
20260127_1648_HARP14305_NOAA14349,2026_HARP14305_20260127_1024_20260128_0424,2026-01-27 16:48:00,14305,14349,0,error,,,"ValueError('Target crop leaves block patch: bounds=(-197, 2042, -204, 2035), shape=(1834, 1834)')",2026-06-26T03:16:31.980483+00:00
20260127_1824_HARP14305_NOAA14349,2026_HARP14305_20260127_1024_20260128_0424,2026-01-27 18:24:00,14305,14349,0,error,,,"ValueError('Target crop leaves block patch: bounds=(-200, 2038, -204, 2034), shape=(1834, 1834)')",2026-06-26T03:16:34.039774+00:00
20260127_2024_HARP14305_NOAA14349,2026_HARP14305_20260127_1024_20260128_0424,2026-01-27 20:24:00,14305,14349,0,error,,,"ValueError('Target crop leaves block patch: bounds=(-183, 2053, -201, 2035), shape=(1834, 1834)')",2026-06-26T03:16:36.081653+00:00
20260127_2200_HARP14305_NOAA14349,2026_HARP14305_20260127_1024_20260128_0424,2026-01-27 22:00:00,14305,14349,0,error,,,"ValueError('Target crop leaves block patch: bounds=(-185, 2048, -200, 2034), shape=(1834, 1834)')",2026-06-26T03:16:38.174122+00:00
20260127_2336_HARP14305_NOAA14349,2026_HARP14305_20260127_1024_20260128_0424,2026-01-27 23:36:00,14305,14349,0,error,,,"ValueError('Target crop leaves block patch: bounds=(-188, 2044, -199, 2033), shape=(1834, 1834)')",2026-06-26T03:16:40.258756+00:00
20260128_0112_HARP14305_NOAA14349,2026_HARP14305_20260127_1024_20260128_0424,2026-01-28 01:12:00,14305,14349,0,error,,,"ValueError('Target crop leaves block patch: bounds=(-189, 2040, -196, 2033), shape=(1834, 1834)')",2026-06-26T03:16:42.327506+00:00
20260128_0248_HARP14305_NOAA14349,2026_HARP14305_20260127_1024_20260128_0424,2026-01-28 02:48:00,14305,14349,0,error,,,"ValueError('Target crop leaves block patch: bounds=(-189, 2033, -193, 2030), shape=(1834, 1834)')",2026-06-26T03:16:44.412861+00:00
20260128_0424_HARP14305_NOAA14349,2026_HARP14305_20260127_1024_20260128_0424,2026-01-28 04:24:00,14305,14349,0,error,,,"ValueError('Target crop leaves block patch: bounds=(-189, 2029, -190, 2028), shape=(1834, 1834)')",2026-06-26T03:16:46.503435+00:00
20260129_1112_HARP14305_NOAA14349,2026_HARP14305_20260129_1112_20260130_0136,2026-01-29 11:12:00,14305,14349,0,error,,,"ValueError('Target crop leaves block patch: bounds=(-126, 1997, -149, 1974), shape=(1834, 1834)')",2026-06-26T03:18:53.680118+00:00
20260129_1248_HARP14305_NOAA14349,2026_HARP14305_20260129_1112_20260130_0136,2026-01-29 12:48:00,14305,14349,0,error,,,"ValueError('Target crop leaves block patch: bounds=(-124, 1988, -141, 1971), shape=(1834, 1834)')",2026-06-26T03:18:55.762158+00:00
20260129_1424_HARP14305_NOAA14349,2026_HARP14305_20260129_1112_20260130_0136,2026-01-29 14:24:00,14305,14349,0,error,,,"ValueError('Target crop leaves block patch: bounds=(-120, 1978, -134, 1964), shape=(1834, 1834)')",2026-06-26T03:18:57.882689+00:00
20260129_1600_HARP14305_NOAA14349,2026_HARP14305_20260129_1112_20260130_0136,2026-01-29 16:00:00,14305,14349,0,error,,,"ValueError('Target crop leaves block patch: bounds=(-116, 1971, -127, 1959), shape=(1834, 1834)')",2026-06-26T03:18:59.960270+00:00
20260129_1736_HARP14305_NOAA14349,2026_HARP14305_20260129_1112_20260130_0136,2026-01-29 17:36:00,14305,14349,0,error,,,"ValueError('Target crop leaves block patch: bounds=(-107, 1961, -117, 1950), shape=(1834, 1834)')",2026-06-26T03:19:02.201499+00:00
20260129_1912_HARP14305_NOAA14349,2026_HARP14305_20260129_1112_20260130_0136,2026-01-29 19:12:00,14305,14349,0,error,,,"ValueError('Target crop leaves block patch: bounds=(-100, 1951, -109, 1941), shape=(1834, 1834)')",2026-06-26T03:19:04.333739+00:00
20260129_2048_HARP14305_NOAA14349,2026_HARP14305_20260129_1112_20260130_0136,2026-01-29 20:48:00,14305,14349,0,error,,,"ValueError('Target crop leaves block patch: bounds=(-97, 1940, -102, 1935), shape=(1834, 1834)')",2026-06-26T03:19:06.484867+00:00
20260129_2224_HARP14305_NOAA14349,2026_HARP14305_20260129_1112_20260130_0136,2026-01-29 22:24:00,14305,14349,0,error,,,"ValueError('Target crop leaves block patch: bounds=(-91, 1931, -96, 1925), shape=(1834, 1834)')",2026-06-26T03:19:08.583646+00:00
20260130_0000_HARP14305_NOAA14349,2026_HARP14305_20260129_1112_20260130_0136,2026-01-30 00:00:00,14305,14349,0,error,,,"ValueError('Target crop leaves block patch: bounds=(-85, 1919, -89, 1915), shape=(1834, 1834)')",2026-06-26T03:19:10.805229+00:00
20260130_0136_HARP14305_NOAA14349,2026_HARP14305_20260129_1112_20260130_0136,2026-01-30 01:36:00,14305,14349,0,error,,,"ValueError('Target crop leaves block patch: bounds=(-77, 1907, -86, 1898), shape=(1834, 1834)')",2026-06-26T03:19:12.945143+00:00
