sample_id,block_id,T_REC_dt,HARPNUM,NOAA_AR_clean,label_48h_final,status,shape,gcp_path,message,updated_at_utc
20250625_0736_HARP13403_NOAA14119,2025_HARP13403_20250625_0736_20250625_1736,2025-06-25 07:36:00,13403,14119,0,saved,"(512, 512, 6)",gs://suryabench-sharp-pipeline-bamidele/jsoc_2025_2026_production_v1/samples_npz/2025/20250625_0736_HARP13403_NOAA14119.npz,success,2026-06-26T23:50:08.913761+00:00
20250625_0912_HARP13403_NOAA14119,2025_HARP13403_20250625_0736_20250625_1736,2025-06-25 09:12:00,13403,14119,0,saved,"(512, 512, 6)",gs://suryabench-sharp-pipeline-bamidele/jsoc_2025_2026_production_v1/samples_npz/2025/20250625_0912_HARP13403_NOAA14119.npz,success,2026-06-26T23:50:15.203341+00:00
20250625_1112_HARP13403_NOAA14119,2025_HARP13403_20250625_0736_20250625_1736,2025-06-25 11:12:00,13403,14119,0,saved,"(512, 512, 6)",gs://suryabench-sharp-pipeline-bamidele/jsoc_2025_2026_production_v1/samples_npz/2025/20250625_1112_HARP13403_NOAA14119.npz,success,2026-06-26T23:50:21.359927+00:00
20250625_1248_HARP13403_NOAA14119,2025_HARP13403_20250625_0736_20250625_1736,2025-06-25 12:48:00,13403,14119,0,saved,"(512, 512, 6)",gs://suryabench-sharp-pipeline-bamidele/jsoc_2025_2026_production_v1/samples_npz/2025/20250625_1248_HARP13403_NOAA14119.npz,success,2026-06-26T23:50:27.450443+00:00
20250625_1424_HARP13403_NOAA14119,2025_HARP13403_20250625_0736_20250625_1736,2025-06-25 14:24:00,13403,14119,0,saved,"(512, 512, 6)",gs://suryabench-sharp-pipeline-bamidele/jsoc_2025_2026_production_v1/samples_npz/2025/20250625_1424_HARP13403_NOAA14119.npz,success,2026-06-26T23:50:33.774807+00:00
20250625_1600_HARP13403_NOAA14119,2025_HARP13403_20250625_0736_20250625_1736,2025-06-25 16:00:00,13403,14119,0,saved,"(512, 512, 6)",gs://suryabench-sharp-pipeline-bamidele/jsoc_2025_2026_production_v1/samples_npz/2025/20250625_1600_HARP13403_NOAA14119.npz,success,2026-06-26T23:50:39.904728+00:00
20250625_1736_HARP13403_NOAA14119,2025_HARP13403_20250625_0736_20250625_1736,2025-06-25 17:36:00,13403,14119,0,saved,"(512, 512, 6)",gs://suryabench-sharp-pipeline-bamidele/jsoc_2025_2026_production_v1/samples_npz/2025/20250625_1736_HARP13403_NOAA14119.npz,success,2026-06-26T23:50:46.001079+00:00
20250625_2148_HARP13415_NOAA14121,2025_HARP13415_20250625_2148_20250626_0724,2025-06-25 21:48:00,13415,14121,0,saved,"(512, 512, 6)",gs://suryabench-sharp-pipeline-bamidele/jsoc_2025_2026_production_v1/samples_npz/2025/20250625_2148_HARP13415_NOAA14121.npz,success,2026-06-27T00:00:11.129454+00:00
20250625_2324_HARP13415_NOAA14121,2025_HARP13415_20250625_2148_20250626_0724,2025-06-25 23:24:00,13415,14121,0,saved,"(512, 512, 6)",gs://suryabench-sharp-pipeline-bamidele/jsoc_2025_2026_production_v1/samples_npz/2025/20250625_2324_HARP13415_NOAA14121.npz,success,2026-06-27T00:00:17.297584+00:00
20250626_0100_HARP13415_NOAA14121,2025_HARP13415_20250625_2148_20250626_0724,2025-06-26 01:00:00,13415,14121,0,saved,"(512, 512, 6)",gs://suryabench-sharp-pipeline-bamidele/jsoc_2025_2026_production_v1/samples_npz/2025/20250626_0100_HARP13415_NOAA14121.npz,success,2026-06-27T00:00:23.319297+00:00
20250626_0236_HARP13415_NOAA14121,2025_HARP13415_20250625_2148_20250626_0724,2025-06-26 02:36:00,13415,14121,0,saved,"(512, 512, 6)",gs://suryabench-sharp-pipeline-bamidele/jsoc_2025_2026_production_v1/samples_npz/2025/20250626_0236_HARP13415_NOAA14121.npz,success,2026-06-27T00:00:29.377893+00:00
20250626_0412_HARP13415_NOAA14121,2025_HARP13415_20250625_2148_20250626_0724,2025-06-26 04:12:00,13415,14121,0,saved,"(512, 512, 6)",gs://suryabench-sharp-pipeline-bamidele/jsoc_2025_2026_production_v1/samples_npz/2025/20250626_0412_HARP13415_NOAA14121.npz,success,2026-06-27T00:00:35.413119+00:00
20250626_0548_HARP13415_NOAA14121,2025_HARP13415_20250625_2148_20250626_0724,2025-06-26 05:48:00,13415,14121,0,saved,"(512, 512, 6)",gs://suryabench-sharp-pipeline-bamidele/jsoc_2025_2026_production_v1/samples_npz/2025/20250626_0548_HARP13415_NOAA14121.npz,success,2026-06-27T00:00:41.438308+00:00
20250626_0724_HARP13415_NOAA14121,2025_HARP13415_20250625_2148_20250626_0724,2025-06-26 07:24:00,13415,14121,0,saved,"(512, 512, 6)",gs://suryabench-sharp-pipeline-bamidele/jsoc_2025_2026_production_v1/samples_npz/2025/20250626_0724_HARP13415_NOAA14121.npz,success,2026-06-27T00:00:47.468896+00:00
20250626_2012_HARP13434_NOAA14123,2025_HARP13434_20250626_2012_20250627_1900,2025-06-26 20:12:00,13434,14123,0,saved,"(512, 512, 6)",gs://suryabench-sharp-pipeline-bamidele/jsoc_2025_2026_production_v1/samples_npz/2025/20250626_2012_HARP13434_NOAA14123.npz,success,2026-06-27T00:18:05.577053+00:00
20250626_2212_HARP13434_NOAA14123,2025_HARP13434_20250626_2012_20250627_1900,2025-06-26 22:12:00,13434,14123,0,saved,"(512, 512, 6)",gs://suryabench-sharp-pipeline-bamidele/jsoc_2025_2026_production_v1/samples_npz/2025/20250626_2212_HARP13434_NOAA14123.npz,success,2026-06-27T00:18:11.661693+00:00
20250626_2348_HARP13434_NOAA14123,2025_HARP13434_20250626_2012_20250627_1900,2025-06-26 23:48:00,13434,14123,0,saved,"(512, 512, 6)",gs://suryabench-sharp-pipeline-bamidele/jsoc_2025_2026_production_v1/samples_npz/2025/20250626_2348_HARP13434_NOAA14123.npz,success,2026-06-27T00:18:17.661397+00:00
20250627_0124_HARP13434_NOAA14123,2025_HARP13434_20250626_2012_20250627_1900,2025-06-27 01:24:00,13434,14123,0,saved,"(512, 512, 6)",gs://suryabench-sharp-pipeline-bamidele/jsoc_2025_2026_production_v1/samples_npz/2025/20250627_0124_HARP13434_NOAA14123.npz,success,2026-06-27T00:18:23.745679+00:00
20250627_0300_HARP13434_NOAA14123,2025_HARP13434_20250626_2012_20250627_1900,2025-06-27 03:00:00,13434,14123,0,saved,"(512, 512, 6)",gs://suryabench-sharp-pipeline-bamidele/jsoc_2025_2026_production_v1/samples_npz/2025/20250627_0300_HARP13434_NOAA14123.npz,success,2026-06-27T00:18:30.398805+00:00
20250627_0436_HARP13434_NOAA14123,2025_HARP13434_20250626_2012_20250627_1900,2025-06-27 04:36:00,13434,14123,0,saved,"(512, 512, 6)",gs://suryabench-sharp-pipeline-bamidele/jsoc_2025_2026_production_v1/samples_npz/2025/20250627_0436_HARP13434_NOAA14123.npz,success,2026-06-27T00:18:36.489706+00:00
20250627_0612_HARP13434_NOAA14123,2025_HARP13434_20250626_2012_20250627_1900,2025-06-27 06:12:00,13434,14123,0,saved,"(512, 512, 6)",gs://suryabench-sharp-pipeline-bamidele/jsoc_2025_2026_production_v1/samples_npz/2025/20250627_0612_HARP13434_NOAA14123.npz,success,2026-06-27T00:18:42.448630+00:00
20250627_0748_HARP13434_NOAA14123,2025_HARP13434_20250626_2012_20250627_1900,2025-06-27 07:48:00,13434,14123,0,saved,"(512, 512, 6)",gs://suryabench-sharp-pipeline-bamidele/jsoc_2025_2026_production_v1/samples_npz/2025/20250627_0748_HARP13434_NOAA14123.npz,success,2026-06-27T00:18:48.406908+00:00
20250627_0924_HARP13434_NOAA14123,2025_HARP13434_20250626_2012_20250627_1900,2025-06-27 09:24:00,13434,14123,0,saved,"(512, 512, 6)",gs://suryabench-sharp-pipeline-bamidele/jsoc_2025_2026_production_v1/samples_npz/2025/20250627_0924_HARP13434_NOAA14123.npz,success,2026-06-27T00:18:54.487622+00:00
20250627_1100_HARP13434_NOAA14123,2025_HARP13434_20250626_2012_20250627_1900,2025-06-27 11:00:00,13434,14123,0,saved,"(512, 512, 6)",gs://suryabench-sharp-pipeline-bamidele/jsoc_2025_2026_production_v1/samples_npz/2025/20250627_1100_HARP13434_NOAA14123.npz,success,2026-06-27T00:19:00.441186+00:00
20250627_1236_HARP13434_NOAA14123,2025_HARP13434_20250626_2012_20250627_1900,2025-06-27 12:36:00,13434,14123,0,saved,"(512, 512, 6)",gs://suryabench-sharp-pipeline-bamidele/jsoc_2025_2026_production_v1/samples_npz/2025/20250627_1236_HARP13434_NOAA14123.npz,success,2026-06-27T00:19:06.353252+00:00
20250627_1412_HARP13434_NOAA14123,2025_HARP13434_20250626_2012_20250627_1900,2025-06-27 14:12:00,13434,14123,0,saved,"(512, 512, 6)",gs://suryabench-sharp-pipeline-bamidele/jsoc_2025_2026_production_v1/samples_npz/2025/20250627_1412_HARP13434_NOAA14123.npz,success,2026-06-27T00:19:12.359300+00:00
20250627_1548_HARP13434_NOAA14123,2025_HARP13434_20250626_2012_20250627_1900,2025-06-27 15:48:00,13434,14123,0,saved,"(512, 512, 6)",gs://suryabench-sharp-pipeline-bamidele/jsoc_2025_2026_production_v1/samples_npz/2025/20250627_1548_HARP13434_NOAA14123.npz,success,2026-06-27T00:19:18.311503+00:00
20250627_1724_HARP13434_NOAA14123,2025_HARP13434_20250626_2012_20250627_1900,2025-06-27 17:24:00,13434,14123,0,saved,"(512, 512, 6)",gs://suryabench-sharp-pipeline-bamidele/jsoc_2025_2026_production_v1/samples_npz/2025/20250627_1724_HARP13434_NOAA14123.npz,success,2026-06-27T00:19:24.424336+00:00
20250627_1900_HARP13434_NOAA14123,2025_HARP13434_20250626_2012_20250627_1900,2025-06-27 19:00:00,13434,14123,0,saved,"(512, 512, 6)",gs://suryabench-sharp-pipeline-bamidele/jsoc_2025_2026_production_v1/samples_npz/2025/20250627_1900_HARP13434_NOAA14123.npz,success,2026-06-27T00:19:30.410359+00:00
20250629_1136_HARP13412_NOAA14126,2025_HARP13412_20250629_1136_20250629_1624,2025-06-29 11:36:00,13412,14126,0,saved,"(512, 512, 6)",gs://suryabench-sharp-pipeline-bamidele/jsoc_2025_2026_production_v1/samples_npz/2025/20250629_1136_HARP13412_NOAA14126.npz,success,2026-06-27T00:37:42.729279+00:00
20250629_1312_HARP13412_NOAA14126,2025_HARP13412_20250629_1136_20250629_1624,2025-06-29 13:12:00,13412,14126,0,saved,"(512, 512, 6)",gs://suryabench-sharp-pipeline-bamidele/jsoc_2025_2026_production_v1/samples_npz/2025/20250629_1312_HARP13412_NOAA14126.npz,success,2026-06-27T00:37:48.995956+00:00
20250629_1448_HARP13412_NOAA14126,2025_HARP13412_20250629_1136_20250629_1624,2025-06-29 14:48:00,13412,14126,0,saved,"(512, 512, 6)",gs://suryabench-sharp-pipeline-bamidele/jsoc_2025_2026_production_v1/samples_npz/2025/20250629_1448_HARP13412_NOAA14126.npz,success,2026-06-27T00:37:55.312474+00:00
20250629_1624_HARP13412_NOAA14126,2025_HARP13412_20250629_1136_20250629_1624,2025-06-29 16:24:00,13412,14126,0,saved,"(512, 512, 6)",gs://suryabench-sharp-pipeline-bamidele/jsoc_2025_2026_production_v1/samples_npz/2025/20250629_1624_HARP13412_NOAA14126.npz,success,2026-06-27T00:38:01.950902+00:00
20250629_2248_HARP13432_NOAA14124,2025_HARP13432_20250629_2248_20250630_1136,2025-06-29 22:48:00,13432,14124,0,saved,"(512, 512, 6)",gs://suryabench-sharp-pipeline-bamidele/jsoc_2025_2026_production_v1/samples_npz/2025/20250629_2248_HARP13432_NOAA14124.npz,success,2026-06-27T00:48:00.335812+00:00
20250630_0024_HARP13432_NOAA14124,2025_HARP13432_20250629_2248_20250630_1136,2025-06-30 00:24:00,13432,14124,0,saved,"(512, 512, 6)",gs://suryabench-sharp-pipeline-bamidele/jsoc_2025_2026_production_v1/samples_npz/2025/20250630_0024_HARP13432_NOAA14124.npz,success,2026-06-27T00:48:06.946348+00:00
20250630_0200_HARP13432_NOAA14124,2025_HARP13432_20250629_2248_20250630_1136,2025-06-30 02:00:00,13432,14124,0,saved,"(512, 512, 6)",gs://suryabench-sharp-pipeline-bamidele/jsoc_2025_2026_production_v1/samples_npz/2025/20250630_0200_HARP13432_NOAA14124.npz,success,2026-06-27T00:48:13.358339+00:00
20250630_0336_HARP13432_NOAA14124,2025_HARP13432_20250629_2248_20250630_1136,2025-06-30 03:36:00,13432,14124,0,saved,"(512, 512, 6)",gs://suryabench-sharp-pipeline-bamidele/jsoc_2025_2026_production_v1/samples_npz/2025/20250630_0336_HARP13432_NOAA14124.npz,success,2026-06-27T00:48:19.584587+00:00
20250630_0512_HARP13432_NOAA14124,2025_HARP13432_20250629_2248_20250630_1136,2025-06-30 05:12:00,13432,14124,0,saved,"(512, 512, 6)",gs://suryabench-sharp-pipeline-bamidele/jsoc_2025_2026_production_v1/samples_npz/2025/20250630_0512_HARP13432_NOAA14124.npz,success,2026-06-27T00:48:25.733144+00:00
20250630_0648_HARP13432_NOAA14124,2025_HARP13432_20250629_2248_20250630_1136,2025-06-30 06:48:00,13432,14124,0,saved,"(512, 512, 6)",gs://suryabench-sharp-pipeline-bamidele/jsoc_2025_2026_production_v1/samples_npz/2025/20250630_0648_HARP13432_NOAA14124.npz,success,2026-06-27T00:48:31.838437+00:00
20250630_0824_HARP13432_NOAA14124,2025_HARP13432_20250629_2248_20250630_1136,2025-06-30 08:24:00,13432,14124,0,saved,"(512, 512, 6)",gs://suryabench-sharp-pipeline-bamidele/jsoc_2025_2026_production_v1/samples_npz/2025/20250630_0824_HARP13432_NOAA14124.npz,success,2026-06-27T00:48:37.941576+00:00
20250630_1000_HARP13432_NOAA14124,2025_HARP13432_20250629_2248_20250630_1136,2025-06-30 10:00:00,13432,14124,0,saved,"(512, 512, 6)",gs://suryabench-sharp-pipeline-bamidele/jsoc_2025_2026_production_v1/samples_npz/2025/20250630_1000_HARP13432_NOAA14124.npz,success,2026-06-27T00:48:44.115660+00:00
20250630_1136_HARP13432_NOAA14124,2025_HARP13432_20250629_2248_20250630_1136,2025-06-30 11:36:00,13432,14124,0,saved,"(512, 512, 6)",gs://suryabench-sharp-pipeline-bamidele/jsoc_2025_2026_production_v1/samples_npz/2025/20250630_1136_HARP13432_NOAA14124.npz,success,2026-06-27T00:48:50.276985+00:00
20250630_1936_HARP13432_NOAA14124,2025_HARP13432_20250630_1936_20250701_0024,2025-06-30 19:36:00,13432,14124,0,saved,"(512, 512, 6)",gs://suryabench-sharp-pipeline-bamidele/jsoc_2025_2026_production_v1/samples_npz/2025/20250630_1936_HARP13432_NOAA14124.npz,success,2026-06-27T00:57:13.567222+00:00
20250630_2112_HARP13432_NOAA14124,2025_HARP13432_20250630_1936_20250701_0024,2025-06-30 21:12:00,13432,14124,0,saved,"(512, 512, 6)",gs://suryabench-sharp-pipeline-bamidele/jsoc_2025_2026_production_v1/samples_npz/2025/20250630_2112_HARP13432_NOAA14124.npz,success,2026-06-27T00:57:19.802647+00:00
20250630_2248_HARP13432_NOAA14124,2025_HARP13432_20250630_1936_20250701_0024,2025-06-30 22:48:00,13432,14124,0,saved,"(512, 512, 6)",gs://suryabench-sharp-pipeline-bamidele/jsoc_2025_2026_production_v1/samples_npz/2025/20250630_2248_HARP13432_NOAA14124.npz,success,2026-06-27T00:57:25.985006+00:00
20250701_0024_HARP13432_NOAA14124,2025_HARP13432_20250630_1936_20250701_0024,2025-07-01 00:24:00,13432,14124,0,saved,"(512, 512, 6)",gs://suryabench-sharp-pipeline-bamidele/jsoc_2025_2026_production_v1/samples_npz/2025/20250701_0024_HARP13432_NOAA14124.npz,success,2026-06-27T00:57:32.146255+00:00
20250701_0036_HARP13439_NOAA14128,2025_HARP13439_20250701_0036_20250701_0036,2025-07-01 00:36:00,13439,14128,0,saved,"(512, 512, 6)",gs://suryabench-sharp-pipeline-bamidele/jsoc_2025_2026_production_v1/samples_npz/2025/20250701_0036_HARP13439_NOAA14128.npz,success,2026-06-27T01:04:08.361161+00:00
20250701_0348_HARP13439_NOAA14128,2025_HARP13439_20250701_0348_20250701_2124,2025-07-01 03:48:00,13439,14128,0,saved,"(512, 512, 6)",gs://suryabench-sharp-pipeline-bamidele/jsoc_2025_2026_production_v1/samples_npz/2025/20250701_0348_HARP13439_NOAA14128.npz,success,2026-06-27T01:14:06.379715+00:00
20250701_0524_HARP13439_NOAA14128,2025_HARP13439_20250701_0348_20250701_2124,2025-07-01 05:24:00,13439,14128,0,saved,"(512, 512, 6)",gs://suryabench-sharp-pipeline-bamidele/jsoc_2025_2026_production_v1/samples_npz/2025/20250701_0524_HARP13439_NOAA14128.npz,success,2026-06-27T01:14:12.768349+00:00
20250701_0700_HARP13439_NOAA14128,2025_HARP13439_20250701_0348_20250701_2124,2025-07-01 07:00:00,13439,14128,0,saved,"(512, 512, 6)",gs://suryabench-sharp-pipeline-bamidele/jsoc_2025_2026_production_v1/samples_npz/2025/20250701_0700_HARP13439_NOAA14128.npz,success,2026-06-27T01:14:20.371601+00:00
20250701_0836_HARP13439_NOAA14128,2025_HARP13439_20250701_0348_20250701_2124,2025-07-01 08:36:00,13439,14128,0,saved,"(512, 512, 6)",gs://suryabench-sharp-pipeline-bamidele/jsoc_2025_2026_production_v1/samples_npz/2025/20250701_0836_HARP13439_NOAA14128.npz,success,2026-06-27T01:14:26.696164+00:00
20250701_1012_HARP13439_NOAA14128,2025_HARP13439_20250701_0348_20250701_2124,2025-07-01 10:12:00,13439,14128,0,saved,"(512, 512, 6)",gs://suryabench-sharp-pipeline-bamidele/jsoc_2025_2026_production_v1/samples_npz/2025/20250701_1012_HARP13439_NOAA14128.npz,success,2026-06-27T01:14:32.779868+00:00
20250701_1148_HARP13439_NOAA14128,2025_HARP13439_20250701_0348_20250701_2124,2025-07-01 11:48:00,13439,14128,0,saved,"(512, 512, 6)",gs://suryabench-sharp-pipeline-bamidele/jsoc_2025_2026_production_v1/samples_npz/2025/20250701_1148_HARP13439_NOAA14128.npz,success,2026-06-27T01:14:38.865349+00:00
20250701_1324_HARP13439_NOAA14128,2025_HARP13439_20250701_0348_20250701_2124,2025-07-01 13:24:00,13439,14128,0,saved,"(512, 512, 6)",gs://suryabench-sharp-pipeline-bamidele/jsoc_2025_2026_production_v1/samples_npz/2025/20250701_1324_HARP13439_NOAA14128.npz,success,2026-06-27T01:14:44.888354+00:00
20250701_1500_HARP13439_NOAA14128,2025_HARP13439_20250701_0348_20250701_2124,2025-07-01 15:00:00,13439,14128,0,saved,"(512, 512, 6)",gs://suryabench-sharp-pipeline-bamidele/jsoc_2025_2026_production_v1/samples_npz/2025/20250701_1500_HARP13439_NOAA14128.npz,success,2026-06-27T01:14:50.941065+00:00
20250701_1636_HARP13439_NOAA14128,2025_HARP13439_20250701_0348_20250701_2124,2025-07-01 16:36:00,13439,14128,0,saved,"(512, 512, 6)",gs://suryabench-sharp-pipeline-bamidele/jsoc_2025_2026_production_v1/samples_npz/2025/20250701_1636_HARP13439_NOAA14128.npz,success,2026-06-27T01:14:56.944941+00:00
20250701_1812_HARP13439_NOAA14128,2025_HARP13439_20250701_0348_20250701_2124,2025-07-01 18:12:00,13439,14128,0,saved,"(512, 512, 6)",gs://suryabench-sharp-pipeline-bamidele/jsoc_2025_2026_production_v1/samples_npz/2025/20250701_1812_HARP13439_NOAA14128.npz,success,2026-06-27T01:15:03.000868+00:00
20250701_1948_HARP13439_NOAA14128,2025_HARP13439_20250701_0348_20250701_2124,2025-07-01 19:48:00,13439,14128,0,saved,"(512, 512, 6)",gs://suryabench-sharp-pipeline-bamidele/jsoc_2025_2026_production_v1/samples_npz/2025/20250701_1948_HARP13439_NOAA14128.npz,success,2026-06-27T01:15:09.056593+00:00
20250701_2124_HARP13439_NOAA14128,2025_HARP13439_20250701_0348_20250701_2124,2025-07-01 21:24:00,13439,14128,0,saved,"(512, 512, 6)",gs://suryabench-sharp-pipeline-bamidele/jsoc_2025_2026_production_v1/samples_npz/2025/20250701_2124_HARP13439_NOAA14128.npz,success,2026-06-27T01:15:15.136469+00:00
20250701_2100_HARP13449_NOAA14131,2025_HARP13449_20250701_2100_20250701_2236,2025-07-01 21:00:00,13449,14131,0,saved,"(512, 512, 6)",gs://suryabench-sharp-pipeline-bamidele/jsoc_2025_2026_production_v1/samples_npz/2025/20250701_2100_HARP13449_NOAA14131.npz,success,2026-06-27T01:23:32.270983+00:00
20250701_2236_HARP13449_NOAA14131,2025_HARP13449_20250701_2100_20250701_2236,2025-07-01 22:36:00,13449,14131,0,saved,"(512, 512, 6)",gs://suryabench-sharp-pipeline-bamidele/jsoc_2025_2026_production_v1/samples_npz/2025/20250701_2236_HARP13449_NOAA14131.npz,success,2026-06-27T01:23:38.385210+00:00
20250702_0036_HARP13439_NOAA14128,2025_HARP13439_20250702_0036_20250702_0212,2025-07-02 00:36:00,13439,14128,0,saved,"(512, 512, 6)",gs://suryabench-sharp-pipeline-bamidele/jsoc_2025_2026_production_v1/samples_npz/2025/20250702_0036_HARP13439_NOAA14128.npz,success,2026-06-27T01:31:27.991763+00:00
20250702_0212_HARP13439_NOAA14128,2025_HARP13439_20250702_0036_20250702_0212,2025-07-02 02:12:00,13439,14128,0,saved,"(512, 512, 6)",gs://suryabench-sharp-pipeline-bamidele/jsoc_2025_2026_production_v1/samples_npz/2025/20250702_0212_HARP13439_NOAA14128.npz,success,2026-06-27T01:31:33.996103+00:00
20250702_0200_HARP13436_NOAA14125,2025_HARP13436_20250702_0200_20250702_1624,2025-07-02 02:00:00,13436,14125,0,saved,"(512, 512, 6)",gs://suryabench-sharp-pipeline-bamidele/jsoc_2025_2026_production_v1/samples_npz/2025/20250702_0200_HARP13436_NOAA14125.npz,success,2026-06-27T01:41:45.379177+00:00
20250702_0336_HARP13436_NOAA14125,2025_HARP13436_20250702_0200_20250702_1624,2025-07-02 03:36:00,13436,14125,0,saved,"(512, 512, 6)",gs://suryabench-sharp-pipeline-bamidele/jsoc_2025_2026_production_v1/samples_npz/2025/20250702_0336_HARP13436_NOAA14125.npz,success,2026-06-27T01:41:51.406946+00:00
20250702_0512_HARP13436_NOAA14125,2025_HARP13436_20250702_0200_20250702_1624,2025-07-02 05:12:00,13436,14125,0,saved,"(512, 512, 6)",gs://suryabench-sharp-pipeline-bamidele/jsoc_2025_2026_production_v1/samples_npz/2025/20250702_0512_HARP13436_NOAA14125.npz,success,2026-06-27T01:41:57.458639+00:00
20250702_0648_HARP13436_NOAA14125,2025_HARP13436_20250702_0200_20250702_1624,2025-07-02 06:48:00,13436,14125,0,saved,"(512, 512, 6)",gs://suryabench-sharp-pipeline-bamidele/jsoc_2025_2026_production_v1/samples_npz/2025/20250702_0648_HARP13436_NOAA14125.npz,success,2026-06-27T01:42:03.492073+00:00
20250702_0824_HARP13436_NOAA14125,2025_HARP13436_20250702_0200_20250702_1624,2025-07-02 08:24:00,13436,14125,0,saved,"(512, 512, 6)",gs://suryabench-sharp-pipeline-bamidele/jsoc_2025_2026_production_v1/samples_npz/2025/20250702_0824_HARP13436_NOAA14125.npz,success,2026-06-27T01:42:09.629247+00:00
20250702_1000_HARP13436_NOAA14125,2025_HARP13436_20250702_0200_20250702_1624,2025-07-02 10:00:00,13436,14125,0,saved,"(512, 512, 6)",gs://suryabench-sharp-pipeline-bamidele/jsoc_2025_2026_production_v1/samples_npz/2025/20250702_1000_HARP13436_NOAA14125.npz,success,2026-06-27T01:42:15.671794+00:00
20250702_1136_HARP13436_NOAA14125,2025_HARP13436_20250702_0200_20250702_1624,2025-07-02 11:36:00,13436,14125,0,saved,"(512, 512, 6)",gs://suryabench-sharp-pipeline-bamidele/jsoc_2025_2026_production_v1/samples_npz/2025/20250702_1136_HARP13436_NOAA14125.npz,success,2026-06-27T01:42:21.898338+00:00
20250702_1312_HARP13436_NOAA14125,2025_HARP13436_20250702_0200_20250702_1624,2025-07-02 13:12:00,13436,14125,0,saved,"(512, 512, 6)",gs://suryabench-sharp-pipeline-bamidele/jsoc_2025_2026_production_v1/samples_npz/2025/20250702_1312_HARP13436_NOAA14125.npz,success,2026-06-27T01:42:28.733463+00:00
20250702_1448_HARP13436_NOAA14125,2025_HARP13436_20250702_0200_20250702_1624,2025-07-02 14:48:00,13436,14125,0,saved,"(512, 512, 6)",gs://suryabench-sharp-pipeline-bamidele/jsoc_2025_2026_production_v1/samples_npz/2025/20250702_1448_HARP13436_NOAA14125.npz,success,2026-06-27T01:42:34.896263+00:00
20250702_1624_HARP13436_NOAA14125,2025_HARP13436_20250702_0200_20250702_1624,2025-07-02 16:24:00,13436,14125,0,saved,"(512, 512, 6)",gs://suryabench-sharp-pipeline-bamidele/jsoc_2025_2026_production_v1/samples_npz/2025/20250702_1624_HARP13436_NOAA14125.npz,success,2026-06-27T01:42:40.936117+00:00
20250702_2000_HARP13432_NOAA14124,2025_HARP13432_20250702_2000_20250703_0048,2025-07-02 20:00:00,13432,14124,0,saved,"(512, 512, 6)",gs://suryabench-sharp-pipeline-bamidele/jsoc_2025_2026_production_v1/samples_npz/2025/20250702_2000_HARP13432_NOAA14124.npz,success,2026-06-27T01:51:52.706812+00:00
20250702_2136_HARP13432_NOAA14124,2025_HARP13432_20250702_2000_20250703_0048,2025-07-02 21:36:00,13432,14124,0,saved,"(512, 512, 6)",gs://suryabench-sharp-pipeline-bamidele/jsoc_2025_2026_production_v1/samples_npz/2025/20250702_2136_HARP13432_NOAA14124.npz,success,2026-06-27T01:51:58.923654+00:00
20250702_2312_HARP13432_NOAA14124,2025_HARP13432_20250702_2000_20250703_0048,2025-07-02 23:12:00,13432,14124,0,saved,"(512, 512, 6)",gs://suryabench-sharp-pipeline-bamidele/jsoc_2025_2026_production_v1/samples_npz/2025/20250702_2312_HARP13432_NOAA14124.npz,success,2026-06-27T01:52:05.167689+00:00
20250703_0048_HARP13432_NOAA14124,2025_HARP13432_20250702_2000_20250703_0048,2025-07-03 00:48:00,13432,14124,0,saved,"(512, 512, 6)",gs://suryabench-sharp-pipeline-bamidele/jsoc_2025_2026_production_v1/samples_npz/2025/20250703_0048_HARP13432_NOAA14124.npz,success,2026-06-27T01:52:11.390018+00:00
20250703_0036_HARP13449_NOAA14131,2025_HARP13449_20250703_0036_20250703_0036,2025-07-03 00:36:00,13449,14131,0,saved,"(512, 512, 6)",gs://suryabench-sharp-pipeline-bamidele/jsoc_2025_2026_production_v1/samples_npz/2025/20250703_0036_HARP13449_NOAA14131.npz,success,2026-06-27T01:59:34.414681+00:00
20250703_0400_HARP13445_NOAA14129,2025_HARP13445_20250703_0400_20250703_2000,2025-07-03 04:00:00,13445,14129,0,saved,"(512, 512, 6)",gs://suryabench-sharp-pipeline-bamidele/jsoc_2025_2026_production_v1/samples_npz/2025/20250703_0400_HARP13445_NOAA14129.npz,success,2026-06-27T02:10:08.061239+00:00
20250703_0536_HARP13445_NOAA14129,2025_HARP13445_20250703_0400_20250703_2000,2025-07-03 05:36:00,13445,14129,0,saved,"(512, 512, 6)",gs://suryabench-sharp-pipeline-bamidele/jsoc_2025_2026_production_v1/samples_npz/2025/20250703_0536_HARP13445_NOAA14129.npz,success,2026-06-27T02:10:14.163321+00:00
20250703_0712_HARP13445_NOAA14129,2025_HARP13445_20250703_0400_20250703_2000,2025-07-03 07:12:00,13445,14129,0,saved,"(512, 512, 6)",gs://suryabench-sharp-pipeline-bamidele/jsoc_2025_2026_production_v1/samples_npz/2025/20250703_0712_HARP13445_NOAA14129.npz,success,2026-06-27T02:10:20.262021+00:00
20250703_0848_HARP13445_NOAA14129,2025_HARP13445_20250703_0400_20250703_2000,2025-07-03 08:48:00,13445,14129,0,saved,"(512, 512, 6)",gs://suryabench-sharp-pipeline-bamidele/jsoc_2025_2026_production_v1/samples_npz/2025/20250703_0848_HARP13445_NOAA14129.npz,success,2026-06-27T02:10:26.382886+00:00
20250703_1024_HARP13445_NOAA14129,2025_HARP13445_20250703_0400_20250703_2000,2025-07-03 10:24:00,13445,14129,0,saved,"(512, 512, 6)",gs://suryabench-sharp-pipeline-bamidele/jsoc_2025_2026_production_v1/samples_npz/2025/20250703_1024_HARP13445_NOAA14129.npz,success,2026-06-27T02:10:32.424809+00:00
20250703_1200_HARP13445_NOAA14129,2025_HARP13445_20250703_0400_20250703_2000,2025-07-03 12:00:00,13445,14129,0,saved,"(512, 512, 6)",gs://suryabench-sharp-pipeline-bamidele/jsoc_2025_2026_production_v1/samples_npz/2025/20250703_1200_HARP13445_NOAA14129.npz,success,2026-06-27T02:10:39.809231+00:00
20250703_1336_HARP13445_NOAA14129,2025_HARP13445_20250703_0400_20250703_2000,2025-07-03 13:36:00,13445,14129,0,saved,"(512, 512, 6)",gs://suryabench-sharp-pipeline-bamidele/jsoc_2025_2026_production_v1/samples_npz/2025/20250703_1336_HARP13445_NOAA14129.npz,success,2026-06-27T02:10:46.026416+00:00
20250703_1512_HARP13445_NOAA14129,2025_HARP13445_20250703_0400_20250703_2000,2025-07-03 15:12:00,13445,14129,0,saved,"(512, 512, 6)",gs://suryabench-sharp-pipeline-bamidele/jsoc_2025_2026_production_v1/samples_npz/2025/20250703_1512_HARP13445_NOAA14129.npz,success,2026-06-27T02:10:52.099333+00:00
20250703_1648_HARP13445_NOAA14129,2025_HARP13445_20250703_0400_20250703_2000,2025-07-03 16:48:00,13445,14129,0,saved,"(512, 512, 6)",gs://suryabench-sharp-pipeline-bamidele/jsoc_2025_2026_production_v1/samples_npz/2025/20250703_1648_HARP13445_NOAA14129.npz,success,2026-06-27T02:10:58.139616+00:00
20250703_1824_HARP13445_NOAA14129,2025_HARP13445_20250703_0400_20250703_2000,2025-07-03 18:24:00,13445,14129,0,saved,"(512, 512, 6)",gs://suryabench-sharp-pipeline-bamidele/jsoc_2025_2026_production_v1/samples_npz/2025/20250703_1824_HARP13445_NOAA14129.npz,success,2026-06-27T02:11:04.204916+00:00
20250703_2000_HARP13445_NOAA14129,2025_HARP13445_20250703_0400_20250703_2000,2025-07-03 20:00:00,13445,14129,0,saved,"(512, 512, 6)",gs://suryabench-sharp-pipeline-bamidele/jsoc_2025_2026_production_v1/samples_npz/2025/20250703_2000_HARP13445_NOAA14129.npz,success,2026-06-27T02:11:10.248080+00:00
20250703_2312_HARP13445_NOAA14129,2025_HARP13445_20250703_2312_20250704_2136,2025-07-03 23:12:00,13445,14129,0,saved,"(512, 512, 6)",gs://suryabench-sharp-pipeline-bamidele/jsoc_2025_2026_production_v1/samples_npz/2025/20250703_2312_HARP13445_NOAA14129.npz,success,2026-06-27T02:22:56.290502+00:00
20250704_0048_HARP13445_NOAA14129,2025_HARP13445_20250703_2312_20250704_2136,2025-07-04 00:48:00,13445,14129,0,saved,"(512, 512, 6)",gs://suryabench-sharp-pipeline-bamidele/jsoc_2025_2026_production_v1/samples_npz/2025/20250704_0048_HARP13445_NOAA14129.npz,success,2026-06-27T02:23:02.565809+00:00
20250704_0224_HARP13445_NOAA14129,2025_HARP13445_20250703_2312_20250704_2136,2025-07-04 02:24:00,13445,14129,0,saved,"(512, 512, 6)",gs://suryabench-sharp-pipeline-bamidele/jsoc_2025_2026_production_v1/samples_npz/2025/20250704_0224_HARP13445_NOAA14129.npz,success,2026-06-27T02:23:08.661478+00:00
20250704_0400_HARP13445_NOAA14129,2025_HARP13445_20250703_2312_20250704_2136,2025-07-04 04:00:00,13445,14129,0,saved,"(512, 512, 6)",gs://suryabench-sharp-pipeline-bamidele/jsoc_2025_2026_production_v1/samples_npz/2025/20250704_0400_HARP13445_NOAA14129.npz,success,2026-06-27T02:23:14.698578+00:00
20250704_0536_HARP13445_NOAA14129,2025_HARP13445_20250703_2312_20250704_2136,2025-07-04 05:36:00,13445,14129,0,saved,"(512, 512, 6)",gs://suryabench-sharp-pipeline-bamidele/jsoc_2025_2026_production_v1/samples_npz/2025/20250704_0536_HARP13445_NOAA14129.npz,success,2026-06-27T02:23:20.853710+00:00
20250704_0712_HARP13445_NOAA14129,2025_HARP13445_20250703_2312_20250704_2136,2025-07-04 07:12:00,13445,14129,0,saved,"(512, 512, 6)",gs://suryabench-sharp-pipeline-bamidele/jsoc_2025_2026_production_v1/samples_npz/2025/20250704_0712_HARP13445_NOAA14129.npz,success,2026-06-27T02:23:26.968517+00:00
20250704_0848_HARP13445_NOAA14129,2025_HARP13445_20250703_2312_20250704_2136,2025-07-04 08:48:00,13445,14129,0,saved,"(512, 512, 6)",gs://suryabench-sharp-pipeline-bamidele/jsoc_2025_2026_production_v1/samples_npz/2025/20250704_0848_HARP13445_NOAA14129.npz,success,2026-06-27T02:23:33.105180+00:00
20250704_1024_HARP13445_NOAA14129,2025_HARP13445_20250703_2312_20250704_2136,2025-07-04 10:24:00,13445,14129,0,saved,"(512, 512, 6)",gs://suryabench-sharp-pipeline-bamidele/jsoc_2025_2026_production_v1/samples_npz/2025/20250704_1024_HARP13445_NOAA14129.npz,success,2026-06-27T02:23:39.231924+00:00
20250704_1200_HARP13445_NOAA14129,2025_HARP13445_20250703_2312_20250704_2136,2025-07-04 12:00:00,13445,14129,0,saved,"(512, 512, 6)",gs://suryabench-sharp-pipeline-bamidele/jsoc_2025_2026_production_v1/samples_npz/2025/20250704_1200_HARP13445_NOAA14129.npz,success,2026-06-27T02:23:45.289579+00:00
20250704_1336_HARP13445_NOAA14129,2025_HARP13445_20250703_2312_20250704_2136,2025-07-04 13:36:00,13445,14129,0,saved,"(512, 512, 6)",gs://suryabench-sharp-pipeline-bamidele/jsoc_2025_2026_production_v1/samples_npz/2025/20250704_1336_HARP13445_NOAA14129.npz,success,2026-06-27T02:23:52.076314+00:00
20250704_1512_HARP13445_NOAA14129,2025_HARP13445_20250703_2312_20250704_2136,2025-07-04 15:12:00,13445,14129,0,saved,"(512, 512, 6)",gs://suryabench-sharp-pipeline-bamidele/jsoc_2025_2026_production_v1/samples_npz/2025/20250704_1512_HARP13445_NOAA14129.npz,success,2026-06-27T02:23:58.087737+00:00
20250704_1648_HARP13445_NOAA14129,2025_HARP13445_20250703_2312_20250704_2136,2025-07-04 16:48:00,13445,14129,0,saved,"(512, 512, 6)",gs://suryabench-sharp-pipeline-bamidele/jsoc_2025_2026_production_v1/samples_npz/2025/20250704_1648_HARP13445_NOAA14129.npz,success,2026-06-27T02:24:04.351982+00:00
20250704_1824_HARP13445_NOAA14129,2025_HARP13445_20250703_2312_20250704_2136,2025-07-04 18:24:00,13445,14129,0,saved,"(512, 512, 6)",gs://suryabench-sharp-pipeline-bamidele/jsoc_2025_2026_production_v1/samples_npz/2025/20250704_1824_HARP13445_NOAA14129.npz,success,2026-06-27T02:24:10.537609+00:00
20250704_2000_HARP13445_NOAA14129,2025_HARP13445_20250703_2312_20250704_2136,2025-07-04 20:00:00,13445,14129,0,saved,"(512, 512, 6)",gs://suryabench-sharp-pipeline-bamidele/jsoc_2025_2026_production_v1/samples_npz/2025/20250704_2000_HARP13445_NOAA14129.npz,success,2026-06-27T02:24:16.817642+00:00
20250704_2136_HARP13445_NOAA14129,2025_HARP13445_20250703_2312_20250704_2136,2025-07-04 21:36:00,13445,14129,0,saved,"(512, 512, 6)",gs://suryabench-sharp-pipeline-bamidele/jsoc_2025_2026_production_v1/samples_npz/2025/20250704_2136_HARP13445_NOAA14129.npz,success,2026-06-27T02:24:23.091148+00:00
20250704_2312_HARP13436_NOAA14125,2025_HARP13436_20250704_2312_20250705_2136,2025-07-04 23:12:00,13436,14125,0,saved,"(512, 512, 6)",gs://suryabench-sharp-pipeline-bamidele/jsoc_2025_2026_production_v1/samples_npz/2025/20250704_2312_HARP13436_NOAA14125.npz,success,2026-06-27T02:36:07.988055+00:00
20250705_0048_HARP13436_NOAA14125,2025_HARP13436_20250704_2312_20250705_2136,2025-07-05 00:48:00,13436,14125,0,saved,"(512, 512, 6)",gs://suryabench-sharp-pipeline-bamidele/jsoc_2025_2026_production_v1/samples_npz/2025/20250705_0048_HARP13436_NOAA14125.npz,success,2026-06-27T02:36:14.270563+00:00
20250705_0224_HARP13436_NOAA14125,2025_HARP13436_20250704_2312_20250705_2136,2025-07-05 02:24:00,13436,14125,0,saved,"(512, 512, 6)",gs://suryabench-sharp-pipeline-bamidele/jsoc_2025_2026_production_v1/samples_npz/2025/20250705_0224_HARP13436_NOAA14125.npz,success,2026-06-27T02:36:20.639384+00:00
20250705_0400_HARP13436_NOAA14125,2025_HARP13436_20250704_2312_20250705_2136,2025-07-05 04:00:00,13436,14125,0,saved,"(512, 512, 6)",gs://suryabench-sharp-pipeline-bamidele/jsoc_2025_2026_production_v1/samples_npz/2025/20250705_0400_HARP13436_NOAA14125.npz,success,2026-06-27T02:36:26.993505+00:00
20250705_0536_HARP13436_NOAA14125,2025_HARP13436_20250704_2312_20250705_2136,2025-07-05 05:36:00,13436,14125,0,saved,"(512, 512, 6)",gs://suryabench-sharp-pipeline-bamidele/jsoc_2025_2026_production_v1/samples_npz/2025/20250705_0536_HARP13436_NOAA14125.npz,success,2026-06-27T02:36:33.297252+00:00
20250705_0712_HARP13436_NOAA14125,2025_HARP13436_20250704_2312_20250705_2136,2025-07-05 07:12:00,13436,14125,0,saved,"(512, 512, 6)",gs://suryabench-sharp-pipeline-bamidele/jsoc_2025_2026_production_v1/samples_npz/2025/20250705_0712_HARP13436_NOAA14125.npz,success,2026-06-27T02:36:39.503736+00:00
20250705_0848_HARP13436_NOAA14125,2025_HARP13436_20250704_2312_20250705_2136,2025-07-05 08:48:00,13436,14125,0,saved,"(512, 512, 6)",gs://suryabench-sharp-pipeline-bamidele/jsoc_2025_2026_production_v1/samples_npz/2025/20250705_0848_HARP13436_NOAA14125.npz,success,2026-06-27T02:36:45.727043+00:00
20250705_1024_HARP13436_NOAA14125,2025_HARP13436_20250704_2312_20250705_2136,2025-07-05 10:24:00,13436,14125,0,saved,"(512, 512, 6)",gs://suryabench-sharp-pipeline-bamidele/jsoc_2025_2026_production_v1/samples_npz/2025/20250705_1024_HARP13436_NOAA14125.npz,success,2026-06-27T02:36:52.025425+00:00
20250705_1200_HARP13436_NOAA14125,2025_HARP13436_20250704_2312_20250705_2136,2025-07-05 12:00:00,13436,14125,0,saved,"(512, 512, 6)",gs://suryabench-sharp-pipeline-bamidele/jsoc_2025_2026_production_v1/samples_npz/2025/20250705_1200_HARP13436_NOAA14125.npz,success,2026-06-27T02:36:58.252289+00:00
20250705_1336_HARP13436_NOAA14125,2025_HARP13436_20250704_2312_20250705_2136,2025-07-05 13:36:00,13436,14125,0,saved,"(512, 512, 6)",gs://suryabench-sharp-pipeline-bamidele/jsoc_2025_2026_production_v1/samples_npz/2025/20250705_1336_HARP13436_NOAA14125.npz,success,2026-06-27T02:37:04.539278+00:00
20250705_1512_HARP13436_NOAA14125,2025_HARP13436_20250704_2312_20250705_2136,2025-07-05 15:12:00,13436,14125,0,saved,"(512, 512, 6)",gs://suryabench-sharp-pipeline-bamidele/jsoc_2025_2026_production_v1/samples_npz/2025/20250705_1512_HARP13436_NOAA14125.npz,success,2026-06-27T02:37:10.773667+00:00
20250705_1648_HARP13436_NOAA14125,2025_HARP13436_20250704_2312_20250705_2136,2025-07-05 16:48:00,13436,14125,0,saved,"(512, 512, 6)",gs://suryabench-sharp-pipeline-bamidele/jsoc_2025_2026_production_v1/samples_npz/2025/20250705_1648_HARP13436_NOAA14125.npz,success,2026-06-27T02:37:17.042035+00:00
20250705_1824_HARP13436_NOAA14125,2025_HARP13436_20250704_2312_20250705_2136,2025-07-05 18:24:00,13436,14125,0,saved,"(512, 512, 6)",gs://suryabench-sharp-pipeline-bamidele/jsoc_2025_2026_production_v1/samples_npz/2025/20250705_1824_HARP13436_NOAA14125.npz,success,2026-06-27T02:37:23.416752+00:00
20250705_2000_HARP13436_NOAA14125,2025_HARP13436_20250704_2312_20250705_2136,2025-07-05 20:00:00,13436,14125,0,saved,"(512, 512, 6)",gs://suryabench-sharp-pipeline-bamidele/jsoc_2025_2026_production_v1/samples_npz/2025/20250705_2000_HARP13436_NOAA14125.npz,success,2026-06-27T02:37:29.674760+00:00
20250705_2136_HARP13436_NOAA14125,2025_HARP13436_20250704_2312_20250705_2136,2025-07-05 21:36:00,13436,14125,0,saved,"(512, 512, 6)",gs://suryabench-sharp-pipeline-bamidele/jsoc_2025_2026_production_v1/samples_npz/2025/20250705_2136_HARP13436_NOAA14125.npz,success,2026-06-27T02:37:35.877665+00:00
20250705_2312_HARP13445_NOAA14129,2025_HARP13445_20250705_2312_20250706_0048,2025-07-05 23:12:00,13445,14129,0,saved,"(512, 512, 6)",gs://suryabench-sharp-pipeline-bamidele/jsoc_2025_2026_production_v1/samples_npz/2025/20250705_2312_HARP13445_NOAA14129.npz,success,2026-06-27T02:45:02.555712+00:00
20250706_0048_HARP13445_NOAA14129,2025_HARP13445_20250705_2312_20250706_0048,2025-07-06 00:48:00,13445,14129,0,saved,"(512, 512, 6)",gs://suryabench-sharp-pipeline-bamidele/jsoc_2025_2026_production_v1/samples_npz/2025/20250706_0048_HARP13445_NOAA14129.npz,success,2026-06-27T02:45:08.714729+00:00
20250707_0736_HARP13446_NOAA13130,2025_HARP13446_20250707_0736_20250708_0424,2025-07-07 07:36:00,13446,13130,0,saved,"(512, 512, 6)",gs://suryabench-sharp-pipeline-bamidele/jsoc_2025_2026_production_v1/samples_npz/2025/20250707_0736_HARP13446_NOAA13130.npz,success,2026-06-27T02:57:44.689265+00:00
20250707_0912_HARP13446_NOAA13130,2025_HARP13446_20250707_0736_20250708_0424,2025-07-07 09:12:00,13446,13130,0,saved,"(512, 512, 6)",gs://suryabench-sharp-pipeline-bamidele/jsoc_2025_2026_production_v1/samples_npz/2025/20250707_0912_HARP13446_NOAA13130.npz,success,2026-06-27T02:57:51.195829+00:00
20250707_1048_HARP13446_NOAA13130,2025_HARP13446_20250707_0736_20250708_0424,2025-07-07 10:48:00,13446,13130,0,saved,"(512, 512, 6)",gs://suryabench-sharp-pipeline-bamidele/jsoc_2025_2026_production_v1/samples_npz/2025/20250707_1048_HARP13446_NOAA13130.npz,success,2026-06-27T02:57:57.709776+00:00
20250707_1224_HARP13446_NOAA13130,2025_HARP13446_20250707_0736_20250708_0424,2025-07-07 12:24:00,13446,13130,0,saved,"(512, 512, 6)",gs://suryabench-sharp-pipeline-bamidele/jsoc_2025_2026_production_v1/samples_npz/2025/20250707_1224_HARP13446_NOAA13130.npz,success,2026-06-27T02:58:04.104447+00:00
20250707_1400_HARP13446_NOAA13130,2025_HARP13446_20250707_0736_20250708_0424,2025-07-07 14:00:00,13446,13130,0,saved,"(512, 512, 6)",gs://suryabench-sharp-pipeline-bamidele/jsoc_2025_2026_production_v1/samples_npz/2025/20250707_1400_HARP13446_NOAA13130.npz,success,2026-06-27T02:58:10.593882+00:00
20250707_1536_HARP13446_NOAA13130,2025_HARP13446_20250707_0736_20250708_0424,2025-07-07 15:36:00,13446,13130,0,saved,"(512, 512, 6)",gs://suryabench-sharp-pipeline-bamidele/jsoc_2025_2026_production_v1/samples_npz/2025/20250707_1536_HARP13446_NOAA13130.npz,success,2026-06-27T02:58:17.018630+00:00
20250707_1712_HARP13446_NOAA13130,2025_HARP13446_20250707_0736_20250708_0424,2025-07-07 17:12:00,13446,13130,0,saved,"(512, 512, 6)",gs://suryabench-sharp-pipeline-bamidele/jsoc_2025_2026_production_v1/samples_npz/2025/20250707_1712_HARP13446_NOAA13130.npz,success,2026-06-27T02:58:23.468438+00:00
20250707_1848_HARP13446_NOAA13130,2025_HARP13446_20250707_0736_20250708_0424,2025-07-07 18:48:00,13446,13130,0,saved,"(512, 512, 6)",gs://suryabench-sharp-pipeline-bamidele/jsoc_2025_2026_production_v1/samples_npz/2025/20250707_1848_HARP13446_NOAA13130.npz,success,2026-06-27T02:58:29.924667+00:00
20250707_2024_HARP13446_NOAA13130,2025_HARP13446_20250707_0736_20250708_0424,2025-07-07 20:24:00,13446,13130,0,saved,"(512, 512, 6)",gs://suryabench-sharp-pipeline-bamidele/jsoc_2025_2026_production_v1/samples_npz/2025/20250707_2024_HARP13446_NOAA13130.npz,success,2026-06-27T02:58:36.396701+00:00
20250707_2200_HARP13446_NOAA13130,2025_HARP13446_20250707_0736_20250708_0424,2025-07-07 22:00:00,13446,13130,0,saved,"(512, 512, 6)",gs://suryabench-sharp-pipeline-bamidele/jsoc_2025_2026_production_v1/samples_npz/2025/20250707_2200_HARP13446_NOAA13130.npz,success,2026-06-27T02:58:42.841678+00:00
20250707_2336_HARP13446_NOAA13130,2025_HARP13446_20250707_0736_20250708_0424,2025-07-07 23:36:00,13446,13130,0,saved,"(512, 512, 6)",gs://suryabench-sharp-pipeline-bamidele/jsoc_2025_2026_production_v1/samples_npz/2025/20250707_2336_HARP13446_NOAA13130.npz,success,2026-06-27T02:58:49.212217+00:00
20250708_0112_HARP13446_NOAA13130,2025_HARP13446_20250707_0736_20250708_0424,2025-07-08 01:12:00,13446,13130,0,saved,"(512, 512, 6)",gs://suryabench-sharp-pipeline-bamidele/jsoc_2025_2026_production_v1/samples_npz/2025/20250708_0112_HARP13446_NOAA13130.npz,success,2026-06-27T02:58:56.460834+00:00
20250708_0248_HARP13446_NOAA13130,2025_HARP13446_20250707_0736_20250708_0424,2025-07-08 02:48:00,13446,13130,0,saved,"(512, 512, 6)",gs://suryabench-sharp-pipeline-bamidele/jsoc_2025_2026_production_v1/samples_npz/2025/20250708_0248_HARP13446_NOAA13130.npz,success,2026-06-27T02:59:02.905313+00:00
20250708_0424_HARP13446_NOAA13130,2025_HARP13446_20250707_0736_20250708_0424,2025-07-08 04:24:00,13446,13130,0,saved,"(512, 512, 6)",gs://suryabench-sharp-pipeline-bamidele/jsoc_2025_2026_production_v1/samples_npz/2025/20250708_0424_HARP13446_NOAA13130.npz,success,2026-06-27T02:59:09.330371+00:00
20250710_0048_HARP13483_NOAA14137,2025_HARP13483_20250710_0048_20250710_1600,2025-07-10 00:48:00,13483,14137,0,saved,"(512, 512, 6)",gs://suryabench-sharp-pipeline-bamidele/jsoc_2025_2026_production_v1/samples_npz/2025/20250710_0048_HARP13483_NOAA14137.npz,success,2026-06-27T03:18:03.026591+00:00
20250710_0224_HARP13483_NOAA14137,2025_HARP13483_20250710_0048_20250710_1600,2025-07-10 02:24:00,13483,14137,0,saved,"(512, 512, 6)",gs://suryabench-sharp-pipeline-bamidele/jsoc_2025_2026_production_v1/samples_npz/2025/20250710_0224_HARP13483_NOAA14137.npz,success,2026-06-27T03:18:09.079934+00:00
20250710_0400_HARP13483_NOAA14137,2025_HARP13483_20250710_0048_20250710_1600,2025-07-10 04:00:00,13483,14137,0,saved,"(512, 512, 6)",gs://suryabench-sharp-pipeline-bamidele/jsoc_2025_2026_production_v1/samples_npz/2025/20250710_0400_HARP13483_NOAA14137.npz,success,2026-06-27T03:18:15.126326+00:00
20250710_0536_HARP13483_NOAA14137,2025_HARP13483_20250710_0048_20250710_1600,2025-07-10 05:36:00,13483,14137,0,saved,"(512, 512, 6)",gs://suryabench-sharp-pipeline-bamidele/jsoc_2025_2026_production_v1/samples_npz/2025/20250710_0536_HARP13483_NOAA14137.npz,success,2026-06-27T03:18:21.157701+00:00
20250710_0800_HARP13483_NOAA14137,2025_HARP13483_20250710_0048_20250710_1600,2025-07-10 08:00:00,13483,14137,0,saved,"(512, 512, 6)",gs://suryabench-sharp-pipeline-bamidele/jsoc_2025_2026_production_v1/samples_npz/2025/20250710_0800_HARP13483_NOAA14137.npz,success,2026-06-27T03:18:27.127293+00:00
20250710_0936_HARP13483_NOAA14137,2025_HARP13483_20250710_0048_20250710_1600,2025-07-10 09:36:00,13483,14137,0,saved,"(512, 512, 6)",gs://suryabench-sharp-pipeline-bamidele/jsoc_2025_2026_production_v1/samples_npz/2025/20250710_0936_HARP13483_NOAA14137.npz,success,2026-06-27T03:18:33.169908+00:00
20250710_1112_HARP13483_NOAA14137,2025_HARP13483_20250710_0048_20250710_1600,2025-07-10 11:12:00,13483,14137,0,saved,"(512, 512, 6)",gs://suryabench-sharp-pipeline-bamidele/jsoc_2025_2026_production_v1/samples_npz/2025/20250710_1112_HARP13483_NOAA14137.npz,success,2026-06-27T03:18:39.219046+00:00
20250710_1248_HARP13483_NOAA14137,2025_HARP13483_20250710_0048_20250710_1600,2025-07-10 12:48:00,13483,14137,0,saved,"(512, 512, 6)",gs://suryabench-sharp-pipeline-bamidele/jsoc_2025_2026_production_v1/samples_npz/2025/20250710_1248_HARP13483_NOAA14137.npz,success,2026-06-27T03:18:45.283912+00:00
20250710_1424_HARP13483_NOAA14137,2025_HARP13483_20250710_0048_20250710_1600,2025-07-10 14:24:00,13483,14137,0,saved,"(512, 512, 6)",gs://suryabench-sharp-pipeline-bamidele/jsoc_2025_2026_production_v1/samples_npz/2025/20250710_1424_HARP13483_NOAA14137.npz,success,2026-06-27T03:18:51.284093+00:00
20250710_1600_HARP13483_NOAA14137,2025_HARP13483_20250710_0048_20250710_1600,2025-07-10 16:00:00,13483,14137,0,saved,"(512, 512, 6)",gs://suryabench-sharp-pipeline-bamidele/jsoc_2025_2026_production_v1/samples_npz/2025/20250710_1600_HARP13483_NOAA14137.npz,success,2026-06-27T03:18:57.296770+00:00
20250711_0136_HARP13470_NOAA14135,2025_HARP13470_20250711_0136_20250711_0624,2025-07-11 01:36:00,13470,14135,0,saved,"(512, 512, 6)",gs://suryabench-sharp-pipeline-bamidele/jsoc_2025_2026_production_v1/samples_npz/2025/20250711_0136_HARP13470_NOAA14135.npz,success,2026-06-27T03:25:49.557864+00:00
20250711_0312_HARP13470_NOAA14135,2025_HARP13470_20250711_0136_20250711_0624,2025-07-11 03:12:00,13470,14135,0,saved,"(512, 512, 6)",gs://suryabench-sharp-pipeline-bamidele/jsoc_2025_2026_production_v1/samples_npz/2025/20250711_0312_HARP13470_NOAA14135.npz,success,2026-06-27T03:25:55.782424+00:00
20250711_0448_HARP13470_NOAA14135,2025_HARP13470_20250711_0136_20250711_0624,2025-07-11 04:48:00,13470,14135,0,saved,"(512, 512, 6)",gs://suryabench-sharp-pipeline-bamidele/jsoc_2025_2026_production_v1/samples_npz/2025/20250711_0448_HARP13470_NOAA14135.npz,success,2026-06-27T03:26:02.045161+00:00
20250711_0624_HARP13470_NOAA14135,2025_HARP13470_20250711_0136_20250711_0624,2025-07-11 06:24:00,13470,14135,0,saved,"(512, 512, 6)",gs://suryabench-sharp-pipeline-bamidele/jsoc_2025_2026_production_v1/samples_npz/2025/20250711_0624_HARP13470_NOAA14135.npz,success,2026-06-27T03:26:08.283672+00:00
20250711_1936_HARP13470_NOAA14135,2025_HARP13470_20250711_1936_20250712_0648,2025-07-11 19:36:00,13470,14135,0,saved,"(512, 512, 6)",gs://suryabench-sharp-pipeline-bamidele/jsoc_2025_2026_production_v1/samples_npz/2025/20250711_1936_HARP13470_NOAA14135.npz,success,2026-06-27T03:36:08.008174+00:00
20250711_2112_HARP13470_NOAA14135,2025_HARP13470_20250711_1936_20250712_0648,2025-07-11 21:12:00,13470,14135,0,saved,"(512, 512, 6)",gs://suryabench-sharp-pipeline-bamidele/jsoc_2025_2026_production_v1/samples_npz/2025/20250711_2112_HARP13470_NOAA14135.npz,success,2026-06-27T03:36:14.142129+00:00
20250711_2248_HARP13470_NOAA14135,2025_HARP13470_20250711_1936_20250712_0648,2025-07-11 22:48:00,13470,14135,0,saved,"(512, 512, 6)",gs://suryabench-sharp-pipeline-bamidele/jsoc_2025_2026_production_v1/samples_npz/2025/20250711_2248_HARP13470_NOAA14135.npz,success,2026-06-27T03:36:20.276132+00:00
20250712_0024_HARP13470_NOAA14135,2025_HARP13470_20250711_1936_20250712_0648,2025-07-12 00:24:00,13470,14135,0,saved,"(512, 512, 6)",gs://suryabench-sharp-pipeline-bamidele/jsoc_2025_2026_production_v1/samples_npz/2025/20250712_0024_HARP13470_NOAA14135.npz,success,2026-06-27T03:36:26.356395+00:00
20250712_0200_HARP13470_NOAA14135,2025_HARP13470_20250711_1936_20250712_0648,2025-07-12 02:00:00,13470,14135,0,saved,"(512, 512, 6)",gs://suryabench-sharp-pipeline-bamidele/jsoc_2025_2026_production_v1/samples_npz/2025/20250712_0200_HARP13470_NOAA14135.npz,success,2026-06-27T03:36:32.383615+00:00
20250712_0336_HARP13470_NOAA14135,2025_HARP13470_20250711_1936_20250712_0648,2025-07-12 03:36:00,13470,14135,0,saved,"(512, 512, 6)",gs://suryabench-sharp-pipeline-bamidele/jsoc_2025_2026_production_v1/samples_npz/2025/20250712_0336_HARP13470_NOAA14135.npz,success,2026-06-27T03:36:38.453064+00:00
20250712_0512_HARP13470_NOAA14135,2025_HARP13470_20250711_1936_20250712_0648,2025-07-12 05:12:00,13470,14135,0,saved,"(512, 512, 6)",gs://suryabench-sharp-pipeline-bamidele/jsoc_2025_2026_production_v1/samples_npz/2025/20250712_0512_HARP13470_NOAA14135.npz,success,2026-06-27T03:36:44.711677+00:00
20250712_0648_HARP13470_NOAA14135,2025_HARP13470_20250711_1936_20250712_0648,2025-07-12 06:48:00,13470,14135,0,saved,"(512, 512, 6)",gs://suryabench-sharp-pipeline-bamidele/jsoc_2025_2026_production_v1/samples_npz/2025/20250712_0648_HARP13470_NOAA14135.npz,success,2026-06-27T03:36:50.934030+00:00
20250712_1936_HARP13476_NOAA14136,2025_HARP13476_20250712_1936_20250713_0536,2025-07-12 19:36:00,13476,14136,0,saved,"(512, 512, 6)",gs://suryabench-sharp-pipeline-bamidele/jsoc_2025_2026_production_v1/samples_npz/2025/20250712_1936_HARP13476_NOAA14136.npz,success,2026-06-27T03:55:10.358589+00:00
20250712_2112_HARP13476_NOAA14136,2025_HARP13476_20250712_1936_20250713_0536,2025-07-12 21:12:00,13476,14136,0,saved,"(512, 512, 6)",gs://suryabench-sharp-pipeline-bamidele/jsoc_2025_2026_production_v1/samples_npz/2025/20250712_2112_HARP13476_NOAA14136.npz,success,2026-06-27T03:55:18.278779+00:00
20250712_2248_HARP13476_NOAA14136,2025_HARP13476_20250712_1936_20250713_0536,2025-07-12 22:48:00,13476,14136,0,saved,"(512, 512, 6)",gs://suryabench-sharp-pipeline-bamidele/jsoc_2025_2026_production_v1/samples_npz/2025/20250712_2248_HARP13476_NOAA14136.npz,success,2026-06-27T03:55:25.044959+00:00
20250713_0024_HARP13476_NOAA14136,2025_HARP13476_20250712_1936_20250713_0536,2025-07-13 00:24:00,13476,14136,0,saved,"(512, 512, 6)",gs://suryabench-sharp-pipeline-bamidele/jsoc_2025_2026_production_v1/samples_npz/2025/20250713_0024_HARP13476_NOAA14136.npz,success,2026-06-27T03:55:31.884624+00:00
20250713_0224_HARP13476_NOAA14136,2025_HARP13476_20250712_1936_20250713_0536,2025-07-13 02:24:00,13476,14136,0,saved,"(512, 512, 6)",gs://suryabench-sharp-pipeline-bamidele/jsoc_2025_2026_production_v1/samples_npz/2025/20250713_0224_HARP13476_NOAA14136.npz,success,2026-06-27T03:55:38.590914+00:00
20250713_0400_HARP13476_NOAA14136,2025_HARP13476_20250712_1936_20250713_0536,2025-07-13 04:00:00,13476,14136,0,saved,"(512, 512, 6)",gs://suryabench-sharp-pipeline-bamidele/jsoc_2025_2026_production_v1/samples_npz/2025/20250713_0400_HARP13476_NOAA14136.npz,success,2026-06-27T03:55:45.704157+00:00
20250713_0536_HARP13476_NOAA14136,2025_HARP13476_20250712_1936_20250713_0536,2025-07-13 05:36:00,13476,14136,0,saved,"(512, 512, 6)",gs://suryabench-sharp-pipeline-bamidele/jsoc_2025_2026_production_v1/samples_npz/2025/20250713_0536_HARP13476_NOAA14136.npz,success,2026-06-27T03:55:52.379316+00:00
20250713_1000_HARP13470_NOAA14135,2025_HARP13470_20250713_1000_20250713_1624,2025-07-13 10:00:00,13470,14135,0,saved,"(512, 512, 6)",gs://suryabench-sharp-pipeline-bamidele/jsoc_2025_2026_production_v1/samples_npz/2025/20250713_1000_HARP13470_NOAA14135.npz,success,2026-06-27T04:04:15.178457+00:00
20250713_1136_HARP13470_NOAA14135,2025_HARP13470_20250713_1000_20250713_1624,2025-07-13 11:36:00,13470,14135,0,saved,"(512, 512, 6)",gs://suryabench-sharp-pipeline-bamidele/jsoc_2025_2026_production_v1/samples_npz/2025/20250713_1136_HARP13470_NOAA14135.npz,success,2026-06-27T04:04:21.555265+00:00
20250713_1312_HARP13470_NOAA14135,2025_HARP13470_20250713_1000_20250713_1624,2025-07-13 13:12:00,13470,14135,0,saved,"(512, 512, 6)",gs://suryabench-sharp-pipeline-bamidele/jsoc_2025_2026_production_v1/samples_npz/2025/20250713_1312_HARP13470_NOAA14135.npz,success,2026-06-27T04:04:27.781346+00:00
20250713_1448_HARP13470_NOAA14135,2025_HARP13470_20250713_1000_20250713_1624,2025-07-13 14:48:00,13470,14135,0,saved,"(512, 512, 6)",gs://suryabench-sharp-pipeline-bamidele/jsoc_2025_2026_production_v1/samples_npz/2025/20250713_1448_HARP13470_NOAA14135.npz,success,2026-06-27T04:04:33.925906+00:00
20250713_1624_HARP13470_NOAA14135,2025_HARP13470_20250713_1000_20250713_1624,2025-07-13 16:24:00,13470,14135,0,saved,"(512, 512, 6)",gs://suryabench-sharp-pipeline-bamidele/jsoc_2025_2026_production_v1/samples_npz/2025/20250713_1624_HARP13470_NOAA14135.npz,success,2026-06-27T04:04:40.204147+00:00
20250714_2248_HARP13476_NOAA14136,2025_HARP13476_20250714_1936_20250715_0512,2025-07-14 22:48:00,13476,14136,0,saved,"(512, 512, 6)",gs://suryabench-sharp-pipeline-bamidele/jsoc_2025_2026_production_v1/samples_npz/2025/20250714_2248_HARP13476_NOAA14136.npz,success,2026-06-27T04:15:10.333766+00:00
20250715_0024_HARP13476_NOAA14136,2025_HARP13476_20250714_1936_20250715_0512,2025-07-15 00:24:00,13476,14136,0,saved,"(512, 512, 6)",gs://suryabench-sharp-pipeline-bamidele/jsoc_2025_2026_production_v1/samples_npz/2025/20250715_0024_HARP13476_NOAA14136.npz,success,2026-06-27T04:15:18.466111+00:00
20250715_0200_HARP13476_NOAA14136,2025_HARP13476_20250714_1936_20250715_0512,2025-07-15 02:00:00,13476,14136,0,saved,"(512, 512, 6)",gs://suryabench-sharp-pipeline-bamidele/jsoc_2025_2026_production_v1/samples_npz/2025/20250715_0200_HARP13476_NOAA14136.npz,success,2026-06-27T04:15:26.843391+00:00
20250715_0336_HARP13476_NOAA14136,2025_HARP13476_20250714_1936_20250715_0512,2025-07-15 03:36:00,13476,14136,0,saved,"(512, 512, 6)",gs://suryabench-sharp-pipeline-bamidele/jsoc_2025_2026_production_v1/samples_npz/2025/20250715_0336_HARP13476_NOAA14136.npz,success,2026-06-27T04:15:35.083949+00:00
20250716_1024_HARP13476_NOAA14136,2025_HARP13476_20250716_1024_20250716_2136,2025-07-16 10:24:00,13476,14136,0,saved,"(512, 512, 6)",gs://suryabench-sharp-pipeline-bamidele/jsoc_2025_2026_production_v1/samples_npz/2025/20250716_1024_HARP13476_NOAA14136.npz,success,2026-06-27T04:25:49.983129+00:00
20250716_1200_HARP13476_NOAA14136,2025_HARP13476_20250716_1024_20250716_2136,2025-07-16 12:00:00,13476,14136,0,saved,"(512, 512, 6)",gs://suryabench-sharp-pipeline-bamidele/jsoc_2025_2026_production_v1/samples_npz/2025/20250716_1200_HARP13476_NOAA14136.npz,success,2026-06-27T04:25:56.956393+00:00
20250716_1336_HARP13476_NOAA14136,2025_HARP13476_20250716_1024_20250716_2136,2025-07-16 13:36:00,13476,14136,0,saved,"(512, 512, 6)",gs://suryabench-sharp-pipeline-bamidele/jsoc_2025_2026_production_v1/samples_npz/2025/20250716_1336_HARP13476_NOAA14136.npz,success,2026-06-27T04:26:03.885055+00:00
20250716_1512_HARP13476_NOAA14136,2025_HARP13476_20250716_1024_20250716_2136,2025-07-16 15:12:00,13476,14136,0,saved,"(512, 512, 6)",gs://suryabench-sharp-pipeline-bamidele/jsoc_2025_2026_production_v1/samples_npz/2025/20250716_1512_HARP13476_NOAA14136.npz,success,2026-06-27T04:26:10.833858+00:00
20250716_1648_HARP13476_NOAA14136,2025_HARP13476_20250716_1024_20250716_2136,2025-07-16 16:48:00,13476,14136,0,saved,"(512, 512, 6)",gs://suryabench-sharp-pipeline-bamidele/jsoc_2025_2026_production_v1/samples_npz/2025/20250716_1648_HARP13476_NOAA14136.npz,success,2026-06-27T04:26:17.655355+00:00
20250716_1824_HARP13476_NOAA14136,2025_HARP13476_20250716_1024_20250716_2136,2025-07-16 18:24:00,13476,14136,0,saved,"(512, 512, 6)",gs://suryabench-sharp-pipeline-bamidele/jsoc_2025_2026_production_v1/samples_npz/2025/20250716_1824_HARP13476_NOAA14136.npz,success,2026-06-27T04:26:24.546954+00:00
20250716_2000_HARP13476_NOAA14136,2025_HARP13476_20250716_1024_20250716_2136,2025-07-16 20:00:00,13476,14136,0,saved,"(512, 512, 6)",gs://suryabench-sharp-pipeline-bamidele/jsoc_2025_2026_production_v1/samples_npz/2025/20250716_2000_HARP13476_NOAA14136.npz,success,2026-06-27T04:26:31.389388+00:00
20250716_2136_HARP13476_NOAA14136,2025_HARP13476_20250716_1024_20250716_2136,2025-07-16 21:36:00,13476,14136,0,saved,"(512, 512, 6)",gs://suryabench-sharp-pipeline-bamidele/jsoc_2025_2026_production_v1/samples_npz/2025/20250716_2136_HARP13476_NOAA14136.npz,success,2026-06-27T04:26:38.238772+00:00
20250717_0924_HARP13501_NOAA14142,2025_HARP13501_20250717_0924_20250718_0612,2025-07-17 09:24:00,13501,14142,0,saved,"(512, 512, 6)",gs://suryabench-sharp-pipeline-bamidele/jsoc_2025_2026_production_v1/samples_npz/2025/20250717_0924_HARP13501_NOAA14142.npz,success,2026-06-27T04:37:02.208819+00:00
20250717_1100_HARP13501_NOAA14142,2025_HARP13501_20250717_0924_20250718_0612,2025-07-17 11:00:00,13501,14142,0,saved,"(512, 512, 6)",gs://suryabench-sharp-pipeline-bamidele/jsoc_2025_2026_production_v1/samples_npz/2025/20250717_1100_HARP13501_NOAA14142.npz,success,2026-06-27T04:37:08.393631+00:00
20250717_1236_HARP13501_NOAA14142,2025_HARP13501_20250717_0924_20250718_0612,2025-07-17 12:36:00,13501,14142,0,saved,"(512, 512, 6)",gs://suryabench-sharp-pipeline-bamidele/jsoc_2025_2026_production_v1/samples_npz/2025/20250717_1236_HARP13501_NOAA14142.npz,success,2026-06-27T04:37:15.224438+00:00
20250717_1412_HARP13501_NOAA14142,2025_HARP13501_20250717_0924_20250718_0612,2025-07-17 14:12:00,13501,14142,0,saved,"(512, 512, 6)",gs://suryabench-sharp-pipeline-bamidele/jsoc_2025_2026_production_v1/samples_npz/2025/20250717_1412_HARP13501_NOAA14142.npz,success,2026-06-27T04:37:21.377658+00:00
20250717_1548_HARP13501_NOAA14142,2025_HARP13501_20250717_0924_20250718_0612,2025-07-17 15:48:00,13501,14142,0,saved,"(512, 512, 6)",gs://suryabench-sharp-pipeline-bamidele/jsoc_2025_2026_production_v1/samples_npz/2025/20250717_1548_HARP13501_NOAA14142.npz,success,2026-06-27T04:37:27.675865+00:00
20250717_1724_HARP13501_NOAA14142,2025_HARP13501_20250717_0924_20250718_0612,2025-07-17 17:24:00,13501,14142,0,saved,"(512, 512, 6)",gs://suryabench-sharp-pipeline-bamidele/jsoc_2025_2026_production_v1/samples_npz/2025/20250717_1724_HARP13501_NOAA14142.npz,success,2026-06-27T04:37:33.828451+00:00
20250717_1900_HARP13501_NOAA14142,2025_HARP13501_20250717_0924_20250718_0612,2025-07-17 19:00:00,13501,14142,0,saved,"(512, 512, 6)",gs://suryabench-sharp-pipeline-bamidele/jsoc_2025_2026_production_v1/samples_npz/2025/20250717_1900_HARP13501_NOAA14142.npz,success,2026-06-27T04:37:40.038220+00:00
20250717_2036_HARP13501_NOAA14142,2025_HARP13501_20250717_0924_20250718_0612,2025-07-17 20:36:00,13501,14142,0,saved,"(512, 512, 6)",gs://suryabench-sharp-pipeline-bamidele/jsoc_2025_2026_production_v1/samples_npz/2025/20250717_2036_HARP13501_NOAA14142.npz,success,2026-06-27T04:37:46.129069+00:00
20250717_2212_HARP13501_NOAA14142,2025_HARP13501_20250717_0924_20250718_0612,2025-07-17 22:12:00,13501,14142,0,saved,"(512, 512, 6)",gs://suryabench-sharp-pipeline-bamidele/jsoc_2025_2026_production_v1/samples_npz/2025/20250717_2212_HARP13501_NOAA14142.npz,success,2026-06-27T04:37:52.259525+00:00
20250717_2348_HARP13501_NOAA14142,2025_HARP13501_20250717_0924_20250718_0612,2025-07-17 23:48:00,13501,14142,0,saved,"(512, 512, 6)",gs://suryabench-sharp-pipeline-bamidele/jsoc_2025_2026_production_v1/samples_npz/2025/20250717_2348_HARP13501_NOAA14142.npz,success,2026-06-27T04:37:58.371709+00:00
20250718_0124_HARP13501_NOAA14142,2025_HARP13501_20250717_0924_20250718_0612,2025-07-18 01:24:00,13501,14142,0,saved,"(512, 512, 6)",gs://suryabench-sharp-pipeline-bamidele/jsoc_2025_2026_production_v1/samples_npz/2025/20250718_0124_HARP13501_NOAA14142.npz,success,2026-06-27T04:38:04.547854+00:00
20250718_0300_HARP13501_NOAA14142,2025_HARP13501_20250717_0924_20250718_0612,2025-07-18 03:00:00,13501,14142,0,saved,"(512, 512, 6)",gs://suryabench-sharp-pipeline-bamidele/jsoc_2025_2026_production_v1/samples_npz/2025/20250718_0300_HARP13501_NOAA14142.npz,success,2026-06-27T04:38:10.624759+00:00
20250718_0436_HARP13501_NOAA14142,2025_HARP13501_20250717_0924_20250718_0612,2025-07-18 04:36:00,13501,14142,0,saved,"(512, 512, 6)",gs://suryabench-sharp-pipeline-bamidele/jsoc_2025_2026_production_v1/samples_npz/2025/20250718_0436_HARP13501_NOAA14142.npz,success,2026-06-27T04:38:16.803229+00:00
20250718_0612_HARP13501_NOAA14142,2025_HARP13501_20250717_0924_20250718_0612,2025-07-18 06:12:00,13501,14142,0,saved,"(512, 512, 6)",gs://suryabench-sharp-pipeline-bamidele/jsoc_2025_2026_production_v1/samples_npz/2025/20250718_0612_HARP13501_NOAA14142.npz,success,2026-06-27T04:38:23.058321+00:00
20250718_1012_HARP13501_NOAA14142,2025_HARP13501_20250718_1012_20250719_0524,2025-07-18 10:12:00,13501,14142,0,saved,"(512, 512, 6)",gs://suryabench-sharp-pipeline-bamidele/jsoc_2025_2026_production_v1/samples_npz/2025/20250718_1012_HARP13501_NOAA14142.npz,success,2026-06-27T04:48:58.826225+00:00
20250718_1148_HARP13501_NOAA14142,2025_HARP13501_20250718_1012_20250719_0524,2025-07-18 11:48:00,13501,14142,0,saved,"(512, 512, 6)",gs://suryabench-sharp-pipeline-bamidele/jsoc_2025_2026_production_v1/samples_npz/2025/20250718_1148_HARP13501_NOAA14142.npz,success,2026-06-27T04:49:05.218131+00:00
20250718_1324_HARP13501_NOAA14142,2025_HARP13501_20250718_1012_20250719_0524,2025-07-18 13:24:00,13501,14142,0,saved,"(512, 512, 6)",gs://suryabench-sharp-pipeline-bamidele/jsoc_2025_2026_production_v1/samples_npz/2025/20250718_1324_HARP13501_NOAA14142.npz,success,2026-06-27T04:49:11.723282+00:00
20250718_1500_HARP13501_NOAA14142,2025_HARP13501_20250718_1012_20250719_0524,2025-07-18 15:00:00,13501,14142,0,saved,"(512, 512, 6)",gs://suryabench-sharp-pipeline-bamidele/jsoc_2025_2026_production_v1/samples_npz/2025/20250718_1500_HARP13501_NOAA14142.npz,success,2026-06-27T04:49:18.039065+00:00
20250718_1636_HARP13501_NOAA14142,2025_HARP13501_20250718_1012_20250719_0524,2025-07-18 16:36:00,13501,14142,0,saved,"(512, 512, 6)",gs://suryabench-sharp-pipeline-bamidele/jsoc_2025_2026_production_v1/samples_npz/2025/20250718_1636_HARP13501_NOAA14142.npz,success,2026-06-27T04:49:24.238463+00:00
20250718_1812_HARP13501_NOAA14142,2025_HARP13501_20250718_1012_20250719_0524,2025-07-18 18:12:00,13501,14142,0,saved,"(512, 512, 6)",gs://suryabench-sharp-pipeline-bamidele/jsoc_2025_2026_production_v1/samples_npz/2025/20250718_1812_HARP13501_NOAA14142.npz,success,2026-06-27T04:49:30.341231+00:00
20250718_1948_HARP13501_NOAA14142,2025_HARP13501_20250718_1012_20250719_0524,2025-07-18 19:48:00,13501,14142,0,saved,"(512, 512, 6)",gs://suryabench-sharp-pipeline-bamidele/jsoc_2025_2026_production_v1/samples_npz/2025/20250718_1948_HARP13501_NOAA14142.npz,success,2026-06-27T04:49:37.236818+00:00
20250718_2124_HARP13501_NOAA14142,2025_HARP13501_20250718_1012_20250719_0524,2025-07-18 21:24:00,13501,14142,0,saved,"(512, 512, 6)",gs://suryabench-sharp-pipeline-bamidele/jsoc_2025_2026_production_v1/samples_npz/2025/20250718_2124_HARP13501_NOAA14142.npz,success,2026-06-27T04:49:43.516827+00:00
20250718_2300_HARP13501_NOAA14142,2025_HARP13501_20250718_1012_20250719_0524,2025-07-18 23:00:00,13501,14142,0,saved,"(512, 512, 6)",gs://suryabench-sharp-pipeline-bamidele/jsoc_2025_2026_production_v1/samples_npz/2025/20250718_2300_HARP13501_NOAA14142.npz,success,2026-06-27T04:49:49.831890+00:00
20250719_0036_HARP13501_NOAA14142,2025_HARP13501_20250718_1012_20250719_0524,2025-07-19 00:36:00,13501,14142,0,saved,"(512, 512, 6)",gs://suryabench-sharp-pipeline-bamidele/jsoc_2025_2026_production_v1/samples_npz/2025/20250719_0036_HARP13501_NOAA14142.npz,success,2026-06-27T04:49:56.251996+00:00
20250719_0212_HARP13501_NOAA14142,2025_HARP13501_20250718_1012_20250719_0524,2025-07-19 02:12:00,13501,14142,0,saved,"(512, 512, 6)",gs://suryabench-sharp-pipeline-bamidele/jsoc_2025_2026_production_v1/samples_npz/2025/20250719_0212_HARP13501_NOAA14142.npz,success,2026-06-27T04:50:02.463130+00:00
20250719_0348_HARP13501_NOAA14142,2025_HARP13501_20250718_1012_20250719_0524,2025-07-19 03:48:00,13501,14142,0,saved,"(512, 512, 6)",gs://suryabench-sharp-pipeline-bamidele/jsoc_2025_2026_production_v1/samples_npz/2025/20250719_0348_HARP13501_NOAA14142.npz,success,2026-06-27T04:50:08.616059+00:00
20250719_0524_HARP13501_NOAA14142,2025_HARP13501_20250718_1012_20250719_0524,2025-07-19 05:24:00,13501,14142,0,saved,"(512, 512, 6)",gs://suryabench-sharp-pipeline-bamidele/jsoc_2025_2026_production_v1/samples_npz/2025/20250719_0524_HARP13501_NOAA14142.npz,success,2026-06-27T04:50:14.795990+00:00
20250719_1036_HARP13493_NOAA14140,2025_HARP13493_20250719_1036_20250719_1212,2025-07-19 10:36:00,13493,14140,0,saved,"(512, 512, 6)",gs://suryabench-sharp-pipeline-bamidele/jsoc_2025_2026_production_v1/samples_npz/2025/20250719_1036_HARP13493_NOAA14140.npz,success,2026-06-27T04:57:40.277309+00:00
20250719_1212_HARP13493_NOAA14140,2025_HARP13493_20250719_1036_20250719_1212,2025-07-19 12:12:00,13493,14140,0,saved,"(512, 512, 6)",gs://suryabench-sharp-pipeline-bamidele/jsoc_2025_2026_production_v1/samples_npz/2025/20250719_1212_HARP13493_NOAA14140.npz,success,2026-06-27T04:57:46.722033+00:00
20250719_1936_HARP13532_NOAA14151,2025_HARP13532_20250719_1936_20250720_0512,2025-07-19 19:36:00,13532,14151,0,saved,"(512, 512, 6)",gs://suryabench-sharp-pipeline-bamidele/jsoc_2025_2026_production_v1/samples_npz/2025/20250719_1936_HARP13532_NOAA14151.npz,success,2026-06-27T05:06:33.396433+00:00
20250719_2112_HARP13532_NOAA14151,2025_HARP13532_20250719_1936_20250720_0512,2025-07-19 21:12:00,13532,14151,0,saved,"(512, 512, 6)",gs://suryabench-sharp-pipeline-bamidele/jsoc_2025_2026_production_v1/samples_npz/2025/20250719_2112_HARP13532_NOAA14151.npz,success,2026-06-27T05:06:39.771659+00:00
20250719_2248_HARP13532_NOAA14151,2025_HARP13532_20250719_1936_20250720_0512,2025-07-19 22:48:00,13532,14151,0,saved,"(512, 512, 6)",gs://suryabench-sharp-pipeline-bamidele/jsoc_2025_2026_production_v1/samples_npz/2025/20250719_2248_HARP13532_NOAA14151.npz,success,2026-06-27T05:06:46.028205+00:00
20250720_0024_HARP13532_NOAA14151,2025_HARP13532_20250719_1936_20250720_0512,2025-07-20 00:24:00,13532,14151,0,saved,"(512, 512, 6)",gs://suryabench-sharp-pipeline-bamidele/jsoc_2025_2026_production_v1/samples_npz/2025/20250720_0024_HARP13532_NOAA14151.npz,success,2026-06-27T05:06:52.382846+00:00
20250720_0200_HARP13532_NOAA14151,2025_HARP13532_20250719_1936_20250720_0512,2025-07-20 02:00:00,13532,14151,0,saved,"(512, 512, 6)",gs://suryabench-sharp-pipeline-bamidele/jsoc_2025_2026_production_v1/samples_npz/2025/20250720_0200_HARP13532_NOAA14151.npz,success,2026-06-27T05:06:58.668909+00:00
20250720_0336_HARP13532_NOAA14151,2025_HARP13532_20250719_1936_20250720_0512,2025-07-20 03:36:00,13532,14151,0,saved,"(512, 512, 6)",gs://suryabench-sharp-pipeline-bamidele/jsoc_2025_2026_production_v1/samples_npz/2025/20250720_0336_HARP13532_NOAA14151.npz,success,2026-06-27T05:07:04.833707+00:00
20250720_0512_HARP13532_NOAA14151,2025_HARP13532_20250719_1936_20250720_0512,2025-07-20 05:12:00,13532,14151,0,saved,"(512, 512, 6)",gs://suryabench-sharp-pipeline-bamidele/jsoc_2025_2026_production_v1/samples_npz/2025/20250720_0512_HARP13532_NOAA14151.npz,success,2026-06-27T05:07:11.047732+00:00
20250720_1112_HARP13517_NOAA14158,2025_HARP13517_20250720_1112_20250720_1248,2025-07-20 11:12:00,13517,14158,0,saved,"(512, 512, 6)",gs://suryabench-sharp-pipeline-bamidele/jsoc_2025_2026_production_v1/samples_npz/2025/20250720_1112_HARP13517_NOAA14158.npz,success,2026-06-27T05:14:45.379757+00:00
20250720_1248_HARP13517_NOAA14158,2025_HARP13517_20250720_1112_20250720_1248,2025-07-20 12:48:00,13517,14158,0,saved,"(512, 512, 6)",gs://suryabench-sharp-pipeline-bamidele/jsoc_2025_2026_production_v1/samples_npz/2025/20250720_1248_HARP13517_NOAA14158.npz,success,2026-06-27T05:14:51.700717+00:00
20250721_0912_HARP13506_NOAA14144,2025_HARP13506_20250721_0912_20250722_0424,2025-07-21 09:12:00,13506,14144,0,saved,"(512, 512, 6)",gs://suryabench-sharp-pipeline-bamidele/jsoc_2025_2026_production_v1/samples_npz/2025/20250721_0912_HARP13506_NOAA14144.npz,success,2026-06-27T05:25:13.496094+00:00
20250721_1048_HARP13506_NOAA14144,2025_HARP13506_20250721_0912_20250722_0424,2025-07-21 10:48:00,13506,14144,0,saved,"(512, 512, 6)",gs://suryabench-sharp-pipeline-bamidele/jsoc_2025_2026_production_v1/samples_npz/2025/20250721_1048_HARP13506_NOAA14144.npz,success,2026-06-27T05:25:19.858204+00:00
20250721_1224_HARP13506_NOAA14144,2025_HARP13506_20250721_0912_20250722_0424,2025-07-21 12:24:00,13506,14144,0,saved,"(512, 512, 6)",gs://suryabench-sharp-pipeline-bamidele/jsoc_2025_2026_production_v1/samples_npz/2025/20250721_1224_HARP13506_NOAA14144.npz,success,2026-06-27T05:25:26.165349+00:00
20250721_1400_HARP13506_NOAA14144,2025_HARP13506_20250721_0912_20250722_0424,2025-07-21 14:00:00,13506,14144,0,saved,"(512, 512, 6)",gs://suryabench-sharp-pipeline-bamidele/jsoc_2025_2026_production_v1/samples_npz/2025/20250721_1400_HARP13506_NOAA14144.npz,success,2026-06-27T05:25:32.363998+00:00
20250721_1536_HARP13506_NOAA14144,2025_HARP13506_20250721_0912_20250722_0424,2025-07-21 15:36:00,13506,14144,0,saved,"(512, 512, 6)",gs://suryabench-sharp-pipeline-bamidele/jsoc_2025_2026_production_v1/samples_npz/2025/20250721_1536_HARP13506_NOAA14144.npz,success,2026-06-27T05:25:38.544099+00:00
20250721_1712_HARP13506_NOAA14144,2025_HARP13506_20250721_0912_20250722_0424,2025-07-21 17:12:00,13506,14144,0,saved,"(512, 512, 6)",gs://suryabench-sharp-pipeline-bamidele/jsoc_2025_2026_production_v1/samples_npz/2025/20250721_1712_HARP13506_NOAA14144.npz,success,2026-06-27T05:25:44.700251+00:00
20250721_1848_HARP13506_NOAA14144,2025_HARP13506_20250721_0912_20250722_0424,2025-07-21 18:48:00,13506,14144,0,saved,"(512, 512, 6)",gs://suryabench-sharp-pipeline-bamidele/jsoc_2025_2026_production_v1/samples_npz/2025/20250721_1848_HARP13506_NOAA14144.npz,success,2026-06-27T05:25:51.763393+00:00
20250721_2024_HARP13506_NOAA14144,2025_HARP13506_20250721_0912_20250722_0424,2025-07-21 20:24:00,13506,14144,0,saved,"(512, 512, 6)",gs://suryabench-sharp-pipeline-bamidele/jsoc_2025_2026_production_v1/samples_npz/2025/20250721_2024_HARP13506_NOAA14144.npz,success,2026-06-27T05:25:57.955489+00:00
20250721_2200_HARP13506_NOAA14144,2025_HARP13506_20250721_0912_20250722_0424,2025-07-21 22:00:00,13506,14144,0,saved,"(512, 512, 6)",gs://suryabench-sharp-pipeline-bamidele/jsoc_2025_2026_production_v1/samples_npz/2025/20250721_2200_HARP13506_NOAA14144.npz,success,2026-06-27T05:26:04.169370+00:00
20250721_2336_HARP13506_NOAA14144,2025_HARP13506_20250721_0912_20250722_0424,2025-07-21 23:36:00,13506,14144,0,saved,"(512, 512, 6)",gs://suryabench-sharp-pipeline-bamidele/jsoc_2025_2026_production_v1/samples_npz/2025/20250721_2336_HARP13506_NOAA14144.npz,success,2026-06-27T05:26:10.310244+00:00
20250722_0112_HARP13506_NOAA14144,2025_HARP13506_20250721_0912_20250722_0424,2025-07-22 01:12:00,13506,14144,0,saved,"(512, 512, 6)",gs://suryabench-sharp-pipeline-bamidele/jsoc_2025_2026_production_v1/samples_npz/2025/20250722_0112_HARP13506_NOAA14144.npz,success,2026-06-27T05:26:16.460583+00:00
20250722_0248_HARP13506_NOAA14144,2025_HARP13506_20250721_0912_20250722_0424,2025-07-22 02:48:00,13506,14144,0,saved,"(512, 512, 6)",gs://suryabench-sharp-pipeline-bamidele/jsoc_2025_2026_production_v1/samples_npz/2025/20250722_0248_HARP13506_NOAA14144.npz,success,2026-06-27T05:26:22.716919+00:00
20250722_0424_HARP13506_NOAA14144,2025_HARP13506_20250721_0912_20250722_0424,2025-07-22 04:24:00,13506,14144,0,saved,"(512, 512, 6)",gs://suryabench-sharp-pipeline-bamidele/jsoc_2025_2026_production_v1/samples_npz/2025/20250722_0424_HARP13506_NOAA14144.npz,success,2026-06-27T05:26:29.642426+00:00
20250721_1936_HARP13507_NOAA14147,2025_HARP13507_20250721_1936_20250722_0512,2025-07-21 19:36:00,13507,14147,0,saved,"(512, 512, 6)",gs://suryabench-sharp-pipeline-bamidele/jsoc_2025_2026_production_v1/samples_npz/2025/20250721_1936_HARP13507_NOAA14147.npz,success,2026-06-27T05:36:26.870983+00:00
20250721_2112_HARP13507_NOAA14147,2025_HARP13507_20250721_1936_20250722_0512,2025-07-21 21:12:00,13507,14147,0,saved,"(512, 512, 6)",gs://suryabench-sharp-pipeline-bamidele/jsoc_2025_2026_production_v1/samples_npz/2025/20250721_2112_HARP13507_NOAA14147.npz,success,2026-06-27T05:36:33.368871+00:00
20250721_2248_HARP13507_NOAA14147,2025_HARP13507_20250721_1936_20250722_0512,2025-07-21 22:48:00,13507,14147,0,saved,"(512, 512, 6)",gs://suryabench-sharp-pipeline-bamidele/jsoc_2025_2026_production_v1/samples_npz/2025/20250721_2248_HARP13507_NOAA14147.npz,success,2026-06-27T05:36:39.770041+00:00
20250722_0024_HARP13507_NOAA14147,2025_HARP13507_20250721_1936_20250722_0512,2025-07-22 00:24:00,13507,14147,0,saved,"(512, 512, 6)",gs://suryabench-sharp-pipeline-bamidele/jsoc_2025_2026_production_v1/samples_npz/2025/20250722_0024_HARP13507_NOAA14147.npz,success,2026-06-27T05:36:46.211742+00:00
20250722_0200_HARP13507_NOAA14147,2025_HARP13507_20250721_1936_20250722_0512,2025-07-22 02:00:00,13507,14147,0,saved,"(512, 512, 6)",gs://suryabench-sharp-pipeline-bamidele/jsoc_2025_2026_production_v1/samples_npz/2025/20250722_0200_HARP13507_NOAA14147.npz,success,2026-06-27T05:36:52.562158+00:00
20250722_0336_HARP13507_NOAA14147,2025_HARP13507_20250721_1936_20250722_0512,2025-07-22 03:36:00,13507,14147,0,saved,"(512, 512, 6)",gs://suryabench-sharp-pipeline-bamidele/jsoc_2025_2026_production_v1/samples_npz/2025/20250722_0336_HARP13507_NOAA14147.npz,success,2026-06-27T05:36:58.907025+00:00
20250722_0512_HARP13507_NOAA14147,2025_HARP13507_20250721_1936_20250722_0512,2025-07-22 05:12:00,13507,14147,0,saved,"(512, 512, 6)",gs://suryabench-sharp-pipeline-bamidele/jsoc_2025_2026_production_v1/samples_npz/2025/20250722_0512_HARP13507_NOAA14147.npz,success,2026-06-27T05:37:05.245103+00:00
20250722_2136_HARP13522_NOAA14150,2025_HARP13522_20250722_2136_20250723_0536,2025-07-22 21:36:00,13522,14150,0,saved,"(512, 512, 6)",gs://suryabench-sharp-pipeline-bamidele/jsoc_2025_2026_production_v1/samples_npz/2025/20250722_2136_HARP13522_NOAA14150.npz,success,2026-06-27T05:45:49.934226+00:00
20250722_2312_HARP13522_NOAA14150,2025_HARP13522_20250722_2136_20250723_0536,2025-07-22 23:12:00,13522,14150,0,saved,"(512, 512, 6)",gs://suryabench-sharp-pipeline-bamidele/jsoc_2025_2026_production_v1/samples_npz/2025/20250722_2312_HARP13522_NOAA14150.npz,success,2026-06-27T05:45:56.406999+00:00
20250723_0048_HARP13522_NOAA14150,2025_HARP13522_20250722_2136_20250723_0536,2025-07-23 00:48:00,13522,14150,0,saved,"(512, 512, 6)",gs://suryabench-sharp-pipeline-bamidele/jsoc_2025_2026_production_v1/samples_npz/2025/20250723_0048_HARP13522_NOAA14150.npz,success,2026-06-27T05:46:02.869818+00:00
20250723_0224_HARP13522_NOAA14150,2025_HARP13522_20250722_2136_20250723_0536,2025-07-23 02:24:00,13522,14150,0,saved,"(512, 512, 6)",gs://suryabench-sharp-pipeline-bamidele/jsoc_2025_2026_production_v1/samples_npz/2025/20250723_0224_HARP13522_NOAA14150.npz,success,2026-06-27T05:46:09.383889+00:00
20250723_0400_HARP13522_NOAA14150,2025_HARP13522_20250722_2136_20250723_0536,2025-07-23 04:00:00,13522,14150,0,saved,"(512, 512, 6)",gs://suryabench-sharp-pipeline-bamidele/jsoc_2025_2026_production_v1/samples_npz/2025/20250723_0400_HARP13522_NOAA14150.npz,success,2026-06-27T05:46:15.820123+00:00
20250723_0536_HARP13522_NOAA14150,2025_HARP13522_20250722_2136_20250723_0536,2025-07-23 05:36:00,13522,14150,0,saved,"(512, 512, 6)",gs://suryabench-sharp-pipeline-bamidele/jsoc_2025_2026_production_v1/samples_npz/2025/20250723_0536_HARP13522_NOAA14150.npz,success,2026-06-27T05:46:22.244955+00:00
20250723_2148_HARP13517_NOAA14158,2025_HARP13517_20250723_2148_20250724_0100,2025-07-23 21:48:00,13517,14158,0,saved,"(512, 512, 6)",gs://suryabench-sharp-pipeline-bamidele/jsoc_2025_2026_production_v1/samples_npz/2025/20250723_2148_HARP13517_NOAA14158.npz,success,2026-06-27T05:54:08.370229+00:00
20250723_2324_HARP13517_NOAA14158,2025_HARP13517_20250723_2148_20250724_0100,2025-07-23 23:24:00,13517,14158,0,saved,"(512, 512, 6)",gs://suryabench-sharp-pipeline-bamidele/jsoc_2025_2026_production_v1/samples_npz/2025/20250723_2324_HARP13517_NOAA14158.npz,success,2026-06-27T05:54:14.769645+00:00
20250724_0100_HARP13517_NOAA14158,2025_HARP13517_20250723_2148_20250724_0100,2025-07-24 01:00:00,13517,14158,0,saved,"(512, 512, 6)",gs://suryabench-sharp-pipeline-bamidele/jsoc_2025_2026_production_v1/samples_npz/2025/20250724_0100_HARP13517_NOAA14158.npz,success,2026-06-27T05:54:22.018423+00:00
20250724_1036_HARP13524_NOAA14149,2025_HARP13524_20250724_1036_20250725_0112,2025-07-24 10:36:00,13524,14149,0,saved,"(512, 512, 6)",gs://suryabench-sharp-pipeline-bamidele/jsoc_2025_2026_production_v1/samples_npz/2025/20250724_1036_HARP13524_NOAA14149.npz,success,2026-06-27T06:14:01.440152+00:00
20250724_1212_HARP13524_NOAA14149,2025_HARP13524_20250724_1036_20250725_0112,2025-07-24 12:12:00,13524,14149,0,saved,"(512, 512, 6)",gs://suryabench-sharp-pipeline-bamidele/jsoc_2025_2026_production_v1/samples_npz/2025/20250724_1212_HARP13524_NOAA14149.npz,success,2026-06-27T06:14:08.468521+00:00
20250724_1348_HARP13524_NOAA14149,2025_HARP13524_20250724_1036_20250725_0112,2025-07-24 13:48:00,13524,14149,0,saved,"(512, 512, 6)",gs://suryabench-sharp-pipeline-bamidele/jsoc_2025_2026_production_v1/samples_npz/2025/20250724_1348_HARP13524_NOAA14149.npz,success,2026-06-27T06:14:15.459832+00:00
20250724_1524_HARP13524_NOAA14149,2025_HARP13524_20250724_1036_20250725_0112,2025-07-24 15:24:00,13524,14149,0,saved,"(512, 512, 6)",gs://suryabench-sharp-pipeline-bamidele/jsoc_2025_2026_production_v1/samples_npz/2025/20250724_1524_HARP13524_NOAA14149.npz,success,2026-06-27T06:14:22.435772+00:00
20250724_2200_HARP13524_NOAA14149,2025_HARP13524_20250724_1036_20250725_0112,2025-07-24 22:00:00,13524,14149,0,saved,"(512, 512, 6)",gs://suryabench-sharp-pipeline-bamidele/jsoc_2025_2026_production_v1/samples_npz/2025/20250724_2200_HARP13524_NOAA14149.npz,success,2026-06-27T06:14:35.297894+00:00
20250724_2336_HARP13524_NOAA14149,2025_HARP13524_20250724_1036_20250725_0112,2025-07-24 23:36:00,13524,14149,0,saved,"(512, 512, 6)",gs://suryabench-sharp-pipeline-bamidele/jsoc_2025_2026_production_v1/samples_npz/2025/20250724_2336_HARP13524_NOAA14149.npz,success,2026-06-27T06:14:42.352771+00:00
20250725_0548_HARP13542_NOAA14153,2025_HARP13542_20250725_0548_20250725_0548,2025-07-25 05:48:00,13542,14153,0,saved,"(512, 512, 6)",gs://suryabench-sharp-pipeline-bamidele/jsoc_2025_2026_production_v1/samples_npz/2025/20250725_0548_HARP13542_NOAA14153.npz,success,2026-06-27T06:22:09.264631+00:00
20250725_1000_HARP13542_NOAA14153,2025_HARP13542_20250725_1000_20250725_1624,2025-07-25 10:00:00,13542,14153,0,saved,"(512, 512, 6)",gs://suryabench-sharp-pipeline-bamidele/jsoc_2025_2026_production_v1/samples_npz/2025/20250725_1000_HARP13542_NOAA14153.npz,success,2026-06-27T06:31:53.500155+00:00
20250725_1136_HARP13542_NOAA14153,2025_HARP13542_20250725_1000_20250725_1624,2025-07-25 11:36:00,13542,14153,0,saved,"(512, 512, 6)",gs://suryabench-sharp-pipeline-bamidele/jsoc_2025_2026_production_v1/samples_npz/2025/20250725_1136_HARP13542_NOAA14153.npz,success,2026-06-27T06:32:00.128311+00:00
20250725_1312_HARP13542_NOAA14153,2025_HARP13542_20250725_1000_20250725_1624,2025-07-25 13:12:00,13542,14153,0,saved,"(512, 512, 6)",gs://suryabench-sharp-pipeline-bamidele/jsoc_2025_2026_production_v1/samples_npz/2025/20250725_1312_HARP13542_NOAA14153.npz,success,2026-06-27T06:32:06.814765+00:00
20250725_1448_HARP13542_NOAA14153,2025_HARP13542_20250725_1000_20250725_1624,2025-07-25 14:48:00,13542,14153,0,saved,"(512, 512, 6)",gs://suryabench-sharp-pipeline-bamidele/jsoc_2025_2026_production_v1/samples_npz/2025/20250725_1448_HARP13542_NOAA14153.npz,success,2026-06-27T06:32:13.888185+00:00
20250725_1624_HARP13542_NOAA14153,2025_HARP13542_20250725_1000_20250725_1624,2025-07-25 16:24:00,13542,14153,0,saved,"(512, 512, 6)",gs://suryabench-sharp-pipeline-bamidele/jsoc_2025_2026_production_v1/samples_npz/2025/20250725_1624_HARP13542_NOAA14153.npz,success,2026-06-27T06:32:20.509671+00:00
20250726_1000_HARP13561_NOAA14159,2025_HARP13561_20250726_1000_20250726_1624,2025-07-26 10:00:00,13561,14159,0,saved,"(512, 512, 6)",gs://suryabench-sharp-pipeline-bamidele/jsoc_2025_2026_production_v1/samples_npz/2025/20250726_1000_HARP13561_NOAA14159.npz,success,2026-06-27T06:42:27.884070+00:00
20250726_1136_HARP13561_NOAA14159,2025_HARP13561_20250726_1000_20250726_1624,2025-07-26 11:36:00,13561,14159,0,saved,"(512, 512, 6)",gs://suryabench-sharp-pipeline-bamidele/jsoc_2025_2026_production_v1/samples_npz/2025/20250726_1136_HARP13561_NOAA14159.npz,success,2026-06-27T06:42:34.421004+00:00
20250726_1312_HARP13561_NOAA14159,2025_HARP13561_20250726_1000_20250726_1624,2025-07-26 13:12:00,13561,14159,0,saved,"(512, 512, 6)",gs://suryabench-sharp-pipeline-bamidele/jsoc_2025_2026_production_v1/samples_npz/2025/20250726_1312_HARP13561_NOAA14159.npz,success,2026-06-27T06:42:40.787756+00:00
20250726_1448_HARP13561_NOAA14159,2025_HARP13561_20250726_1000_20250726_1624,2025-07-26 14:48:00,13561,14159,0,saved,"(512, 512, 6)",gs://suryabench-sharp-pipeline-bamidele/jsoc_2025_2026_production_v1/samples_npz/2025/20250726_1448_HARP13561_NOAA14159.npz,success,2026-06-27T06:42:47.108890+00:00
20250726_1624_HARP13561_NOAA14159,2025_HARP13561_20250726_1000_20250726_1624,2025-07-26 16:24:00,13561,14159,0,saved,"(512, 512, 6)",gs://suryabench-sharp-pipeline-bamidele/jsoc_2025_2026_production_v1/samples_npz/2025/20250726_1624_HARP13561_NOAA14159.npz,success,2026-06-27T06:42:53.522718+00:00
20250726_1748_HARP13543_NOAA14154,2025_HARP13543_20250726_1748_20250727_0500,2025-07-26 17:48:00,13543,14154,0,saved,"(512, 512, 6)",gs://suryabench-sharp-pipeline-bamidele/jsoc_2025_2026_production_v1/samples_npz/2025/20250726_1748_HARP13543_NOAA14154.npz,success,2026-06-27T06:53:20.427880+00:00
20250726_1924_HARP13543_NOAA14154,2025_HARP13543_20250726_1748_20250727_0500,2025-07-26 19:24:00,13543,14154,0,saved,"(512, 512, 6)",gs://suryabench-sharp-pipeline-bamidele/jsoc_2025_2026_production_v1/samples_npz/2025/20250726_1924_HARP13543_NOAA14154.npz,success,2026-06-27T06:53:27.025854+00:00
20250726_2100_HARP13543_NOAA14154,2025_HARP13543_20250726_1748_20250727_0500,2025-07-26 21:00:00,13543,14154,0,saved,"(512, 512, 6)",gs://suryabench-sharp-pipeline-bamidele/jsoc_2025_2026_production_v1/samples_npz/2025/20250726_2100_HARP13543_NOAA14154.npz,success,2026-06-27T06:53:33.439498+00:00
20250726_2236_HARP13543_NOAA14154,2025_HARP13543_20250726_1748_20250727_0500,2025-07-26 22:36:00,13543,14154,0,saved,"(512, 512, 6)",gs://suryabench-sharp-pipeline-bamidele/jsoc_2025_2026_production_v1/samples_npz/2025/20250726_2236_HARP13543_NOAA14154.npz,success,2026-06-27T06:53:39.803088+00:00
20250727_0012_HARP13543_NOAA14154,2025_HARP13543_20250726_1748_20250727_0500,2025-07-27 00:12:00,13543,14154,0,saved,"(512, 512, 6)",gs://suryabench-sharp-pipeline-bamidele/jsoc_2025_2026_production_v1/samples_npz/2025/20250727_0012_HARP13543_NOAA14154.npz,success,2026-06-27T06:53:46.218752+00:00
20250727_0148_HARP13543_NOAA14154,2025_HARP13543_20250726_1748_20250727_0500,2025-07-27 01:48:00,13543,14154,0,saved,"(512, 512, 6)",gs://suryabench-sharp-pipeline-bamidele/jsoc_2025_2026_production_v1/samples_npz/2025/20250727_0148_HARP13543_NOAA14154.npz,success,2026-06-27T06:53:52.547094+00:00
20250727_0324_HARP13543_NOAA14154,2025_HARP13543_20250726_1748_20250727_0500,2025-07-27 03:24:00,13543,14154,0,saved,"(512, 512, 6)",gs://suryabench-sharp-pipeline-bamidele/jsoc_2025_2026_production_v1/samples_npz/2025/20250727_0324_HARP13543_NOAA14154.npz,success,2026-06-27T06:53:58.940564+00:00
20250727_0500_HARP13543_NOAA14154,2025_HARP13543_20250726_1748_20250727_0500,2025-07-27 05:00:00,13543,14154,0,saved,"(512, 512, 6)",gs://suryabench-sharp-pipeline-bamidele/jsoc_2025_2026_production_v1/samples_npz/2025/20250727_0500_HARP13543_NOAA14154.npz,success,2026-06-27T06:54:05.353814+00:00
20250727_0912_HARP13543_NOAA14154,2025_HARP13543_20250727_0912_20250728_0424,2025-07-27 09:12:00,13543,14154,0,saved,"(512, 512, 6)",gs://suryabench-sharp-pipeline-bamidele/jsoc_2025_2026_production_v1/samples_npz/2025/20250727_0912_HARP13543_NOAA14154.npz,success,2026-06-27T07:05:54.013875+00:00
20250727_1048_HARP13543_NOAA14154,2025_HARP13543_20250727_0912_20250728_0424,2025-07-27 10:48:00,13543,14154,0,saved,"(512, 512, 6)",gs://suryabench-sharp-pipeline-bamidele/jsoc_2025_2026_production_v1/samples_npz/2025/20250727_1048_HARP13543_NOAA14154.npz,success,2026-06-27T07:06:00.616338+00:00
20250727_1224_HARP13543_NOAA14154,2025_HARP13543_20250727_0912_20250728_0424,2025-07-27 12:24:00,13543,14154,0,saved,"(512, 512, 6)",gs://suryabench-sharp-pipeline-bamidele/jsoc_2025_2026_production_v1/samples_npz/2025/20250727_1224_HARP13543_NOAA14154.npz,success,2026-06-27T07:06:07.496721+00:00
20250727_1400_HARP13543_NOAA14154,2025_HARP13543_20250727_0912_20250728_0424,2025-07-27 14:00:00,13543,14154,0,saved,"(512, 512, 6)",gs://suryabench-sharp-pipeline-bamidele/jsoc_2025_2026_production_v1/samples_npz/2025/20250727_1400_HARP13543_NOAA14154.npz,success,2026-06-27T07:06:14.002225+00:00
20250727_1536_HARP13543_NOAA14154,2025_HARP13543_20250727_0912_20250728_0424,2025-07-27 15:36:00,13543,14154,0,saved,"(512, 512, 6)",gs://suryabench-sharp-pipeline-bamidele/jsoc_2025_2026_production_v1/samples_npz/2025/20250727_1536_HARP13543_NOAA14154.npz,success,2026-06-27T07:06:20.475117+00:00
20250727_1712_HARP13543_NOAA14154,2025_HARP13543_20250727_0912_20250728_0424,2025-07-27 17:12:00,13543,14154,0,saved,"(512, 512, 6)",gs://suryabench-sharp-pipeline-bamidele/jsoc_2025_2026_production_v1/samples_npz/2025/20250727_1712_HARP13543_NOAA14154.npz,success,2026-06-27T07:06:27.743456+00:00
20250727_1848_HARP13543_NOAA14154,2025_HARP13543_20250727_0912_20250728_0424,2025-07-27 18:48:00,13543,14154,0,saved,"(512, 512, 6)",gs://suryabench-sharp-pipeline-bamidele/jsoc_2025_2026_production_v1/samples_npz/2025/20250727_1848_HARP13543_NOAA14154.npz,success,2026-06-27T07:06:34.204412+00:00
20250727_2024_HARP13543_NOAA14154,2025_HARP13543_20250727_0912_20250728_0424,2025-07-27 20:24:00,13543,14154,0,saved,"(512, 512, 6)",gs://suryabench-sharp-pipeline-bamidele/jsoc_2025_2026_production_v1/samples_npz/2025/20250727_2024_HARP13543_NOAA14154.npz,success,2026-06-27T07:06:40.700209+00:00
20250727_2200_HARP13543_NOAA14154,2025_HARP13543_20250727_0912_20250728_0424,2025-07-27 22:00:00,13543,14154,0,saved,"(512, 512, 6)",gs://suryabench-sharp-pipeline-bamidele/jsoc_2025_2026_production_v1/samples_npz/2025/20250727_2200_HARP13543_NOAA14154.npz,success,2026-06-27T07:06:47.192581+00:00
20250727_2336_HARP13543_NOAA14154,2025_HARP13543_20250727_0912_20250728_0424,2025-07-27 23:36:00,13543,14154,0,saved,"(512, 512, 6)",gs://suryabench-sharp-pipeline-bamidele/jsoc_2025_2026_production_v1/samples_npz/2025/20250727_2336_HARP13543_NOAA14154.npz,success,2026-06-27T07:06:53.683863+00:00
20250728_0112_HARP13543_NOAA14154,2025_HARP13543_20250727_0912_20250728_0424,2025-07-28 01:12:00,13543,14154,0,saved,"(512, 512, 6)",gs://suryabench-sharp-pipeline-bamidele/jsoc_2025_2026_production_v1/samples_npz/2025/20250728_0112_HARP13543_NOAA14154.npz,success,2026-06-27T07:07:00.197414+00:00
20250728_0248_HARP13543_NOAA14154,2025_HARP13543_20250727_0912_20250728_0424,2025-07-28 02:48:00,13543,14154,0,saved,"(512, 512, 6)",gs://suryabench-sharp-pipeline-bamidele/jsoc_2025_2026_production_v1/samples_npz/2025/20250728_0248_HARP13543_NOAA14154.npz,success,2026-06-27T07:07:06.634576+00:00
20250728_0424_HARP13543_NOAA14154,2025_HARP13543_20250727_0912_20250728_0424,2025-07-28 04:24:00,13543,14154,0,saved,"(512, 512, 6)",gs://suryabench-sharp-pipeline-bamidele/jsoc_2025_2026_production_v1/samples_npz/2025/20250728_0424_HARP13543_NOAA14154.npz,success,2026-06-27T07:07:13.136005+00:00
20250727_1212_HARP13568_NOAA14163,2025_HARP13568_20250727_1212_20250728_0548,2025-07-27 12:12:00,13568,14163,0,saved,"(512, 512, 6)",gs://suryabench-sharp-pipeline-bamidele/jsoc_2025_2026_production_v1/samples_npz/2025/20250727_1212_HARP13568_NOAA14163.npz,success,2026-06-27T07:17:37.084630+00:00
20250727_1348_HARP13568_NOAA14163,2025_HARP13568_20250727_1212_20250728_0548,2025-07-27 13:48:00,13568,14163,0,saved,"(512, 512, 6)",gs://suryabench-sharp-pipeline-bamidele/jsoc_2025_2026_production_v1/samples_npz/2025/20250727_1348_HARP13568_NOAA14163.npz,success,2026-06-27T07:17:43.539055+00:00
20250727_1524_HARP13568_NOAA14163,2025_HARP13568_20250727_1212_20250728_0548,2025-07-27 15:24:00,13568,14163,0,saved,"(512, 512, 6)",gs://suryabench-sharp-pipeline-bamidele/jsoc_2025_2026_production_v1/samples_npz/2025/20250727_1524_HARP13568_NOAA14163.npz,success,2026-06-27T07:17:50.004270+00:00
20250727_1700_HARP13568_NOAA14163,2025_HARP13568_20250727_1212_20250728_0548,2025-07-27 17:00:00,13568,14163,0,saved,"(512, 512, 6)",gs://suryabench-sharp-pipeline-bamidele/jsoc_2025_2026_production_v1/samples_npz/2025/20250727_1700_HARP13568_NOAA14163.npz,success,2026-06-27T07:17:56.502826+00:00
20250727_1836_HARP13568_NOAA14163,2025_HARP13568_20250727_1212_20250728_0548,2025-07-27 18:36:00,13568,14163,0,saved,"(512, 512, 6)",gs://suryabench-sharp-pipeline-bamidele/jsoc_2025_2026_production_v1/samples_npz/2025/20250727_1836_HARP13568_NOAA14163.npz,success,2026-06-27T07:18:02.949324+00:00
20250727_2012_HARP13568_NOAA14163,2025_HARP13568_20250727_1212_20250728_0548,2025-07-27 20:12:00,13568,14163,0,saved,"(512, 512, 6)",gs://suryabench-sharp-pipeline-bamidele/jsoc_2025_2026_production_v1/samples_npz/2025/20250727_2012_HARP13568_NOAA14163.npz,success,2026-06-27T07:18:09.847488+00:00
20250727_2148_HARP13568_NOAA14163,2025_HARP13568_20250727_1212_20250728_0548,2025-07-27 21:48:00,13568,14163,0,saved,"(512, 512, 6)",gs://suryabench-sharp-pipeline-bamidele/jsoc_2025_2026_production_v1/samples_npz/2025/20250727_2148_HARP13568_NOAA14163.npz,success,2026-06-27T07:18:16.171330+00:00
20250727_2324_HARP13568_NOAA14163,2025_HARP13568_20250727_1212_20250728_0548,2025-07-27 23:24:00,13568,14163,0,saved,"(512, 512, 6)",gs://suryabench-sharp-pipeline-bamidele/jsoc_2025_2026_production_v1/samples_npz/2025/20250727_2324_HARP13568_NOAA14163.npz,success,2026-06-27T07:18:22.531082+00:00
20250728_0100_HARP13568_NOAA14163,2025_HARP13568_20250727_1212_20250728_0548,2025-07-28 01:00:00,13568,14163,0,saved,"(512, 512, 6)",gs://suryabench-sharp-pipeline-bamidele/jsoc_2025_2026_production_v1/samples_npz/2025/20250728_0100_HARP13568_NOAA14163.npz,success,2026-06-27T07:18:29.396488+00:00
20250728_0236_HARP13568_NOAA14163,2025_HARP13568_20250727_1212_20250728_0548,2025-07-28 02:36:00,13568,14163,0,saved,"(512, 512, 6)",gs://suryabench-sharp-pipeline-bamidele/jsoc_2025_2026_production_v1/samples_npz/2025/20250728_0236_HARP13568_NOAA14163.npz,success,2026-06-27T07:18:35.666850+00:00
20250728_0412_HARP13568_NOAA14163,2025_HARP13568_20250727_1212_20250728_0548,2025-07-28 04:12:00,13568,14163,0,saved,"(512, 512, 6)",gs://suryabench-sharp-pipeline-bamidele/jsoc_2025_2026_production_v1/samples_npz/2025/20250728_0412_HARP13568_NOAA14163.npz,success,2026-06-27T07:18:41.942147+00:00
20250728_0548_HARP13568_NOAA14163,2025_HARP13568_20250727_1212_20250728_0548,2025-07-28 05:48:00,13568,14163,0,saved,"(512, 512, 6)",gs://suryabench-sharp-pipeline-bamidele/jsoc_2025_2026_production_v1/samples_npz/2025/20250728_0548_HARP13568_NOAA14163.npz,success,2026-06-27T07:18:48.083639+00:00
20250728_0924_HARP13548_NOAA14155,2025_HARP13548_20250728_0924_20250728_1236,2025-07-28 09:24:00,13548,14155,0,saved,"(512, 512, 6)",gs://suryabench-sharp-pipeline-bamidele/jsoc_2025_2026_production_v1/samples_npz/2025/20250728_0924_HARP13548_NOAA14155.npz,success,2026-06-27T07:28:04.685408+00:00
20250728_1100_HARP13548_NOAA14155,2025_HARP13548_20250728_0924_20250728_1236,2025-07-28 11:00:00,13548,14155,0,saved,"(512, 512, 6)",gs://suryabench-sharp-pipeline-bamidele/jsoc_2025_2026_production_v1/samples_npz/2025/20250728_1100_HARP13548_NOAA14155.npz,success,2026-06-27T07:28:11.534729+00:00
20250728_1236_HARP13548_NOAA14155,2025_HARP13548_20250728_0924_20250728_1236,2025-07-28 12:36:00,13548,14155,0,saved,"(512, 512, 6)",gs://suryabench-sharp-pipeline-bamidele/jsoc_2025_2026_production_v1/samples_npz/2025/20250728_1236_HARP13548_NOAA14155.npz,success,2026-06-27T07:28:18.355233+00:00
20250728_1024_HARP13561_NOAA14159,2025_HARP13561_20250728_1024_20250728_1200,2025-07-28 10:24:00,13561,14159,0,saved,"(512, 512, 6)",gs://suryabench-sharp-pipeline-bamidele/jsoc_2025_2026_production_v1/samples_npz/2025/20250728_1024_HARP13561_NOAA14159.npz,success,2026-06-27T07:36:38.428505+00:00
20250728_1200_HARP13561_NOAA14159,2025_HARP13561_20250728_1024_20250728_1200,2025-07-28 12:00:00,13561,14159,0,saved,"(512, 512, 6)",gs://suryabench-sharp-pipeline-bamidele/jsoc_2025_2026_production_v1/samples_npz/2025/20250728_1200_HARP13561_NOAA14159.npz,success,2026-06-27T07:36:45.113610+00:00
20250728_1548_HARP13548_NOAA14155,2025_HARP13548_20250728_1548_20250729_0536,2025-07-28 15:48:00,13548,14155,0,saved,"(512, 512, 6)",gs://suryabench-sharp-pipeline-bamidele/jsoc_2025_2026_production_v1/samples_npz/2025/20250728_1548_HARP13548_NOAA14155.npz,success,2026-06-27T07:53:46.310329+00:00
20250728_1724_HARP13548_NOAA14155,2025_HARP13548_20250728_1548_20250729_0536,2025-07-28 17:24:00,13548,14155,0,saved,"(512, 512, 6)",gs://suryabench-sharp-pipeline-bamidele/jsoc_2025_2026_production_v1/samples_npz/2025/20250728_1724_HARP13548_NOAA14155.npz,success,2026-06-27T07:53:53.153620+00:00
20250728_1900_HARP13548_NOAA14155,2025_HARP13548_20250728_1548_20250729_0536,2025-07-28 19:00:00,13548,14155,0,saved,"(512, 512, 6)",gs://suryabench-sharp-pipeline-bamidele/jsoc_2025_2026_production_v1/samples_npz/2025/20250728_1900_HARP13548_NOAA14155.npz,success,2026-06-27T07:53:59.900726+00:00
20250728_2036_HARP13548_NOAA14155,2025_HARP13548_20250728_1548_20250729_0536,2025-07-28 20:36:00,13548,14155,0,saved,"(512, 512, 6)",gs://suryabench-sharp-pipeline-bamidele/jsoc_2025_2026_production_v1/samples_npz/2025/20250728_2036_HARP13548_NOAA14155.npz,success,2026-06-27T07:54:06.653804+00:00
20250728_2212_HARP13548_NOAA14155,2025_HARP13548_20250728_1548_20250729_0536,2025-07-28 22:12:00,13548,14155,0,saved,"(512, 512, 6)",gs://suryabench-sharp-pipeline-bamidele/jsoc_2025_2026_production_v1/samples_npz/2025/20250728_2212_HARP13548_NOAA14155.npz,success,2026-06-27T07:54:13.479318+00:00
20250728_2348_HARP13548_NOAA14155,2025_HARP13548_20250728_1548_20250729_0536,2025-07-28 23:48:00,13548,14155,0,saved,"(512, 512, 6)",gs://suryabench-sharp-pipeline-bamidele/jsoc_2025_2026_production_v1/samples_npz/2025/20250728_2348_HARP13548_NOAA14155.npz,success,2026-06-27T07:54:20.413631+00:00
20250729_0124_HARP13548_NOAA14155,2025_HARP13548_20250728_1548_20250729_0536,2025-07-29 01:24:00,13548,14155,0,saved,"(512, 512, 6)",gs://suryabench-sharp-pipeline-bamidele/jsoc_2025_2026_production_v1/samples_npz/2025/20250729_0124_HARP13548_NOAA14155.npz,success,2026-06-27T07:54:27.246354+00:00
20250729_0300_HARP13548_NOAA14155,2025_HARP13548_20250728_1548_20250729_0536,2025-07-29 03:00:00,13548,14155,0,saved,"(512, 512, 6)",gs://suryabench-sharp-pipeline-bamidele/jsoc_2025_2026_production_v1/samples_npz/2025/20250729_0300_HARP13548_NOAA14155.npz,success,2026-06-27T07:54:34.033095+00:00
20250729_0536_HARP13548_NOAA14155,2025_HARP13548_20250728_1548_20250729_0536,2025-07-29 05:36:00,13548,14155,0,saved,"(512, 512, 6)",gs://suryabench-sharp-pipeline-bamidele/jsoc_2025_2026_production_v1/samples_npz/2025/20250729_0536_HARP13548_NOAA14155.npz,success,2026-06-27T07:54:40.785836+00:00
20250728_1636_HARP13543_NOAA14154,2025_HARP13543_20250728_1636_20250728_1948,2025-07-28 16:36:00,13543,14154,0,saved,"(512, 512, 6)",gs://suryabench-sharp-pipeline-bamidele/jsoc_2025_2026_production_v1/samples_npz/2025/20250728_1636_HARP13543_NOAA14154.npz,success,2026-06-27T08:02:49.354840+00:00
20250728_1812_HARP13543_NOAA14154,2025_HARP13543_20250728_1636_20250728_1948,2025-07-28 18:12:00,13543,14154,0,saved,"(512, 512, 6)",gs://suryabench-sharp-pipeline-bamidele/jsoc_2025_2026_production_v1/samples_npz/2025/20250728_1812_HARP13543_NOAA14154.npz,success,2026-06-27T08:02:57.377394+00:00
20250728_1948_HARP13543_NOAA14154,2025_HARP13543_20250728_1636_20250728_1948,2025-07-28 19:48:00,13543,14154,0,saved,"(512, 512, 6)",gs://suryabench-sharp-pipeline-bamidele/jsoc_2025_2026_production_v1/samples_npz/2025/20250728_1948_HARP13543_NOAA14154.npz,success,2026-06-27T08:03:06.101468+00:00
20250729_0612_HARP13568_NOAA14163,2025_HARP13568_20250729_0612_20250729_0612,2025-07-29 06:12:00,13568,14163,0,saved,"(512, 512, 6)",gs://suryabench-sharp-pipeline-bamidele/jsoc_2025_2026_production_v1/samples_npz/2025/20250729_0612_HARP13568_NOAA14163.npz,success,2026-06-27T08:10:19.367468+00:00
20250729_1136_HARP13542_NOAA14153,2025_HARP13542_20250729_1136_20250729_1624,2025-07-29 11:36:00,13542,14153,0,saved,"(512, 512, 6)",gs://suryabench-sharp-pipeline-bamidele/jsoc_2025_2026_production_v1/samples_npz/2025/20250729_1136_HARP13542_NOAA14153.npz,success,2026-06-27T08:19:47.769172+00:00
20250729_1312_HARP13542_NOAA14153,2025_HARP13542_20250729_1136_20250729_1624,2025-07-29 13:12:00,13542,14153,0,saved,"(512, 512, 6)",gs://suryabench-sharp-pipeline-bamidele/jsoc_2025_2026_production_v1/samples_npz/2025/20250729_1312_HARP13542_NOAA14153.npz,success,2026-06-27T08:19:55.469280+00:00
20250729_1448_HARP13542_NOAA14153,2025_HARP13542_20250729_1136_20250729_1624,2025-07-29 14:48:00,13542,14153,0,saved,"(512, 512, 6)",gs://suryabench-sharp-pipeline-bamidele/jsoc_2025_2026_production_v1/samples_npz/2025/20250729_1448_HARP13542_NOAA14153.npz,success,2026-06-27T08:20:03.041473+00:00
20250729_1624_HARP13542_NOAA14153,2025_HARP13542_20250729_1136_20250729_1624,2025-07-29 16:24:00,13542,14153,0,saved,"(512, 512, 6)",gs://suryabench-sharp-pipeline-bamidele/jsoc_2025_2026_production_v1/samples_npz/2025/20250729_1624_HARP13542_NOAA14153.npz,success,2026-06-27T08:20:10.730223+00:00
20250730_0236_HARP13576_NOAA14166,2025_HARP13576_20250730_0236_20250730_0236,2025-07-30 02:36:00,13576,14166,0,saved,"(512, 512, 6)",gs://suryabench-sharp-pipeline-bamidele/jsoc_2025_2026_production_v1/samples_npz/2025/20250730_0236_HARP13576_NOAA14166.npz,success,2026-06-27T08:28:04.461474+00:00
20250730_1700_HARP13543_NOAA14154,2025_HARP13543_20250730_1700_20250730_2324,2025-07-30 17:00:00,13543,14154,0,saved,"(512, 512, 6)",gs://suryabench-sharp-pipeline-bamidele/jsoc_2025_2026_production_v1/samples_npz/2025/20250730_1700_HARP13543_NOAA14154.npz,success,2026-06-27T08:43:51.253889+00:00
20250730_1836_HARP13543_NOAA14154,2025_HARP13543_20250730_1700_20250730_2324,2025-07-30 18:36:00,13543,14154,0,saved,"(512, 512, 6)",gs://suryabench-sharp-pipeline-bamidele/jsoc_2025_2026_production_v1/samples_npz/2025/20250730_1836_HARP13543_NOAA14154.npz,success,2026-06-27T08:43:59.091932+00:00
20250730_2012_HARP13543_NOAA14154,2025_HARP13543_20250730_1700_20250730_2324,2025-07-30 20:12:00,13543,14154,0,saved,"(512, 512, 6)",gs://suryabench-sharp-pipeline-bamidele/jsoc_2025_2026_production_v1/samples_npz/2025/20250730_2012_HARP13543_NOAA14154.npz,success,2026-06-27T08:44:07.288346+00:00
20250730_2148_HARP13543_NOAA14154,2025_HARP13543_20250730_1700_20250730_2324,2025-07-30 21:48:00,13543,14154,0,saved,"(512, 512, 6)",gs://suryabench-sharp-pipeline-bamidele/jsoc_2025_2026_production_v1/samples_npz/2025/20250730_2148_HARP13543_NOAA14154.npz,success,2026-06-27T08:44:15.312619+00:00
20250730_2324_HARP13543_NOAA14154,2025_HARP13543_20250730_1700_20250730_2324,2025-07-30 23:24:00,13543,14154,0,saved,"(512, 512, 6)",gs://suryabench-sharp-pipeline-bamidele/jsoc_2025_2026_production_v1/samples_npz/2025/20250730_2324_HARP13543_NOAA14154.npz,success,2026-06-27T08:44:23.271492+00:00
20250731_1036_HARP13548_NOAA14155,2025_HARP13548_20250731_1036_20250731_2324,2025-07-31 10:36:00,13548,14155,0,saved,"(512, 512, 6)",gs://suryabench-sharp-pipeline-bamidele/jsoc_2025_2026_production_v1/samples_npz/2025/20250731_1036_HARP13548_NOAA14155.npz,success,2026-06-27T08:54:45.393699+00:00
20250731_1212_HARP13548_NOAA14155,2025_HARP13548_20250731_1036_20250731_2324,2025-07-31 12:12:00,13548,14155,0,saved,"(512, 512, 6)",gs://suryabench-sharp-pipeline-bamidele/jsoc_2025_2026_production_v1/samples_npz/2025/20250731_1212_HARP13548_NOAA14155.npz,success,2026-06-27T08:54:53.254443+00:00
20250731_1348_HARP13548_NOAA14155,2025_HARP13548_20250731_1036_20250731_2324,2025-07-31 13:48:00,13548,14155,0,saved,"(512, 512, 6)",gs://suryabench-sharp-pipeline-bamidele/jsoc_2025_2026_production_v1/samples_npz/2025/20250731_1348_HARP13548_NOAA14155.npz,success,2026-06-27T08:55:00.880100+00:00
20250731_1524_HARP13548_NOAA14155,2025_HARP13548_20250731_1036_20250731_2324,2025-07-31 15:24:00,13548,14155,0,saved,"(512, 512, 6)",gs://suryabench-sharp-pipeline-bamidele/jsoc_2025_2026_production_v1/samples_npz/2025/20250731_1524_HARP13548_NOAA14155.npz,success,2026-06-27T08:55:08.373396+00:00
20250731_1700_HARP13548_NOAA14155,2025_HARP13548_20250731_1036_20250731_2324,2025-07-31 17:00:00,13548,14155,0,saved,"(512, 512, 6)",gs://suryabench-sharp-pipeline-bamidele/jsoc_2025_2026_production_v1/samples_npz/2025/20250731_1700_HARP13548_NOAA14155.npz,success,2026-06-27T08:55:16.089836+00:00
20250731_1836_HARP13548_NOAA14155,2025_HARP13548_20250731_1036_20250731_2324,2025-07-31 18:36:00,13548,14155,0,saved,"(512, 512, 6)",gs://suryabench-sharp-pipeline-bamidele/jsoc_2025_2026_production_v1/samples_npz/2025/20250731_1836_HARP13548_NOAA14155.npz,success,2026-06-27T08:55:23.785268+00:00
20250731_2012_HARP13548_NOAA14155,2025_HARP13548_20250731_1036_20250731_2324,2025-07-31 20:12:00,13548,14155,0,saved,"(512, 512, 6)",gs://suryabench-sharp-pipeline-bamidele/jsoc_2025_2026_production_v1/samples_npz/2025/20250731_2012_HARP13548_NOAA14155.npz,success,2026-06-27T08:55:31.297085+00:00
20250731_2148_HARP13548_NOAA14155,2025_HARP13548_20250731_1036_20250731_2324,2025-07-31 21:48:00,13548,14155,0,saved,"(512, 512, 6)",gs://suryabench-sharp-pipeline-bamidele/jsoc_2025_2026_production_v1/samples_npz/2025/20250731_2148_HARP13548_NOAA14155.npz,success,2026-06-27T08:55:38.796873+00:00
20250731_2324_HARP13548_NOAA14155,2025_HARP13548_20250731_1036_20250731_2324,2025-07-31 23:24:00,13548,14155,0,saved,"(512, 512, 6)",gs://suryabench-sharp-pipeline-bamidele/jsoc_2025_2026_production_v1/samples_npz/2025/20250731_2324_HARP13548_NOAA14155.npz,success,2026-06-27T08:55:46.158792+00:00
20250801_0924_HARP13567_NOAA14161,2025_HARP13567_20250801_0924_20250802_0612,2025-08-01 09:24:00,13567,14161,0,saved,"(512, 512, 6)",gs://suryabench-sharp-pipeline-bamidele/jsoc_2025_2026_production_v1/samples_npz/2025/20250801_0924_HARP13567_NOAA14161.npz,success,2026-06-27T09:09:05.293490+00:00
20250801_1100_HARP13567_NOAA14161,2025_HARP13567_20250801_0924_20250802_0612,2025-08-01 11:00:00,13567,14161,0,saved,"(512, 512, 6)",gs://suryabench-sharp-pipeline-bamidele/jsoc_2025_2026_production_v1/samples_npz/2025/20250801_1100_HARP13567_NOAA14161.npz,success,2026-06-27T09:09:13.575220+00:00
20250801_1236_HARP13567_NOAA14161,2025_HARP13567_20250801_0924_20250802_0612,2025-08-01 12:36:00,13567,14161,0,saved,"(512, 512, 6)",gs://suryabench-sharp-pipeline-bamidele/jsoc_2025_2026_production_v1/samples_npz/2025/20250801_1236_HARP13567_NOAA14161.npz,success,2026-06-27T09:09:21.821806+00:00
20250801_1412_HARP13567_NOAA14161,2025_HARP13567_20250801_0924_20250802_0612,2025-08-01 14:12:00,13567,14161,0,saved,"(512, 512, 6)",gs://suryabench-sharp-pipeline-bamidele/jsoc_2025_2026_production_v1/samples_npz/2025/20250801_1412_HARP13567_NOAA14161.npz,success,2026-06-27T09:09:29.952937+00:00
20250801_1548_HARP13567_NOAA14161,2025_HARP13567_20250801_0924_20250802_0612,2025-08-01 15:48:00,13567,14161,0,saved,"(512, 512, 6)",gs://suryabench-sharp-pipeline-bamidele/jsoc_2025_2026_production_v1/samples_npz/2025/20250801_1548_HARP13567_NOAA14161.npz,success,2026-06-27T09:09:38.160934+00:00
20250801_1724_HARP13567_NOAA14161,2025_HARP13567_20250801_0924_20250802_0612,2025-08-01 17:24:00,13567,14161,0,saved,"(512, 512, 6)",gs://suryabench-sharp-pipeline-bamidele/jsoc_2025_2026_production_v1/samples_npz/2025/20250801_1724_HARP13567_NOAA14161.npz,success,2026-06-27T09:09:46.394056+00:00
20250801_1900_HARP13567_NOAA14161,2025_HARP13567_20250801_0924_20250802_0612,2025-08-01 19:00:00,13567,14161,0,saved,"(512, 512, 6)",gs://suryabench-sharp-pipeline-bamidele/jsoc_2025_2026_production_v1/samples_npz/2025/20250801_1900_HARP13567_NOAA14161.npz,success,2026-06-27T09:09:54.250945+00:00
20250801_2036_HARP13567_NOAA14161,2025_HARP13567_20250801_0924_20250802_0612,2025-08-01 20:36:00,13567,14161,0,saved,"(512, 512, 6)",gs://suryabench-sharp-pipeline-bamidele/jsoc_2025_2026_production_v1/samples_npz/2025/20250801_2036_HARP13567_NOAA14161.npz,success,2026-06-27T09:10:02.342133+00:00
20250801_2212_HARP13567_NOAA14161,2025_HARP13567_20250801_0924_20250802_0612,2025-08-01 22:12:00,13567,14161,0,saved,"(512, 512, 6)",gs://suryabench-sharp-pipeline-bamidele/jsoc_2025_2026_production_v1/samples_npz/2025/20250801_2212_HARP13567_NOAA14161.npz,success,2026-06-27T09:10:10.856373+00:00
20250801_2348_HARP13567_NOAA14161,2025_HARP13567_20250801_0924_20250802_0612,2025-08-01 23:48:00,13567,14161,0,saved,"(512, 512, 6)",gs://suryabench-sharp-pipeline-bamidele/jsoc_2025_2026_production_v1/samples_npz/2025/20250801_2348_HARP13567_NOAA14161.npz,success,2026-06-27T09:10:19.374544+00:00
20250802_0124_HARP13567_NOAA14161,2025_HARP13567_20250801_0924_20250802_0612,2025-08-02 01:24:00,13567,14161,0,saved,"(512, 512, 6)",gs://suryabench-sharp-pipeline-bamidele/jsoc_2025_2026_production_v1/samples_npz/2025/20250802_0124_HARP13567_NOAA14161.npz,success,2026-06-27T09:10:28.193711+00:00
20250802_0300_HARP13567_NOAA14161,2025_HARP13567_20250801_0924_20250802_0612,2025-08-02 03:00:00,13567,14161,0,saved,"(512, 512, 6)",gs://suryabench-sharp-pipeline-bamidele/jsoc_2025_2026_production_v1/samples_npz/2025/20250802_0300_HARP13567_NOAA14161.npz,success,2026-06-27T09:10:36.547285+00:00
20250802_0436_HARP13567_NOAA14161,2025_HARP13567_20250801_0924_20250802_0612,2025-08-02 04:36:00,13567,14161,0,saved,"(512, 512, 6)",gs://suryabench-sharp-pipeline-bamidele/jsoc_2025_2026_production_v1/samples_npz/2025/20250802_0436_HARP13567_NOAA14161.npz,success,2026-06-27T09:10:44.606114+00:00
20250802_0612_HARP13567_NOAA14161,2025_HARP13567_20250801_0924_20250802_0612,2025-08-02 06:12:00,13567,14161,0,saved,"(512, 512, 6)",gs://suryabench-sharp-pipeline-bamidele/jsoc_2025_2026_production_v1/samples_npz/2025/20250802_0612_HARP13567_NOAA14161.npz,success,2026-06-27T09:10:52.744911+00:00
20250802_1936_HARP13567_NOAA14161,2025_HARP13567_20250802_1936_20250803_0512,2025-08-02 19:36:00,13567,14161,0,saved,"(512, 512, 6)",gs://suryabench-sharp-pipeline-bamidele/jsoc_2025_2026_production_v1/samples_npz/2025/20250802_1936_HARP13567_NOAA14161.npz,success,2026-06-27T09:20:55.573662+00:00
20250802_2112_HARP13567_NOAA14161,2025_HARP13567_20250802_1936_20250803_0512,2025-08-02 21:12:00,13567,14161,0,saved,"(512, 512, 6)",gs://suryabench-sharp-pipeline-bamidele/jsoc_2025_2026_production_v1/samples_npz/2025/20250802_2112_HARP13567_NOAA14161.npz,success,2026-06-27T09:21:04.050036+00:00
20250802_2248_HARP13567_NOAA14161,2025_HARP13567_20250802_1936_20250803_0512,2025-08-02 22:48:00,13567,14161,0,saved,"(512, 512, 6)",gs://suryabench-sharp-pipeline-bamidele/jsoc_2025_2026_production_v1/samples_npz/2025/20250802_2248_HARP13567_NOAA14161.npz,success,2026-06-27T09:21:12.614280+00:00
20250803_0024_HARP13567_NOAA14161,2025_HARP13567_20250802_1936_20250803_0512,2025-08-03 00:24:00,13567,14161,0,saved,"(512, 512, 6)",gs://suryabench-sharp-pipeline-bamidele/jsoc_2025_2026_production_v1/samples_npz/2025/20250803_0024_HARP13567_NOAA14161.npz,success,2026-06-27T09:21:21.292525+00:00
20250803_0200_HARP13567_NOAA14161,2025_HARP13567_20250802_1936_20250803_0512,2025-08-03 02:00:00,13567,14161,0,saved,"(512, 512, 6)",gs://suryabench-sharp-pipeline-bamidele/jsoc_2025_2026_production_v1/samples_npz/2025/20250803_0200_HARP13567_NOAA14161.npz,success,2026-06-27T09:21:30.172636+00:00
20250803_0336_HARP13567_NOAA14161,2025_HARP13567_20250802_1936_20250803_0512,2025-08-03 03:36:00,13567,14161,0,saved,"(512, 512, 6)",gs://suryabench-sharp-pipeline-bamidele/jsoc_2025_2026_production_v1/samples_npz/2025/20250803_0336_HARP13567_NOAA14161.npz,success,2026-06-27T09:21:38.846060+00:00
20250803_0512_HARP13567_NOAA14161,2025_HARP13567_20250802_1936_20250803_0512,2025-08-03 05:12:00,13567,14161,0,saved,"(512, 512, 6)",gs://suryabench-sharp-pipeline-bamidele/jsoc_2025_2026_production_v1/samples_npz/2025/20250803_0512_HARP13567_NOAA14161.npz,success,2026-06-27T09:21:47.206495+00:00
20250804_0936_HARP13567_NOAA14161,2025_HARP13567_20250804_0936_20250804_1248,2025-08-04 09:36:00,13567,14161,0,saved,"(512, 512, 6)",gs://suryabench-sharp-pipeline-bamidele/jsoc_2025_2026_production_v1/samples_npz/2025/20250804_0936_HARP13567_NOAA14161.npz,success,2026-06-27T09:30:39.792598+00:00
20250804_1112_HARP13567_NOAA14161,2025_HARP13567_20250804_0936_20250804_1248,2025-08-04 11:12:00,13567,14161,0,saved,"(512, 512, 6)",gs://suryabench-sharp-pipeline-bamidele/jsoc_2025_2026_production_v1/samples_npz/2025/20250804_1112_HARP13567_NOAA14161.npz,success,2026-06-27T09:30:48.264491+00:00
20250804_1248_HARP13567_NOAA14161,2025_HARP13567_20250804_0936_20250804_1248,2025-08-04 12:48:00,13567,14161,0,saved,"(512, 512, 6)",gs://suryabench-sharp-pipeline-bamidele/jsoc_2025_2026_production_v1/samples_npz/2025/20250804_1248_HARP13567_NOAA14161.npz,success,2026-06-27T09:30:56.559824+00:00
20250805_1000_HARP13567_NOAA14161,2025_HARP13567_20250805_1000_20250805_1000,2025-08-05 10:00:00,13567,14161,0,saved,"(512, 512, 6)",gs://suryabench-sharp-pipeline-bamidele/jsoc_2025_2026_production_v1/samples_npz/2025/20250805_1000_HARP13567_NOAA14161.npz,success,2026-06-27T09:38:01.284102+00:00
20250806_1200_HARP13610_NOAA14174,2025_HARP13610_20250806_1200_20250807_1112,2025-08-06 12:00:00,13610,14174,0,saved,"(512, 512, 6)",gs://suryabench-sharp-pipeline-bamidele/jsoc_2025_2026_production_v1/samples_npz/2025/20250806_1200_HARP13610_NOAA14174.npz,success,2026-06-27T10:04:52.871704+00:00
20250806_1336_HARP13610_NOAA14174,2025_HARP13610_20250806_1200_20250807_1112,2025-08-06 13:36:00,13610,14174,0,saved,"(512, 512, 6)",gs://suryabench-sharp-pipeline-bamidele/jsoc_2025_2026_production_v1/samples_npz/2025/20250806_1336_HARP13610_NOAA14174.npz,success,2026-06-27T10:05:00.399320+00:00
20250806_1512_HARP13610_NOAA14174,2025_HARP13610_20250806_1200_20250807_1112,2025-08-06 15:12:00,13610,14174,0,saved,"(512, 512, 6)",gs://suryabench-sharp-pipeline-bamidele/jsoc_2025_2026_production_v1/samples_npz/2025/20250806_1512_HARP13610_NOAA14174.npz,success,2026-06-27T10:05:07.596478+00:00
20250806_1648_HARP13610_NOAA14174,2025_HARP13610_20250806_1200_20250807_1112,2025-08-06 16:48:00,13610,14174,0,saved,"(512, 512, 6)",gs://suryabench-sharp-pipeline-bamidele/jsoc_2025_2026_production_v1/samples_npz/2025/20250806_1648_HARP13610_NOAA14174.npz,success,2026-06-27T10:05:15.105669+00:00
20250806_1824_HARP13610_NOAA14174,2025_HARP13610_20250806_1200_20250807_1112,2025-08-06 18:24:00,13610,14174,0,saved,"(512, 512, 6)",gs://suryabench-sharp-pipeline-bamidele/jsoc_2025_2026_production_v1/samples_npz/2025/20250806_1824_HARP13610_NOAA14174.npz,success,2026-06-27T10:05:22.350233+00:00
20250806_2012_HARP13610_NOAA14174,2025_HARP13610_20250806_1200_20250807_1112,2025-08-06 20:12:00,13610,14174,0,saved,"(512, 512, 6)",gs://suryabench-sharp-pipeline-bamidele/jsoc_2025_2026_production_v1/samples_npz/2025/20250806_2012_HARP13610_NOAA14174.npz,success,2026-06-27T10:05:30.058350+00:00
20250806_2148_HARP13610_NOAA14174,2025_HARP13610_20250806_1200_20250807_1112,2025-08-06 21:48:00,13610,14174,0,saved,"(512, 512, 6)",gs://suryabench-sharp-pipeline-bamidele/jsoc_2025_2026_production_v1/samples_npz/2025/20250806_2148_HARP13610_NOAA14174.npz,success,2026-06-27T10:05:37.513532+00:00
20250806_2324_HARP13610_NOAA14174,2025_HARP13610_20250806_1200_20250807_1112,2025-08-06 23:24:00,13610,14174,0,saved,"(512, 512, 6)",gs://suryabench-sharp-pipeline-bamidele/jsoc_2025_2026_production_v1/samples_npz/2025/20250806_2324_HARP13610_NOAA14174.npz,success,2026-06-27T10:05:44.925374+00:00
20250807_0100_HARP13610_NOAA14174,2025_HARP13610_20250806_1200_20250807_1112,2025-08-07 01:00:00,13610,14174,0,saved,"(512, 512, 6)",gs://suryabench-sharp-pipeline-bamidele/jsoc_2025_2026_production_v1/samples_npz/2025/20250807_0100_HARP13610_NOAA14174.npz,success,2026-06-27T10:05:52.208392+00:00
20250807_0236_HARP13610_NOAA14174,2025_HARP13610_20250806_1200_20250807_1112,2025-08-07 02:36:00,13610,14174,0,saved,"(512, 512, 6)",gs://suryabench-sharp-pipeline-bamidele/jsoc_2025_2026_production_v1/samples_npz/2025/20250807_0236_HARP13610_NOAA14174.npz,success,2026-06-27T10:06:00.102312+00:00
20250807_0412_HARP13610_NOAA14174,2025_HARP13610_20250806_1200_20250807_1112,2025-08-07 04:12:00,13610,14174,0,saved,"(512, 512, 6)",gs://suryabench-sharp-pipeline-bamidele/jsoc_2025_2026_production_v1/samples_npz/2025/20250807_0412_HARP13610_NOAA14174.npz,success,2026-06-27T10:06:07.237379+00:00
20250807_0548_HARP13610_NOAA14174,2025_HARP13610_20250806_1200_20250807_1112,2025-08-07 05:48:00,13610,14174,0,saved,"(512, 512, 6)",gs://suryabench-sharp-pipeline-bamidele/jsoc_2025_2026_production_v1/samples_npz/2025/20250807_0548_HARP13610_NOAA14174.npz,success,2026-06-27T10:06:14.423674+00:00
20250807_0800_HARP13610_NOAA14174,2025_HARP13610_20250806_1200_20250807_1112,2025-08-07 08:00:00,13610,14174,0,saved,"(512, 512, 6)",gs://suryabench-sharp-pipeline-bamidele/jsoc_2025_2026_production_v1/samples_npz/2025/20250807_0800_HARP13610_NOAA14174.npz,success,2026-06-27T10:06:21.711442+00:00
20250807_0936_HARP13610_NOAA14174,2025_HARP13610_20250806_1200_20250807_1112,2025-08-07 09:36:00,13610,14174,0,saved,"(512, 512, 6)",gs://suryabench-sharp-pipeline-bamidele/jsoc_2025_2026_production_v1/samples_npz/2025/20250807_0936_HARP13610_NOAA14174.npz,success,2026-06-27T10:06:28.842951+00:00
20250807_1112_HARP13610_NOAA14174,2025_HARP13610_20250806_1200_20250807_1112,2025-08-07 11:12:00,13610,14174,0,saved,"(512, 512, 6)",gs://suryabench-sharp-pipeline-bamidele/jsoc_2025_2026_production_v1/samples_npz/2025/20250807_1112_HARP13610_NOAA14174.npz,success,2026-06-27T10:06:35.759659+00:00
20250807_2200_HARP13599_NOAA14178,2025_HARP13599_20250807_2200_20250808_0424,2025-08-07 22:00:00,13599,14178,0,saved,"(512, 512, 6)",gs://suryabench-sharp-pipeline-bamidele/jsoc_2025_2026_production_v1/samples_npz/2025/20250807_2200_HARP13599_NOAA14178.npz,success,2026-06-27T10:16:42.726071+00:00
20250807_2336_HARP13599_NOAA14178,2025_HARP13599_20250807_2200_20250808_0424,2025-08-07 23:36:00,13599,14178,0,saved,"(512, 512, 6)",gs://suryabench-sharp-pipeline-bamidele/jsoc_2025_2026_production_v1/samples_npz/2025/20250807_2336_HARP13599_NOAA14178.npz,success,2026-06-27T10:16:50.139015+00:00
20250808_0112_HARP13599_NOAA14178,2025_HARP13599_20250807_2200_20250808_0424,2025-08-08 01:12:00,13599,14178,0,saved,"(512, 512, 6)",gs://suryabench-sharp-pipeline-bamidele/jsoc_2025_2026_production_v1/samples_npz/2025/20250808_0112_HARP13599_NOAA14178.npz,success,2026-06-27T10:16:57.234811+00:00
20250808_0248_HARP13599_NOAA14178,2025_HARP13599_20250807_2200_20250808_0424,2025-08-08 02:48:00,13599,14178,0,saved,"(512, 512, 6)",gs://suryabench-sharp-pipeline-bamidele/jsoc_2025_2026_production_v1/samples_npz/2025/20250808_0248_HARP13599_NOAA14178.npz,success,2026-06-27T10:17:04.495249+00:00
20250808_0424_HARP13599_NOAA14178,2025_HARP13599_20250807_2200_20250808_0424,2025-08-08 04:24:00,13599,14178,0,saved,"(512, 512, 6)",gs://suryabench-sharp-pipeline-bamidele/jsoc_2025_2026_production_v1/samples_npz/2025/20250808_0424_HARP13599_NOAA14178.npz,success,2026-06-27T10:17:11.914094+00:00
20250808_1712_HARP13599_NOAA14178,2025_HARP13599_20250808_1712_20250809_0424,2025-08-08 17:12:00,13599,14178,0,saved,"(512, 512, 6)",gs://suryabench-sharp-pipeline-bamidele/jsoc_2025_2026_production_v1/samples_npz/2025/20250808_1712_HARP13599_NOAA14178.npz,success,2026-06-27T10:27:17.729507+00:00
20250808_1848_HARP13599_NOAA14178,2025_HARP13599_20250808_1712_20250809_0424,2025-08-08 18:48:00,13599,14178,0,saved,"(512, 512, 6)",gs://suryabench-sharp-pipeline-bamidele/jsoc_2025_2026_production_v1/samples_npz/2025/20250808_1848_HARP13599_NOAA14178.npz,success,2026-06-27T10:27:25.089400+00:00
20250808_2024_HARP13599_NOAA14178,2025_HARP13599_20250808_1712_20250809_0424,2025-08-08 20:24:00,13599,14178,0,saved,"(512, 512, 6)",gs://suryabench-sharp-pipeline-bamidele/jsoc_2025_2026_production_v1/samples_npz/2025/20250808_2024_HARP13599_NOAA14178.npz,success,2026-06-27T10:27:32.460465+00:00
20250808_2200_HARP13599_NOAA14178,2025_HARP13599_20250808_1712_20250809_0424,2025-08-08 22:00:00,13599,14178,0,saved,"(512, 512, 6)",gs://suryabench-sharp-pipeline-bamidele/jsoc_2025_2026_production_v1/samples_npz/2025/20250808_2200_HARP13599_NOAA14178.npz,success,2026-06-27T10:27:39.857916+00:00
20250808_2336_HARP13599_NOAA14178,2025_HARP13599_20250808_1712_20250809_0424,2025-08-08 23:36:00,13599,14178,0,saved,"(512, 512, 6)",gs://suryabench-sharp-pipeline-bamidele/jsoc_2025_2026_production_v1/samples_npz/2025/20250808_2336_HARP13599_NOAA14178.npz,success,2026-06-27T10:27:46.988097+00:00
20250809_0112_HARP13599_NOAA14178,2025_HARP13599_20250808_1712_20250809_0424,2025-08-09 01:12:00,13599,14178,0,saved,"(512, 512, 6)",gs://suryabench-sharp-pipeline-bamidele/jsoc_2025_2026_production_v1/samples_npz/2025/20250809_0112_HARP13599_NOAA14178.npz,success,2026-06-27T10:27:54.199281+00:00
20250809_0248_HARP13599_NOAA14178,2025_HARP13599_20250808_1712_20250809_0424,2025-08-09 02:48:00,13599,14178,0,saved,"(512, 512, 6)",gs://suryabench-sharp-pipeline-bamidele/jsoc_2025_2026_production_v1/samples_npz/2025/20250809_0248_HARP13599_NOAA14178.npz,success,2026-06-27T10:28:01.467030+00:00
20250809_0424_HARP13599_NOAA14178,2025_HARP13599_20250808_1712_20250809_0424,2025-08-09 04:24:00,13599,14178,0,saved,"(512, 512, 6)",gs://suryabench-sharp-pipeline-bamidele/jsoc_2025_2026_production_v1/samples_npz/2025/20250809_0424_HARP13599_NOAA14178.npz,success,2026-06-27T10:28:10.466111+00:00
20250809_1612_HARP13606_NOAA14169,2025_HARP13606_20250809_1612_20250810_0148,2025-08-09 16:12:00,13606,14169,0,saved,"(512, 512, 6)",gs://suryabench-sharp-pipeline-bamidele/jsoc_2025_2026_production_v1/samples_npz/2025/20250809_1612_HARP13606_NOAA14169.npz,success,2026-06-27T10:38:13.565772+00:00
20250809_1748_HARP13606_NOAA14169,2025_HARP13606_20250809_1612_20250810_0148,2025-08-09 17:48:00,13606,14169,0,saved,"(512, 512, 6)",gs://suryabench-sharp-pipeline-bamidele/jsoc_2025_2026_production_v1/samples_npz/2025/20250809_1748_HARP13606_NOAA14169.npz,success,2026-06-27T10:38:21.262260+00:00
20250809_1924_HARP13606_NOAA14169,2025_HARP13606_20250809_1612_20250810_0148,2025-08-09 19:24:00,13606,14169,0,saved,"(512, 512, 6)",gs://suryabench-sharp-pipeline-bamidele/jsoc_2025_2026_production_v1/samples_npz/2025/20250809_1924_HARP13606_NOAA14169.npz,success,2026-06-27T10:38:28.607586+00:00
20250809_2100_HARP13606_NOAA14169,2025_HARP13606_20250809_1612_20250810_0148,2025-08-09 21:00:00,13606,14169,0,saved,"(512, 512, 6)",gs://suryabench-sharp-pipeline-bamidele/jsoc_2025_2026_production_v1/samples_npz/2025/20250809_2100_HARP13606_NOAA14169.npz,success,2026-06-27T10:38:35.856092+00:00
20250809_2236_HARP13606_NOAA14169,2025_HARP13606_20250809_1612_20250810_0148,2025-08-09 22:36:00,13606,14169,0,saved,"(512, 512, 6)",gs://suryabench-sharp-pipeline-bamidele/jsoc_2025_2026_production_v1/samples_npz/2025/20250809_2236_HARP13606_NOAA14169.npz,success,2026-06-27T10:38:43.196684+00:00
20250810_0012_HARP13606_NOAA14169,2025_HARP13606_20250809_1612_20250810_0148,2025-08-10 00:12:00,13606,14169,0,saved,"(512, 512, 6)",gs://suryabench-sharp-pipeline-bamidele/jsoc_2025_2026_production_v1/samples_npz/2025/20250810_0012_HARP13606_NOAA14169.npz,success,2026-06-27T10:38:50.715842+00:00
20250810_0148_HARP13606_NOAA14169,2025_HARP13606_20250809_1612_20250810_0148,2025-08-10 01:48:00,13606,14169,0,saved,"(512, 512, 6)",gs://suryabench-sharp-pipeline-bamidele/jsoc_2025_2026_production_v1/samples_npz/2025/20250810_0148_HARP13606_NOAA14169.npz,success,2026-06-27T10:38:58.236447+00:00
20250810_1936_HARP13597_NOAA14169,2025_HARP13597_20250810_1936_20250811_1624,2025-08-10 19:36:00,13597,14169,0,saved,"(512, 512, 6)",gs://suryabench-sharp-pipeline-bamidele/jsoc_2025_2026_production_v1/samples_npz/2025/20250810_1936_HARP13597_NOAA14169.npz,success,2026-06-27T10:52:18.069566+00:00
20250810_2112_HARP13597_NOAA14169,2025_HARP13597_20250810_1936_20250811_1624,2025-08-10 21:12:00,13597,14169,0,saved,"(512, 512, 6)",gs://suryabench-sharp-pipeline-bamidele/jsoc_2025_2026_production_v1/samples_npz/2025/20250810_2112_HARP13597_NOAA14169.npz,success,2026-06-27T10:52:27.305710+00:00
20250810_2248_HARP13597_NOAA14169,2025_HARP13597_20250810_1936_20250811_1624,2025-08-10 22:48:00,13597,14169,0,saved,"(512, 512, 6)",gs://suryabench-sharp-pipeline-bamidele/jsoc_2025_2026_production_v1/samples_npz/2025/20250810_2248_HARP13597_NOAA14169.npz,success,2026-06-27T10:52:35.193822+00:00
20250811_0024_HARP13597_NOAA14169,2025_HARP13597_20250810_1936_20250811_1624,2025-08-11 00:24:00,13597,14169,0,saved,"(512, 512, 6)",gs://suryabench-sharp-pipeline-bamidele/jsoc_2025_2026_production_v1/samples_npz/2025/20250811_0024_HARP13597_NOAA14169.npz,success,2026-06-27T10:52:43.201702+00:00
20250811_0200_HARP13597_NOAA14169,2025_HARP13597_20250810_1936_20250811_1624,2025-08-11 02:00:00,13597,14169,0,saved,"(512, 512, 6)",gs://suryabench-sharp-pipeline-bamidele/jsoc_2025_2026_production_v1/samples_npz/2025/20250811_0200_HARP13597_NOAA14169.npz,success,2026-06-27T10:52:51.070981+00:00
20250811_0336_HARP13597_NOAA14169,2025_HARP13597_20250810_1936_20250811_1624,2025-08-11 03:36:00,13597,14169,0,saved,"(512, 512, 6)",gs://suryabench-sharp-pipeline-bamidele/jsoc_2025_2026_production_v1/samples_npz/2025/20250811_0336_HARP13597_NOAA14169.npz,success,2026-06-27T10:52:58.944600+00:00
20250811_0512_HARP13597_NOAA14169,2025_HARP13597_20250810_1936_20250811_1624,2025-08-11 05:12:00,13597,14169,0,saved,"(512, 512, 6)",gs://suryabench-sharp-pipeline-bamidele/jsoc_2025_2026_production_v1/samples_npz/2025/20250811_0512_HARP13597_NOAA14169.npz,success,2026-06-27T10:53:06.671320+00:00
20250811_0648_HARP13597_NOAA14169,2025_HARP13597_20250810_1936_20250811_1624,2025-08-11 06:48:00,13597,14169,0,saved,"(512, 512, 6)",gs://suryabench-sharp-pipeline-bamidele/jsoc_2025_2026_production_v1/samples_npz/2025/20250811_0648_HARP13597_NOAA14169.npz,success,2026-06-27T10:53:14.651220+00:00
20250811_0824_HARP13597_NOAA14169,2025_HARP13597_20250810_1936_20250811_1624,2025-08-11 08:24:00,13597,14169,0,saved,"(512, 512, 6)",gs://suryabench-sharp-pipeline-bamidele/jsoc_2025_2026_production_v1/samples_npz/2025/20250811_0824_HARP13597_NOAA14169.npz,success,2026-06-27T10:53:22.819690+00:00
20250811_1000_HARP13597_NOAA14169,2025_HARP13597_20250810_1936_20250811_1624,2025-08-11 10:00:00,13597,14169,0,saved,"(512, 512, 6)",gs://suryabench-sharp-pipeline-bamidele/jsoc_2025_2026_production_v1/samples_npz/2025/20250811_1000_HARP13597_NOAA14169.npz,success,2026-06-27T10:53:30.691323+00:00
20250811_1136_HARP13597_NOAA14169,2025_HARP13597_20250810_1936_20250811_1624,2025-08-11 11:36:00,13597,14169,0,saved,"(512, 512, 6)",gs://suryabench-sharp-pipeline-bamidele/jsoc_2025_2026_production_v1/samples_npz/2025/20250811_1136_HARP13597_NOAA14169.npz,success,2026-06-27T10:53:38.600780+00:00
20250811_1312_HARP13597_NOAA14169,2025_HARP13597_20250810_1936_20250811_1624,2025-08-11 13:12:00,13597,14169,0,saved,"(512, 512, 6)",gs://suryabench-sharp-pipeline-bamidele/jsoc_2025_2026_production_v1/samples_npz/2025/20250811_1312_HARP13597_NOAA14169.npz,success,2026-06-27T10:53:46.436283+00:00
20250811_1448_HARP13597_NOAA14169,2025_HARP13597_20250810_1936_20250811_1624,2025-08-11 14:48:00,13597,14169,0,saved,"(512, 512, 6)",gs://suryabench-sharp-pipeline-bamidele/jsoc_2025_2026_production_v1/samples_npz/2025/20250811_1448_HARP13597_NOAA14169.npz,success,2026-06-27T10:53:55.185291+00:00
20250811_1624_HARP13597_NOAA14169,2025_HARP13597_20250810_1936_20250811_1624,2025-08-11 16:24:00,13597,14169,0,saved,"(512, 512, 6)",gs://suryabench-sharp-pipeline-bamidele/jsoc_2025_2026_production_v1/samples_npz/2025/20250811_1624_HARP13597_NOAA14169.npz,success,2026-06-27T10:54:03.109234+00:00
20250811_1936_HARP13612_NOAA14175,2025_HARP13612_20250811_1936_20250812_1624,2025-08-11 19:36:00,13612,14175,0,saved,"(512, 512, 6)",gs://suryabench-sharp-pipeline-bamidele/jsoc_2025_2026_production_v1/samples_npz/2025/20250811_1936_HARP13612_NOAA14175.npz,success,2026-06-27T11:04:00.595951+00:00
20250811_2112_HARP13612_NOAA14175,2025_HARP13612_20250811_1936_20250812_1624,2025-08-11 21:12:00,13612,14175,0,saved,"(512, 512, 6)",gs://suryabench-sharp-pipeline-bamidele/jsoc_2025_2026_production_v1/samples_npz/2025/20250811_2112_HARP13612_NOAA14175.npz,success,2026-06-27T11:04:08.212141+00:00
20250811_2248_HARP13612_NOAA14175,2025_HARP13612_20250811_1936_20250812_1624,2025-08-11 22:48:00,13612,14175,0,saved,"(512, 512, 6)",gs://suryabench-sharp-pipeline-bamidele/jsoc_2025_2026_production_v1/samples_npz/2025/20250811_2248_HARP13612_NOAA14175.npz,success,2026-06-27T11:04:15.518014+00:00
20250812_0024_HARP13612_NOAA14175,2025_HARP13612_20250811_1936_20250812_1624,2025-08-12 00:24:00,13612,14175,0,saved,"(512, 512, 6)",gs://suryabench-sharp-pipeline-bamidele/jsoc_2025_2026_production_v1/samples_npz/2025/20250812_0024_HARP13612_NOAA14175.npz,success,2026-06-27T11:04:24.985418+00:00
20250812_0200_HARP13612_NOAA14175,2025_HARP13612_20250811_1936_20250812_1624,2025-08-12 02:00:00,13612,14175,0,saved,"(512, 512, 6)",gs://suryabench-sharp-pipeline-bamidele/jsoc_2025_2026_production_v1/samples_npz/2025/20250812_0200_HARP13612_NOAA14175.npz,success,2026-06-27T11:04:32.865561+00:00
20250812_0336_HARP13612_NOAA14175,2025_HARP13612_20250811_1936_20250812_1624,2025-08-12 03:36:00,13612,14175,0,saved,"(512, 512, 6)",gs://suryabench-sharp-pipeline-bamidele/jsoc_2025_2026_production_v1/samples_npz/2025/20250812_0336_HARP13612_NOAA14175.npz,success,2026-06-27T11:04:39.957310+00:00
20250812_0512_HARP13612_NOAA14175,2025_HARP13612_20250811_1936_20250812_1624,2025-08-12 05:12:00,13612,14175,0,saved,"(512, 512, 6)",gs://suryabench-sharp-pipeline-bamidele/jsoc_2025_2026_production_v1/samples_npz/2025/20250812_0512_HARP13612_NOAA14175.npz,success,2026-06-27T11:04:47.045232+00:00
20250812_0648_HARP13612_NOAA14175,2025_HARP13612_20250811_1936_20250812_1624,2025-08-12 06:48:00,13612,14175,0,saved,"(512, 512, 6)",gs://suryabench-sharp-pipeline-bamidele/jsoc_2025_2026_production_v1/samples_npz/2025/20250812_0648_HARP13612_NOAA14175.npz,success,2026-06-27T11:04:54.133419+00:00
20250812_0824_HARP13612_NOAA14175,2025_HARP13612_20250811_1936_20250812_1624,2025-08-12 08:24:00,13612,14175,0,saved,"(512, 512, 6)",gs://suryabench-sharp-pipeline-bamidele/jsoc_2025_2026_production_v1/samples_npz/2025/20250812_0824_HARP13612_NOAA14175.npz,success,2026-06-27T11:05:01.186307+00:00
20250812_1000_HARP13612_NOAA14175,2025_HARP13612_20250811_1936_20250812_1624,2025-08-12 10:00:00,13612,14175,0,saved,"(512, 512, 6)",gs://suryabench-sharp-pipeline-bamidele/jsoc_2025_2026_production_v1/samples_npz/2025/20250812_1000_HARP13612_NOAA14175.npz,success,2026-06-27T11:05:08.466034+00:00
20250812_1136_HARP13612_NOAA14175,2025_HARP13612_20250811_1936_20250812_1624,2025-08-12 11:36:00,13612,14175,0,saved,"(512, 512, 6)",gs://suryabench-sharp-pipeline-bamidele/jsoc_2025_2026_production_v1/samples_npz/2025/20250812_1136_HARP13612_NOAA14175.npz,success,2026-06-27T11:05:15.720280+00:00
20250812_1312_HARP13612_NOAA14175,2025_HARP13612_20250811_1936_20250812_1624,2025-08-12 13:12:00,13612,14175,0,saved,"(512, 512, 6)",gs://suryabench-sharp-pipeline-bamidele/jsoc_2025_2026_production_v1/samples_npz/2025/20250812_1312_HARP13612_NOAA14175.npz,success,2026-06-27T11:05:23.136389+00:00
20250812_1448_HARP13612_NOAA14175,2025_HARP13612_20250811_1936_20250812_1624,2025-08-12 14:48:00,13612,14175,0,saved,"(512, 512, 6)",gs://suryabench-sharp-pipeline-bamidele/jsoc_2025_2026_production_v1/samples_npz/2025/20250812_1448_HARP13612_NOAA14175.npz,success,2026-06-27T11:05:30.379957+00:00
20250812_1624_HARP13612_NOAA14175,2025_HARP13612_20250811_1936_20250812_1624,2025-08-12 16:24:00,13612,14175,0,saved,"(512, 512, 6)",gs://suryabench-sharp-pipeline-bamidele/jsoc_2025_2026_production_v1/samples_npz/2025/20250812_1624_HARP13612_NOAA14175.npz,success,2026-06-27T11:05:37.465288+00:00
20250812_1936_HARP13597_NOAA14169,2025_HARP13597_20250812_1936_20250813_1624,2025-08-12 19:36:00,13597,14169,0,saved,"(512, 512, 6)",gs://suryabench-sharp-pipeline-bamidele/jsoc_2025_2026_production_v1/samples_npz/2025/20250812_1936_HARP13597_NOAA14169.npz,success,2026-06-27T11:19:00.747501+00:00
20250812_2112_HARP13597_NOAA14169,2025_HARP13597_20250812_1936_20250813_1624,2025-08-12 21:12:00,13597,14169,0,saved,"(512, 512, 6)",gs://suryabench-sharp-pipeline-bamidele/jsoc_2025_2026_production_v1/samples_npz/2025/20250812_2112_HARP13597_NOAA14169.npz,success,2026-06-27T11:19:08.642878+00:00
20250812_2248_HARP13597_NOAA14169,2025_HARP13597_20250812_1936_20250813_1624,2025-08-12 22:48:00,13597,14169,0,saved,"(512, 512, 6)",gs://suryabench-sharp-pipeline-bamidele/jsoc_2025_2026_production_v1/samples_npz/2025/20250812_2248_HARP13597_NOAA14169.npz,success,2026-06-27T11:19:16.391459+00:00
20250813_0024_HARP13597_NOAA14169,2025_HARP13597_20250812_1936_20250813_1624,2025-08-13 00:24:00,13597,14169,0,saved,"(512, 512, 6)",gs://suryabench-sharp-pipeline-bamidele/jsoc_2025_2026_production_v1/samples_npz/2025/20250813_0024_HARP13597_NOAA14169.npz,success,2026-06-27T11:19:24.437934+00:00
20250813_0200_HARP13597_NOAA14169,2025_HARP13597_20250812_1936_20250813_1624,2025-08-13 02:00:00,13597,14169,0,saved,"(512, 512, 6)",gs://suryabench-sharp-pipeline-bamidele/jsoc_2025_2026_production_v1/samples_npz/2025/20250813_0200_HARP13597_NOAA14169.npz,success,2026-06-27T11:19:32.179356+00:00
20250813_0336_HARP13597_NOAA14169,2025_HARP13597_20250812_1936_20250813_1624,2025-08-13 03:36:00,13597,14169,0,saved,"(512, 512, 6)",gs://suryabench-sharp-pipeline-bamidele/jsoc_2025_2026_production_v1/samples_npz/2025/20250813_0336_HARP13597_NOAA14169.npz,success,2026-06-27T11:19:39.961685+00:00
20250813_0512_HARP13597_NOAA14169,2025_HARP13597_20250812_1936_20250813_1624,2025-08-13 05:12:00,13597,14169,0,saved,"(512, 512, 6)",gs://suryabench-sharp-pipeline-bamidele/jsoc_2025_2026_production_v1/samples_npz/2025/20250813_0512_HARP13597_NOAA14169.npz,success,2026-06-27T11:19:47.929921+00:00
20250813_0648_HARP13597_NOAA14169,2025_HARP13597_20250812_1936_20250813_1624,2025-08-13 06:48:00,13597,14169,0,saved,"(512, 512, 6)",gs://suryabench-sharp-pipeline-bamidele/jsoc_2025_2026_production_v1/samples_npz/2025/20250813_0648_HARP13597_NOAA14169.npz,success,2026-06-27T11:19:55.748427+00:00
20250813_0824_HARP13597_NOAA14169,2025_HARP13597_20250812_1936_20250813_1624,2025-08-13 08:24:00,13597,14169,0,saved,"(512, 512, 6)",gs://suryabench-sharp-pipeline-bamidele/jsoc_2025_2026_production_v1/samples_npz/2025/20250813_0824_HARP13597_NOAA14169.npz,success,2026-06-27T11:20:03.479645+00:00
20250813_1000_HARP13597_NOAA14169,2025_HARP13597_20250812_1936_20250813_1624,2025-08-13 10:00:00,13597,14169,0,saved,"(512, 512, 6)",gs://suryabench-sharp-pipeline-bamidele/jsoc_2025_2026_production_v1/samples_npz/2025/20250813_1000_HARP13597_NOAA14169.npz,success,2026-06-27T11:20:11.162835+00:00
20250813_1136_HARP13597_NOAA14169,2025_HARP13597_20250812_1936_20250813_1624,2025-08-13 11:36:00,13597,14169,0,saved,"(512, 512, 6)",gs://suryabench-sharp-pipeline-bamidele/jsoc_2025_2026_production_v1/samples_npz/2025/20250813_1136_HARP13597_NOAA14169.npz,success,2026-06-27T11:20:18.976814+00:00
20250813_1312_HARP13597_NOAA14169,2025_HARP13597_20250812_1936_20250813_1624,2025-08-13 13:12:00,13597,14169,0,saved,"(512, 512, 6)",gs://suryabench-sharp-pipeline-bamidele/jsoc_2025_2026_production_v1/samples_npz/2025/20250813_1312_HARP13597_NOAA14169.npz,success,2026-06-27T11:20:26.949134+00:00
20250813_1448_HARP13597_NOAA14169,2025_HARP13597_20250812_1936_20250813_1624,2025-08-13 14:48:00,13597,14169,0,saved,"(512, 512, 6)",gs://suryabench-sharp-pipeline-bamidele/jsoc_2025_2026_production_v1/samples_npz/2025/20250813_1448_HARP13597_NOAA14169.npz,success,2026-06-27T11:20:35.307876+00:00
20250813_1624_HARP13597_NOAA14169,2025_HARP13597_20250812_1936_20250813_1624,2025-08-13 16:24:00,13597,14169,0,saved,"(512, 512, 6)",gs://suryabench-sharp-pipeline-bamidele/jsoc_2025_2026_production_v1/samples_npz/2025/20250813_1624_HARP13597_NOAA14169.npz,success,2026-06-27T11:20:43.155708+00:00
20250813_2000_HARP13612_NOAA14175,2025_HARP13612_20250813_2000_20250814_1824,2025-08-13 20:00:00,13612,14175,0,saved,"(512, 512, 6)",gs://suryabench-sharp-pipeline-bamidele/jsoc_2025_2026_production_v1/samples_npz/2025/20250813_2000_HARP13612_NOAA14175.npz,success,2026-06-27T11:30:41.736946+00:00
20250813_2136_HARP13612_NOAA14175,2025_HARP13612_20250813_2000_20250814_1824,2025-08-13 21:36:00,13612,14175,0,saved,"(512, 512, 6)",gs://suryabench-sharp-pipeline-bamidele/jsoc_2025_2026_production_v1/samples_npz/2025/20250813_2136_HARP13612_NOAA14175.npz,success,2026-06-27T11:30:49.048951+00:00
20250813_2312_HARP13612_NOAA14175,2025_HARP13612_20250813_2000_20250814_1824,2025-08-13 23:12:00,13612,14175,0,saved,"(512, 512, 6)",gs://suryabench-sharp-pipeline-bamidele/jsoc_2025_2026_production_v1/samples_npz/2025/20250813_2312_HARP13612_NOAA14175.npz,success,2026-06-27T11:30:56.466091+00:00
20250814_0048_HARP13612_NOAA14175,2025_HARP13612_20250813_2000_20250814_1824,2025-08-14 00:48:00,13612,14175,0,saved,"(512, 512, 6)",gs://suryabench-sharp-pipeline-bamidele/jsoc_2025_2026_production_v1/samples_npz/2025/20250814_0048_HARP13612_NOAA14175.npz,success,2026-06-27T11:31:03.718815+00:00
20250814_0224_HARP13612_NOAA14175,2025_HARP13612_20250813_2000_20250814_1824,2025-08-14 02:24:00,13612,14175,0,saved,"(512, 512, 6)",gs://suryabench-sharp-pipeline-bamidele/jsoc_2025_2026_production_v1/samples_npz/2025/20250814_0224_HARP13612_NOAA14175.npz,success,2026-06-27T11:31:11.051899+00:00
20250814_0400_HARP13612_NOAA14175,2025_HARP13612_20250813_2000_20250814_1824,2025-08-14 04:00:00,13612,14175,0,saved,"(512, 512, 6)",gs://suryabench-sharp-pipeline-bamidele/jsoc_2025_2026_production_v1/samples_npz/2025/20250814_0400_HARP13612_NOAA14175.npz,success,2026-06-27T11:31:18.528286+00:00
20250814_0536_HARP13612_NOAA14175,2025_HARP13612_20250813_2000_20250814_1824,2025-08-14 05:36:00,13612,14175,0,saved,"(512, 512, 6)",gs://suryabench-sharp-pipeline-bamidele/jsoc_2025_2026_production_v1/samples_npz/2025/20250814_0536_HARP13612_NOAA14175.npz,success,2026-06-27T11:31:25.935719+00:00
20250814_0712_HARP13612_NOAA14175,2025_HARP13612_20250813_2000_20250814_1824,2025-08-14 07:12:00,13612,14175,0,saved,"(512, 512, 6)",gs://suryabench-sharp-pipeline-bamidele/jsoc_2025_2026_production_v1/samples_npz/2025/20250814_0712_HARP13612_NOAA14175.npz,success,2026-06-27T11:31:33.180376+00:00
20250814_0848_HARP13612_NOAA14175,2025_HARP13612_20250813_2000_20250814_1824,2025-08-14 08:48:00,13612,14175,0,saved,"(512, 512, 6)",gs://suryabench-sharp-pipeline-bamidele/jsoc_2025_2026_production_v1/samples_npz/2025/20250814_0848_HARP13612_NOAA14175.npz,success,2026-06-27T11:31:40.262342+00:00
20250814_1024_HARP13612_NOAA14175,2025_HARP13612_20250813_2000_20250814_1824,2025-08-14 10:24:00,13612,14175,0,saved,"(512, 512, 6)",gs://suryabench-sharp-pipeline-bamidele/jsoc_2025_2026_production_v1/samples_npz/2025/20250814_1024_HARP13612_NOAA14175.npz,success,2026-06-27T11:31:47.754078+00:00
20250814_1200_HARP13612_NOAA14175,2025_HARP13612_20250813_2000_20250814_1824,2025-08-14 12:00:00,13612,14175,0,saved,"(512, 512, 6)",gs://suryabench-sharp-pipeline-bamidele/jsoc_2025_2026_production_v1/samples_npz/2025/20250814_1200_HARP13612_NOAA14175.npz,success,2026-06-27T11:31:55.054956+00:00
20250814_1336_HARP13612_NOAA14175,2025_HARP13612_20250813_2000_20250814_1824,2025-08-14 13:36:00,13612,14175,0,saved,"(512, 512, 6)",gs://suryabench-sharp-pipeline-bamidele/jsoc_2025_2026_production_v1/samples_npz/2025/20250814_1336_HARP13612_NOAA14175.npz,success,2026-06-27T11:32:02.188709+00:00
20250814_1512_HARP13612_NOAA14175,2025_HARP13612_20250813_2000_20250814_1824,2025-08-14 15:12:00,13612,14175,0,saved,"(512, 512, 6)",gs://suryabench-sharp-pipeline-bamidele/jsoc_2025_2026_production_v1/samples_npz/2025/20250814_1512_HARP13612_NOAA14175.npz,success,2026-06-27T11:32:09.448659+00:00
20250814_1648_HARP13612_NOAA14175,2025_HARP13612_20250813_2000_20250814_1824,2025-08-14 16:48:00,13612,14175,0,saved,"(512, 512, 6)",gs://suryabench-sharp-pipeline-bamidele/jsoc_2025_2026_production_v1/samples_npz/2025/20250814_1648_HARP13612_NOAA14175.npz,success,2026-06-27T11:32:16.696138+00:00
20250814_1824_HARP13612_NOAA14175,2025_HARP13612_20250813_2000_20250814_1824,2025-08-14 18:24:00,13612,14175,0,saved,"(512, 512, 6)",gs://suryabench-sharp-pipeline-bamidele/jsoc_2025_2026_production_v1/samples_npz/2025/20250814_1824_HARP13612_NOAA14175.npz,success,2026-06-27T11:32:24.098074+00:00
20250814_1900_HARP13624_NOAA14179,2025_HARP13624_20250814_1900_20250815_1724,2025-08-14 19:00:00,13624,14179,0,saved,"(512, 512, 6)",gs://suryabench-sharp-pipeline-bamidele/jsoc_2025_2026_production_v1/samples_npz/2025/20250814_1900_HARP13624_NOAA14179.npz,success,2026-06-27T11:45:52.263817+00:00
20250814_2036_HARP13624_NOAA14179,2025_HARP13624_20250814_1900_20250815_1724,2025-08-14 20:36:00,13624,14179,0,saved,"(512, 512, 6)",gs://suryabench-sharp-pipeline-bamidele/jsoc_2025_2026_production_v1/samples_npz/2025/20250814_2036_HARP13624_NOAA14179.npz,success,2026-06-27T11:45:59.912958+00:00
20250814_2212_HARP13624_NOAA14179,2025_HARP13624_20250814_1900_20250815_1724,2025-08-14 22:12:00,13624,14179,0,saved,"(512, 512, 6)",gs://suryabench-sharp-pipeline-bamidele/jsoc_2025_2026_production_v1/samples_npz/2025/20250814_2212_HARP13624_NOAA14179.npz,success,2026-06-27T11:46:07.277822+00:00
20250814_2348_HARP13624_NOAA14179,2025_HARP13624_20250814_1900_20250815_1724,2025-08-14 23:48:00,13624,14179,0,saved,"(512, 512, 6)",gs://suryabench-sharp-pipeline-bamidele/jsoc_2025_2026_production_v1/samples_npz/2025/20250814_2348_HARP13624_NOAA14179.npz,success,2026-06-27T11:46:14.691648+00:00
20250815_0124_HARP13624_NOAA14179,2025_HARP13624_20250814_1900_20250815_1724,2025-08-15 01:24:00,13624,14179,0,saved,"(512, 512, 6)",gs://suryabench-sharp-pipeline-bamidele/jsoc_2025_2026_production_v1/samples_npz/2025/20250815_0124_HARP13624_NOAA14179.npz,success,2026-06-27T11:46:22.200446+00:00
20250815_0300_HARP13624_NOAA14179,2025_HARP13624_20250814_1900_20250815_1724,2025-08-15 03:00:00,13624,14179,0,saved,"(512, 512, 6)",gs://suryabench-sharp-pipeline-bamidele/jsoc_2025_2026_production_v1/samples_npz/2025/20250815_0300_HARP13624_NOAA14179.npz,success,2026-06-27T11:46:29.793010+00:00
20250815_0436_HARP13624_NOAA14179,2025_HARP13624_20250814_1900_20250815_1724,2025-08-15 04:36:00,13624,14179,0,saved,"(512, 512, 6)",gs://suryabench-sharp-pipeline-bamidele/jsoc_2025_2026_production_v1/samples_npz/2025/20250815_0436_HARP13624_NOAA14179.npz,success,2026-06-27T11:46:37.091944+00:00
20250815_0612_HARP13624_NOAA14179,2025_HARP13624_20250814_1900_20250815_1724,2025-08-15 06:12:00,13624,14179,0,saved,"(512, 512, 6)",gs://suryabench-sharp-pipeline-bamidele/jsoc_2025_2026_production_v1/samples_npz/2025/20250815_0612_HARP13624_NOAA14179.npz,success,2026-06-27T11:46:44.948358+00:00
20250815_0748_HARP13624_NOAA14179,2025_HARP13624_20250814_1900_20250815_1724,2025-08-15 07:48:00,13624,14179,0,saved,"(512, 512, 6)",gs://suryabench-sharp-pipeline-bamidele/jsoc_2025_2026_production_v1/samples_npz/2025/20250815_0748_HARP13624_NOAA14179.npz,success,2026-06-27T11:46:52.607837+00:00
20250815_0924_HARP13624_NOAA14179,2025_HARP13624_20250814_1900_20250815_1724,2025-08-15 09:24:00,13624,14179,0,saved,"(512, 512, 6)",gs://suryabench-sharp-pipeline-bamidele/jsoc_2025_2026_production_v1/samples_npz/2025/20250815_0924_HARP13624_NOAA14179.npz,success,2026-06-27T11:47:00.063194+00:00
20250815_1100_HARP13624_NOAA14179,2025_HARP13624_20250814_1900_20250815_1724,2025-08-15 11:00:00,13624,14179,0,saved,"(512, 512, 6)",gs://suryabench-sharp-pipeline-bamidele/jsoc_2025_2026_production_v1/samples_npz/2025/20250815_1100_HARP13624_NOAA14179.npz,success,2026-06-27T11:47:07.337185+00:00
20250815_1236_HARP13624_NOAA14179,2025_HARP13624_20250814_1900_20250815_1724,2025-08-15 12:36:00,13624,14179,0,saved,"(512, 512, 6)",gs://suryabench-sharp-pipeline-bamidele/jsoc_2025_2026_production_v1/samples_npz/2025/20250815_1236_HARP13624_NOAA14179.npz,success,2026-06-27T11:47:14.771986+00:00
20250815_1412_HARP13624_NOAA14179,2025_HARP13624_20250814_1900_20250815_1724,2025-08-15 14:12:00,13624,14179,0,saved,"(512, 512, 6)",gs://suryabench-sharp-pipeline-bamidele/jsoc_2025_2026_production_v1/samples_npz/2025/20250815_1412_HARP13624_NOAA14179.npz,success,2026-06-27T11:47:22.425733+00:00
20250815_1548_HARP13624_NOAA14179,2025_HARP13624_20250814_1900_20250815_1724,2025-08-15 15:48:00,13624,14179,0,saved,"(512, 512, 6)",gs://suryabench-sharp-pipeline-bamidele/jsoc_2025_2026_production_v1/samples_npz/2025/20250815_1548_HARP13624_NOAA14179.npz,success,2026-06-27T11:47:29.927125+00:00
20250815_1724_HARP13624_NOAA14179,2025_HARP13624_20250814_1900_20250815_1724,2025-08-15 17:24:00,13624,14179,0,saved,"(512, 512, 6)",gs://suryabench-sharp-pipeline-bamidele/jsoc_2025_2026_production_v1/samples_npz/2025/20250815_1724_HARP13624_NOAA14179.npz,success,2026-06-27T11:47:37.327196+00:00
20250815_1900_HARP13624_NOAA14179,2025_HARP13624_20250815_1900_20250816_1724,2025-08-15 19:00:00,13624,14179,0,saved,"(512, 512, 6)",gs://suryabench-sharp-pipeline-bamidele/jsoc_2025_2026_production_v1/samples_npz/2025/20250815_1900_HARP13624_NOAA14179.npz,success,2026-06-27T12:00:58.714927+00:00
20250815_2036_HARP13624_NOAA14179,2025_HARP13624_20250815_1900_20250816_1724,2025-08-15 20:36:00,13624,14179,0,saved,"(512, 512, 6)",gs://suryabench-sharp-pipeline-bamidele/jsoc_2025_2026_production_v1/samples_npz/2025/20250815_2036_HARP13624_NOAA14179.npz,success,2026-06-27T12:01:06.308406+00:00
20250815_2212_HARP13624_NOAA14179,2025_HARP13624_20250815_1900_20250816_1724,2025-08-15 22:12:00,13624,14179,0,saved,"(512, 512, 6)",gs://suryabench-sharp-pipeline-bamidele/jsoc_2025_2026_production_v1/samples_npz/2025/20250815_2212_HARP13624_NOAA14179.npz,success,2026-06-27T12:01:14.201463+00:00
20250815_2348_HARP13624_NOAA14179,2025_HARP13624_20250815_1900_20250816_1724,2025-08-15 23:48:00,13624,14179,0,saved,"(512, 512, 6)",gs://suryabench-sharp-pipeline-bamidele/jsoc_2025_2026_production_v1/samples_npz/2025/20250815_2348_HARP13624_NOAA14179.npz,success,2026-06-27T12:01:21.651315+00:00
20250816_0124_HARP13624_NOAA14179,2025_HARP13624_20250815_1900_20250816_1724,2025-08-16 01:24:00,13624,14179,0,saved,"(512, 512, 6)",gs://suryabench-sharp-pipeline-bamidele/jsoc_2025_2026_production_v1/samples_npz/2025/20250816_0124_HARP13624_NOAA14179.npz,success,2026-06-27T12:01:29.002055+00:00
20250816_0300_HARP13624_NOAA14179,2025_HARP13624_20250815_1900_20250816_1724,2025-08-16 03:00:00,13624,14179,0,saved,"(512, 512, 6)",gs://suryabench-sharp-pipeline-bamidele/jsoc_2025_2026_production_v1/samples_npz/2025/20250816_0300_HARP13624_NOAA14179.npz,success,2026-06-27T12:01:36.501300+00:00
20250816_0436_HARP13624_NOAA14179,2025_HARP13624_20250815_1900_20250816_1724,2025-08-16 04:36:00,13624,14179,0,saved,"(512, 512, 6)",gs://suryabench-sharp-pipeline-bamidele/jsoc_2025_2026_production_v1/samples_npz/2025/20250816_0436_HARP13624_NOAA14179.npz,success,2026-06-27T12:01:44.244445+00:00
20250816_0612_HARP13624_NOAA14179,2025_HARP13624_20250815_1900_20250816_1724,2025-08-16 06:12:00,13624,14179,0,saved,"(512, 512, 6)",gs://suryabench-sharp-pipeline-bamidele/jsoc_2025_2026_production_v1/samples_npz/2025/20250816_0612_HARP13624_NOAA14179.npz,success,2026-06-27T12:01:51.771721+00:00
20250816_0748_HARP13624_NOAA14179,2025_HARP13624_20250815_1900_20250816_1724,2025-08-16 07:48:00,13624,14179,0,saved,"(512, 512, 6)",gs://suryabench-sharp-pipeline-bamidele/jsoc_2025_2026_production_v1/samples_npz/2025/20250816_0748_HARP13624_NOAA14179.npz,success,2026-06-27T12:01:59.009266+00:00
20250816_0924_HARP13624_NOAA14179,2025_HARP13624_20250815_1900_20250816_1724,2025-08-16 09:24:00,13624,14179,0,saved,"(512, 512, 6)",gs://suryabench-sharp-pipeline-bamidele/jsoc_2025_2026_production_v1/samples_npz/2025/20250816_0924_HARP13624_NOAA14179.npz,success,2026-06-27T12:02:06.469142+00:00
20250816_1100_HARP13624_NOAA14179,2025_HARP13624_20250815_1900_20250816_1724,2025-08-16 11:00:00,13624,14179,0,saved,"(512, 512, 6)",gs://suryabench-sharp-pipeline-bamidele/jsoc_2025_2026_production_v1/samples_npz/2025/20250816_1100_HARP13624_NOAA14179.npz,success,2026-06-27T12:02:14.103706+00:00
20250816_1236_HARP13624_NOAA14179,2025_HARP13624_20250815_1900_20250816_1724,2025-08-16 12:36:00,13624,14179,0,saved,"(512, 512, 6)",gs://suryabench-sharp-pipeline-bamidele/jsoc_2025_2026_production_v1/samples_npz/2025/20250816_1236_HARP13624_NOAA14179.npz,success,2026-06-27T12:02:21.644839+00:00
20250816_1412_HARP13624_NOAA14179,2025_HARP13624_20250815_1900_20250816_1724,2025-08-16 14:12:00,13624,14179,0,saved,"(512, 512, 6)",gs://suryabench-sharp-pipeline-bamidele/jsoc_2025_2026_production_v1/samples_npz/2025/20250816_1412_HARP13624_NOAA14179.npz,success,2026-06-27T12:02:29.184083+00:00
20250816_1548_HARP13624_NOAA14179,2025_HARP13624_20250815_1900_20250816_1724,2025-08-16 15:48:00,13624,14179,0,saved,"(512, 512, 6)",gs://suryabench-sharp-pipeline-bamidele/jsoc_2025_2026_production_v1/samples_npz/2025/20250816_1548_HARP13624_NOAA14179.npz,success,2026-06-27T12:02:36.465445+00:00
20250816_1724_HARP13624_NOAA14179,2025_HARP13624_20250815_1900_20250816_1724,2025-08-16 17:24:00,13624,14179,0,saved,"(512, 512, 6)",gs://suryabench-sharp-pipeline-bamidele/jsoc_2025_2026_production_v1/samples_npz/2025/20250816_1724_HARP13624_NOAA14179.npz,success,2026-06-27T12:02:43.781470+00:00
20250817_0236_HARP13627_NOAA14180,2025_HARP13627_20250817_0236_20250818_0100,2025-08-17 02:36:00,13627,14180,0,saved,"(512, 512, 6)",gs://suryabench-sharp-pipeline-bamidele/jsoc_2025_2026_production_v1/samples_npz/2025/20250817_0236_HARP13627_NOAA14180.npz,success,2026-06-27T12:14:57.350895+00:00
20250817_0412_HARP13627_NOAA14180,2025_HARP13627_20250817_0236_20250818_0100,2025-08-17 04:12:00,13627,14180,0,saved,"(512, 512, 6)",gs://suryabench-sharp-pipeline-bamidele/jsoc_2025_2026_production_v1/samples_npz/2025/20250817_0412_HARP13627_NOAA14180.npz,success,2026-06-27T12:15:04.925721+00:00
20250817_0548_HARP13627_NOAA14180,2025_HARP13627_20250817_0236_20250818_0100,2025-08-17 05:48:00,13627,14180,0,saved,"(512, 512, 6)",gs://suryabench-sharp-pipeline-bamidele/jsoc_2025_2026_production_v1/samples_npz/2025/20250817_0548_HARP13627_NOAA14180.npz,success,2026-06-27T12:15:16.353702+00:00
20250817_0724_HARP13627_NOAA14180,2025_HARP13627_20250817_0236_20250818_0100,2025-08-17 07:24:00,13627,14180,0,saved,"(512, 512, 6)",gs://suryabench-sharp-pipeline-bamidele/jsoc_2025_2026_production_v1/samples_npz/2025/20250817_0724_HARP13627_NOAA14180.npz,success,2026-06-27T12:15:23.967724+00:00
20250817_0900_HARP13627_NOAA14180,2025_HARP13627_20250817_0236_20250818_0100,2025-08-17 09:00:00,13627,14180,0,saved,"(512, 512, 6)",gs://suryabench-sharp-pipeline-bamidele/jsoc_2025_2026_production_v1/samples_npz/2025/20250817_0900_HARP13627_NOAA14180.npz,success,2026-06-27T12:15:31.415107+00:00
20250817_1036_HARP13627_NOAA14180,2025_HARP13627_20250817_0236_20250818_0100,2025-08-17 10:36:00,13627,14180,0,saved,"(512, 512, 6)",gs://suryabench-sharp-pipeline-bamidele/jsoc_2025_2026_production_v1/samples_npz/2025/20250817_1036_HARP13627_NOAA14180.npz,success,2026-06-27T12:15:42.551786+00:00
20250817_1212_HARP13627_NOAA14180,2025_HARP13627_20250817_0236_20250818_0100,2025-08-17 12:12:00,13627,14180,0,saved,"(512, 512, 6)",gs://suryabench-sharp-pipeline-bamidele/jsoc_2025_2026_production_v1/samples_npz/2025/20250817_1212_HARP13627_NOAA14180.npz,success,2026-06-27T12:15:49.646472+00:00
20250817_1348_HARP13627_NOAA14180,2025_HARP13627_20250817_0236_20250818_0100,2025-08-17 13:48:00,13627,14180,0,saved,"(512, 512, 6)",gs://suryabench-sharp-pipeline-bamidele/jsoc_2025_2026_production_v1/samples_npz/2025/20250817_1348_HARP13627_NOAA14180.npz,success,2026-06-27T12:15:59.773198+00:00
20250817_1524_HARP13627_NOAA14180,2025_HARP13627_20250817_0236_20250818_0100,2025-08-17 15:24:00,13627,14180,0,saved,"(512, 512, 6)",gs://suryabench-sharp-pipeline-bamidele/jsoc_2025_2026_production_v1/samples_npz/2025/20250817_1524_HARP13627_NOAA14180.npz,success,2026-06-27T12:16:07.002821+00:00
20250817_1700_HARP13627_NOAA14180,2025_HARP13627_20250817_0236_20250818_0100,2025-08-17 17:00:00,13627,14180,0,saved,"(512, 512, 6)",gs://suryabench-sharp-pipeline-bamidele/jsoc_2025_2026_production_v1/samples_npz/2025/20250817_1700_HARP13627_NOAA14180.npz,success,2026-06-27T12:16:17.656031+00:00
20250817_1836_HARP13627_NOAA14180,2025_HARP13627_20250817_0236_20250818_0100,2025-08-17 18:36:00,13627,14180,0,saved,"(512, 512, 6)",gs://suryabench-sharp-pipeline-bamidele/jsoc_2025_2026_production_v1/samples_npz/2025/20250817_1836_HARP13627_NOAA14180.npz,success,2026-06-27T12:16:25.433811+00:00
20250817_2012_HARP13627_NOAA14180,2025_HARP13627_20250817_0236_20250818_0100,2025-08-17 20:12:00,13627,14180,0,saved,"(512, 512, 6)",gs://suryabench-sharp-pipeline-bamidele/jsoc_2025_2026_production_v1/samples_npz/2025/20250817_2012_HARP13627_NOAA14180.npz,success,2026-06-27T12:16:32.786601+00:00
20250817_2148_HARP13627_NOAA14180,2025_HARP13627_20250817_0236_20250818_0100,2025-08-17 21:48:00,13627,14180,0,saved,"(512, 512, 6)",gs://suryabench-sharp-pipeline-bamidele/jsoc_2025_2026_production_v1/samples_npz/2025/20250817_2148_HARP13627_NOAA14180.npz,success,2026-06-27T12:16:39.771836+00:00
20250817_2324_HARP13627_NOAA14180,2025_HARP13627_20250817_0236_20250818_0100,2025-08-17 23:24:00,13627,14180,0,saved,"(512, 512, 6)",gs://suryabench-sharp-pipeline-bamidele/jsoc_2025_2026_production_v1/samples_npz/2025/20250817_2324_HARP13627_NOAA14180.npz,success,2026-06-27T12:16:46.815261+00:00
20250818_0100_HARP13627_NOAA14180,2025_HARP13627_20250817_0236_20250818_0100,2025-08-18 01:00:00,13627,14180,0,saved,"(512, 512, 6)",gs://suryabench-sharp-pipeline-bamidele/jsoc_2025_2026_production_v1/samples_npz/2025/20250818_0100_HARP13627_NOAA14180.npz,success,2026-06-27T12:16:53.781742+00:00
20250818_1912_HARP13624_NOAA14179,2025_HARP13624_20250818_1912_20250818_2048,2025-08-18 19:12:00,13624,14179,0,saved,"(512, 512, 6)",gs://suryabench-sharp-pipeline-bamidele/jsoc_2025_2026_production_v1/samples_npz/2025/20250818_1912_HARP13624_NOAA14179.npz,success,2026-06-27T12:25:58.608437+00:00
20250818_2048_HARP13624_NOAA14179,2025_HARP13624_20250818_1912_20250818_2048,2025-08-18 20:48:00,13624,14179,0,saved,"(512, 512, 6)",gs://suryabench-sharp-pipeline-bamidele/jsoc_2025_2026_production_v1/samples_npz/2025/20250818_2048_HARP13624_NOAA14179.npz,success,2026-06-27T12:26:05.860263+00:00
20250819_0536_HARP13652_NOAA14203,2025_HARP13652_20250819_0536_20250820_0400,2025-08-19 05:36:00,13652,14203,0,saved,"(512, 512, 6)",gs://suryabench-sharp-pipeline-bamidele/jsoc_2025_2026_production_v1/samples_npz/2025/20250819_0536_HARP13652_NOAA14203.npz,success,2026-06-27T12:38:44.547809+00:00
20250819_0712_HARP13652_NOAA14203,2025_HARP13652_20250819_0536_20250820_0400,2025-08-19 07:12:00,13652,14203,0,saved,"(512, 512, 6)",gs://suryabench-sharp-pipeline-bamidele/jsoc_2025_2026_production_v1/samples_npz/2025/20250819_0712_HARP13652_NOAA14203.npz,success,2026-06-27T12:38:53.036654+00:00
20250819_0848_HARP13652_NOAA14203,2025_HARP13652_20250819_0536_20250820_0400,2025-08-19 08:48:00,13652,14203,0,saved,"(512, 512, 6)",gs://suryabench-sharp-pipeline-bamidele/jsoc_2025_2026_production_v1/samples_npz/2025/20250819_0848_HARP13652_NOAA14203.npz,success,2026-06-27T12:39:00.366618+00:00
20250819_1024_HARP13652_NOAA14203,2025_HARP13652_20250819_0536_20250820_0400,2025-08-19 10:24:00,13652,14203,0,saved,"(512, 512, 6)",gs://suryabench-sharp-pipeline-bamidele/jsoc_2025_2026_production_v1/samples_npz/2025/20250819_1024_HARP13652_NOAA14203.npz,success,2026-06-27T12:39:08.587673+00:00
20250819_1200_HARP13652_NOAA14203,2025_HARP13652_20250819_0536_20250820_0400,2025-08-19 12:00:00,13652,14203,0,saved,"(512, 512, 6)",gs://suryabench-sharp-pipeline-bamidele/jsoc_2025_2026_production_v1/samples_npz/2025/20250819_1200_HARP13652_NOAA14203.npz,success,2026-06-27T12:39:16.157166+00:00
20250819_1336_HARP13652_NOAA14203,2025_HARP13652_20250819_0536_20250820_0400,2025-08-19 13:36:00,13652,14203,0,saved,"(512, 512, 6)",gs://suryabench-sharp-pipeline-bamidele/jsoc_2025_2026_production_v1/samples_npz/2025/20250819_1336_HARP13652_NOAA14203.npz,success,2026-06-27T12:39:23.723690+00:00
20250819_1512_HARP13652_NOAA14203,2025_HARP13652_20250819_0536_20250820_0400,2025-08-19 15:12:00,13652,14203,0,saved,"(512, 512, 6)",gs://suryabench-sharp-pipeline-bamidele/jsoc_2025_2026_production_v1/samples_npz/2025/20250819_1512_HARP13652_NOAA14203.npz,success,2026-06-27T12:39:30.944102+00:00
20250819_1648_HARP13652_NOAA14203,2025_HARP13652_20250819_0536_20250820_0400,2025-08-19 16:48:00,13652,14203,0,saved,"(512, 512, 6)",gs://suryabench-sharp-pipeline-bamidele/jsoc_2025_2026_production_v1/samples_npz/2025/20250819_1648_HARP13652_NOAA14203.npz,success,2026-06-27T12:39:38.323450+00:00
20250819_1824_HARP13652_NOAA14203,2025_HARP13652_20250819_0536_20250820_0400,2025-08-19 18:24:00,13652,14203,0,saved,"(512, 512, 6)",gs://suryabench-sharp-pipeline-bamidele/jsoc_2025_2026_production_v1/samples_npz/2025/20250819_1824_HARP13652_NOAA14203.npz,success,2026-06-27T12:39:45.827370+00:00
20250819_2000_HARP13652_NOAA14203,2025_HARP13652_20250819_0536_20250820_0400,2025-08-19 20:00:00,13652,14203,0,saved,"(512, 512, 6)",gs://suryabench-sharp-pipeline-bamidele/jsoc_2025_2026_production_v1/samples_npz/2025/20250819_2000_HARP13652_NOAA14203.npz,success,2026-06-27T12:39:53.250786+00:00
20250819_2136_HARP13652_NOAA14203,2025_HARP13652_20250819_0536_20250820_0400,2025-08-19 21:36:00,13652,14203,0,saved,"(512, 512, 6)",gs://suryabench-sharp-pipeline-bamidele/jsoc_2025_2026_production_v1/samples_npz/2025/20250819_2136_HARP13652_NOAA14203.npz,success,2026-06-27T12:40:00.681551+00:00
20250819_2312_HARP13652_NOAA14203,2025_HARP13652_20250819_0536_20250820_0400,2025-08-19 23:12:00,13652,14203,0,saved,"(512, 512, 6)",gs://suryabench-sharp-pipeline-bamidele/jsoc_2025_2026_production_v1/samples_npz/2025/20250819_2312_HARP13652_NOAA14203.npz,success,2026-06-27T12:40:08.541136+00:00
20250820_0048_HARP13652_NOAA14203,2025_HARP13652_20250819_0536_20250820_0400,2025-08-20 00:48:00,13652,14203,0,saved,"(512, 512, 6)",gs://suryabench-sharp-pipeline-bamidele/jsoc_2025_2026_production_v1/samples_npz/2025/20250820_0048_HARP13652_NOAA14203.npz,success,2026-06-27T12:40:16.097616+00:00
20250820_0224_HARP13652_NOAA14203,2025_HARP13652_20250819_0536_20250820_0400,2025-08-20 02:24:00,13652,14203,0,saved,"(512, 512, 6)",gs://suryabench-sharp-pipeline-bamidele/jsoc_2025_2026_production_v1/samples_npz/2025/20250820_0224_HARP13652_NOAA14203.npz,success,2026-06-27T12:40:23.668024+00:00
20250820_0400_HARP13652_NOAA14203,2025_HARP13652_20250819_0536_20250820_0400,2025-08-20 04:00:00,13652,14203,0,saved,"(512, 512, 6)",gs://suryabench-sharp-pipeline-bamidele/jsoc_2025_2026_production_v1/samples_npz/2025/20250820_0400_HARP13652_NOAA14203.npz,success,2026-06-27T12:40:31.086384+00:00
20250820_0536_HARP13652_NOAA14203,2025_HARP13652_20250820_0536_20250821_0412,2025-08-20 05:36:00,13652,14203,0,saved,"(512, 512, 6)",gs://suryabench-sharp-pipeline-bamidele/jsoc_2025_2026_production_v1/samples_npz/2025/20250820_0536_HARP13652_NOAA14203.npz,success,2026-06-27T13:00:58.448477+00:00
20250820_0712_HARP13652_NOAA14203,2025_HARP13652_20250820_0536_20250821_0412,2025-08-20 07:12:00,13652,14203,0,saved,"(512, 512, 6)",gs://suryabench-sharp-pipeline-bamidele/jsoc_2025_2026_production_v1/samples_npz/2025/20250820_0712_HARP13652_NOAA14203.npz,success,2026-06-27T13:01:06.018341+00:00
20250820_0848_HARP13652_NOAA14203,2025_HARP13652_20250820_0536_20250821_0412,2025-08-20 08:48:00,13652,14203,0,saved,"(512, 512, 6)",gs://suryabench-sharp-pipeline-bamidele/jsoc_2025_2026_production_v1/samples_npz/2025/20250820_0848_HARP13652_NOAA14203.npz,success,2026-06-27T13:01:13.761672+00:00
20250820_1024_HARP13652_NOAA14203,2025_HARP13652_20250820_0536_20250821_0412,2025-08-20 10:24:00,13652,14203,0,saved,"(512, 512, 6)",gs://suryabench-sharp-pipeline-bamidele/jsoc_2025_2026_production_v1/samples_npz/2025/20250820_1024_HARP13652_NOAA14203.npz,success,2026-06-27T13:01:22.180157+00:00
20250820_1200_HARP13652_NOAA14203,2025_HARP13652_20250820_0536_20250821_0412,2025-08-20 12:00:00,13652,14203,0,saved,"(512, 512, 6)",gs://suryabench-sharp-pipeline-bamidele/jsoc_2025_2026_production_v1/samples_npz/2025/20250820_1200_HARP13652_NOAA14203.npz,success,2026-06-27T13:01:29.796731+00:00
20250820_1336_HARP13652_NOAA14203,2025_HARP13652_20250820_0536_20250821_0412,2025-08-20 13:36:00,13652,14203,0,saved,"(512, 512, 6)",gs://suryabench-sharp-pipeline-bamidele/jsoc_2025_2026_production_v1/samples_npz/2025/20250820_1336_HARP13652_NOAA14203.npz,success,2026-06-27T13:01:37.329413+00:00
20250820_1512_HARP13652_NOAA14203,2025_HARP13652_20250820_0536_20250821_0412,2025-08-20 15:12:00,13652,14203,0,saved,"(512, 512, 6)",gs://suryabench-sharp-pipeline-bamidele/jsoc_2025_2026_production_v1/samples_npz/2025/20250820_1512_HARP13652_NOAA14203.npz,success,2026-06-27T13:01:45.000541+00:00
20250820_1648_HARP13652_NOAA14203,2025_HARP13652_20250820_0536_20250821_0412,2025-08-20 16:48:00,13652,14203,0,saved,"(512, 512, 6)",gs://suryabench-sharp-pipeline-bamidele/jsoc_2025_2026_production_v1/samples_npz/2025/20250820_1648_HARP13652_NOAA14203.npz,success,2026-06-27T13:01:52.449458+00:00
20250820_1824_HARP13652_NOAA14203,2025_HARP13652_20250820_0536_20250821_0412,2025-08-20 18:24:00,13652,14203,0,saved,"(512, 512, 6)",gs://suryabench-sharp-pipeline-bamidele/jsoc_2025_2026_production_v1/samples_npz/2025/20250820_1824_HARP13652_NOAA14203.npz,success,2026-06-27T13:01:59.840623+00:00
20250820_2012_HARP13652_NOAA14203,2025_HARP13652_20250820_0536_20250821_0412,2025-08-20 20:12:00,13652,14203,0,saved,"(512, 512, 6)",gs://suryabench-sharp-pipeline-bamidele/jsoc_2025_2026_production_v1/samples_npz/2025/20250820_2012_HARP13652_NOAA14203.npz,success,2026-06-27T13:02:07.077409+00:00
20250820_2148_HARP13652_NOAA14203,2025_HARP13652_20250820_0536_20250821_0412,2025-08-20 21:48:00,13652,14203,0,saved,"(512, 512, 6)",gs://suryabench-sharp-pipeline-bamidele/jsoc_2025_2026_production_v1/samples_npz/2025/20250820_2148_HARP13652_NOAA14203.npz,success,2026-06-27T13:02:14.520922+00:00
20250820_2324_HARP13652_NOAA14203,2025_HARP13652_20250820_0536_20250821_0412,2025-08-20 23:24:00,13652,14203,0,saved,"(512, 512, 6)",gs://suryabench-sharp-pipeline-bamidele/jsoc_2025_2026_production_v1/samples_npz/2025/20250820_2324_HARP13652_NOAA14203.npz,success,2026-06-27T13:02:23.993303+00:00
20250821_0100_HARP13652_NOAA14203,2025_HARP13652_20250820_0536_20250821_0412,2025-08-21 01:00:00,13652,14203,0,saved,"(512, 512, 6)",gs://suryabench-sharp-pipeline-bamidele/jsoc_2025_2026_production_v1/samples_npz/2025/20250821_0100_HARP13652_NOAA14203.npz,success,2026-06-27T13:02:31.365133+00:00
20250821_0236_HARP13652_NOAA14203,2025_HARP13652_20250820_0536_20250821_0412,2025-08-21 02:36:00,13652,14203,0,saved,"(512, 512, 6)",gs://suryabench-sharp-pipeline-bamidele/jsoc_2025_2026_production_v1/samples_npz/2025/20250821_0236_HARP13652_NOAA14203.npz,success,2026-06-27T13:02:39.023281+00:00
20250821_0412_HARP13652_NOAA14203,2025_HARP13652_20250820_0536_20250821_0412,2025-08-21 04:12:00,13652,14203,0,saved,"(512, 512, 6)",gs://suryabench-sharp-pipeline-bamidele/jsoc_2025_2026_production_v1/samples_npz/2025/20250821_0412_HARP13652_NOAA14203.npz,success,2026-06-27T13:02:46.688479+00:00
20250821_0548_HARP13652_NOAA14203,2025_HARP13652_20250821_0548_20250822_0412,2025-08-21 05:48:00,13652,14203,0,saved,"(512, 512, 6)",gs://suryabench-sharp-pipeline-bamidele/jsoc_2025_2026_production_v1/samples_npz/2025/20250821_0548_HARP13652_NOAA14203.npz,success,2026-06-27T13:16:08.981505+00:00
20250821_0724_HARP13652_NOAA14203,2025_HARP13652_20250821_0548_20250822_0412,2025-08-21 07:24:00,13652,14203,0,saved,"(512, 512, 6)",gs://suryabench-sharp-pipeline-bamidele/jsoc_2025_2026_production_v1/samples_npz/2025/20250821_0724_HARP13652_NOAA14203.npz,success,2026-06-27T13:16:16.394227+00:00
20250821_0900_HARP13652_NOAA14203,2025_HARP13652_20250821_0548_20250822_0412,2025-08-21 09:00:00,13652,14203,0,saved,"(512, 512, 6)",gs://suryabench-sharp-pipeline-bamidele/jsoc_2025_2026_production_v1/samples_npz/2025/20250821_0900_HARP13652_NOAA14203.npz,success,2026-06-27T13:16:24.082252+00:00
20250821_1036_HARP13652_NOAA14203,2025_HARP13652_20250821_0548_20250822_0412,2025-08-21 10:36:00,13652,14203,0,saved,"(512, 512, 6)",gs://suryabench-sharp-pipeline-bamidele/jsoc_2025_2026_production_v1/samples_npz/2025/20250821_1036_HARP13652_NOAA14203.npz,success,2026-06-27T13:16:31.714321+00:00
20250821_1212_HARP13652_NOAA14203,2025_HARP13652_20250821_0548_20250822_0412,2025-08-21 12:12:00,13652,14203,0,saved,"(512, 512, 6)",gs://suryabench-sharp-pipeline-bamidele/jsoc_2025_2026_production_v1/samples_npz/2025/20250821_1212_HARP13652_NOAA14203.npz,success,2026-06-27T13:16:39.220688+00:00
20250821_1348_HARP13652_NOAA14203,2025_HARP13652_20250821_0548_20250822_0412,2025-08-21 13:48:00,13652,14203,0,saved,"(512, 512, 6)",gs://suryabench-sharp-pipeline-bamidele/jsoc_2025_2026_production_v1/samples_npz/2025/20250821_1348_HARP13652_NOAA14203.npz,success,2026-06-27T13:16:46.526514+00:00
20250821_1524_HARP13652_NOAA14203,2025_HARP13652_20250821_0548_20250822_0412,2025-08-21 15:24:00,13652,14203,0,saved,"(512, 512, 6)",gs://suryabench-sharp-pipeline-bamidele/jsoc_2025_2026_production_v1/samples_npz/2025/20250821_1524_HARP13652_NOAA14203.npz,success,2026-06-27T13:16:53.861344+00:00
20250821_1700_HARP13652_NOAA14203,2025_HARP13652_20250821_0548_20250822_0412,2025-08-21 17:00:00,13652,14203,0,saved,"(512, 512, 6)",gs://suryabench-sharp-pipeline-bamidele/jsoc_2025_2026_production_v1/samples_npz/2025/20250821_1700_HARP13652_NOAA14203.npz,success,2026-06-27T13:17:01.134750+00:00
20250821_1836_HARP13652_NOAA14203,2025_HARP13652_20250821_0548_20250822_0412,2025-08-21 18:36:00,13652,14203,0,saved,"(512, 512, 6)",gs://suryabench-sharp-pipeline-bamidele/jsoc_2025_2026_production_v1/samples_npz/2025/20250821_1836_HARP13652_NOAA14203.npz,success,2026-06-27T13:17:08.596173+00:00
20250821_2012_HARP13652_NOAA14203,2025_HARP13652_20250821_0548_20250822_0412,2025-08-21 20:12:00,13652,14203,0,saved,"(512, 512, 6)",gs://suryabench-sharp-pipeline-bamidele/jsoc_2025_2026_production_v1/samples_npz/2025/20250821_2012_HARP13652_NOAA14203.npz,success,2026-06-27T13:17:16.172873+00:00
20250821_2148_HARP13652_NOAA14203,2025_HARP13652_20250821_0548_20250822_0412,2025-08-21 21:48:00,13652,14203,0,saved,"(512, 512, 6)",gs://suryabench-sharp-pipeline-bamidele/jsoc_2025_2026_production_v1/samples_npz/2025/20250821_2148_HARP13652_NOAA14203.npz,success,2026-06-27T13:17:23.661315+00:00
20250821_2324_HARP13652_NOAA14203,2025_HARP13652_20250821_0548_20250822_0412,2025-08-21 23:24:00,13652,14203,0,saved,"(512, 512, 6)",gs://suryabench-sharp-pipeline-bamidele/jsoc_2025_2026_production_v1/samples_npz/2025/20250821_2324_HARP13652_NOAA14203.npz,success,2026-06-27T13:17:33.022479+00:00
20250822_0100_HARP13652_NOAA14203,2025_HARP13652_20250821_0548_20250822_0412,2025-08-22 01:00:00,13652,14203,0,saved,"(512, 512, 6)",gs://suryabench-sharp-pipeline-bamidele/jsoc_2025_2026_production_v1/samples_npz/2025/20250822_0100_HARP13652_NOAA14203.npz,success,2026-06-27T13:17:40.445840+00:00
20250822_0236_HARP13652_NOAA14203,2025_HARP13652_20250821_0548_20250822_0412,2025-08-22 02:36:00,13652,14203,0,saved,"(512, 512, 6)",gs://suryabench-sharp-pipeline-bamidele/jsoc_2025_2026_production_v1/samples_npz/2025/20250822_0236_HARP13652_NOAA14203.npz,success,2026-06-27T13:17:47.806917+00:00
20250822_0412_HARP13652_NOAA14203,2025_HARP13652_20250821_0548_20250822_0412,2025-08-22 04:12:00,13652,14203,0,saved,"(512, 512, 6)",gs://suryabench-sharp-pipeline-bamidele/jsoc_2025_2026_production_v1/samples_npz/2025/20250822_0412_HARP13652_NOAA14203.npz,success,2026-06-27T13:17:55.087404+00:00
20250822_0512_HARP13676_NOAA14189,2025_HARP13676_20250822_0512_20250822_1624,2025-08-22 05:12:00,13676,14189,0,saved,"(512, 512, 6)",gs://suryabench-sharp-pipeline-bamidele/jsoc_2025_2026_production_v1/samples_npz/2025/20250822_0512_HARP13676_NOAA14189.npz,success,2026-06-27T13:27:24.317093+00:00
20250822_0648_HARP13676_NOAA14189,2025_HARP13676_20250822_0512_20250822_1624,2025-08-22 06:48:00,13676,14189,0,saved,"(512, 512, 6)",gs://suryabench-sharp-pipeline-bamidele/jsoc_2025_2026_production_v1/samples_npz/2025/20250822_0648_HARP13676_NOAA14189.npz,success,2026-06-27T13:27:32.295705+00:00
20250822_0824_HARP13676_NOAA14189,2025_HARP13676_20250822_0512_20250822_1624,2025-08-22 08:24:00,13676,14189,0,saved,"(512, 512, 6)",gs://suryabench-sharp-pipeline-bamidele/jsoc_2025_2026_production_v1/samples_npz/2025/20250822_0824_HARP13676_NOAA14189.npz,success,2026-06-27T13:27:39.569540+00:00
20250822_1000_HARP13676_NOAA14189,2025_HARP13676_20250822_0512_20250822_1624,2025-08-22 10:00:00,13676,14189,0,saved,"(512, 512, 6)",gs://suryabench-sharp-pipeline-bamidele/jsoc_2025_2026_production_v1/samples_npz/2025/20250822_1000_HARP13676_NOAA14189.npz,success,2026-06-27T13:27:46.746738+00:00
20250822_1136_HARP13676_NOAA14189,2025_HARP13676_20250822_0512_20250822_1624,2025-08-22 11:36:00,13676,14189,0,saved,"(512, 512, 6)",gs://suryabench-sharp-pipeline-bamidele/jsoc_2025_2026_production_v1/samples_npz/2025/20250822_1136_HARP13676_NOAA14189.npz,success,2026-06-27T13:27:54.228466+00:00
20250822_1312_HARP13676_NOAA14189,2025_HARP13676_20250822_0512_20250822_1624,2025-08-22 13:12:00,13676,14189,0,saved,"(512, 512, 6)",gs://suryabench-sharp-pipeline-bamidele/jsoc_2025_2026_production_v1/samples_npz/2025/20250822_1312_HARP13676_NOAA14189.npz,success,2026-06-27T13:28:01.631714+00:00
20250822_1448_HARP13676_NOAA14189,2025_HARP13676_20250822_0512_20250822_1624,2025-08-22 14:48:00,13676,14189,0,saved,"(512, 512, 6)",gs://suryabench-sharp-pipeline-bamidele/jsoc_2025_2026_production_v1/samples_npz/2025/20250822_1448_HARP13676_NOAA14189.npz,success,2026-06-27T13:28:08.787789+00:00
20250822_1624_HARP13676_NOAA14189,2025_HARP13676_20250822_0512_20250822_1624,2025-08-22 16:24:00,13676,14189,0,saved,"(512, 512, 6)",gs://suryabench-sharp-pipeline-bamidele/jsoc_2025_2026_production_v1/samples_npz/2025/20250822_1624_HARP13676_NOAA14189.npz,success,2026-06-27T13:28:15.811436+00:00
20250822_1936_HARP13676_NOAA14189,2025_HARP13676_20250822_1936_20250823_1624,2025-08-22 19:36:00,13676,14189,0,saved,"(512, 512, 6)",gs://suryabench-sharp-pipeline-bamidele/jsoc_2025_2026_production_v1/samples_npz/2025/20250822_1936_HARP13676_NOAA14189.npz,success,2026-06-27T13:38:33.974807+00:00
20250822_2112_HARP13676_NOAA14189,2025_HARP13676_20250822_1936_20250823_1624,2025-08-22 21:12:00,13676,14189,0,saved,"(512, 512, 6)",gs://suryabench-sharp-pipeline-bamidele/jsoc_2025_2026_production_v1/samples_npz/2025/20250822_2112_HARP13676_NOAA14189.npz,success,2026-06-27T13:38:41.074723+00:00
20250822_2248_HARP13676_NOAA14189,2025_HARP13676_20250822_1936_20250823_1624,2025-08-22 22:48:00,13676,14189,0,saved,"(512, 512, 6)",gs://suryabench-sharp-pipeline-bamidele/jsoc_2025_2026_production_v1/samples_npz/2025/20250822_2248_HARP13676_NOAA14189.npz,success,2026-06-27T13:38:48.087025+00:00
20250823_0024_HARP13676_NOAA14189,2025_HARP13676_20250822_1936_20250823_1624,2025-08-23 00:24:00,13676,14189,0,saved,"(512, 512, 6)",gs://suryabench-sharp-pipeline-bamidele/jsoc_2025_2026_production_v1/samples_npz/2025/20250823_0024_HARP13676_NOAA14189.npz,success,2026-06-27T13:38:55.245233+00:00
20250823_0200_HARP13676_NOAA14189,2025_HARP13676_20250822_1936_20250823_1624,2025-08-23 02:00:00,13676,14189,0,saved,"(512, 512, 6)",gs://suryabench-sharp-pipeline-bamidele/jsoc_2025_2026_production_v1/samples_npz/2025/20250823_0200_HARP13676_NOAA14189.npz,success,2026-06-27T13:39:02.238737+00:00
20250823_0336_HARP13676_NOAA14189,2025_HARP13676_20250822_1936_20250823_1624,2025-08-23 03:36:00,13676,14189,0,saved,"(512, 512, 6)",gs://suryabench-sharp-pipeline-bamidele/jsoc_2025_2026_production_v1/samples_npz/2025/20250823_0336_HARP13676_NOAA14189.npz,success,2026-06-27T13:39:09.462091+00:00
20250823_0512_HARP13676_NOAA14189,2025_HARP13676_20250822_1936_20250823_1624,2025-08-23 05:12:00,13676,14189,0,saved,"(512, 512, 6)",gs://suryabench-sharp-pipeline-bamidele/jsoc_2025_2026_production_v1/samples_npz/2025/20250823_0512_HARP13676_NOAA14189.npz,success,2026-06-27T13:39:16.592871+00:00
20250823_0648_HARP13676_NOAA14189,2025_HARP13676_20250822_1936_20250823_1624,2025-08-23 06:48:00,13676,14189,0,saved,"(512, 512, 6)",gs://suryabench-sharp-pipeline-bamidele/jsoc_2025_2026_production_v1/samples_npz/2025/20250823_0648_HARP13676_NOAA14189.npz,success,2026-06-27T13:39:23.720257+00:00
20250823_0824_HARP13676_NOAA14189,2025_HARP13676_20250822_1936_20250823_1624,2025-08-23 08:24:00,13676,14189,0,saved,"(512, 512, 6)",gs://suryabench-sharp-pipeline-bamidele/jsoc_2025_2026_production_v1/samples_npz/2025/20250823_0824_HARP13676_NOAA14189.npz,success,2026-06-27T13:39:30.653287+00:00
20250823_1000_HARP13676_NOAA14189,2025_HARP13676_20250822_1936_20250823_1624,2025-08-23 10:00:00,13676,14189,0,saved,"(512, 512, 6)",gs://suryabench-sharp-pipeline-bamidele/jsoc_2025_2026_production_v1/samples_npz/2025/20250823_1000_HARP13676_NOAA14189.npz,success,2026-06-27T13:39:38.089011+00:00
20250823_1136_HARP13676_NOAA14189,2025_HARP13676_20250822_1936_20250823_1624,2025-08-23 11:36:00,13676,14189,0,saved,"(512, 512, 6)",gs://suryabench-sharp-pipeline-bamidele/jsoc_2025_2026_production_v1/samples_npz/2025/20250823_1136_HARP13676_NOAA14189.npz,success,2026-06-27T13:39:45.155840+00:00
20250823_1312_HARP13676_NOAA14189,2025_HARP13676_20250822_1936_20250823_1624,2025-08-23 13:12:00,13676,14189,0,saved,"(512, 512, 6)",gs://suryabench-sharp-pipeline-bamidele/jsoc_2025_2026_production_v1/samples_npz/2025/20250823_1312_HARP13676_NOAA14189.npz,success,2026-06-27T13:39:52.230108+00:00
20250823_1448_HARP13676_NOAA14189,2025_HARP13676_20250822_1936_20250823_1624,2025-08-23 14:48:00,13676,14189,0,saved,"(512, 512, 6)",gs://suryabench-sharp-pipeline-bamidele/jsoc_2025_2026_production_v1/samples_npz/2025/20250823_1448_HARP13676_NOAA14189.npz,success,2026-06-27T13:39:59.255857+00:00
20250823_1624_HARP13676_NOAA14189,2025_HARP13676_20250822_1936_20250823_1624,2025-08-23 16:24:00,13676,14189,0,saved,"(512, 512, 6)",gs://suryabench-sharp-pipeline-bamidele/jsoc_2025_2026_production_v1/samples_npz/2025/20250823_1624_HARP13676_NOAA14189.npz,success,2026-06-27T13:40:06.342876+00:00
20250823_0548_HARP13652_NOAA14203,2025_HARP13652_20250823_0548_20250823_1836,2025-08-23 05:48:00,13652,14203,0,saved,"(512, 512, 6)",gs://suryabench-sharp-pipeline-bamidele/jsoc_2025_2026_production_v1/samples_npz/2025/20250823_0548_HARP13652_NOAA14203.npz,success,2026-06-27T13:50:31.083800+00:00
20250823_0724_HARP13652_NOAA14203,2025_HARP13652_20250823_0548_20250823_1836,2025-08-23 07:24:00,13652,14203,0,saved,"(512, 512, 6)",gs://suryabench-sharp-pipeline-bamidele/jsoc_2025_2026_production_v1/samples_npz/2025/20250823_0724_HARP13652_NOAA14203.npz,success,2026-06-27T13:50:38.508371+00:00
20250823_0900_HARP13652_NOAA14203,2025_HARP13652_20250823_0548_20250823_1836,2025-08-23 09:00:00,13652,14203,0,saved,"(512, 512, 6)",gs://suryabench-sharp-pipeline-bamidele/jsoc_2025_2026_production_v1/samples_npz/2025/20250823_0900_HARP13652_NOAA14203.npz,success,2026-06-27T13:50:45.798038+00:00
20250823_1036_HARP13652_NOAA14203,2025_HARP13652_20250823_0548_20250823_1836,2025-08-23 10:36:00,13652,14203,0,saved,"(512, 512, 6)",gs://suryabench-sharp-pipeline-bamidele/jsoc_2025_2026_production_v1/samples_npz/2025/20250823_1036_HARP13652_NOAA14203.npz,success,2026-06-27T13:50:53.083006+00:00
20250823_1212_HARP13652_NOAA14203,2025_HARP13652_20250823_0548_20250823_1836,2025-08-23 12:12:00,13652,14203,0,saved,"(512, 512, 6)",gs://suryabench-sharp-pipeline-bamidele/jsoc_2025_2026_production_v1/samples_npz/2025/20250823_1212_HARP13652_NOAA14203.npz,success,2026-06-27T13:51:00.249283+00:00
20250823_1348_HARP13652_NOAA14203,2025_HARP13652_20250823_0548_20250823_1836,2025-08-23 13:48:00,13652,14203,0,saved,"(512, 512, 6)",gs://suryabench-sharp-pipeline-bamidele/jsoc_2025_2026_production_v1/samples_npz/2025/20250823_1348_HARP13652_NOAA14203.npz,success,2026-06-27T13:51:07.406790+00:00
20250823_1524_HARP13652_NOAA14203,2025_HARP13652_20250823_0548_20250823_1836,2025-08-23 15:24:00,13652,14203,0,saved,"(512, 512, 6)",gs://suryabench-sharp-pipeline-bamidele/jsoc_2025_2026_production_v1/samples_npz/2025/20250823_1524_HARP13652_NOAA14203.npz,success,2026-06-27T13:51:14.582418+00:00
20250823_1700_HARP13652_NOAA14203,2025_HARP13652_20250823_0548_20250823_1836,2025-08-23 17:00:00,13652,14203,0,saved,"(512, 512, 6)",gs://suryabench-sharp-pipeline-bamidele/jsoc_2025_2026_production_v1/samples_npz/2025/20250823_1700_HARP13652_NOAA14203.npz,success,2026-06-27T13:51:21.739473+00:00
20250823_1836_HARP13652_NOAA14203,2025_HARP13652_20250823_0548_20250823_1836,2025-08-23 18:36:00,13652,14203,0,saved,"(512, 512, 6)",gs://suryabench-sharp-pipeline-bamidele/jsoc_2025_2026_production_v1/samples_npz/2025/20250823_1836_HARP13652_NOAA14203.npz,success,2026-06-27T13:51:28.947764+00:00
20250823_1936_HARP13676_NOAA14189,2025_HARP13676_20250823_1936_20250824_1624,2025-08-23 19:36:00,13676,14189,0,saved,"(512, 512, 6)",gs://suryabench-sharp-pipeline-bamidele/jsoc_2025_2026_production_v1/samples_npz/2025/20250823_1936_HARP13676_NOAA14189.npz,success,2026-06-27T14:01:53.281625+00:00
20250823_2112_HARP13676_NOAA14189,2025_HARP13676_20250823_1936_20250824_1624,2025-08-23 21:12:00,13676,14189,0,saved,"(512, 512, 6)",gs://suryabench-sharp-pipeline-bamidele/jsoc_2025_2026_production_v1/samples_npz/2025/20250823_2112_HARP13676_NOAA14189.npz,success,2026-06-27T14:02:00.460998+00:00
20250823_2248_HARP13676_NOAA14189,2025_HARP13676_20250823_1936_20250824_1624,2025-08-23 22:48:00,13676,14189,0,saved,"(512, 512, 6)",gs://suryabench-sharp-pipeline-bamidele/jsoc_2025_2026_production_v1/samples_npz/2025/20250823_2248_HARP13676_NOAA14189.npz,success,2026-06-27T14:02:07.609860+00:00
20250824_0024_HARP13676_NOAA14189,2025_HARP13676_20250823_1936_20250824_1624,2025-08-24 00:24:00,13676,14189,0,saved,"(512, 512, 6)",gs://suryabench-sharp-pipeline-bamidele/jsoc_2025_2026_production_v1/samples_npz/2025/20250824_0024_HARP13676_NOAA14189.npz,success,2026-06-27T14:02:14.731965+00:00
20250824_0200_HARP13676_NOAA14189,2025_HARP13676_20250823_1936_20250824_1624,2025-08-24 02:00:00,13676,14189,0,saved,"(512, 512, 6)",gs://suryabench-sharp-pipeline-bamidele/jsoc_2025_2026_production_v1/samples_npz/2025/20250824_0200_HARP13676_NOAA14189.npz,success,2026-06-27T14:02:21.979581+00:00
20250824_0336_HARP13676_NOAA14189,2025_HARP13676_20250823_1936_20250824_1624,2025-08-24 03:36:00,13676,14189,0,saved,"(512, 512, 6)",gs://suryabench-sharp-pipeline-bamidele/jsoc_2025_2026_production_v1/samples_npz/2025/20250824_0336_HARP13676_NOAA14189.npz,success,2026-06-27T14:02:29.214851+00:00
20250824_0512_HARP13676_NOAA14189,2025_HARP13676_20250823_1936_20250824_1624,2025-08-24 05:12:00,13676,14189,0,saved,"(512, 512, 6)",gs://suryabench-sharp-pipeline-bamidele/jsoc_2025_2026_production_v1/samples_npz/2025/20250824_0512_HARP13676_NOAA14189.npz,success,2026-06-27T14:02:36.208435+00:00
20250824_0648_HARP13676_NOAA14189,2025_HARP13676_20250823_1936_20250824_1624,2025-08-24 06:48:00,13676,14189,0,saved,"(512, 512, 6)",gs://suryabench-sharp-pipeline-bamidele/jsoc_2025_2026_production_v1/samples_npz/2025/20250824_0648_HARP13676_NOAA14189.npz,success,2026-06-27T14:02:43.368713+00:00
20250824_0824_HARP13676_NOAA14189,2025_HARP13676_20250823_1936_20250824_1624,2025-08-24 08:24:00,13676,14189,0,saved,"(512, 512, 6)",gs://suryabench-sharp-pipeline-bamidele/jsoc_2025_2026_production_v1/samples_npz/2025/20250824_0824_HARP13676_NOAA14189.npz,success,2026-06-27T14:02:50.686062+00:00
20250824_1000_HARP13676_NOAA14189,2025_HARP13676_20250823_1936_20250824_1624,2025-08-24 10:00:00,13676,14189,0,saved,"(512, 512, 6)",gs://suryabench-sharp-pipeline-bamidele/jsoc_2025_2026_production_v1/samples_npz/2025/20250824_1000_HARP13676_NOAA14189.npz,success,2026-06-27T14:02:57.951410+00:00
20250824_1136_HARP13676_NOAA14189,2025_HARP13676_20250823_1936_20250824_1624,2025-08-24 11:36:00,13676,14189,0,saved,"(512, 512, 6)",gs://suryabench-sharp-pipeline-bamidele/jsoc_2025_2026_production_v1/samples_npz/2025/20250824_1136_HARP13676_NOAA14189.npz,success,2026-06-27T14:03:05.140303+00:00
20250824_1312_HARP13676_NOAA14189,2025_HARP13676_20250823_1936_20250824_1624,2025-08-24 13:12:00,13676,14189,0,saved,"(512, 512, 6)",gs://suryabench-sharp-pipeline-bamidele/jsoc_2025_2026_production_v1/samples_npz/2025/20250824_1312_HARP13676_NOAA14189.npz,success,2026-06-27T14:03:12.312852+00:00
20250824_1448_HARP13676_NOAA14189,2025_HARP13676_20250823_1936_20250824_1624,2025-08-24 14:48:00,13676,14189,0,saved,"(512, 512, 6)",gs://suryabench-sharp-pipeline-bamidele/jsoc_2025_2026_production_v1/samples_npz/2025/20250824_1448_HARP13676_NOAA14189.npz,success,2026-06-27T14:03:19.490942+00:00
20250824_1624_HARP13676_NOAA14189,2025_HARP13676_20250823_1936_20250824_1624,2025-08-24 16:24:00,13676,14189,0,saved,"(512, 512, 6)",gs://suryabench-sharp-pipeline-bamidele/jsoc_2025_2026_production_v1/samples_npz/2025/20250824_1624_HARP13676_NOAA14189.npz,success,2026-06-27T14:03:26.608879+00:00
20250824_1924_HARP13694_NOAA14194,2025_HARP13694_20250824_1924_20250825_1748,2025-08-24 19:24:00,13694,14194,0,saved,"(512, 512, 6)",gs://suryabench-sharp-pipeline-bamidele/jsoc_2025_2026_production_v1/samples_npz/2025/20250824_1924_HARP13694_NOAA14194.npz,success,2026-06-27T14:13:44.045406+00:00
20250824_2100_HARP13694_NOAA14194,2025_HARP13694_20250824_1924_20250825_1748,2025-08-24 21:00:00,13694,14194,0,saved,"(512, 512, 6)",gs://suryabench-sharp-pipeline-bamidele/jsoc_2025_2026_production_v1/samples_npz/2025/20250824_2100_HARP13694_NOAA14194.npz,success,2026-06-27T14:13:51.276399+00:00
20250824_2236_HARP13694_NOAA14194,2025_HARP13694_20250824_1924_20250825_1748,2025-08-24 22:36:00,13694,14194,0,saved,"(512, 512, 6)",gs://suryabench-sharp-pipeline-bamidele/jsoc_2025_2026_production_v1/samples_npz/2025/20250824_2236_HARP13694_NOAA14194.npz,success,2026-06-27T14:13:58.378422+00:00
20250825_0012_HARP13694_NOAA14194,2025_HARP13694_20250824_1924_20250825_1748,2025-08-25 00:12:00,13694,14194,0,saved,"(512, 512, 6)",gs://suryabench-sharp-pipeline-bamidele/jsoc_2025_2026_production_v1/samples_npz/2025/20250825_0012_HARP13694_NOAA14194.npz,success,2026-06-27T14:14:05.710798+00:00
20250825_0148_HARP13694_NOAA14194,2025_HARP13694_20250824_1924_20250825_1748,2025-08-25 01:48:00,13694,14194,0,saved,"(512, 512, 6)",gs://suryabench-sharp-pipeline-bamidele/jsoc_2025_2026_production_v1/samples_npz/2025/20250825_0148_HARP13694_NOAA14194.npz,success,2026-06-27T14:14:13.380089+00:00
20250825_0324_HARP13694_NOAA14194,2025_HARP13694_20250824_1924_20250825_1748,2025-08-25 03:24:00,13694,14194,0,saved,"(512, 512, 6)",gs://suryabench-sharp-pipeline-bamidele/jsoc_2025_2026_production_v1/samples_npz/2025/20250825_0324_HARP13694_NOAA14194.npz,success,2026-06-27T14:14:20.898787+00:00
20250825_0500_HARP13694_NOAA14194,2025_HARP13694_20250824_1924_20250825_1748,2025-08-25 05:00:00,13694,14194,0,saved,"(512, 512, 6)",gs://suryabench-sharp-pipeline-bamidele/jsoc_2025_2026_production_v1/samples_npz/2025/20250825_0500_HARP13694_NOAA14194.npz,success,2026-06-27T14:14:28.245366+00:00
20250825_0636_HARP13694_NOAA14194,2025_HARP13694_20250824_1924_20250825_1748,2025-08-25 06:36:00,13694,14194,0,saved,"(512, 512, 6)",gs://suryabench-sharp-pipeline-bamidele/jsoc_2025_2026_production_v1/samples_npz/2025/20250825_0636_HARP13694_NOAA14194.npz,success,2026-06-27T14:14:35.318152+00:00
20250825_0812_HARP13694_NOAA14194,2025_HARP13694_20250824_1924_20250825_1748,2025-08-25 08:12:00,13694,14194,0,saved,"(512, 512, 6)",gs://suryabench-sharp-pipeline-bamidele/jsoc_2025_2026_production_v1/samples_npz/2025/20250825_0812_HARP13694_NOAA14194.npz,success,2026-06-27T14:14:42.353608+00:00
20250825_0948_HARP13694_NOAA14194,2025_HARP13694_20250824_1924_20250825_1748,2025-08-25 09:48:00,13694,14194,0,saved,"(512, 512, 6)",gs://suryabench-sharp-pipeline-bamidele/jsoc_2025_2026_production_v1/samples_npz/2025/20250825_0948_HARP13694_NOAA14194.npz,success,2026-06-27T14:14:49.477994+00:00
20250825_1124_HARP13694_NOAA14194,2025_HARP13694_20250824_1924_20250825_1748,2025-08-25 11:24:00,13694,14194,0,saved,"(512, 512, 6)",gs://suryabench-sharp-pipeline-bamidele/jsoc_2025_2026_production_v1/samples_npz/2025/20250825_1124_HARP13694_NOAA14194.npz,success,2026-06-27T14:14:56.649691+00:00
20250825_1300_HARP13694_NOAA14194,2025_HARP13694_20250824_1924_20250825_1748,2025-08-25 13:00:00,13694,14194,0,saved,"(512, 512, 6)",gs://suryabench-sharp-pipeline-bamidele/jsoc_2025_2026_production_v1/samples_npz/2025/20250825_1300_HARP13694_NOAA14194.npz,success,2026-06-27T14:15:03.758457+00:00
20250825_1436_HARP13694_NOAA14194,2025_HARP13694_20250824_1924_20250825_1748,2025-08-25 14:36:00,13694,14194,0,saved,"(512, 512, 6)",gs://suryabench-sharp-pipeline-bamidele/jsoc_2025_2026_production_v1/samples_npz/2025/20250825_1436_HARP13694_NOAA14194.npz,success,2026-06-27T14:15:10.949462+00:00
20250825_1612_HARP13694_NOAA14194,2025_HARP13694_20250824_1924_20250825_1748,2025-08-25 16:12:00,13694,14194,0,saved,"(512, 512, 6)",gs://suryabench-sharp-pipeline-bamidele/jsoc_2025_2026_production_v1/samples_npz/2025/20250825_1612_HARP13694_NOAA14194.npz,success,2026-06-27T14:15:18.219358+00:00
20250825_1748_HARP13694_NOAA14194,2025_HARP13694_20250824_1924_20250825_1748,2025-08-25 17:48:00,13694,14194,0,saved,"(512, 512, 6)",gs://suryabench-sharp-pipeline-bamidele/jsoc_2025_2026_production_v1/samples_npz/2025/20250825_1748_HARP13694_NOAA14194.npz,success,2026-06-27T14:15:25.261090+00:00
20250825_0812_HARP13673_NOAA14190,2025_HARP13673_20250825_0812_20250825_1624,2025-08-25 08:12:00,13673,14190,0,saved,"(512, 512, 6)",gs://suryabench-sharp-pipeline-bamidele/jsoc_2025_2026_production_v1/samples_npz/2025/20250825_0812_HARP13673_NOAA14190.npz,success,2026-06-27T14:31:58.515013+00:00
20250825_1000_HARP13673_NOAA14190,2025_HARP13673_20250825_0812_20250825_1624,2025-08-25 10:00:00,13673,14190,0,saved,"(512, 512, 6)",gs://suryabench-sharp-pipeline-bamidele/jsoc_2025_2026_production_v1/samples_npz/2025/20250825_1000_HARP13673_NOAA14190.npz,success,2026-06-27T14:32:05.826717+00:00
20250825_1136_HARP13673_NOAA14190,2025_HARP13673_20250825_0812_20250825_1624,2025-08-25 11:36:00,13673,14190,0,saved,"(512, 512, 6)",gs://suryabench-sharp-pipeline-bamidele/jsoc_2025_2026_production_v1/samples_npz/2025/20250825_1136_HARP13673_NOAA14190.npz,success,2026-06-27T14:32:13.093971+00:00
20250825_1312_HARP13673_NOAA14190,2025_HARP13673_20250825_0812_20250825_1624,2025-08-25 13:12:00,13673,14190,0,saved,"(512, 512, 6)",gs://suryabench-sharp-pipeline-bamidele/jsoc_2025_2026_production_v1/samples_npz/2025/20250825_1312_HARP13673_NOAA14190.npz,success,2026-06-27T14:32:20.255147+00:00
20250825_1448_HARP13673_NOAA14190,2025_HARP13673_20250825_0812_20250825_1624,2025-08-25 14:48:00,13673,14190,0,saved,"(512, 512, 6)",gs://suryabench-sharp-pipeline-bamidele/jsoc_2025_2026_production_v1/samples_npz/2025/20250825_1448_HARP13673_NOAA14190.npz,success,2026-06-27T14:32:27.431120+00:00
20250825_1624_HARP13673_NOAA14190,2025_HARP13673_20250825_0812_20250825_1624,2025-08-25 16:24:00,13673,14190,0,saved,"(512, 512, 6)",gs://suryabench-sharp-pipeline-bamidele/jsoc_2025_2026_production_v1/samples_npz/2025/20250825_1624_HARP13673_NOAA14190.npz,success,2026-06-27T14:32:34.735225+00:00
20250826_1924_HARP13694_NOAA14194,2025_HARP13694_20250826_1924_20250827_1748,2025-08-26 19:24:00,13694,14194,0,saved,"(512, 512, 6)",gs://suryabench-sharp-pipeline-bamidele/jsoc_2025_2026_production_v1/samples_npz/2025/20250826_1924_HARP13694_NOAA14194.npz,success,2026-06-27T14:50:52.628530+00:00
20250826_2100_HARP13694_NOAA14194,2025_HARP13694_20250826_1924_20250827_1748,2025-08-26 21:00:00,13694,14194,0,saved,"(512, 512, 6)",gs://suryabench-sharp-pipeline-bamidele/jsoc_2025_2026_production_v1/samples_npz/2025/20250826_2100_HARP13694_NOAA14194.npz,success,2026-06-27T14:50:59.694816+00:00
20250826_2236_HARP13694_NOAA14194,2025_HARP13694_20250826_1924_20250827_1748,2025-08-26 22:36:00,13694,14194,0,saved,"(512, 512, 6)",gs://suryabench-sharp-pipeline-bamidele/jsoc_2025_2026_production_v1/samples_npz/2025/20250826_2236_HARP13694_NOAA14194.npz,success,2026-06-27T14:51:06.660188+00:00
20250827_0012_HARP13694_NOAA14194,2025_HARP13694_20250826_1924_20250827_1748,2025-08-27 00:12:00,13694,14194,0,saved,"(512, 512, 6)",gs://suryabench-sharp-pipeline-bamidele/jsoc_2025_2026_production_v1/samples_npz/2025/20250827_0012_HARP13694_NOAA14194.npz,success,2026-06-27T14:51:13.768020+00:00
20250827_0148_HARP13694_NOAA14194,2025_HARP13694_20250826_1924_20250827_1748,2025-08-27 01:48:00,13694,14194,0,saved,"(512, 512, 6)",gs://suryabench-sharp-pipeline-bamidele/jsoc_2025_2026_production_v1/samples_npz/2025/20250827_0148_HARP13694_NOAA14194.npz,success,2026-06-27T14:51:20.922309+00:00
20250827_0324_HARP13694_NOAA14194,2025_HARP13694_20250826_1924_20250827_1748,2025-08-27 03:24:00,13694,14194,0,saved,"(512, 512, 6)",gs://suryabench-sharp-pipeline-bamidele/jsoc_2025_2026_production_v1/samples_npz/2025/20250827_0324_HARP13694_NOAA14194.npz,success,2026-06-27T14:51:27.983063+00:00
20250827_0500_HARP13694_NOAA14194,2025_HARP13694_20250826_1924_20250827_1748,2025-08-27 05:00:00,13694,14194,0,saved,"(512, 512, 6)",gs://suryabench-sharp-pipeline-bamidele/jsoc_2025_2026_production_v1/samples_npz/2025/20250827_0500_HARP13694_NOAA14194.npz,success,2026-06-27T14:51:35.004509+00:00
20250827_0636_HARP13694_NOAA14194,2025_HARP13694_20250826_1924_20250827_1748,2025-08-27 06:36:00,13694,14194,0,saved,"(512, 512, 6)",gs://suryabench-sharp-pipeline-bamidele/jsoc_2025_2026_production_v1/samples_npz/2025/20250827_0636_HARP13694_NOAA14194.npz,success,2026-06-27T14:51:42.777008+00:00
20250827_0812_HARP13694_NOAA14194,2025_HARP13694_20250826_1924_20250827_1748,2025-08-27 08:12:00,13694,14194,0,saved,"(512, 512, 6)",gs://suryabench-sharp-pipeline-bamidele/jsoc_2025_2026_production_v1/samples_npz/2025/20250827_0812_HARP13694_NOAA14194.npz,success,2026-06-27T14:51:49.782770+00:00
20250827_0948_HARP13694_NOAA14194,2025_HARP13694_20250826_1924_20250827_1748,2025-08-27 09:48:00,13694,14194,0,saved,"(512, 512, 6)",gs://suryabench-sharp-pipeline-bamidele/jsoc_2025_2026_production_v1/samples_npz/2025/20250827_0948_HARP13694_NOAA14194.npz,success,2026-06-27T14:51:56.629423+00:00
20250827_1124_HARP13694_NOAA14194,2025_HARP13694_20250826_1924_20250827_1748,2025-08-27 11:24:00,13694,14194,0,saved,"(512, 512, 6)",gs://suryabench-sharp-pipeline-bamidele/jsoc_2025_2026_production_v1/samples_npz/2025/20250827_1124_HARP13694_NOAA14194.npz,success,2026-06-27T14:52:03.627579+00:00
20250827_1300_HARP13694_NOAA14194,2025_HARP13694_20250826_1924_20250827_1748,2025-08-27 13:00:00,13694,14194,0,saved,"(512, 512, 6)",gs://suryabench-sharp-pipeline-bamidele/jsoc_2025_2026_production_v1/samples_npz/2025/20250827_1300_HARP13694_NOAA14194.npz,success,2026-06-27T14:52:10.665593+00:00
20250827_1436_HARP13694_NOAA14194,2025_HARP13694_20250826_1924_20250827_1748,2025-08-27 14:36:00,13694,14194,0,saved,"(512, 512, 6)",gs://suryabench-sharp-pipeline-bamidele/jsoc_2025_2026_production_v1/samples_npz/2025/20250827_1436_HARP13694_NOAA14194.npz,success,2026-06-27T14:52:17.782784+00:00
20250827_1612_HARP13694_NOAA14194,2025_HARP13694_20250826_1924_20250827_1748,2025-08-27 16:12:00,13694,14194,0,saved,"(512, 512, 6)",gs://suryabench-sharp-pipeline-bamidele/jsoc_2025_2026_production_v1/samples_npz/2025/20250827_1612_HARP13694_NOAA14194.npz,success,2026-06-27T14:52:24.878045+00:00
20250827_1748_HARP13694_NOAA14194,2025_HARP13694_20250826_1924_20250827_1748,2025-08-27 17:48:00,13694,14194,0,saved,"(512, 512, 6)",gs://suryabench-sharp-pipeline-bamidele/jsoc_2025_2026_production_v1/samples_npz/2025/20250827_1748_HARP13694_NOAA14194.npz,success,2026-06-27T14:52:31.961549+00:00
20250827_1948_HARP13694_NOAA14194,2025_HARP13694_20250827_1948_20250828_0524,2025-08-27 19:48:00,13694,14194,0,saved,"(512, 512, 6)",gs://suryabench-sharp-pipeline-bamidele/jsoc_2025_2026_production_v1/samples_npz/2025/20250827_1948_HARP13694_NOAA14194.npz,success,2026-06-27T15:01:29.288291+00:00
20250827_2124_HARP13694_NOAA14194,2025_HARP13694_20250827_1948_20250828_0524,2025-08-27 21:24:00,13694,14194,0,saved,"(512, 512, 6)",gs://suryabench-sharp-pipeline-bamidele/jsoc_2025_2026_production_v1/samples_npz/2025/20250827_2124_HARP13694_NOAA14194.npz,success,2026-06-27T15:01:36.252415+00:00
20250827_2300_HARP13694_NOAA14194,2025_HARP13694_20250827_1948_20250828_0524,2025-08-27 23:00:00,13694,14194,0,saved,"(512, 512, 6)",gs://suryabench-sharp-pipeline-bamidele/jsoc_2025_2026_production_v1/samples_npz/2025/20250827_2300_HARP13694_NOAA14194.npz,success,2026-06-27T15:01:43.275895+00:00
20250828_0036_HARP13694_NOAA14194,2025_HARP13694_20250827_1948_20250828_0524,2025-08-28 00:36:00,13694,14194,0,saved,"(512, 512, 6)",gs://suryabench-sharp-pipeline-bamidele/jsoc_2025_2026_production_v1/samples_npz/2025/20250828_0036_HARP13694_NOAA14194.npz,success,2026-06-27T15:01:50.474074+00:00
20250828_0212_HARP13694_NOAA14194,2025_HARP13694_20250827_1948_20250828_0524,2025-08-28 02:12:00,13694,14194,0,saved,"(512, 512, 6)",gs://suryabench-sharp-pipeline-bamidele/jsoc_2025_2026_production_v1/samples_npz/2025/20250828_0212_HARP13694_NOAA14194.npz,success,2026-06-27T15:01:57.465615+00:00
20250828_0348_HARP13694_NOAA14194,2025_HARP13694_20250827_1948_20250828_0524,2025-08-28 03:48:00,13694,14194,0,saved,"(512, 512, 6)",gs://suryabench-sharp-pipeline-bamidele/jsoc_2025_2026_production_v1/samples_npz/2025/20250828_0348_HARP13694_NOAA14194.npz,success,2026-06-27T15:02:04.934170+00:00
20250828_0524_HARP13694_NOAA14194,2025_HARP13694_20250827_1948_20250828_0524,2025-08-28 05:24:00,13694,14194,0,saved,"(512, 512, 6)",gs://suryabench-sharp-pipeline-bamidele/jsoc_2025_2026_production_v1/samples_npz/2025/20250828_0524_HARP13694_NOAA14194.npz,success,2026-06-27T15:02:12.051577+00:00
20250829_0300_HARP13691_NOAA14195,2025_HARP13691_20250829_0300_20250829_0612,2025-08-29 03:00:00,13691,14195,0,saved,"(512, 512, 6)",gs://suryabench-sharp-pipeline-bamidele/jsoc_2025_2026_production_v1/samples_npz/2025/20250829_0300_HARP13691_NOAA14195.npz,success,2026-06-27T15:11:11.440067+00:00
20250829_0436_HARP13691_NOAA14195,2025_HARP13691_20250829_0300_20250829_0612,2025-08-29 04:36:00,13691,14195,0,saved,"(512, 512, 6)",gs://suryabench-sharp-pipeline-bamidele/jsoc_2025_2026_production_v1/samples_npz/2025/20250829_0436_HARP13691_NOAA14195.npz,success,2026-06-27T15:11:19.874853+00:00
20250829_0612_HARP13691_NOAA14195,2025_HARP13691_20250829_0300_20250829_0612,2025-08-29 06:12:00,13691,14195,0,saved,"(512, 512, 6)",gs://suryabench-sharp-pipeline-bamidele/jsoc_2025_2026_production_v1/samples_npz/2025/20250829_0612_HARP13691_NOAA14195.npz,success,2026-06-27T15:11:28.229615+00:00
20250829_1936_HARP13708_NOAA14199,2025_HARP13708_20250829_1936_20250830_1624,2025-08-29 19:36:00,13708,14199,1,saved,"(512, 512, 6)",gs://suryabench-sharp-pipeline-bamidele/jsoc_2025_2026_production_v1/samples_npz/2025/20250829_1936_HARP13708_NOAA14199.npz,success,2026-06-27T15:23:14.123058+00:00
20250829_2112_HARP13708_NOAA14199,2025_HARP13708_20250829_1936_20250830_1624,2025-08-29 21:12:00,13708,14199,1,saved,"(512, 512, 6)",gs://suryabench-sharp-pipeline-bamidele/jsoc_2025_2026_production_v1/samples_npz/2025/20250829_2112_HARP13708_NOAA14199.npz,success,2026-06-27T15:23:22.000107+00:00
20250829_2248_HARP13708_NOAA14199,2025_HARP13708_20250829_1936_20250830_1624,2025-08-29 22:48:00,13708,14199,1,saved,"(512, 512, 6)",gs://suryabench-sharp-pipeline-bamidele/jsoc_2025_2026_production_v1/samples_npz/2025/20250829_2248_HARP13708_NOAA14199.npz,success,2026-06-27T15:23:29.522250+00:00
20250830_0024_HARP13708_NOAA14199,2025_HARP13708_20250829_1936_20250830_1624,2025-08-30 00:24:00,13708,14199,1,saved,"(512, 512, 6)",gs://suryabench-sharp-pipeline-bamidele/jsoc_2025_2026_production_v1/samples_npz/2025/20250830_0024_HARP13708_NOAA14199.npz,success,2026-06-27T15:23:36.945628+00:00
20250830_0200_HARP13708_NOAA14199,2025_HARP13708_20250829_1936_20250830_1624,2025-08-30 02:00:00,13708,14199,1,saved,"(512, 512, 6)",gs://suryabench-sharp-pipeline-bamidele/jsoc_2025_2026_production_v1/samples_npz/2025/20250830_0200_HARP13708_NOAA14199.npz,success,2026-06-27T15:23:44.398768+00:00
20250830_0336_HARP13708_NOAA14199,2025_HARP13708_20250829_1936_20250830_1624,2025-08-30 03:36:00,13708,14199,1,saved,"(512, 512, 6)",gs://suryabench-sharp-pipeline-bamidele/jsoc_2025_2026_production_v1/samples_npz/2025/20250830_0336_HARP13708_NOAA14199.npz,success,2026-06-27T15:23:51.849461+00:00
20250830_0512_HARP13708_NOAA14199,2025_HARP13708_20250829_1936_20250830_1624,2025-08-30 05:12:00,13708,14199,1,saved,"(512, 512, 6)",gs://suryabench-sharp-pipeline-bamidele/jsoc_2025_2026_production_v1/samples_npz/2025/20250830_0512_HARP13708_NOAA14199.npz,success,2026-06-27T15:23:59.080421+00:00
20250830_0648_HARP13708_NOAA14199,2025_HARP13708_20250829_1936_20250830_1624,2025-08-30 06:48:00,13708,14199,1,saved,"(512, 512, 6)",gs://suryabench-sharp-pipeline-bamidele/jsoc_2025_2026_production_v1/samples_npz/2025/20250830_0648_HARP13708_NOAA14199.npz,success,2026-06-27T15:24:06.493900+00:00
20250830_0824_HARP13708_NOAA14199,2025_HARP13708_20250829_1936_20250830_1624,2025-08-30 08:24:00,13708,14199,1,saved,"(512, 512, 6)",gs://suryabench-sharp-pipeline-bamidele/jsoc_2025_2026_production_v1/samples_npz/2025/20250830_0824_HARP13708_NOAA14199.npz,success,2026-06-27T15:24:13.952862+00:00
20250830_1000_HARP13708_NOAA14199,2025_HARP13708_20250829_1936_20250830_1624,2025-08-30 10:00:00,13708,14199,1,saved,"(512, 512, 6)",gs://suryabench-sharp-pipeline-bamidele/jsoc_2025_2026_production_v1/samples_npz/2025/20250830_1000_HARP13708_NOAA14199.npz,success,2026-06-27T15:24:21.646784+00:00
20250830_1136_HARP13708_NOAA14199,2025_HARP13708_20250829_1936_20250830_1624,2025-08-30 11:36:00,13708,14199,1,saved,"(512, 512, 6)",gs://suryabench-sharp-pipeline-bamidele/jsoc_2025_2026_production_v1/samples_npz/2025/20250830_1136_HARP13708_NOAA14199.npz,success,2026-06-27T15:24:29.381949+00:00
20250830_1312_HARP13708_NOAA14199,2025_HARP13708_20250829_1936_20250830_1624,2025-08-30 13:12:00,13708,14199,1,saved,"(512, 512, 6)",gs://suryabench-sharp-pipeline-bamidele/jsoc_2025_2026_production_v1/samples_npz/2025/20250830_1312_HARP13708_NOAA14199.npz,success,2026-06-27T15:24:36.955233+00:00
20250830_1448_HARP13708_NOAA14199,2025_HARP13708_20250829_1936_20250830_1624,2025-08-30 14:48:00,13708,14199,1,saved,"(512, 512, 6)",gs://suryabench-sharp-pipeline-bamidele/jsoc_2025_2026_production_v1/samples_npz/2025/20250830_1448_HARP13708_NOAA14199.npz,success,2026-06-27T15:24:44.535601+00:00
20250830_1624_HARP13708_NOAA14199,2025_HARP13708_20250829_1936_20250830_1624,2025-08-30 16:24:00,13708,14199,1,saved,"(512, 512, 6)",gs://suryabench-sharp-pipeline-bamidele/jsoc_2025_2026_production_v1/samples_npz/2025/20250830_1624_HARP13708_NOAA14199.npz,success,2026-06-27T15:24:51.987189+00:00
20250831_1848_HARP13708_NOAA14199,2025_HARP13708_20250831_1848_20250901_0424,2025-08-31 18:48:00,13708,14199,0,saved,"(512, 512, 6)",gs://suryabench-sharp-pipeline-bamidele/jsoc_2025_2026_production_v1/samples_npz/2025/20250831_1848_HARP13708_NOAA14199.npz,success,2026-06-27T15:34:40.544847+00:00
20250831_2024_HARP13708_NOAA14199,2025_HARP13708_20250831_1848_20250901_0424,2025-08-31 20:24:00,13708,14199,0,saved,"(512, 512, 6)",gs://suryabench-sharp-pipeline-bamidele/jsoc_2025_2026_production_v1/samples_npz/2025/20250831_2024_HARP13708_NOAA14199.npz,success,2026-06-27T15:34:48.232606+00:00
20250831_2200_HARP13708_NOAA14199,2025_HARP13708_20250831_1848_20250901_0424,2025-08-31 22:00:00,13708,14199,0,saved,"(512, 512, 6)",gs://suryabench-sharp-pipeline-bamidele/jsoc_2025_2026_production_v1/samples_npz/2025/20250831_2200_HARP13708_NOAA14199.npz,success,2026-06-27T15:34:55.777326+00:00
20250831_2336_HARP13708_NOAA14199,2025_HARP13708_20250831_1848_20250901_0424,2025-08-31 23:36:00,13708,14199,0,saved,"(512, 512, 6)",gs://suryabench-sharp-pipeline-bamidele/jsoc_2025_2026_production_v1/samples_npz/2025/20250831_2336_HARP13708_NOAA14199.npz,success,2026-06-27T15:35:03.049856+00:00
20250901_0112_HARP13708_NOAA14199,2025_HARP13708_20250831_1848_20250901_0424,2025-09-01 01:12:00,13708,14199,0,saved,"(512, 512, 6)",gs://suryabench-sharp-pipeline-bamidele/jsoc_2025_2026_production_v1/samples_npz/2025/20250901_0112_HARP13708_NOAA14199.npz,success,2026-06-27T15:35:10.389755+00:00
20250901_0248_HARP13708_NOAA14199,2025_HARP13708_20250831_1848_20250901_0424,2025-09-01 02:48:00,13708,14199,0,saved,"(512, 512, 6)",gs://suryabench-sharp-pipeline-bamidele/jsoc_2025_2026_production_v1/samples_npz/2025/20250901_0248_HARP13708_NOAA14199.npz,success,2026-06-27T15:35:17.953137+00:00
20250901_0424_HARP13708_NOAA14199,2025_HARP13708_20250831_1848_20250901_0424,2025-09-01 04:24:00,13708,14199,0,saved,"(512, 512, 6)",gs://suryabench-sharp-pipeline-bamidele/jsoc_2025_2026_production_v1/samples_npz/2025/20250901_0424_HARP13708_NOAA14199.npz,success,2026-06-27T15:35:25.377308+00:00
20250902_0100_HARP13723_NOAA14206,2025_HARP13723_20250902_0100_20250902_2324,2025-09-02 01:00:00,13723,14206,0,saved,"(512, 512, 6)",gs://suryabench-sharp-pipeline-bamidele/jsoc_2025_2026_production_v1/samples_npz/2025/20250902_0100_HARP13723_NOAA14206.npz,success,2026-06-27T15:45:39.981001+00:00
20250902_0236_HARP13723_NOAA14206,2025_HARP13723_20250902_0100_20250902_2324,2025-09-02 02:36:00,13723,14206,0,saved,"(512, 512, 6)",gs://suryabench-sharp-pipeline-bamidele/jsoc_2025_2026_production_v1/samples_npz/2025/20250902_0236_HARP13723_NOAA14206.npz,success,2026-06-27T15:45:47.388411+00:00
20250902_0412_HARP13723_NOAA14206,2025_HARP13723_20250902_0100_20250902_2324,2025-09-02 04:12:00,13723,14206,0,saved,"(512, 512, 6)",gs://suryabench-sharp-pipeline-bamidele/jsoc_2025_2026_production_v1/samples_npz/2025/20250902_0412_HARP13723_NOAA14206.npz,success,2026-06-27T15:45:55.142413+00:00
20250902_0548_HARP13723_NOAA14206,2025_HARP13723_20250902_0100_20250902_2324,2025-09-02 05:48:00,13723,14206,0,saved,"(512, 512, 6)",gs://suryabench-sharp-pipeline-bamidele/jsoc_2025_2026_production_v1/samples_npz/2025/20250902_0548_HARP13723_NOAA14206.npz,success,2026-06-27T15:46:02.710561+00:00
20250902_0724_HARP13723_NOAA14206,2025_HARP13723_20250902_0100_20250902_2324,2025-09-02 07:24:00,13723,14206,0,saved,"(512, 512, 6)",gs://suryabench-sharp-pipeline-bamidele/jsoc_2025_2026_production_v1/samples_npz/2025/20250902_0724_HARP13723_NOAA14206.npz,success,2026-06-27T15:46:09.994117+00:00
20250902_0900_HARP13723_NOAA14206,2025_HARP13723_20250902_0100_20250902_2324,2025-09-02 09:00:00,13723,14206,0,saved,"(512, 512, 6)",gs://suryabench-sharp-pipeline-bamidele/jsoc_2025_2026_production_v1/samples_npz/2025/20250902_0900_HARP13723_NOAA14206.npz,success,2026-06-27T15:46:17.491261+00:00
20250902_1036_HARP13723_NOAA14206,2025_HARP13723_20250902_0100_20250902_2324,2025-09-02 10:36:00,13723,14206,0,saved,"(512, 512, 6)",gs://suryabench-sharp-pipeline-bamidele/jsoc_2025_2026_production_v1/samples_npz/2025/20250902_1036_HARP13723_NOAA14206.npz,success,2026-06-27T15:46:25.500002+00:00
20250902_1212_HARP13723_NOAA14206,2025_HARP13723_20250902_0100_20250902_2324,2025-09-02 12:12:00,13723,14206,0,saved,"(512, 512, 6)",gs://suryabench-sharp-pipeline-bamidele/jsoc_2025_2026_production_v1/samples_npz/2025/20250902_1212_HARP13723_NOAA14206.npz,success,2026-06-27T15:46:33.601351+00:00
20250902_1348_HARP13723_NOAA14206,2025_HARP13723_20250902_0100_20250902_2324,2025-09-02 13:48:00,13723,14206,0,saved,"(512, 512, 6)",gs://suryabench-sharp-pipeline-bamidele/jsoc_2025_2026_production_v1/samples_npz/2025/20250902_1348_HARP13723_NOAA14206.npz,success,2026-06-27T15:46:40.687328+00:00
20250902_1524_HARP13723_NOAA14206,2025_HARP13723_20250902_0100_20250902_2324,2025-09-02 15:24:00,13723,14206,0,saved,"(512, 512, 6)",gs://suryabench-sharp-pipeline-bamidele/jsoc_2025_2026_production_v1/samples_npz/2025/20250902_1524_HARP13723_NOAA14206.npz,success,2026-06-27T15:46:47.800475+00:00
20250902_1700_HARP13723_NOAA14206,2025_HARP13723_20250902_0100_20250902_2324,2025-09-02 17:00:00,13723,14206,0,saved,"(512, 512, 6)",gs://suryabench-sharp-pipeline-bamidele/jsoc_2025_2026_production_v1/samples_npz/2025/20250902_1700_HARP13723_NOAA14206.npz,success,2026-06-27T15:46:54.902627+00:00
20250902_1836_HARP13723_NOAA14206,2025_HARP13723_20250902_0100_20250902_2324,2025-09-02 18:36:00,13723,14206,0,saved,"(512, 512, 6)",gs://suryabench-sharp-pipeline-bamidele/jsoc_2025_2026_production_v1/samples_npz/2025/20250902_1836_HARP13723_NOAA14206.npz,success,2026-06-27T15:47:01.969222+00:00
20250902_2012_HARP13723_NOAA14206,2025_HARP13723_20250902_0100_20250902_2324,2025-09-02 20:12:00,13723,14206,0,saved,"(512, 512, 6)",gs://suryabench-sharp-pipeline-bamidele/jsoc_2025_2026_production_v1/samples_npz/2025/20250902_2012_HARP13723_NOAA14206.npz,success,2026-06-27T15:47:09.128861+00:00
20250902_2148_HARP13723_NOAA14206,2025_HARP13723_20250902_0100_20250902_2324,2025-09-02 21:48:00,13723,14206,0,saved,"(512, 512, 6)",gs://suryabench-sharp-pipeline-bamidele/jsoc_2025_2026_production_v1/samples_npz/2025/20250902_2148_HARP13723_NOAA14206.npz,success,2026-06-27T15:47:16.509344+00:00
20250902_2324_HARP13723_NOAA14206,2025_HARP13723_20250902_0100_20250902_2324,2025-09-02 23:24:00,13723,14206,0,saved,"(512, 512, 6)",gs://suryabench-sharp-pipeline-bamidele/jsoc_2025_2026_production_v1/samples_npz/2025/20250902_2324_HARP13723_NOAA14206.npz,success,2026-06-27T15:47:23.772042+00:00
20250903_0100_HARP13723_NOAA14206,2025_HARP13723_20250903_0100_20250903_2336,2025-09-03 01:00:00,13723,14206,0,saved,"(512, 512, 6)",gs://suryabench-sharp-pipeline-bamidele/jsoc_2025_2026_production_v1/samples_npz/2025/20250903_0100_HARP13723_NOAA14206.npz,success,2026-06-27T16:06:05.063037+00:00
20250903_0236_HARP13723_NOAA14206,2025_HARP13723_20250903_0100_20250903_2336,2025-09-03 02:36:00,13723,14206,0,saved,"(512, 512, 6)",gs://suryabench-sharp-pipeline-bamidele/jsoc_2025_2026_production_v1/samples_npz/2025/20250903_0236_HARP13723_NOAA14206.npz,success,2026-06-27T16:06:14.089818+00:00
20250903_0412_HARP13723_NOAA14206,2025_HARP13723_20250903_0100_20250903_2336,2025-09-03 04:12:00,13723,14206,0,saved,"(512, 512, 6)",gs://suryabench-sharp-pipeline-bamidele/jsoc_2025_2026_production_v1/samples_npz/2025/20250903_0412_HARP13723_NOAA14206.npz,success,2026-06-27T16:06:25.056100+00:00
20250903_0548_HARP13723_NOAA14206,2025_HARP13723_20250903_0100_20250903_2336,2025-09-03 05:48:00,13723,14206,0,saved,"(512, 512, 6)",gs://suryabench-sharp-pipeline-bamidele/jsoc_2025_2026_production_v1/samples_npz/2025/20250903_0548_HARP13723_NOAA14206.npz,success,2026-06-27T16:06:33.303006+00:00
20250903_0724_HARP13723_NOAA14206,2025_HARP13723_20250903_0100_20250903_2336,2025-09-03 07:24:00,13723,14206,0,saved,"(512, 512, 6)",gs://suryabench-sharp-pipeline-bamidele/jsoc_2025_2026_production_v1/samples_npz/2025/20250903_0724_HARP13723_NOAA14206.npz,success,2026-06-27T16:06:41.885819+00:00
20250903_0900_HARP13723_NOAA14206,2025_HARP13723_20250903_0100_20250903_2336,2025-09-03 09:00:00,13723,14206,0,saved,"(512, 512, 6)",gs://suryabench-sharp-pipeline-bamidele/jsoc_2025_2026_production_v1/samples_npz/2025/20250903_0900_HARP13723_NOAA14206.npz,success,2026-06-27T16:06:49.445256+00:00
20250903_1036_HARP13723_NOAA14206,2025_HARP13723_20250903_0100_20250903_2336,2025-09-03 10:36:00,13723,14206,0,saved,"(512, 512, 6)",gs://suryabench-sharp-pipeline-bamidele/jsoc_2025_2026_production_v1/samples_npz/2025/20250903_1036_HARP13723_NOAA14206.npz,success,2026-06-27T16:06:57.162848+00:00
20250903_1212_HARP13723_NOAA14206,2025_HARP13723_20250903_0100_20250903_2336,2025-09-03 12:12:00,13723,14206,0,saved,"(512, 512, 6)",gs://suryabench-sharp-pipeline-bamidele/jsoc_2025_2026_production_v1/samples_npz/2025/20250903_1212_HARP13723_NOAA14206.npz,success,2026-06-27T16:07:04.717477+00:00
20250903_1348_HARP13723_NOAA14206,2025_HARP13723_20250903_0100_20250903_2336,2025-09-03 13:48:00,13723,14206,0,saved,"(512, 512, 6)",gs://suryabench-sharp-pipeline-bamidele/jsoc_2025_2026_production_v1/samples_npz/2025/20250903_1348_HARP13723_NOAA14206.npz,success,2026-06-27T16:07:12.017743+00:00
20250903_1524_HARP13723_NOAA14206,2025_HARP13723_20250903_0100_20250903_2336,2025-09-03 15:24:00,13723,14206,0,saved,"(512, 512, 6)",gs://suryabench-sharp-pipeline-bamidele/jsoc_2025_2026_production_v1/samples_npz/2025/20250903_1524_HARP13723_NOAA14206.npz,success,2026-06-27T16:07:19.751264+00:00
20250903_1700_HARP13723_NOAA14206,2025_HARP13723_20250903_0100_20250903_2336,2025-09-03 17:00:00,13723,14206,0,saved,"(512, 512, 6)",gs://suryabench-sharp-pipeline-bamidele/jsoc_2025_2026_production_v1/samples_npz/2025/20250903_1700_HARP13723_NOAA14206.npz,success,2026-06-27T16:07:27.144640+00:00
20250903_1836_HARP13723_NOAA14206,2025_HARP13723_20250903_0100_20250903_2336,2025-09-03 18:36:00,13723,14206,0,saved,"(512, 512, 6)",gs://suryabench-sharp-pipeline-bamidele/jsoc_2025_2026_production_v1/samples_npz/2025/20250903_1836_HARP13723_NOAA14206.npz,success,2026-06-27T16:07:34.436928+00:00
20250903_2024_HARP13723_NOAA14206,2025_HARP13723_20250903_0100_20250903_2336,2025-09-03 20:24:00,13723,14206,0,saved,"(512, 512, 6)",gs://suryabench-sharp-pipeline-bamidele/jsoc_2025_2026_production_v1/samples_npz/2025/20250903_2024_HARP13723_NOAA14206.npz,success,2026-06-27T16:07:41.651126+00:00
20250903_2200_HARP13723_NOAA14206,2025_HARP13723_20250903_0100_20250903_2336,2025-09-03 22:00:00,13723,14206,0,saved,"(512, 512, 6)",gs://suryabench-sharp-pipeline-bamidele/jsoc_2025_2026_production_v1/samples_npz/2025/20250903_2200_HARP13723_NOAA14206.npz,success,2026-06-27T16:07:48.818497+00:00
20250903_2336_HARP13723_NOAA14206,2025_HARP13723_20250903_0100_20250903_2336,2025-09-03 23:36:00,13723,14206,0,saved,"(512, 512, 6)",gs://suryabench-sharp-pipeline-bamidele/jsoc_2025_2026_production_v1/samples_npz/2025/20250903_2336_HARP13723_NOAA14206.npz,success,2026-06-27T16:07:56.055742+00:00
20250904_0424_HARP13730_NOAA14210,2025_HARP13730_20250904_0424_20250904_0424,2025-09-04 04:24:00,13730,14210,0,saved,"(512, 512, 6)",gs://suryabench-sharp-pipeline-bamidele/jsoc_2025_2026_production_v1/samples_npz/2025/20250904_0424_HARP13730_NOAA14210.npz,success,2026-06-27T16:15:10.986010+00:00
20250904_2324_HARP13722_NOAA14205,2025_HARP13722_20250904_2324_20250905_2148,2025-09-04 23:24:00,13722,14205,0,saved,"(512, 512, 6)",gs://suryabench-sharp-pipeline-bamidele/jsoc_2025_2026_production_v1/samples_npz/2025/20250904_2324_HARP13722_NOAA14205.npz,success,2026-06-27T16:26:01.429645+00:00
20250905_0100_HARP13722_NOAA14205,2025_HARP13722_20250904_2324_20250905_2148,2025-09-05 01:00:00,13722,14205,0,saved,"(512, 512, 6)",gs://suryabench-sharp-pipeline-bamidele/jsoc_2025_2026_production_v1/samples_npz/2025/20250905_0100_HARP13722_NOAA14205.npz,success,2026-06-27T16:26:08.615062+00:00
20250905_0236_HARP13722_NOAA14205,2025_HARP13722_20250904_2324_20250905_2148,2025-09-05 02:36:00,13722,14205,0,saved,"(512, 512, 6)",gs://suryabench-sharp-pipeline-bamidele/jsoc_2025_2026_production_v1/samples_npz/2025/20250905_0236_HARP13722_NOAA14205.npz,success,2026-06-27T16:26:15.639547+00:00
20250905_0412_HARP13722_NOAA14205,2025_HARP13722_20250904_2324_20250905_2148,2025-09-05 04:12:00,13722,14205,0,saved,"(512, 512, 6)",gs://suryabench-sharp-pipeline-bamidele/jsoc_2025_2026_production_v1/samples_npz/2025/20250905_0412_HARP13722_NOAA14205.npz,success,2026-06-27T16:26:22.908458+00:00
20250905_0548_HARP13722_NOAA14205,2025_HARP13722_20250904_2324_20250905_2148,2025-09-05 05:48:00,13722,14205,0,saved,"(512, 512, 6)",gs://suryabench-sharp-pipeline-bamidele/jsoc_2025_2026_production_v1/samples_npz/2025/20250905_0548_HARP13722_NOAA14205.npz,success,2026-06-27T16:26:29.968407+00:00
20250905_0724_HARP13722_NOAA14205,2025_HARP13722_20250904_2324_20250905_2148,2025-09-05 07:24:00,13722,14205,0,saved,"(512, 512, 6)",gs://suryabench-sharp-pipeline-bamidele/jsoc_2025_2026_production_v1/samples_npz/2025/20250905_0724_HARP13722_NOAA14205.npz,success,2026-06-27T16:26:37.047026+00:00
20250905_0900_HARP13722_NOAA14205,2025_HARP13722_20250904_2324_20250905_2148,2025-09-05 09:00:00,13722,14205,0,saved,"(512, 512, 6)",gs://suryabench-sharp-pipeline-bamidele/jsoc_2025_2026_production_v1/samples_npz/2025/20250905_0900_HARP13722_NOAA14205.npz,success,2026-06-27T16:26:44.231498+00:00
20250905_1036_HARP13722_NOAA14205,2025_HARP13722_20250904_2324_20250905_2148,2025-09-05 10:36:00,13722,14205,0,saved,"(512, 512, 6)",gs://suryabench-sharp-pipeline-bamidele/jsoc_2025_2026_production_v1/samples_npz/2025/20250905_1036_HARP13722_NOAA14205.npz,success,2026-06-27T16:26:52.849440+00:00
20250905_1212_HARP13722_NOAA14205,2025_HARP13722_20250904_2324_20250905_2148,2025-09-05 12:12:00,13722,14205,0,saved,"(512, 512, 6)",gs://suryabench-sharp-pipeline-bamidele/jsoc_2025_2026_production_v1/samples_npz/2025/20250905_1212_HARP13722_NOAA14205.npz,success,2026-06-27T16:26:59.992975+00:00
20250905_1348_HARP13722_NOAA14205,2025_HARP13722_20250904_2324_20250905_2148,2025-09-05 13:48:00,13722,14205,0,saved,"(512, 512, 6)",gs://suryabench-sharp-pipeline-bamidele/jsoc_2025_2026_production_v1/samples_npz/2025/20250905_1348_HARP13722_NOAA14205.npz,success,2026-06-27T16:27:06.900328+00:00
20250905_1524_HARP13722_NOAA14205,2025_HARP13722_20250904_2324_20250905_2148,2025-09-05 15:24:00,13722,14205,0,saved,"(512, 512, 6)",gs://suryabench-sharp-pipeline-bamidele/jsoc_2025_2026_production_v1/samples_npz/2025/20250905_1524_HARP13722_NOAA14205.npz,success,2026-06-27T16:27:13.982231+00:00
20250905_1700_HARP13722_NOAA14205,2025_HARP13722_20250904_2324_20250905_2148,2025-09-05 17:00:00,13722,14205,0,saved,"(512, 512, 6)",gs://suryabench-sharp-pipeline-bamidele/jsoc_2025_2026_production_v1/samples_npz/2025/20250905_1700_HARP13722_NOAA14205.npz,success,2026-06-27T16:27:21.246974+00:00
20250905_1836_HARP13722_NOAA14205,2025_HARP13722_20250904_2324_20250905_2148,2025-09-05 18:36:00,13722,14205,0,saved,"(512, 512, 6)",gs://suryabench-sharp-pipeline-bamidele/jsoc_2025_2026_production_v1/samples_npz/2025/20250905_1836_HARP13722_NOAA14205.npz,success,2026-06-27T16:27:28.554113+00:00
20250905_2012_HARP13722_NOAA14205,2025_HARP13722_20250904_2324_20250905_2148,2025-09-05 20:12:00,13722,14205,0,saved,"(512, 512, 6)",gs://suryabench-sharp-pipeline-bamidele/jsoc_2025_2026_production_v1/samples_npz/2025/20250905_2012_HARP13722_NOAA14205.npz,success,2026-06-27T16:27:35.775897+00:00
20250905_2148_HARP13722_NOAA14205,2025_HARP13722_20250904_2324_20250905_2148,2025-09-05 21:48:00,13722,14205,0,saved,"(512, 512, 6)",gs://suryabench-sharp-pipeline-bamidele/jsoc_2025_2026_production_v1/samples_npz/2025/20250905_2148_HARP13722_NOAA14205.npz,success,2026-06-27T16:27:42.796366+00:00
20250905_2324_HARP13722_NOAA14205,2025_HARP13722_20250905_2324_20250906_1036,2025-09-05 23:24:00,13722,14205,0,saved,"(512, 512, 6)",gs://suryabench-sharp-pipeline-bamidele/jsoc_2025_2026_production_v1/samples_npz/2025/20250905_2324_HARP13722_NOAA14205.npz,success,2026-06-27T16:37:21.664864+00:00
20250906_0100_HARP13722_NOAA14205,2025_HARP13722_20250905_2324_20250906_1036,2025-09-06 01:00:00,13722,14205,0,saved,"(512, 512, 6)",gs://suryabench-sharp-pipeline-bamidele/jsoc_2025_2026_production_v1/samples_npz/2025/20250906_0100_HARP13722_NOAA14205.npz,success,2026-06-27T16:37:28.798793+00:00
20250906_0236_HARP13722_NOAA14205,2025_HARP13722_20250905_2324_20250906_1036,2025-09-06 02:36:00,13722,14205,0,saved,"(512, 512, 6)",gs://suryabench-sharp-pipeline-bamidele/jsoc_2025_2026_production_v1/samples_npz/2025/20250906_0236_HARP13722_NOAA14205.npz,success,2026-06-27T16:37:35.791692+00:00
20250906_0412_HARP13722_NOAA14205,2025_HARP13722_20250905_2324_20250906_1036,2025-09-06 04:12:00,13722,14205,0,saved,"(512, 512, 6)",gs://suryabench-sharp-pipeline-bamidele/jsoc_2025_2026_production_v1/samples_npz/2025/20250906_0412_HARP13722_NOAA14205.npz,success,2026-06-27T16:37:42.894253+00:00
20250906_0548_HARP13722_NOAA14205,2025_HARP13722_20250905_2324_20250906_1036,2025-09-06 05:48:00,13722,14205,0,saved,"(512, 512, 6)",gs://suryabench-sharp-pipeline-bamidele/jsoc_2025_2026_production_v1/samples_npz/2025/20250906_0548_HARP13722_NOAA14205.npz,success,2026-06-27T16:37:49.967225+00:00
20250906_0724_HARP13722_NOAA14205,2025_HARP13722_20250905_2324_20250906_1036,2025-09-06 07:24:00,13722,14205,0,saved,"(512, 512, 6)",gs://suryabench-sharp-pipeline-bamidele/jsoc_2025_2026_production_v1/samples_npz/2025/20250906_0724_HARP13722_NOAA14205.npz,success,2026-06-27T16:37:56.881559+00:00
20250906_0900_HARP13722_NOAA14205,2025_HARP13722_20250905_2324_20250906_1036,2025-09-06 09:00:00,13722,14205,0,saved,"(512, 512, 6)",gs://suryabench-sharp-pipeline-bamidele/jsoc_2025_2026_production_v1/samples_npz/2025/20250906_0900_HARP13722_NOAA14205.npz,success,2026-06-27T16:38:03.960898+00:00
20250906_1036_HARP13722_NOAA14205,2025_HARP13722_20250905_2324_20250906_1036,2025-09-06 10:36:00,13722,14205,0,saved,"(512, 512, 6)",gs://suryabench-sharp-pipeline-bamidele/jsoc_2025_2026_production_v1/samples_npz/2025/20250906_1036_HARP13722_NOAA14205.npz,success,2026-06-27T16:38:11.082761+00:00
20250906_1336_HARP13747_NOAA14215,2025_HARP13747_20250906_1336_20250907_1236,2025-09-06 13:36:00,13747,14215,0,saved,"(512, 512, 6)",gs://suryabench-sharp-pipeline-bamidele/jsoc_2025_2026_production_v1/samples_npz/2025/20250906_1336_HARP13747_NOAA14215.npz,success,2026-06-27T16:55:48.372743+00:00
20250906_1512_HARP13747_NOAA14215,2025_HARP13747_20250906_1336_20250907_1236,2025-09-06 15:12:00,13747,14215,0,saved,"(512, 512, 6)",gs://suryabench-sharp-pipeline-bamidele/jsoc_2025_2026_production_v1/samples_npz/2025/20250906_1512_HARP13747_NOAA14215.npz,success,2026-06-27T16:55:56.137791+00:00
20250906_1648_HARP13747_NOAA14215,2025_HARP13747_20250906_1336_20250907_1236,2025-09-06 16:48:00,13747,14215,0,saved,"(512, 512, 6)",gs://suryabench-sharp-pipeline-bamidele/jsoc_2025_2026_production_v1/samples_npz/2025/20250906_1648_HARP13747_NOAA14215.npz,success,2026-06-27T16:56:03.526206+00:00
20250906_1824_HARP13747_NOAA14215,2025_HARP13747_20250906_1336_20250907_1236,2025-09-06 18:24:00,13747,14215,0,saved,"(512, 512, 6)",gs://suryabench-sharp-pipeline-bamidele/jsoc_2025_2026_production_v1/samples_npz/2025/20250906_1824_HARP13747_NOAA14215.npz,success,2026-06-27T16:56:10.904505+00:00
20250906_2000_HARP13747_NOAA14215,2025_HARP13747_20250906_1336_20250907_1236,2025-09-06 20:00:00,13747,14215,0,saved,"(512, 512, 6)",gs://suryabench-sharp-pipeline-bamidele/jsoc_2025_2026_production_v1/samples_npz/2025/20250906_2000_HARP13747_NOAA14215.npz,success,2026-06-27T16:56:18.223183+00:00
20250906_2136_HARP13747_NOAA14215,2025_HARP13747_20250906_1336_20250907_1236,2025-09-06 21:36:00,13747,14215,0,saved,"(512, 512, 6)",gs://suryabench-sharp-pipeline-bamidele/jsoc_2025_2026_production_v1/samples_npz/2025/20250906_2136_HARP13747_NOAA14215.npz,success,2026-06-27T16:56:25.698273+00:00
20250906_2312_HARP13747_NOAA14215,2025_HARP13747_20250906_1336_20250907_1236,2025-09-06 23:12:00,13747,14215,0,saved,"(512, 512, 6)",gs://suryabench-sharp-pipeline-bamidele/jsoc_2025_2026_production_v1/samples_npz/2025/20250906_2312_HARP13747_NOAA14215.npz,success,2026-06-27T16:56:33.086110+00:00
20250907_0048_HARP13747_NOAA14215,2025_HARP13747_20250906_1336_20250907_1236,2025-09-07 00:48:00,13747,14215,0,saved,"(512, 512, 6)",gs://suryabench-sharp-pipeline-bamidele/jsoc_2025_2026_production_v1/samples_npz/2025/20250907_0048_HARP13747_NOAA14215.npz,success,2026-06-27T16:56:40.171226+00:00
20250907_0224_HARP13747_NOAA14215,2025_HARP13747_20250906_1336_20250907_1236,2025-09-07 02:24:00,13747,14215,0,saved,"(512, 512, 6)",gs://suryabench-sharp-pipeline-bamidele/jsoc_2025_2026_production_v1/samples_npz/2025/20250907_0224_HARP13747_NOAA14215.npz,success,2026-06-27T16:56:47.164890+00:00
20250907_0400_HARP13747_NOAA14215,2025_HARP13747_20250906_1336_20250907_1236,2025-09-07 04:00:00,13747,14215,0,saved,"(512, 512, 6)",gs://suryabench-sharp-pipeline-bamidele/jsoc_2025_2026_production_v1/samples_npz/2025/20250907_0400_HARP13747_NOAA14215.npz,success,2026-06-27T16:56:54.247625+00:00
20250907_0536_HARP13747_NOAA14215,2025_HARP13747_20250906_1336_20250907_1236,2025-09-07 05:36:00,13747,14215,0,saved,"(512, 512, 6)",gs://suryabench-sharp-pipeline-bamidele/jsoc_2025_2026_production_v1/samples_npz/2025/20250907_0536_HARP13747_NOAA14215.npz,success,2026-06-27T16:57:01.279270+00:00
20250907_0748_HARP13747_NOAA14215,2025_HARP13747_20250906_1336_20250907_1236,2025-09-07 07:48:00,13747,14215,0,saved,"(512, 512, 6)",gs://suryabench-sharp-pipeline-bamidele/jsoc_2025_2026_production_v1/samples_npz/2025/20250907_0748_HARP13747_NOAA14215.npz,success,2026-06-27T16:57:09.842739+00:00
20250907_0924_HARP13747_NOAA14215,2025_HARP13747_20250906_1336_20250907_1236,2025-09-07 09:24:00,13747,14215,0,saved,"(512, 512, 6)",gs://suryabench-sharp-pipeline-bamidele/jsoc_2025_2026_production_v1/samples_npz/2025/20250907_0924_HARP13747_NOAA14215.npz,success,2026-06-27T16:57:16.870728+00:00
20250907_1100_HARP13747_NOAA14215,2025_HARP13747_20250906_1336_20250907_1236,2025-09-07 11:00:00,13747,14215,0,saved,"(512, 512, 6)",gs://suryabench-sharp-pipeline-bamidele/jsoc_2025_2026_production_v1/samples_npz/2025/20250907_1100_HARP13747_NOAA14215.npz,success,2026-06-27T16:57:24.040270+00:00
20250907_1236_HARP13747_NOAA14215,2025_HARP13747_20250906_1336_20250907_1236,2025-09-07 12:36:00,13747,14215,0,saved,"(512, 512, 6)",gs://suryabench-sharp-pipeline-bamidele/jsoc_2025_2026_production_v1/samples_npz/2025/20250907_1236_HARP13747_NOAA14215.npz,success,2026-06-27T16:57:31.220866+00:00
20250907_1412_HARP13747_NOAA14215,2025_HARP13747_20250907_1412_20250908_1236,2025-09-07 14:12:00,13747,14215,0,saved,"(512, 512, 6)",gs://suryabench-sharp-pipeline-bamidele/jsoc_2025_2026_production_v1/samples_npz/2025/20250907_1412_HARP13747_NOAA14215.npz,success,2026-06-27T17:08:25.821902+00:00
20250907_1548_HARP13747_NOAA14215,2025_HARP13747_20250907_1412_20250908_1236,2025-09-07 15:48:00,13747,14215,0,saved,"(512, 512, 6)",gs://suryabench-sharp-pipeline-bamidele/jsoc_2025_2026_production_v1/samples_npz/2025/20250907_1548_HARP13747_NOAA14215.npz,success,2026-06-27T17:08:32.898863+00:00
20250907_1724_HARP13747_NOAA14215,2025_HARP13747_20250907_1412_20250908_1236,2025-09-07 17:24:00,13747,14215,0,saved,"(512, 512, 6)",gs://suryabench-sharp-pipeline-bamidele/jsoc_2025_2026_production_v1/samples_npz/2025/20250907_1724_HARP13747_NOAA14215.npz,success,2026-06-27T17:08:39.940767+00:00
20250907_1900_HARP13747_NOAA14215,2025_HARP13747_20250907_1412_20250908_1236,2025-09-07 19:00:00,13747,14215,0,saved,"(512, 512, 6)",gs://suryabench-sharp-pipeline-bamidele/jsoc_2025_2026_production_v1/samples_npz/2025/20250907_1900_HARP13747_NOAA14215.npz,success,2026-06-27T17:08:47.131758+00:00
20250907_2036_HARP13747_NOAA14215,2025_HARP13747_20250907_1412_20250908_1236,2025-09-07 20:36:00,13747,14215,0,saved,"(512, 512, 6)",gs://suryabench-sharp-pipeline-bamidele/jsoc_2025_2026_production_v1/samples_npz/2025/20250907_2036_HARP13747_NOAA14215.npz,success,2026-06-27T17:08:54.194830+00:00
20250907_2212_HARP13747_NOAA14215,2025_HARP13747_20250907_1412_20250908_1236,2025-09-07 22:12:00,13747,14215,0,saved,"(512, 512, 6)",gs://suryabench-sharp-pipeline-bamidele/jsoc_2025_2026_production_v1/samples_npz/2025/20250907_2212_HARP13747_NOAA14215.npz,success,2026-06-27T17:09:01.279605+00:00
20250907_2348_HARP13747_NOAA14215,2025_HARP13747_20250907_1412_20250908_1236,2025-09-07 23:48:00,13747,14215,0,saved,"(512, 512, 6)",gs://suryabench-sharp-pipeline-bamidele/jsoc_2025_2026_production_v1/samples_npz/2025/20250907_2348_HARP13747_NOAA14215.npz,success,2026-06-27T17:09:09.310145+00:00
20250908_0124_HARP13747_NOAA14215,2025_HARP13747_20250907_1412_20250908_1236,2025-09-08 01:24:00,13747,14215,0,saved,"(512, 512, 6)",gs://suryabench-sharp-pipeline-bamidele/jsoc_2025_2026_production_v1/samples_npz/2025/20250908_0124_HARP13747_NOAA14215.npz,success,2026-06-27T17:09:16.692550+00:00
20250908_0300_HARP13747_NOAA14215,2025_HARP13747_20250907_1412_20250908_1236,2025-09-08 03:00:00,13747,14215,0,saved,"(512, 512, 6)",gs://suryabench-sharp-pipeline-bamidele/jsoc_2025_2026_production_v1/samples_npz/2025/20250908_0300_HARP13747_NOAA14215.npz,success,2026-06-27T17:09:23.952799+00:00
20250908_0436_HARP13747_NOAA14215,2025_HARP13747_20250907_1412_20250908_1236,2025-09-08 04:36:00,13747,14215,0,saved,"(512, 512, 6)",gs://suryabench-sharp-pipeline-bamidele/jsoc_2025_2026_production_v1/samples_npz/2025/20250908_0436_HARP13747_NOAA14215.npz,success,2026-06-27T17:09:31.147104+00:00
20250908_0612_HARP13747_NOAA14215,2025_HARP13747_20250907_1412_20250908_1236,2025-09-08 06:12:00,13747,14215,0,saved,"(512, 512, 6)",gs://suryabench-sharp-pipeline-bamidele/jsoc_2025_2026_production_v1/samples_npz/2025/20250908_0612_HARP13747_NOAA14215.npz,success,2026-06-27T17:09:38.195978+00:00
20250908_0748_HARP13747_NOAA14215,2025_HARP13747_20250907_1412_20250908_1236,2025-09-08 07:48:00,13747,14215,0,saved,"(512, 512, 6)",gs://suryabench-sharp-pipeline-bamidele/jsoc_2025_2026_production_v1/samples_npz/2025/20250908_0748_HARP13747_NOAA14215.npz,success,2026-06-27T17:09:45.190985+00:00
20250908_0924_HARP13747_NOAA14215,2025_HARP13747_20250907_1412_20250908_1236,2025-09-08 09:24:00,13747,14215,0,saved,"(512, 512, 6)",gs://suryabench-sharp-pipeline-bamidele/jsoc_2025_2026_production_v1/samples_npz/2025/20250908_0924_HARP13747_NOAA14215.npz,success,2026-06-27T17:09:52.174403+00:00
20250908_1100_HARP13747_NOAA14215,2025_HARP13747_20250907_1412_20250908_1236,2025-09-08 11:00:00,13747,14215,0,saved,"(512, 512, 6)",gs://suryabench-sharp-pipeline-bamidele/jsoc_2025_2026_production_v1/samples_npz/2025/20250908_1100_HARP13747_NOAA14215.npz,success,2026-06-27T17:09:59.252894+00:00
20250908_1236_HARP13747_NOAA14215,2025_HARP13747_20250907_1412_20250908_1236,2025-09-08 12:36:00,13747,14215,0,saved,"(512, 512, 6)",gs://suryabench-sharp-pipeline-bamidele/jsoc_2025_2026_production_v1/samples_npz/2025/20250908_1236_HARP13747_NOAA14215.npz,success,2026-06-27T17:10:06.538863+00:00
20250908_1412_HARP13747_NOAA14215,2025_HARP13747_20250908_1412_20250909_1236,2025-09-08 14:12:00,13747,14215,0,saved,"(512, 512, 6)",gs://suryabench-sharp-pipeline-bamidele/jsoc_2025_2026_production_v1/samples_npz/2025/20250908_1412_HARP13747_NOAA14215.npz,success,2026-06-27T17:20:38.001744+00:00
20250908_1548_HARP13747_NOAA14215,2025_HARP13747_20250908_1412_20250909_1236,2025-09-08 15:48:00,13747,14215,0,saved,"(512, 512, 6)",gs://suryabench-sharp-pipeline-bamidele/jsoc_2025_2026_production_v1/samples_npz/2025/20250908_1548_HARP13747_NOAA14215.npz,success,2026-06-27T17:20:45.525268+00:00
20250908_1724_HARP13747_NOAA14215,2025_HARP13747_20250908_1412_20250909_1236,2025-09-08 17:24:00,13747,14215,0,saved,"(512, 512, 6)",gs://suryabench-sharp-pipeline-bamidele/jsoc_2025_2026_production_v1/samples_npz/2025/20250908_1724_HARP13747_NOAA14215.npz,success,2026-06-27T17:20:53.129352+00:00
20250908_1900_HARP13747_NOAA14215,2025_HARP13747_20250908_1412_20250909_1236,2025-09-08 19:00:00,13747,14215,0,saved,"(512, 512, 6)",gs://suryabench-sharp-pipeline-bamidele/jsoc_2025_2026_production_v1/samples_npz/2025/20250908_1900_HARP13747_NOAA14215.npz,success,2026-06-27T17:21:00.389703+00:00
20250908_2036_HARP13747_NOAA14215,2025_HARP13747_20250908_1412_20250909_1236,2025-09-08 20:36:00,13747,14215,0,saved,"(512, 512, 6)",gs://suryabench-sharp-pipeline-bamidele/jsoc_2025_2026_production_v1/samples_npz/2025/20250908_2036_HARP13747_NOAA14215.npz,success,2026-06-27T17:21:07.610486+00:00
20250908_2212_HARP13747_NOAA14215,2025_HARP13747_20250908_1412_20250909_1236,2025-09-08 22:12:00,13747,14215,0,saved,"(512, 512, 6)",gs://suryabench-sharp-pipeline-bamidele/jsoc_2025_2026_production_v1/samples_npz/2025/20250908_2212_HARP13747_NOAA14215.npz,success,2026-06-27T17:21:16.349561+00:00
20250908_2348_HARP13747_NOAA14215,2025_HARP13747_20250908_1412_20250909_1236,2025-09-08 23:48:00,13747,14215,0,saved,"(512, 512, 6)",gs://suryabench-sharp-pipeline-bamidele/jsoc_2025_2026_production_v1/samples_npz/2025/20250908_2348_HARP13747_NOAA14215.npz,success,2026-06-27T17:21:24.349130+00:00
20250909_0124_HARP13747_NOAA14215,2025_HARP13747_20250908_1412_20250909_1236,2025-09-09 01:24:00,13747,14215,0,saved,"(512, 512, 6)",gs://suryabench-sharp-pipeline-bamidele/jsoc_2025_2026_production_v1/samples_npz/2025/20250909_0124_HARP13747_NOAA14215.npz,success,2026-06-27T17:21:31.637851+00:00
20250909_0300_HARP13747_NOAA14215,2025_HARP13747_20250908_1412_20250909_1236,2025-09-09 03:00:00,13747,14215,0,saved,"(512, 512, 6)",gs://suryabench-sharp-pipeline-bamidele/jsoc_2025_2026_production_v1/samples_npz/2025/20250909_0300_HARP13747_NOAA14215.npz,success,2026-06-27T17:21:38.755791+00:00
20250909_0436_HARP13747_NOAA14215,2025_HARP13747_20250908_1412_20250909_1236,2025-09-09 04:36:00,13747,14215,0,saved,"(512, 512, 6)",gs://suryabench-sharp-pipeline-bamidele/jsoc_2025_2026_production_v1/samples_npz/2025/20250909_0436_HARP13747_NOAA14215.npz,success,2026-06-27T17:21:45.940322+00:00
20250909_0612_HARP13747_NOAA14215,2025_HARP13747_20250908_1412_20250909_1236,2025-09-09 06:12:00,13747,14215,0,saved,"(512, 512, 6)",gs://suryabench-sharp-pipeline-bamidele/jsoc_2025_2026_production_v1/samples_npz/2025/20250909_0612_HARP13747_NOAA14215.npz,success,2026-06-27T17:21:53.106684+00:00
20250909_0748_HARP13747_NOAA14215,2025_HARP13747_20250908_1412_20250909_1236,2025-09-09 07:48:00,13747,14215,0,saved,"(512, 512, 6)",gs://suryabench-sharp-pipeline-bamidele/jsoc_2025_2026_production_v1/samples_npz/2025/20250909_0748_HARP13747_NOAA14215.npz,success,2026-06-27T17:22:00.173499+00:00
20250909_0924_HARP13747_NOAA14215,2025_HARP13747_20250908_1412_20250909_1236,2025-09-09 09:24:00,13747,14215,0,saved,"(512, 512, 6)",gs://suryabench-sharp-pipeline-bamidele/jsoc_2025_2026_production_v1/samples_npz/2025/20250909_0924_HARP13747_NOAA14215.npz,success,2026-06-27T17:22:07.158305+00:00
20250909_1100_HARP13747_NOAA14215,2025_HARP13747_20250908_1412_20250909_1236,2025-09-09 11:00:00,13747,14215,0,saved,"(512, 512, 6)",gs://suryabench-sharp-pipeline-bamidele/jsoc_2025_2026_production_v1/samples_npz/2025/20250909_1100_HARP13747_NOAA14215.npz,success,2026-06-27T17:22:14.574880+00:00
20250909_1236_HARP13747_NOAA14215,2025_HARP13747_20250908_1412_20250909_1236,2025-09-09 12:36:00,13747,14215,0,saved,"(512, 512, 6)",gs://suryabench-sharp-pipeline-bamidele/jsoc_2025_2026_production_v1/samples_npz/2025/20250909_1236_HARP13747_NOAA14215.npz,success,2026-06-27T17:22:21.911958+00:00
20250910_1300_HARP13736_NOAA14211,2025_HARP13736_20250910_1300_20250911_0200,2025-09-10 13:00:00,13736,14211,0,saved,"(512, 512, 6)",gs://suryabench-sharp-pipeline-bamidele/jsoc_2025_2026_production_v1/samples_npz/2025/20250910_1300_HARP13736_NOAA14211.npz,success,2026-06-27T17:43:22.911507+00:00
20250910_1436_HARP13736_NOAA14211,2025_HARP13736_20250910_1300_20250911_0200,2025-09-10 14:36:00,13736,14211,0,saved,"(512, 512, 6)",gs://suryabench-sharp-pipeline-bamidele/jsoc_2025_2026_production_v1/samples_npz/2025/20250910_1436_HARP13736_NOAA14211.npz,success,2026-06-27T17:43:30.423145+00:00
20250910_1612_HARP13736_NOAA14211,2025_HARP13736_20250910_1300_20250911_0200,2025-09-10 16:12:00,13736,14211,0,saved,"(512, 512, 6)",gs://suryabench-sharp-pipeline-bamidele/jsoc_2025_2026_production_v1/samples_npz/2025/20250910_1612_HARP13736_NOAA14211.npz,success,2026-06-27T17:43:37.920346+00:00
20250910_1748_HARP13736_NOAA14211,2025_HARP13736_20250910_1300_20250911_0200,2025-09-10 17:48:00,13736,14211,0,saved,"(512, 512, 6)",gs://suryabench-sharp-pipeline-bamidele/jsoc_2025_2026_production_v1/samples_npz/2025/20250910_1748_HARP13736_NOAA14211.npz,success,2026-06-27T17:43:45.080242+00:00
20250910_1936_HARP13736_NOAA14211,2025_HARP13736_20250910_1300_20250911_0200,2025-09-10 19:36:00,13736,14211,0,saved,"(512, 512, 6)",gs://suryabench-sharp-pipeline-bamidele/jsoc_2025_2026_production_v1/samples_npz/2025/20250910_1936_HARP13736_NOAA14211.npz,success,2026-06-27T17:43:52.333128+00:00
20250910_2112_HARP13736_NOAA14211,2025_HARP13736_20250910_1300_20250911_0200,2025-09-10 21:12:00,13736,14211,0,saved,"(512, 512, 6)",gs://suryabench-sharp-pipeline-bamidele/jsoc_2025_2026_production_v1/samples_npz/2025/20250910_2112_HARP13736_NOAA14211.npz,success,2026-06-27T17:43:59.571606+00:00
20250910_2248_HARP13736_NOAA14211,2025_HARP13736_20250910_1300_20250911_0200,2025-09-10 22:48:00,13736,14211,0,saved,"(512, 512, 6)",gs://suryabench-sharp-pipeline-bamidele/jsoc_2025_2026_production_v1/samples_npz/2025/20250910_2248_HARP13736_NOAA14211.npz,success,2026-06-27T17:44:06.849504+00:00
20250911_0024_HARP13736_NOAA14211,2025_HARP13736_20250910_1300_20250911_0200,2025-09-11 00:24:00,13736,14211,0,saved,"(512, 512, 6)",gs://suryabench-sharp-pipeline-bamidele/jsoc_2025_2026_production_v1/samples_npz/2025/20250911_0024_HARP13736_NOAA14211.npz,success,2026-06-27T17:44:14.290792+00:00
20250911_0200_HARP13736_NOAA14211,2025_HARP13736_20250910_1300_20250911_0200,2025-09-11 02:00:00,13736,14211,0,saved,"(512, 512, 6)",gs://suryabench-sharp-pipeline-bamidele/jsoc_2025_2026_production_v1/samples_npz/2025/20250911_0200_HARP13736_NOAA14211.npz,success,2026-06-27T17:44:21.862896+00:00
20250915_2136_HARP13768_NOAA14216,2025_HARP13768_20250915_2136_20250916_2000,2025-09-15 21:36:00,13768,14216,0,saved,"(512, 512, 6)",gs://suryabench-sharp-pipeline-bamidele/jsoc_2025_2026_production_v1/samples_npz/2025/20250915_2136_HARP13768_NOAA14216.npz,success,2026-06-27T17:58:07.431952+00:00
20250915_2312_HARP13768_NOAA14216,2025_HARP13768_20250915_2136_20250916_2000,2025-09-15 23:12:00,13768,14216,0,saved,"(512, 512, 6)",gs://suryabench-sharp-pipeline-bamidele/jsoc_2025_2026_production_v1/samples_npz/2025/20250915_2312_HARP13768_NOAA14216.npz,success,2026-06-27T17:58:15.222864+00:00
20250916_0048_HARP13768_NOAA14216,2025_HARP13768_20250915_2136_20250916_2000,2025-09-16 00:48:00,13768,14216,0,saved,"(512, 512, 6)",gs://suryabench-sharp-pipeline-bamidele/jsoc_2025_2026_production_v1/samples_npz/2025/20250916_0048_HARP13768_NOAA14216.npz,success,2026-06-27T17:58:22.847780+00:00
20250916_0224_HARP13768_NOAA14216,2025_HARP13768_20250915_2136_20250916_2000,2025-09-16 02:24:00,13768,14216,0,saved,"(512, 512, 6)",gs://suryabench-sharp-pipeline-bamidele/jsoc_2025_2026_production_v1/samples_npz/2025/20250916_0224_HARP13768_NOAA14216.npz,success,2026-06-27T17:58:30.324383+00:00
20250916_0400_HARP13768_NOAA14216,2025_HARP13768_20250915_2136_20250916_2000,2025-09-16 04:00:00,13768,14216,0,saved,"(512, 512, 6)",gs://suryabench-sharp-pipeline-bamidele/jsoc_2025_2026_production_v1/samples_npz/2025/20250916_0400_HARP13768_NOAA14216.npz,success,2026-06-27T17:58:37.879610+00:00
20250916_0536_HARP13768_NOAA14216,2025_HARP13768_20250915_2136_20250916_2000,2025-09-16 05:36:00,13768,14216,0,saved,"(512, 512, 6)",gs://suryabench-sharp-pipeline-bamidele/jsoc_2025_2026_production_v1/samples_npz/2025/20250916_0536_HARP13768_NOAA14216.npz,success,2026-06-27T17:58:45.442986+00:00
20250916_0712_HARP13768_NOAA14216,2025_HARP13768_20250915_2136_20250916_2000,2025-09-16 07:12:00,13768,14216,0,saved,"(512, 512, 6)",gs://suryabench-sharp-pipeline-bamidele/jsoc_2025_2026_production_v1/samples_npz/2025/20250916_0712_HARP13768_NOAA14216.npz,success,2026-06-27T17:58:52.856196+00:00
20250916_0848_HARP13768_NOAA14216,2025_HARP13768_20250915_2136_20250916_2000,2025-09-16 08:48:00,13768,14216,0,saved,"(512, 512, 6)",gs://suryabench-sharp-pipeline-bamidele/jsoc_2025_2026_production_v1/samples_npz/2025/20250916_0848_HARP13768_NOAA14216.npz,success,2026-06-27T17:59:00.119831+00:00
20250916_1024_HARP13768_NOAA14216,2025_HARP13768_20250915_2136_20250916_2000,2025-09-16 10:24:00,13768,14216,0,saved,"(512, 512, 6)",gs://suryabench-sharp-pipeline-bamidele/jsoc_2025_2026_production_v1/samples_npz/2025/20250916_1024_HARP13768_NOAA14216.npz,success,2026-06-27T17:59:07.198099+00:00
20250916_1200_HARP13768_NOAA14216,2025_HARP13768_20250915_2136_20250916_2000,2025-09-16 12:00:00,13768,14216,0,saved,"(512, 512, 6)",gs://suryabench-sharp-pipeline-bamidele/jsoc_2025_2026_production_v1/samples_npz/2025/20250916_1200_HARP13768_NOAA14216.npz,success,2026-06-27T17:59:14.326946+00:00
20250916_1336_HARP13768_NOAA14216,2025_HARP13768_20250915_2136_20250916_2000,2025-09-16 13:36:00,13768,14216,0,saved,"(512, 512, 6)",gs://suryabench-sharp-pipeline-bamidele/jsoc_2025_2026_production_v1/samples_npz/2025/20250916_1336_HARP13768_NOAA14216.npz,success,2026-06-27T17:59:21.680461+00:00
20250916_1512_HARP13768_NOAA14216,2025_HARP13768_20250915_2136_20250916_2000,2025-09-16 15:12:00,13768,14216,0,saved,"(512, 512, 6)",gs://suryabench-sharp-pipeline-bamidele/jsoc_2025_2026_production_v1/samples_npz/2025/20250916_1512_HARP13768_NOAA14216.npz,success,2026-06-27T17:59:28.971174+00:00
20250916_1648_HARP13768_NOAA14216,2025_HARP13768_20250915_2136_20250916_2000,2025-09-16 16:48:00,13768,14216,0,saved,"(512, 512, 6)",gs://suryabench-sharp-pipeline-bamidele/jsoc_2025_2026_production_v1/samples_npz/2025/20250916_1648_HARP13768_NOAA14216.npz,success,2026-06-27T17:59:36.042088+00:00
20250916_1824_HARP13768_NOAA14216,2025_HARP13768_20250915_2136_20250916_2000,2025-09-16 18:24:00,13768,14216,0,saved,"(512, 512, 6)",gs://suryabench-sharp-pipeline-bamidele/jsoc_2025_2026_production_v1/samples_npz/2025/20250916_1824_HARP13768_NOAA14216.npz,success,2026-06-27T17:59:44.547643+00:00
20250916_2000_HARP13768_NOAA14216,2025_HARP13768_20250915_2136_20250916_2000,2025-09-16 20:00:00,13768,14216,0,saved,"(512, 512, 6)",gs://suryabench-sharp-pipeline-bamidele/jsoc_2025_2026_production_v1/samples_npz/2025/20250916_2000_HARP13768_NOAA14216.npz,success,2026-06-27T17:59:52.029872+00:00
20250916_2200_HARP13768_NOAA14216,2025_HARP13768_20250916_2200_20250917_0424,2025-09-16 22:00:00,13768,14216,0,saved,"(512, 512, 6)",gs://suryabench-sharp-pipeline-bamidele/jsoc_2025_2026_production_v1/samples_npz/2025/20250916_2200_HARP13768_NOAA14216.npz,success,2026-06-27T18:09:51.851866+00:00
20250916_2336_HARP13768_NOAA14216,2025_HARP13768_20250916_2200_20250917_0424,2025-09-16 23:36:00,13768,14216,0,saved,"(512, 512, 6)",gs://suryabench-sharp-pipeline-bamidele/jsoc_2025_2026_production_v1/samples_npz/2025/20250916_2336_HARP13768_NOAA14216.npz,success,2026-06-27T18:09:58.580733+00:00
20250917_0112_HARP13768_NOAA14216,2025_HARP13768_20250916_2200_20250917_0424,2025-09-17 01:12:00,13768,14216,0,saved,"(512, 512, 6)",gs://suryabench-sharp-pipeline-bamidele/jsoc_2025_2026_production_v1/samples_npz/2025/20250917_0112_HARP13768_NOAA14216.npz,success,2026-06-27T18:10:05.342131+00:00
20250917_0248_HARP13768_NOAA14216,2025_HARP13768_20250916_2200_20250917_0424,2025-09-17 02:48:00,13768,14216,0,saved,"(512, 512, 6)",gs://suryabench-sharp-pipeline-bamidele/jsoc_2025_2026_production_v1/samples_npz/2025/20250917_0248_HARP13768_NOAA14216.npz,success,2026-06-27T18:10:12.113504+00:00
20250917_0424_HARP13768_NOAA14216,2025_HARP13768_20250916_2200_20250917_0424,2025-09-17 04:24:00,13768,14216,0,saved,"(512, 512, 6)",gs://suryabench-sharp-pipeline-bamidele/jsoc_2025_2026_production_v1/samples_npz/2025/20250917_0424_HARP13768_NOAA14216.npz,success,2026-06-27T18:10:18.847046+00:00
20250917_2236_HARP13773_NOAA14220,2025_HARP13773_20250917_2236_20250918_0012,2025-09-17 22:36:00,13773,14220,0,saved,"(512, 512, 6)",gs://suryabench-sharp-pipeline-bamidele/jsoc_2025_2026_production_v1/samples_npz/2025/20250917_2236_HARP13773_NOAA14220.npz,success,2026-06-27T18:18:43.706811+00:00
20250918_0012_HARP13773_NOAA14220,2025_HARP13773_20250917_2236_20250918_0012,2025-09-18 00:12:00,13773,14220,0,saved,"(512, 512, 6)",gs://suryabench-sharp-pipeline-bamidele/jsoc_2025_2026_production_v1/samples_npz/2025/20250918_0012_HARP13773_NOAA14220.npz,success,2026-06-27T18:18:50.341416+00:00
20250918_2200_HARP13776_NOAA14217,2025_HARP13776_20250918_2200_20250919_0424,2025-09-18 22:00:00,13776,14217,0,saved,"(512, 512, 6)",gs://suryabench-sharp-pipeline-bamidele/jsoc_2025_2026_production_v1/samples_npz/2025/20250918_2200_HARP13776_NOAA14217.npz,success,2026-06-27T18:28:45.493077+00:00
20250918_2336_HARP13776_NOAA14217,2025_HARP13776_20250918_2200_20250919_0424,2025-09-18 23:36:00,13776,14217,0,saved,"(512, 512, 6)",gs://suryabench-sharp-pipeline-bamidele/jsoc_2025_2026_production_v1/samples_npz/2025/20250918_2336_HARP13776_NOAA14217.npz,success,2026-06-27T18:28:52.517977+00:00
20250919_0112_HARP13776_NOAA14217,2025_HARP13776_20250918_2200_20250919_0424,2025-09-19 01:12:00,13776,14217,0,saved,"(512, 512, 6)",gs://suryabench-sharp-pipeline-bamidele/jsoc_2025_2026_production_v1/samples_npz/2025/20250919_0112_HARP13776_NOAA14217.npz,success,2026-06-27T18:28:59.479472+00:00
20250919_0248_HARP13776_NOAA14217,2025_HARP13776_20250918_2200_20250919_0424,2025-09-19 02:48:00,13776,14217,0,saved,"(512, 512, 6)",gs://suryabench-sharp-pipeline-bamidele/jsoc_2025_2026_production_v1/samples_npz/2025/20250919_0248_HARP13776_NOAA14217.npz,success,2026-06-27T18:29:06.883607+00:00
20250919_0424_HARP13776_NOAA14217,2025_HARP13776_20250918_2200_20250919_0424,2025-09-19 04:24:00,13776,14217,0,saved,"(512, 512, 6)",gs://suryabench-sharp-pipeline-bamidele/jsoc_2025_2026_production_v1/samples_npz/2025/20250919_0424_HARP13776_NOAA14217.npz,success,2026-06-27T18:29:14.397543+00:00
20250919_1948_HARP13768_NOAA14216,2025_HARP13768_20250919_1948_20250920_1012,2025-09-19 19:48:00,13768,14216,1,saved,"(512, 512, 6)",gs://suryabench-sharp-pipeline-bamidele/jsoc_2025_2026_production_v1/samples_npz/2025/20250919_1948_HARP13768_NOAA14216.npz,success,2026-06-27T18:39:45.717235+00:00
20250919_2124_HARP13768_NOAA14216,2025_HARP13768_20250919_1948_20250920_1012,2025-09-19 21:24:00,13768,14216,0,saved,"(512, 512, 6)",gs://suryabench-sharp-pipeline-bamidele/jsoc_2025_2026_production_v1/samples_npz/2025/20250919_2124_HARP13768_NOAA14216.npz,success,2026-06-27T18:39:52.406266+00:00
20250919_2300_HARP13768_NOAA14216,2025_HARP13768_20250919_1948_20250920_1012,2025-09-19 23:00:00,13768,14216,0,saved,"(512, 512, 6)",gs://suryabench-sharp-pipeline-bamidele/jsoc_2025_2026_production_v1/samples_npz/2025/20250919_2300_HARP13768_NOAA14216.npz,success,2026-06-27T18:39:59.068425+00:00
20250920_0036_HARP13768_NOAA14216,2025_HARP13768_20250919_1948_20250920_1012,2025-09-20 00:36:00,13768,14216,0,saved,"(512, 512, 6)",gs://suryabench-sharp-pipeline-bamidele/jsoc_2025_2026_production_v1/samples_npz/2025/20250920_0036_HARP13768_NOAA14216.npz,success,2026-06-27T18:40:05.716999+00:00
20250920_0212_HARP13768_NOAA14216,2025_HARP13768_20250919_1948_20250920_1012,2025-09-20 02:12:00,13768,14216,0,saved,"(512, 512, 6)",gs://suryabench-sharp-pipeline-bamidele/jsoc_2025_2026_production_v1/samples_npz/2025/20250920_0212_HARP13768_NOAA14216.npz,success,2026-06-27T18:40:13.322312+00:00
20250920_0348_HARP13768_NOAA14216,2025_HARP13768_20250919_1948_20250920_1012,2025-09-20 03:48:00,13768,14216,0,saved,"(512, 512, 6)",gs://suryabench-sharp-pipeline-bamidele/jsoc_2025_2026_production_v1/samples_npz/2025/20250920_0348_HARP13768_NOAA14216.npz,success,2026-06-27T18:40:20.281267+00:00
20250920_0524_HARP13768_NOAA14216,2025_HARP13768_20250919_1948_20250920_1012,2025-09-20 05:24:00,13768,14216,0,saved,"(512, 512, 6)",gs://suryabench-sharp-pipeline-bamidele/jsoc_2025_2026_production_v1/samples_npz/2025/20250920_0524_HARP13768_NOAA14216.npz,success,2026-06-27T18:40:27.011996+00:00
20250920_0700_HARP13768_NOAA14216,2025_HARP13768_20250919_1948_20250920_1012,2025-09-20 07:00:00,13768,14216,0,saved,"(512, 512, 6)",gs://suryabench-sharp-pipeline-bamidele/jsoc_2025_2026_production_v1/samples_npz/2025/20250920_0700_HARP13768_NOAA14216.npz,success,2026-06-27T18:40:33.662650+00:00
20250920_0836_HARP13768_NOAA14216,2025_HARP13768_20250919_1948_20250920_1012,2025-09-20 08:36:00,13768,14216,0,saved,"(512, 512, 6)",gs://suryabench-sharp-pipeline-bamidele/jsoc_2025_2026_production_v1/samples_npz/2025/20250920_0836_HARP13768_NOAA14216.npz,success,2026-06-27T18:40:40.329355+00:00
20250920_1012_HARP13768_NOAA14216,2025_HARP13768_20250919_1948_20250920_1012,2025-09-20 10:12:00,13768,14216,0,saved,"(512, 512, 6)",gs://suryabench-sharp-pipeline-bamidele/jsoc_2025_2026_production_v1/samples_npz/2025/20250920_1012_HARP13768_NOAA14216.npz,success,2026-06-27T18:40:46.970139+00:00
20250920_1900_HARP13777_NOAA14221,2025_HARP13777_20250920_1900_20250921_1724,2025-09-20 19:00:00,13777,14221,0,saved,"(512, 512, 6)",gs://suryabench-sharp-pipeline-bamidele/jsoc_2025_2026_production_v1/samples_npz/2025/20250920_1900_HARP13777_NOAA14221.npz,success,2026-06-27T18:51:49.760350+00:00
20250920_2036_HARP13777_NOAA14221,2025_HARP13777_20250920_1900_20250921_1724,2025-09-20 20:36:00,13777,14221,0,saved,"(512, 512, 6)",gs://suryabench-sharp-pipeline-bamidele/jsoc_2025_2026_production_v1/samples_npz/2025/20250920_2036_HARP13777_NOAA14221.npz,success,2026-06-27T18:51:56.265155+00:00
20250920_2212_HARP13777_NOAA14221,2025_HARP13777_20250920_1900_20250921_1724,2025-09-20 22:12:00,13777,14221,0,saved,"(512, 512, 6)",gs://suryabench-sharp-pipeline-bamidele/jsoc_2025_2026_production_v1/samples_npz/2025/20250920_2212_HARP13777_NOAA14221.npz,success,2026-06-27T18:52:02.754203+00:00
20250920_2348_HARP13777_NOAA14221,2025_HARP13777_20250920_1900_20250921_1724,2025-09-20 23:48:00,13777,14221,0,saved,"(512, 512, 6)",gs://suryabench-sharp-pipeline-bamidele/jsoc_2025_2026_production_v1/samples_npz/2025/20250920_2348_HARP13777_NOAA14221.npz,success,2026-06-27T18:52:09.270254+00:00
20250921_0124_HARP13777_NOAA14221,2025_HARP13777_20250920_1900_20250921_1724,2025-09-21 01:24:00,13777,14221,0,saved,"(512, 512, 6)",gs://suryabench-sharp-pipeline-bamidele/jsoc_2025_2026_production_v1/samples_npz/2025/20250921_0124_HARP13777_NOAA14221.npz,success,2026-06-27T18:52:15.888040+00:00
20250921_0300_HARP13777_NOAA14221,2025_HARP13777_20250920_1900_20250921_1724,2025-09-21 03:00:00,13777,14221,0,saved,"(512, 512, 6)",gs://suryabench-sharp-pipeline-bamidele/jsoc_2025_2026_production_v1/samples_npz/2025/20250921_0300_HARP13777_NOAA14221.npz,success,2026-06-27T18:52:22.277481+00:00
20250921_0436_HARP13777_NOAA14221,2025_HARP13777_20250920_1900_20250921_1724,2025-09-21 04:36:00,13777,14221,0,saved,"(512, 512, 6)",gs://suryabench-sharp-pipeline-bamidele/jsoc_2025_2026_production_v1/samples_npz/2025/20250921_0436_HARP13777_NOAA14221.npz,success,2026-06-27T18:52:30.042038+00:00
20250921_0612_HARP13777_NOAA14221,2025_HARP13777_20250920_1900_20250921_1724,2025-09-21 06:12:00,13777,14221,0,saved,"(512, 512, 6)",gs://suryabench-sharp-pipeline-bamidele/jsoc_2025_2026_production_v1/samples_npz/2025/20250921_0612_HARP13777_NOAA14221.npz,success,2026-06-27T18:52:36.616488+00:00
20250921_0748_HARP13777_NOAA14221,2025_HARP13777_20250920_1900_20250921_1724,2025-09-21 07:48:00,13777,14221,0,saved,"(512, 512, 6)",gs://suryabench-sharp-pipeline-bamidele/jsoc_2025_2026_production_v1/samples_npz/2025/20250921_0748_HARP13777_NOAA14221.npz,success,2026-06-27T18:52:43.230002+00:00
20250921_0924_HARP13777_NOAA14221,2025_HARP13777_20250920_1900_20250921_1724,2025-09-21 09:24:00,13777,14221,0,saved,"(512, 512, 6)",gs://suryabench-sharp-pipeline-bamidele/jsoc_2025_2026_production_v1/samples_npz/2025/20250921_0924_HARP13777_NOAA14221.npz,success,2026-06-27T18:52:49.778912+00:00
20250921_1100_HARP13777_NOAA14221,2025_HARP13777_20250920_1900_20250921_1724,2025-09-21 11:00:00,13777,14221,0,saved,"(512, 512, 6)",gs://suryabench-sharp-pipeline-bamidele/jsoc_2025_2026_production_v1/samples_npz/2025/20250921_1100_HARP13777_NOAA14221.npz,success,2026-06-27T18:52:56.284971+00:00
20250921_1236_HARP13777_NOAA14221,2025_HARP13777_20250920_1900_20250921_1724,2025-09-21 12:36:00,13777,14221,0,saved,"(512, 512, 6)",gs://suryabench-sharp-pipeline-bamidele/jsoc_2025_2026_production_v1/samples_npz/2025/20250921_1236_HARP13777_NOAA14221.npz,success,2026-06-27T18:53:02.768386+00:00
20250921_1412_HARP13777_NOAA14221,2025_HARP13777_20250920_1900_20250921_1724,2025-09-21 14:12:00,13777,14221,0,saved,"(512, 512, 6)",gs://suryabench-sharp-pipeline-bamidele/jsoc_2025_2026_production_v1/samples_npz/2025/20250921_1412_HARP13777_NOAA14221.npz,success,2026-06-27T18:53:09.255812+00:00
20250921_1548_HARP13777_NOAA14221,2025_HARP13777_20250920_1900_20250921_1724,2025-09-21 15:48:00,13777,14221,0,saved,"(512, 512, 6)",gs://suryabench-sharp-pipeline-bamidele/jsoc_2025_2026_production_v1/samples_npz/2025/20250921_1548_HARP13777_NOAA14221.npz,success,2026-06-27T18:53:15.701926+00:00
20250921_1724_HARP13777_NOAA14221,2025_HARP13777_20250920_1900_20250921_1724,2025-09-21 17:24:00,13777,14221,0,saved,"(512, 512, 6)",gs://suryabench-sharp-pipeline-bamidele/jsoc_2025_2026_production_v1/samples_npz/2025/20250921_1724_HARP13777_NOAA14221.npz,success,2026-06-27T18:53:22.316995+00:00
20250921_1900_HARP13777_NOAA14221,2025_HARP13777_20250921_1900_20250922_1200,2025-09-21 19:00:00,13777,14221,0,saved,"(512, 512, 6)",gs://suryabench-sharp-pipeline-bamidele/jsoc_2025_2026_production_v1/samples_npz/2025/20250921_1900_HARP13777_NOAA14221.npz,success,2026-06-27T19:10:26.163627+00:00
20250921_2036_HARP13777_NOAA14221,2025_HARP13777_20250921_1900_20250922_1200,2025-09-21 20:36:00,13777,14221,0,saved,"(512, 512, 6)",gs://suryabench-sharp-pipeline-bamidele/jsoc_2025_2026_production_v1/samples_npz/2025/20250921_2036_HARP13777_NOAA14221.npz,success,2026-06-27T19:10:32.710479+00:00
20250921_2212_HARP13777_NOAA14221,2025_HARP13777_20250921_1900_20250922_1200,2025-09-21 22:12:00,13777,14221,0,saved,"(512, 512, 6)",gs://suryabench-sharp-pipeline-bamidele/jsoc_2025_2026_production_v1/samples_npz/2025/20250921_2212_HARP13777_NOAA14221.npz,success,2026-06-27T19:10:40.140402+00:00
20250921_2348_HARP13777_NOAA14221,2025_HARP13777_20250921_1900_20250922_1200,2025-09-21 23:48:00,13777,14221,0,saved,"(512, 512, 6)",gs://suryabench-sharp-pipeline-bamidele/jsoc_2025_2026_production_v1/samples_npz/2025/20250921_2348_HARP13777_NOAA14221.npz,success,2026-06-27T19:10:46.857169+00:00
20250922_0124_HARP13777_NOAA14221,2025_HARP13777_20250921_1900_20250922_1200,2025-09-22 01:24:00,13777,14221,0,saved,"(512, 512, 6)",gs://suryabench-sharp-pipeline-bamidele/jsoc_2025_2026_production_v1/samples_npz/2025/20250922_0124_HARP13777_NOAA14221.npz,success,2026-06-27T19:10:53.391307+00:00
20250922_0300_HARP13777_NOAA14221,2025_HARP13777_20250921_1900_20250922_1200,2025-09-22 03:00:00,13777,14221,0,saved,"(512, 512, 6)",gs://suryabench-sharp-pipeline-bamidele/jsoc_2025_2026_production_v1/samples_npz/2025/20250922_0300_HARP13777_NOAA14221.npz,success,2026-06-27T19:10:59.900952+00:00
20250922_0536_HARP13777_NOAA14221,2025_HARP13777_20250921_1900_20250922_1200,2025-09-22 05:36:00,13777,14221,0,saved,"(512, 512, 6)",gs://suryabench-sharp-pipeline-bamidele/jsoc_2025_2026_production_v1/samples_npz/2025/20250922_0536_HARP13777_NOAA14221.npz,success,2026-06-27T19:11:06.440072+00:00
20250922_0712_HARP13777_NOAA14221,2025_HARP13777_20250921_1900_20250922_1200,2025-09-22 07:12:00,13777,14221,0,saved,"(512, 512, 6)",gs://suryabench-sharp-pipeline-bamidele/jsoc_2025_2026_production_v1/samples_npz/2025/20250922_0712_HARP13777_NOAA14221.npz,success,2026-06-27T19:11:12.991166+00:00
20250922_0848_HARP13777_NOAA14221,2025_HARP13777_20250921_1900_20250922_1200,2025-09-22 08:48:00,13777,14221,0,saved,"(512, 512, 6)",gs://suryabench-sharp-pipeline-bamidele/jsoc_2025_2026_production_v1/samples_npz/2025/20250922_0848_HARP13777_NOAA14221.npz,success,2026-06-27T19:11:19.554343+00:00
20250922_1024_HARP13777_NOAA14221,2025_HARP13777_20250921_1900_20250922_1200,2025-09-22 10:24:00,13777,14221,0,saved,"(512, 512, 6)",gs://suryabench-sharp-pipeline-bamidele/jsoc_2025_2026_production_v1/samples_npz/2025/20250922_1024_HARP13777_NOAA14221.npz,success,2026-06-27T19:11:26.037129+00:00
20250922_1200_HARP13777_NOAA14221,2025_HARP13777_20250921_1900_20250922_1200,2025-09-22 12:00:00,13777,14221,0,saved,"(512, 512, 6)",gs://suryabench-sharp-pipeline-bamidele/jsoc_2025_2026_production_v1/samples_npz/2025/20250922_1200_HARP13777_NOAA14221.npz,success,2026-06-27T19:11:32.487290+00:00
20250922_1348_HARP13784_NOAA14225,2025_HARP13784_20250922_1348_20250923_1212,2025-09-22 13:48:00,13784,14225,0,saved,"(512, 512, 6)",gs://suryabench-sharp-pipeline-bamidele/jsoc_2025_2026_production_v1/samples_npz/2025/20250922_1348_HARP13784_NOAA14225.npz,success,2026-06-27T19:24:46.911815+00:00
20250922_1524_HARP13784_NOAA14225,2025_HARP13784_20250922_1348_20250923_1212,2025-09-22 15:24:00,13784,14225,0,saved,"(512, 512, 6)",gs://suryabench-sharp-pipeline-bamidele/jsoc_2025_2026_production_v1/samples_npz/2025/20250922_1524_HARP13784_NOAA14225.npz,success,2026-06-27T19:24:53.944125+00:00
20250922_1700_HARP13784_NOAA14225,2025_HARP13784_20250922_1348_20250923_1212,2025-09-22 17:00:00,13784,14225,0,saved,"(512, 512, 6)",gs://suryabench-sharp-pipeline-bamidele/jsoc_2025_2026_production_v1/samples_npz/2025/20250922_1700_HARP13784_NOAA14225.npz,success,2026-06-27T19:25:01.173845+00:00
20250922_1836_HARP13784_NOAA14225,2025_HARP13784_20250922_1348_20250923_1212,2025-09-22 18:36:00,13784,14225,0,saved,"(512, 512, 6)",gs://suryabench-sharp-pipeline-bamidele/jsoc_2025_2026_production_v1/samples_npz/2025/20250922_1836_HARP13784_NOAA14225.npz,success,2026-06-27T19:25:08.111741+00:00
20250922_2012_HARP13784_NOAA14225,2025_HARP13784_20250922_1348_20250923_1212,2025-09-22 20:12:00,13784,14225,0,saved,"(512, 512, 6)",gs://suryabench-sharp-pipeline-bamidele/jsoc_2025_2026_production_v1/samples_npz/2025/20250922_2012_HARP13784_NOAA14225.npz,success,2026-06-27T19:25:14.964413+00:00
20250922_2148_HARP13784_NOAA14225,2025_HARP13784_20250922_1348_20250923_1212,2025-09-22 21:48:00,13784,14225,0,saved,"(512, 512, 6)",gs://suryabench-sharp-pipeline-bamidele/jsoc_2025_2026_production_v1/samples_npz/2025/20250922_2148_HARP13784_NOAA14225.npz,success,2026-06-27T19:25:22.034934+00:00
20250922_2324_HARP13784_NOAA14225,2025_HARP13784_20250922_1348_20250923_1212,2025-09-22 23:24:00,13784,14225,0,saved,"(512, 512, 6)",gs://suryabench-sharp-pipeline-bamidele/jsoc_2025_2026_production_v1/samples_npz/2025/20250922_2324_HARP13784_NOAA14225.npz,success,2026-06-27T19:25:28.998847+00:00
20250923_0100_HARP13784_NOAA14225,2025_HARP13784_20250922_1348_20250923_1212,2025-09-23 01:00:00,13784,14225,0,saved,"(512, 512, 6)",gs://suryabench-sharp-pipeline-bamidele/jsoc_2025_2026_production_v1/samples_npz/2025/20250923_0100_HARP13784_NOAA14225.npz,success,2026-06-27T19:25:35.965688+00:00
20250923_0236_HARP13784_NOAA14225,2025_HARP13784_20250922_1348_20250923_1212,2025-09-23 02:36:00,13784,14225,0,saved,"(512, 512, 6)",gs://suryabench-sharp-pipeline-bamidele/jsoc_2025_2026_production_v1/samples_npz/2025/20250923_0236_HARP13784_NOAA14225.npz,success,2026-06-27T19:25:42.821783+00:00
20250923_0412_HARP13784_NOAA14225,2025_HARP13784_20250922_1348_20250923_1212,2025-09-23 04:12:00,13784,14225,0,saved,"(512, 512, 6)",gs://suryabench-sharp-pipeline-bamidele/jsoc_2025_2026_production_v1/samples_npz/2025/20250923_0412_HARP13784_NOAA14225.npz,success,2026-06-27T19:25:49.757720+00:00
20250923_0548_HARP13784_NOAA14225,2025_HARP13784_20250922_1348_20250923_1212,2025-09-23 05:48:00,13784,14225,0,saved,"(512, 512, 6)",gs://suryabench-sharp-pipeline-bamidele/jsoc_2025_2026_production_v1/samples_npz/2025/20250923_0548_HARP13784_NOAA14225.npz,success,2026-06-27T19:25:56.719525+00:00
20250923_0724_HARP13784_NOAA14225,2025_HARP13784_20250922_1348_20250923_1212,2025-09-23 07:24:00,13784,14225,0,saved,"(512, 512, 6)",gs://suryabench-sharp-pipeline-bamidele/jsoc_2025_2026_production_v1/samples_npz/2025/20250923_0724_HARP13784_NOAA14225.npz,success,2026-06-27T19:26:04.066440+00:00
20250923_0900_HARP13784_NOAA14225,2025_HARP13784_20250922_1348_20250923_1212,2025-09-23 09:00:00,13784,14225,0,saved,"(512, 512, 6)",gs://suryabench-sharp-pipeline-bamidele/jsoc_2025_2026_production_v1/samples_npz/2025/20250923_0900_HARP13784_NOAA14225.npz,success,2026-06-27T19:26:11.743488+00:00
20250923_1036_HARP13784_NOAA14225,2025_HARP13784_20250922_1348_20250923_1212,2025-09-23 10:36:00,13784,14225,0,saved,"(512, 512, 6)",gs://suryabench-sharp-pipeline-bamidele/jsoc_2025_2026_production_v1/samples_npz/2025/20250923_1036_HARP13784_NOAA14225.npz,success,2026-06-27T19:26:18.737138+00:00
20250923_1212_HARP13784_NOAA14225,2025_HARP13784_20250922_1348_20250923_1212,2025-09-23 12:12:00,13784,14225,0,saved,"(512, 512, 6)",gs://suryabench-sharp-pipeline-bamidele/jsoc_2025_2026_production_v1/samples_npz/2025/20250923_1212_HARP13784_NOAA14225.npz,success,2026-06-27T19:26:25.829831+00:00
20250927_0500_HARP13835_NOAA14234,2025_HARP13835_20250927_0500_20250928_0324,2025-09-27 05:00:00,13835,14234,0,saved,"(512, 512, 6)",gs://suryabench-sharp-pipeline-bamidele/jsoc_2025_2026_production_v1/samples_npz/2025/20250927_0500_HARP13835_NOAA14234.npz,success,2026-06-27T19:54:21.815074+00:00
20250927_0636_HARP13835_NOAA14234,2025_HARP13835_20250927_0500_20250928_0324,2025-09-27 06:36:00,13835,14234,0,saved,"(512, 512, 6)",gs://suryabench-sharp-pipeline-bamidele/jsoc_2025_2026_production_v1/samples_npz/2025/20250927_0636_HARP13835_NOAA14234.npz,success,2026-06-27T19:54:28.478405+00:00
20250927_0812_HARP13835_NOAA14234,2025_HARP13835_20250927_0500_20250928_0324,2025-09-27 08:12:00,13835,14234,0,saved,"(512, 512, 6)",gs://suryabench-sharp-pipeline-bamidele/jsoc_2025_2026_production_v1/samples_npz/2025/20250927_0812_HARP13835_NOAA14234.npz,success,2026-06-27T19:54:35.056111+00:00
20250927_0948_HARP13835_NOAA14234,2025_HARP13835_20250927_0500_20250928_0324,2025-09-27 09:48:00,13835,14234,0,saved,"(512, 512, 6)",gs://suryabench-sharp-pipeline-bamidele/jsoc_2025_2026_production_v1/samples_npz/2025/20250927_0948_HARP13835_NOAA14234.npz,success,2026-06-27T19:54:41.619371+00:00
20250927_1124_HARP13835_NOAA14234,2025_HARP13835_20250927_0500_20250928_0324,2025-09-27 11:24:00,13835,14234,0,saved,"(512, 512, 6)",gs://suryabench-sharp-pipeline-bamidele/jsoc_2025_2026_production_v1/samples_npz/2025/20250927_1124_HARP13835_NOAA14234.npz,success,2026-06-27T19:54:48.170599+00:00
20250927_1300_HARP13835_NOAA14234,2025_HARP13835_20250927_0500_20250928_0324,2025-09-27 13:00:00,13835,14234,0,saved,"(512, 512, 6)",gs://suryabench-sharp-pipeline-bamidele/jsoc_2025_2026_production_v1/samples_npz/2025/20250927_1300_HARP13835_NOAA14234.npz,success,2026-06-27T19:54:54.754942+00:00
20250927_1436_HARP13835_NOAA14234,2025_HARP13835_20250927_0500_20250928_0324,2025-09-27 14:36:00,13835,14234,0,saved,"(512, 512, 6)",gs://suryabench-sharp-pipeline-bamidele/jsoc_2025_2026_production_v1/samples_npz/2025/20250927_1436_HARP13835_NOAA14234.npz,success,2026-06-27T19:55:01.272447+00:00
20250927_1612_HARP13835_NOAA14234,2025_HARP13835_20250927_0500_20250928_0324,2025-09-27 16:12:00,13835,14234,0,saved,"(512, 512, 6)",gs://suryabench-sharp-pipeline-bamidele/jsoc_2025_2026_production_v1/samples_npz/2025/20250927_1612_HARP13835_NOAA14234.npz,success,2026-06-27T19:55:07.786145+00:00
20250927_1748_HARP13835_NOAA14234,2025_HARP13835_20250927_0500_20250928_0324,2025-09-27 17:48:00,13835,14234,0,saved,"(512, 512, 6)",gs://suryabench-sharp-pipeline-bamidele/jsoc_2025_2026_production_v1/samples_npz/2025/20250927_1748_HARP13835_NOAA14234.npz,success,2026-06-27T19:55:14.293230+00:00
20250927_1924_HARP13835_NOAA14234,2025_HARP13835_20250927_0500_20250928_0324,2025-09-27 19:24:00,13835,14234,0,saved,"(512, 512, 6)",gs://suryabench-sharp-pipeline-bamidele/jsoc_2025_2026_production_v1/samples_npz/2025/20250927_1924_HARP13835_NOAA14234.npz,success,2026-06-27T19:55:20.818243+00:00
20250927_2100_HARP13835_NOAA14234,2025_HARP13835_20250927_0500_20250928_0324,2025-09-27 21:00:00,13835,14234,0,saved,"(512, 512, 6)",gs://suryabench-sharp-pipeline-bamidele/jsoc_2025_2026_production_v1/samples_npz/2025/20250927_2100_HARP13835_NOAA14234.npz,success,2026-06-27T19:55:27.331435+00:00
20250927_2236_HARP13835_NOAA14234,2025_HARP13835_20250927_0500_20250928_0324,2025-09-27 22:36:00,13835,14234,0,saved,"(512, 512, 6)",gs://suryabench-sharp-pipeline-bamidele/jsoc_2025_2026_production_v1/samples_npz/2025/20250927_2236_HARP13835_NOAA14234.npz,success,2026-06-27T19:55:33.825334+00:00
20250928_0012_HARP13835_NOAA14234,2025_HARP13835_20250927_0500_20250928_0324,2025-09-28 00:12:00,13835,14234,0,saved,"(512, 512, 6)",gs://suryabench-sharp-pipeline-bamidele/jsoc_2025_2026_production_v1/samples_npz/2025/20250928_0012_HARP13835_NOAA14234.npz,success,2026-06-27T19:55:40.302265+00:00
20250928_0148_HARP13835_NOAA14234,2025_HARP13835_20250927_0500_20250928_0324,2025-09-28 01:48:00,13835,14234,0,saved,"(512, 512, 6)",gs://suryabench-sharp-pipeline-bamidele/jsoc_2025_2026_production_v1/samples_npz/2025/20250928_0148_HARP13835_NOAA14234.npz,success,2026-06-27T19:55:46.811923+00:00
20250928_0324_HARP13835_NOAA14234,2025_HARP13835_20250927_0500_20250928_0324,2025-09-28 03:24:00,13835,14234,0,saved,"(512, 512, 6)",gs://suryabench-sharp-pipeline-bamidele/jsoc_2025_2026_production_v1/samples_npz/2025/20250928_0324_HARP13835_NOAA14234.npz,success,2026-06-27T19:55:53.346453+00:00
20250930_0348_HARP13845_NOAA14237,2025_HARP13845_20250930_0348_20251001_0224,2025-09-30 03:48:00,13845,14237,0,saved,"(512, 512, 6)",gs://suryabench-sharp-pipeline-bamidele/jsoc_2025_2026_production_v1/samples_npz/2025/20250930_0348_HARP13845_NOAA14237.npz,success,2026-06-27T20:38:03.354807+00:00
20250930_0524_HARP13845_NOAA14237,2025_HARP13845_20250930_0348_20251001_0224,2025-09-30 05:24:00,13845,14237,0,saved,"(512, 512, 6)",gs://suryabench-sharp-pipeline-bamidele/jsoc_2025_2026_production_v1/samples_npz/2025/20250930_0524_HARP13845_NOAA14237.npz,success,2026-06-27T20:38:10.021872+00:00
20250930_0700_HARP13845_NOAA14237,2025_HARP13845_20250930_0348_20251001_0224,2025-09-30 07:00:00,13845,14237,0,saved,"(512, 512, 6)",gs://suryabench-sharp-pipeline-bamidele/jsoc_2025_2026_production_v1/samples_npz/2025/20250930_0700_HARP13845_NOAA14237.npz,success,2026-06-27T20:38:16.573627+00:00
20250930_0836_HARP13845_NOAA14237,2025_HARP13845_20250930_0348_20251001_0224,2025-09-30 08:36:00,13845,14237,0,saved,"(512, 512, 6)",gs://suryabench-sharp-pipeline-bamidele/jsoc_2025_2026_production_v1/samples_npz/2025/20250930_0836_HARP13845_NOAA14237.npz,success,2026-06-27T20:38:23.172598+00:00
20250930_1012_HARP13845_NOAA14237,2025_HARP13845_20250930_0348_20251001_0224,2025-09-30 10:12:00,13845,14237,0,saved,"(512, 512, 6)",gs://suryabench-sharp-pipeline-bamidele/jsoc_2025_2026_production_v1/samples_npz/2025/20250930_1012_HARP13845_NOAA14237.npz,success,2026-06-27T20:38:29.762370+00:00
20250930_1148_HARP13845_NOAA14237,2025_HARP13845_20250930_0348_20251001_0224,2025-09-30 11:48:00,13845,14237,0,saved,"(512, 512, 6)",gs://suryabench-sharp-pipeline-bamidele/jsoc_2025_2026_production_v1/samples_npz/2025/20250930_1148_HARP13845_NOAA14237.npz,success,2026-06-27T20:38:36.345313+00:00
20250930_1324_HARP13845_NOAA14237,2025_HARP13845_20250930_0348_20251001_0224,2025-09-30 13:24:00,13845,14237,0,saved,"(512, 512, 6)",gs://suryabench-sharp-pipeline-bamidele/jsoc_2025_2026_production_v1/samples_npz/2025/20250930_1324_HARP13845_NOAA14237.npz,success,2026-06-27T20:38:42.902307+00:00
20250930_1500_HARP13845_NOAA14237,2025_HARP13845_20250930_0348_20251001_0224,2025-09-30 15:00:00,13845,14237,0,saved,"(512, 512, 6)",gs://suryabench-sharp-pipeline-bamidele/jsoc_2025_2026_production_v1/samples_npz/2025/20250930_1500_HARP13845_NOAA14237.npz,success,2026-06-27T20:38:49.501796+00:00
20250930_1636_HARP13845_NOAA14237,2025_HARP13845_20250930_0348_20251001_0224,2025-09-30 16:36:00,13845,14237,0,saved,"(512, 512, 6)",gs://suryabench-sharp-pipeline-bamidele/jsoc_2025_2026_production_v1/samples_npz/2025/20250930_1636_HARP13845_NOAA14237.npz,success,2026-06-27T20:38:56.096862+00:00
20250930_1812_HARP13845_NOAA14237,2025_HARP13845_20250930_0348_20251001_0224,2025-09-30 18:12:00,13845,14237,0,saved,"(512, 512, 6)",gs://suryabench-sharp-pipeline-bamidele/jsoc_2025_2026_production_v1/samples_npz/2025/20250930_1812_HARP13845_NOAA14237.npz,success,2026-06-27T20:39:02.792626+00:00
20250930_2000_HARP13845_NOAA14237,2025_HARP13845_20250930_0348_20251001_0224,2025-09-30 20:00:00,13845,14237,0,saved,"(512, 512, 6)",gs://suryabench-sharp-pipeline-bamidele/jsoc_2025_2026_production_v1/samples_npz/2025/20250930_2000_HARP13845_NOAA14237.npz,success,2026-06-27T20:39:09.426107+00:00
20250930_2136_HARP13845_NOAA14237,2025_HARP13845_20250930_0348_20251001_0224,2025-09-30 21:36:00,13845,14237,0,saved,"(512, 512, 6)",gs://suryabench-sharp-pipeline-bamidele/jsoc_2025_2026_production_v1/samples_npz/2025/20250930_2136_HARP13845_NOAA14237.npz,success,2026-06-27T20:39:16.124370+00:00
20250930_2312_HARP13845_NOAA14237,2025_HARP13845_20250930_0348_20251001_0224,2025-09-30 23:12:00,13845,14237,0,saved,"(512, 512, 6)",gs://suryabench-sharp-pipeline-bamidele/jsoc_2025_2026_production_v1/samples_npz/2025/20250930_2312_HARP13845_NOAA14237.npz,success,2026-06-27T20:39:24.829596+00:00
20251001_0048_HARP13845_NOAA14237,2025_HARP13845_20250930_0348_20251001_0224,2025-10-01 00:48:00,13845,14237,0,saved,"(512, 512, 6)",gs://suryabench-sharp-pipeline-bamidele/jsoc_2025_2026_production_v1/samples_npz/2025/20251001_0048_HARP13845_NOAA14237.npz,success,2026-06-27T20:39:31.683445+00:00
20251001_0224_HARP13845_NOAA14237,2025_HARP13845_20250930_0348_20251001_0224,2025-10-01 02:24:00,13845,14237,0,saved,"(512, 512, 6)",gs://suryabench-sharp-pipeline-bamidele/jsoc_2025_2026_production_v1/samples_npz/2025/20251001_0224_HARP13845_NOAA14237.npz,success,2026-06-27T20:39:38.406992+00:00
20251001_0412_HARP13835_NOAA14234,2025_HARP13835_20251001_0412_20251001_1212,2025-10-01 04:12:00,13835,14234,0,saved,"(512, 512, 6)",gs://suryabench-sharp-pipeline-bamidele/jsoc_2025_2026_production_v1/samples_npz/2025/20251001_0412_HARP13835_NOAA14234.npz,success,2026-06-27T20:47:29.656467+00:00
20251001_0548_HARP13835_NOAA14234,2025_HARP13835_20251001_0412_20251001_1212,2025-10-01 05:48:00,13835,14234,0,saved,"(512, 512, 6)",gs://suryabench-sharp-pipeline-bamidele/jsoc_2025_2026_production_v1/samples_npz/2025/20251001_0548_HARP13835_NOAA14234.npz,success,2026-06-27T20:47:36.183008+00:00
20251001_0724_HARP13835_NOAA14234,2025_HARP13835_20251001_0412_20251001_1212,2025-10-01 07:24:00,13835,14234,0,saved,"(512, 512, 6)",gs://suryabench-sharp-pipeline-bamidele/jsoc_2025_2026_production_v1/samples_npz/2025/20251001_0724_HARP13835_NOAA14234.npz,success,2026-06-27T20:47:42.648301+00:00
20251001_0900_HARP13835_NOAA14234,2025_HARP13835_20251001_0412_20251001_1212,2025-10-01 09:00:00,13835,14234,0,saved,"(512, 512, 6)",gs://suryabench-sharp-pipeline-bamidele/jsoc_2025_2026_production_v1/samples_npz/2025/20251001_0900_HARP13835_NOAA14234.npz,success,2026-06-27T20:47:49.158345+00:00
20251001_1036_HARP13835_NOAA14234,2025_HARP13835_20251001_0412_20251001_1212,2025-10-01 10:36:00,13835,14234,0,saved,"(512, 512, 6)",gs://suryabench-sharp-pipeline-bamidele/jsoc_2025_2026_production_v1/samples_npz/2025/20251001_1036_HARP13835_NOAA14234.npz,success,2026-06-27T20:47:55.543267+00:00
20251001_1212_HARP13835_NOAA14234,2025_HARP13835_20251001_0412_20251001_1212,2025-10-01 12:12:00,13835,14234,0,saved,"(512, 512, 6)",gs://suryabench-sharp-pipeline-bamidele/jsoc_2025_2026_production_v1/samples_npz/2025/20251001_1212_HARP13835_NOAA14234.npz,success,2026-06-27T20:48:01.949213+00:00
20251002_2200_HARP13831_NOAA14232,2025_HARP13831_20251002_2200_20251003_0424,2025-10-02 22:00:00,13831,14232,0,saved,"(512, 512, 6)",gs://suryabench-sharp-pipeline-bamidele/jsoc_2025_2026_production_v1/samples_npz/2025/20251002_2200_HARP13831_NOAA14232.npz,success,2026-06-27T20:58:09.048411+00:00
20251002_2336_HARP13831_NOAA14232,2025_HARP13831_20251002_2200_20251003_0424,2025-10-02 23:36:00,13831,14232,0,saved,"(512, 512, 6)",gs://suryabench-sharp-pipeline-bamidele/jsoc_2025_2026_production_v1/samples_npz/2025/20251002_2336_HARP13831_NOAA14232.npz,success,2026-06-27T20:58:16.236335+00:00
20251003_0112_HARP13831_NOAA14232,2025_HARP13831_20251002_2200_20251003_0424,2025-10-03 01:12:00,13831,14232,0,saved,"(512, 512, 6)",gs://suryabench-sharp-pipeline-bamidele/jsoc_2025_2026_production_v1/samples_npz/2025/20251003_0112_HARP13831_NOAA14232.npz,success,2026-06-27T20:58:23.304290+00:00
20251003_0248_HARP13831_NOAA14232,2025_HARP13831_20251002_2200_20251003_0424,2025-10-03 02:48:00,13831,14232,0,saved,"(512, 512, 6)",gs://suryabench-sharp-pipeline-bamidele/jsoc_2025_2026_production_v1/samples_npz/2025/20251003_0248_HARP13831_NOAA14232.npz,success,2026-06-27T20:58:30.329897+00:00
20251003_0424_HARP13831_NOAA14232,2025_HARP13831_20251002_2200_20251003_0424,2025-10-03 04:24:00,13831,14232,0,saved,"(512, 512, 6)",gs://suryabench-sharp-pipeline-bamidele/jsoc_2025_2026_production_v1/samples_npz/2025/20251003_0424_HARP13831_NOAA14232.npz,success,2026-06-27T20:58:37.334949+00:00
20251003_1936_HARP13855_NOAA14242,2025_HARP13855_20251003_1936_20251003_1936,2025-10-03 19:36:00,13855,14242,0,saved,"(512, 512, 6)",gs://suryabench-sharp-pipeline-bamidele/jsoc_2025_2026_production_v1/samples_npz/2025/20251003_1936_HARP13855_NOAA14242.npz,success,2026-06-27T21:07:11.122721+00:00
20251004_0800_HARP13852_NOAA14240,2025_HARP13852_20251004_0800_20251005_0624,2025-10-04 08:00:00,13852,14240,0,saved,"(512, 512, 6)",gs://suryabench-sharp-pipeline-bamidele/jsoc_2025_2026_production_v1/samples_npz/2025/20251004_0800_HARP13852_NOAA14240.npz,success,2026-06-27T21:19:08.621877+00:00
20251004_0936_HARP13852_NOAA14240,2025_HARP13852_20251004_0800_20251005_0624,2025-10-04 09:36:00,13852,14240,0,saved,"(512, 512, 6)",gs://suryabench-sharp-pipeline-bamidele/jsoc_2025_2026_production_v1/samples_npz/2025/20251004_0936_HARP13852_NOAA14240.npz,success,2026-06-27T21:19:15.406314+00:00
20251004_1112_HARP13852_NOAA14240,2025_HARP13852_20251004_0800_20251005_0624,2025-10-04 11:12:00,13852,14240,0,saved,"(512, 512, 6)",gs://suryabench-sharp-pipeline-bamidele/jsoc_2025_2026_production_v1/samples_npz/2025/20251004_1112_HARP13852_NOAA14240.npz,success,2026-06-27T21:19:22.151907+00:00
20251004_1248_HARP13852_NOAA14240,2025_HARP13852_20251004_0800_20251005_0624,2025-10-04 12:48:00,13852,14240,0,saved,"(512, 512, 6)",gs://suryabench-sharp-pipeline-bamidele/jsoc_2025_2026_production_v1/samples_npz/2025/20251004_1248_HARP13852_NOAA14240.npz,success,2026-06-27T21:19:28.891810+00:00
20251004_1424_HARP13852_NOAA14240,2025_HARP13852_20251004_0800_20251005_0624,2025-10-04 14:24:00,13852,14240,0,saved,"(512, 512, 6)",gs://suryabench-sharp-pipeline-bamidele/jsoc_2025_2026_production_v1/samples_npz/2025/20251004_1424_HARP13852_NOAA14240.npz,success,2026-06-27T21:19:35.524554+00:00
20251004_1600_HARP13852_NOAA14240,2025_HARP13852_20251004_0800_20251005_0624,2025-10-04 16:00:00,13852,14240,0,saved,"(512, 512, 6)",gs://suryabench-sharp-pipeline-bamidele/jsoc_2025_2026_production_v1/samples_npz/2025/20251004_1600_HARP13852_NOAA14240.npz,success,2026-06-27T21:19:43.237731+00:00
20251004_1736_HARP13852_NOAA14240,2025_HARP13852_20251004_0800_20251005_0624,2025-10-04 17:36:00,13852,14240,0,saved,"(512, 512, 6)",gs://suryabench-sharp-pipeline-bamidele/jsoc_2025_2026_production_v1/samples_npz/2025/20251004_1736_HARP13852_NOAA14240.npz,success,2026-06-27T21:19:49.948466+00:00
20251004_1912_HARP13852_NOAA14240,2025_HARP13852_20251004_0800_20251005_0624,2025-10-04 19:12:00,13852,14240,0,saved,"(512, 512, 6)",gs://suryabench-sharp-pipeline-bamidele/jsoc_2025_2026_production_v1/samples_npz/2025/20251004_1912_HARP13852_NOAA14240.npz,success,2026-06-27T21:19:56.699061+00:00
20251004_2048_HARP13852_NOAA14240,2025_HARP13852_20251004_0800_20251005_0624,2025-10-04 20:48:00,13852,14240,0,saved,"(512, 512, 6)",gs://suryabench-sharp-pipeline-bamidele/jsoc_2025_2026_production_v1/samples_npz/2025/20251004_2048_HARP13852_NOAA14240.npz,success,2026-06-27T21:20:03.699465+00:00
20251004_2224_HARP13852_NOAA14240,2025_HARP13852_20251004_0800_20251005_0624,2025-10-04 22:24:00,13852,14240,0,saved,"(512, 512, 6)",gs://suryabench-sharp-pipeline-bamidele/jsoc_2025_2026_production_v1/samples_npz/2025/20251004_2224_HARP13852_NOAA14240.npz,success,2026-06-27T21:20:10.396095+00:00
20251005_0000_HARP13852_NOAA14240,2025_HARP13852_20251004_0800_20251005_0624,2025-10-05 00:00:00,13852,14240,0,saved,"(512, 512, 6)",gs://suryabench-sharp-pipeline-bamidele/jsoc_2025_2026_production_v1/samples_npz/2025/20251005_0000_HARP13852_NOAA14240.npz,success,2026-06-27T21:20:16.930146+00:00
20251005_0136_HARP13852_NOAA14240,2025_HARP13852_20251004_0800_20251005_0624,2025-10-05 01:36:00,13852,14240,0,saved,"(512, 512, 6)",gs://suryabench-sharp-pipeline-bamidele/jsoc_2025_2026_production_v1/samples_npz/2025/20251005_0136_HARP13852_NOAA14240.npz,success,2026-06-27T21:20:23.498874+00:00
20251005_0312_HARP13852_NOAA14240,2025_HARP13852_20251004_0800_20251005_0624,2025-10-05 03:12:00,13852,14240,0,saved,"(512, 512, 6)",gs://suryabench-sharp-pipeline-bamidele/jsoc_2025_2026_production_v1/samples_npz/2025/20251005_0312_HARP13852_NOAA14240.npz,success,2026-06-27T21:20:30.088894+00:00
20251005_0448_HARP13852_NOAA14240,2025_HARP13852_20251004_0800_20251005_0624,2025-10-05 04:48:00,13852,14240,0,saved,"(512, 512, 6)",gs://suryabench-sharp-pipeline-bamidele/jsoc_2025_2026_production_v1/samples_npz/2025/20251005_0448_HARP13852_NOAA14240.npz,success,2026-06-27T21:20:36.648965+00:00
20251005_0624_HARP13852_NOAA14240,2025_HARP13852_20251004_0800_20251005_0624,2025-10-05 06:24:00,13852,14240,0,saved,"(512, 512, 6)",gs://suryabench-sharp-pipeline-bamidele/jsoc_2025_2026_production_v1/samples_npz/2025/20251005_0624_HARP13852_NOAA14240.npz,success,2026-06-27T21:20:43.165772+00:00
20251005_1936_HARP13855_NOAA14242,2025_HARP13855_20251005_1936_20251006_1624,2025-10-05 19:36:00,13855,14242,0,saved,"(512, 512, 6)",gs://suryabench-sharp-pipeline-bamidele/jsoc_2025_2026_production_v1/samples_npz/2025/20251005_1936_HARP13855_NOAA14242.npz,success,2026-06-27T21:33:44.786500+00:00
20251005_2112_HARP13855_NOAA14242,2025_HARP13855_20251005_1936_20251006_1624,2025-10-05 21:12:00,13855,14242,0,saved,"(512, 512, 6)",gs://suryabench-sharp-pipeline-bamidele/jsoc_2025_2026_production_v1/samples_npz/2025/20251005_2112_HARP13855_NOAA14242.npz,success,2026-06-27T21:33:51.741317+00:00
20251005_2248_HARP13855_NOAA14242,2025_HARP13855_20251005_1936_20251006_1624,2025-10-05 22:48:00,13855,14242,0,saved,"(512, 512, 6)",gs://suryabench-sharp-pipeline-bamidele/jsoc_2025_2026_production_v1/samples_npz/2025/20251005_2248_HARP13855_NOAA14242.npz,success,2026-06-27T21:33:58.591263+00:00
20251006_0024_HARP13855_NOAA14242,2025_HARP13855_20251005_1936_20251006_1624,2025-10-06 00:24:00,13855,14242,0,saved,"(512, 512, 6)",gs://suryabench-sharp-pipeline-bamidele/jsoc_2025_2026_production_v1/samples_npz/2025/20251006_0024_HARP13855_NOAA14242.npz,success,2026-06-27T21:34:05.464540+00:00
20251006_0200_HARP13855_NOAA14242,2025_HARP13855_20251005_1936_20251006_1624,2025-10-06 02:00:00,13855,14242,0,saved,"(512, 512, 6)",gs://suryabench-sharp-pipeline-bamidele/jsoc_2025_2026_production_v1/samples_npz/2025/20251006_0200_HARP13855_NOAA14242.npz,success,2026-06-27T21:34:12.302212+00:00
20251006_0336_HARP13855_NOAA14242,2025_HARP13855_20251005_1936_20251006_1624,2025-10-06 03:36:00,13855,14242,0,saved,"(512, 512, 6)",gs://suryabench-sharp-pipeline-bamidele/jsoc_2025_2026_production_v1/samples_npz/2025/20251006_0336_HARP13855_NOAA14242.npz,success,2026-06-27T21:34:19.113239+00:00
20251006_0512_HARP13855_NOAA14242,2025_HARP13855_20251005_1936_20251006_1624,2025-10-06 05:12:00,13855,14242,0,saved,"(512, 512, 6)",gs://suryabench-sharp-pipeline-bamidele/jsoc_2025_2026_production_v1/samples_npz/2025/20251006_0512_HARP13855_NOAA14242.npz,success,2026-06-27T21:34:25.885574+00:00
20251006_0648_HARP13855_NOAA14242,2025_HARP13855_20251005_1936_20251006_1624,2025-10-06 06:48:00,13855,14242,0,saved,"(512, 512, 6)",gs://suryabench-sharp-pipeline-bamidele/jsoc_2025_2026_production_v1/samples_npz/2025/20251006_0648_HARP13855_NOAA14242.npz,success,2026-06-27T21:34:32.599358+00:00
20251006_0824_HARP13855_NOAA14242,2025_HARP13855_20251005_1936_20251006_1624,2025-10-06 08:24:00,13855,14242,0,saved,"(512, 512, 6)",gs://suryabench-sharp-pipeline-bamidele/jsoc_2025_2026_production_v1/samples_npz/2025/20251006_0824_HARP13855_NOAA14242.npz,success,2026-06-27T21:34:39.307260+00:00
20251006_1000_HARP13855_NOAA14242,2025_HARP13855_20251005_1936_20251006_1624,2025-10-06 10:00:00,13855,14242,0,saved,"(512, 512, 6)",gs://suryabench-sharp-pipeline-bamidele/jsoc_2025_2026_production_v1/samples_npz/2025/20251006_1000_HARP13855_NOAA14242.npz,success,2026-06-27T21:34:46.082648+00:00
20251006_1136_HARP13855_NOAA14242,2025_HARP13855_20251005_1936_20251006_1624,2025-10-06 11:36:00,13855,14242,0,saved,"(512, 512, 6)",gs://suryabench-sharp-pipeline-bamidele/jsoc_2025_2026_production_v1/samples_npz/2025/20251006_1136_HARP13855_NOAA14242.npz,success,2026-06-27T21:34:52.850973+00:00
20251006_1312_HARP13855_NOAA14242,2025_HARP13855_20251005_1936_20251006_1624,2025-10-06 13:12:00,13855,14242,0,saved,"(512, 512, 6)",gs://suryabench-sharp-pipeline-bamidele/jsoc_2025_2026_production_v1/samples_npz/2025/20251006_1312_HARP13855_NOAA14242.npz,success,2026-06-27T21:34:59.590322+00:00
20251006_1448_HARP13855_NOAA14242,2025_HARP13855_20251005_1936_20251006_1624,2025-10-06 14:48:00,13855,14242,0,saved,"(512, 512, 6)",gs://suryabench-sharp-pipeline-bamidele/jsoc_2025_2026_production_v1/samples_npz/2025/20251006_1448_HARP13855_NOAA14242.npz,success,2026-06-27T21:35:06.369783+00:00
20251006_1624_HARP13855_NOAA14242,2025_HARP13855_20251005_1936_20251006_1624,2025-10-06 16:24:00,13855,14242,0,saved,"(512, 512, 6)",gs://suryabench-sharp-pipeline-bamidele/jsoc_2025_2026_production_v1/samples_npz/2025/20251006_1624_HARP13855_NOAA14242.npz,success,2026-06-27T21:35:13.210404+00:00
20251006_1324_HARP13876_NOAA14247,2025_HARP13876_20251006_1324_20251007_1148,2025-10-06 13:24:00,13876,14247,0,saved,"(512, 512, 6)",gs://suryabench-sharp-pipeline-bamidele/jsoc_2025_2026_production_v1/samples_npz/2025/20251006_1324_HARP13876_NOAA14247.npz,success,2026-06-27T21:45:39.018942+00:00
20251006_1500_HARP13876_NOAA14247,2025_HARP13876_20251006_1324_20251007_1148,2025-10-06 15:00:00,13876,14247,0,saved,"(512, 512, 6)",gs://suryabench-sharp-pipeline-bamidele/jsoc_2025_2026_production_v1/samples_npz/2025/20251006_1500_HARP13876_NOAA14247.npz,success,2026-06-27T21:45:45.610624+00:00
20251006_1636_HARP13876_NOAA14247,2025_HARP13876_20251006_1324_20251007_1148,2025-10-06 16:36:00,13876,14247,0,saved,"(512, 512, 6)",gs://suryabench-sharp-pipeline-bamidele/jsoc_2025_2026_production_v1/samples_npz/2025/20251006_1636_HARP13876_NOAA14247.npz,success,2026-06-27T21:45:52.981973+00:00
20251006_1812_HARP13876_NOAA14247,2025_HARP13876_20251006_1324_20251007_1148,2025-10-06 18:12:00,13876,14247,0,saved,"(512, 512, 6)",gs://suryabench-sharp-pipeline-bamidele/jsoc_2025_2026_production_v1/samples_npz/2025/20251006_1812_HARP13876_NOAA14247.npz,success,2026-06-27T21:45:59.606130+00:00
20251006_1948_HARP13876_NOAA14247,2025_HARP13876_20251006_1324_20251007_1148,2025-10-06 19:48:00,13876,14247,0,saved,"(512, 512, 6)",gs://suryabench-sharp-pipeline-bamidele/jsoc_2025_2026_production_v1/samples_npz/2025/20251006_1948_HARP13876_NOAA14247.npz,success,2026-06-27T21:46:06.180579+00:00
20251006_2124_HARP13876_NOAA14247,2025_HARP13876_20251006_1324_20251007_1148,2025-10-06 21:24:00,13876,14247,0,saved,"(512, 512, 6)",gs://suryabench-sharp-pipeline-bamidele/jsoc_2025_2026_production_v1/samples_npz/2025/20251006_2124_HARP13876_NOAA14247.npz,success,2026-06-27T21:46:12.751522+00:00
20251006_2300_HARP13876_NOAA14247,2025_HARP13876_20251006_1324_20251007_1148,2025-10-06 23:00:00,13876,14247,0,saved,"(512, 512, 6)",gs://suryabench-sharp-pipeline-bamidele/jsoc_2025_2026_production_v1/samples_npz/2025/20251006_2300_HARP13876_NOAA14247.npz,success,2026-06-27T21:46:19.383089+00:00
20251007_0036_HARP13876_NOAA14247,2025_HARP13876_20251006_1324_20251007_1148,2025-10-07 00:36:00,13876,14247,0,saved,"(512, 512, 6)",gs://suryabench-sharp-pipeline-bamidele/jsoc_2025_2026_production_v1/samples_npz/2025/20251007_0036_HARP13876_NOAA14247.npz,success,2026-06-27T21:46:25.986023+00:00
20251007_0212_HARP13876_NOAA14247,2025_HARP13876_20251006_1324_20251007_1148,2025-10-07 02:12:00,13876,14247,0,saved,"(512, 512, 6)",gs://suryabench-sharp-pipeline-bamidele/jsoc_2025_2026_production_v1/samples_npz/2025/20251007_0212_HARP13876_NOAA14247.npz,success,2026-06-27T21:46:32.544937+00:00
20251007_0348_HARP13876_NOAA14247,2025_HARP13876_20251006_1324_20251007_1148,2025-10-07 03:48:00,13876,14247,0,saved,"(512, 512, 6)",gs://suryabench-sharp-pipeline-bamidele/jsoc_2025_2026_production_v1/samples_npz/2025/20251007_0348_HARP13876_NOAA14247.npz,success,2026-06-27T21:46:39.079511+00:00
20251007_0524_HARP13876_NOAA14247,2025_HARP13876_20251006_1324_20251007_1148,2025-10-07 05:24:00,13876,14247,0,saved,"(512, 512, 6)",gs://suryabench-sharp-pipeline-bamidele/jsoc_2025_2026_production_v1/samples_npz/2025/20251007_0524_HARP13876_NOAA14247.npz,success,2026-06-27T21:46:45.589486+00:00
20251007_0700_HARP13876_NOAA14247,2025_HARP13876_20251006_1324_20251007_1148,2025-10-07 07:00:00,13876,14247,0,saved,"(512, 512, 6)",gs://suryabench-sharp-pipeline-bamidele/jsoc_2025_2026_production_v1/samples_npz/2025/20251007_0700_HARP13876_NOAA14247.npz,success,2026-06-27T21:46:52.145500+00:00
20251007_0836_HARP13876_NOAA14247,2025_HARP13876_20251006_1324_20251007_1148,2025-10-07 08:36:00,13876,14247,0,saved,"(512, 512, 6)",gs://suryabench-sharp-pipeline-bamidele/jsoc_2025_2026_production_v1/samples_npz/2025/20251007_0836_HARP13876_NOAA14247.npz,success,2026-06-27T21:46:58.618083+00:00
20251007_1012_HARP13876_NOAA14247,2025_HARP13876_20251006_1324_20251007_1148,2025-10-07 10:12:00,13876,14247,0,saved,"(512, 512, 6)",gs://suryabench-sharp-pipeline-bamidele/jsoc_2025_2026_production_v1/samples_npz/2025/20251007_1012_HARP13876_NOAA14247.npz,success,2026-06-27T21:47:05.129503+00:00
20251007_1148_HARP13876_NOAA14247,2025_HARP13876_20251006_1324_20251007_1148,2025-10-07 11:48:00,13876,14247,0,saved,"(512, 512, 6)",gs://suryabench-sharp-pipeline-bamidele/jsoc_2025_2026_production_v1/samples_npz/2025/20251007_1148_HARP13876_NOAA14247.npz,success,2026-06-27T21:47:11.616371+00:00
20251007_0800_HARP13852_NOAA14240,2025_HARP13852_20251007_0800_20251008_0336,2025-10-07 08:00:00,13852,14240,0,saved,"(512, 512, 6)",gs://suryabench-sharp-pipeline-bamidele/jsoc_2025_2026_production_v1/samples_npz/2025/20251007_0800_HARP13852_NOAA14240.npz,success,2026-06-27T22:04:10.138318+00:00
20251007_0936_HARP13852_NOAA14240,2025_HARP13852_20251007_0800_20251008_0336,2025-10-07 09:36:00,13852,14240,0,saved,"(512, 512, 6)",gs://suryabench-sharp-pipeline-bamidele/jsoc_2025_2026_production_v1/samples_npz/2025/20251007_0936_HARP13852_NOAA14240.npz,success,2026-06-27T22:04:17.896072+00:00
20251007_1112_HARP13852_NOAA14240,2025_HARP13852_20251007_0800_20251008_0336,2025-10-07 11:12:00,13852,14240,0,saved,"(512, 512, 6)",gs://suryabench-sharp-pipeline-bamidele/jsoc_2025_2026_production_v1/samples_npz/2025/20251007_1112_HARP13852_NOAA14240.npz,success,2026-06-27T22:04:24.950362+00:00
20251007_1248_HARP13852_NOAA14240,2025_HARP13852_20251007_0800_20251008_0336,2025-10-07 12:48:00,13852,14240,0,saved,"(512, 512, 6)",gs://suryabench-sharp-pipeline-bamidele/jsoc_2025_2026_production_v1/samples_npz/2025/20251007_1248_HARP13852_NOAA14240.npz,success,2026-06-27T22:04:31.716972+00:00
20251007_1424_HARP13852_NOAA14240,2025_HARP13852_20251007_0800_20251008_0336,2025-10-07 14:24:00,13852,14240,0,saved,"(512, 512, 6)",gs://suryabench-sharp-pipeline-bamidele/jsoc_2025_2026_production_v1/samples_npz/2025/20251007_1424_HARP13852_NOAA14240.npz,success,2026-06-27T22:04:38.456470+00:00
20251007_1600_HARP13852_NOAA14240,2025_HARP13852_20251007_0800_20251008_0336,2025-10-07 16:00:00,13852,14240,0,saved,"(512, 512, 6)",gs://suryabench-sharp-pipeline-bamidele/jsoc_2025_2026_production_v1/samples_npz/2025/20251007_1600_HARP13852_NOAA14240.npz,success,2026-06-27T22:04:45.128958+00:00
20251007_1736_HARP13852_NOAA14240,2025_HARP13852_20251007_0800_20251008_0336,2025-10-07 17:36:00,13852,14240,0,saved,"(512, 512, 6)",gs://suryabench-sharp-pipeline-bamidele/jsoc_2025_2026_production_v1/samples_npz/2025/20251007_1736_HARP13852_NOAA14240.npz,success,2026-06-27T22:04:51.907960+00:00
20251007_1912_HARP13852_NOAA14240,2025_HARP13852_20251007_0800_20251008_0336,2025-10-07 19:12:00,13852,14240,0,saved,"(512, 512, 6)",gs://suryabench-sharp-pipeline-bamidele/jsoc_2025_2026_production_v1/samples_npz/2025/20251007_1912_HARP13852_NOAA14240.npz,success,2026-06-27T22:04:58.554830+00:00
20251007_2112_HARP13852_NOAA14240,2025_HARP13852_20251007_0800_20251008_0336,2025-10-07 21:12:00,13852,14240,0,saved,"(512, 512, 6)",gs://suryabench-sharp-pipeline-bamidele/jsoc_2025_2026_production_v1/samples_npz/2025/20251007_2112_HARP13852_NOAA14240.npz,success,2026-06-27T22:05:05.153283+00:00
20251007_2248_HARP13852_NOAA14240,2025_HARP13852_20251007_0800_20251008_0336,2025-10-07 22:48:00,13852,14240,0,saved,"(512, 512, 6)",gs://suryabench-sharp-pipeline-bamidele/jsoc_2025_2026_production_v1/samples_npz/2025/20251007_2248_HARP13852_NOAA14240.npz,success,2026-06-27T22:05:11.771303+00:00
20251008_0024_HARP13852_NOAA14240,2025_HARP13852_20251007_0800_20251008_0336,2025-10-08 00:24:00,13852,14240,0,saved,"(512, 512, 6)",gs://suryabench-sharp-pipeline-bamidele/jsoc_2025_2026_production_v1/samples_npz/2025/20251008_0024_HARP13852_NOAA14240.npz,success,2026-06-27T22:05:18.485238+00:00
20251008_0200_HARP13852_NOAA14240,2025_HARP13852_20251007_0800_20251008_0336,2025-10-08 02:00:00,13852,14240,0,saved,"(512, 512, 6)",gs://suryabench-sharp-pipeline-bamidele/jsoc_2025_2026_production_v1/samples_npz/2025/20251008_0200_HARP13852_NOAA14240.npz,success,2026-06-27T22:05:25.160251+00:00
20251008_0336_HARP13852_NOAA14240,2025_HARP13852_20251007_0800_20251008_0336,2025-10-08 03:36:00,13852,14240,0,saved,"(512, 512, 6)",gs://suryabench-sharp-pipeline-bamidele/jsoc_2025_2026_production_v1/samples_npz/2025/20251008_0336_HARP13852_NOAA14240.npz,success,2026-06-27T22:05:31.839381+00:00
20251008_0712_HARP13852_NOAA14240,2025_HARP13852_20251008_0712_20251008_1336,2025-10-08 07:12:00,13852,14240,0,saved,"(512, 512, 6)",gs://suryabench-sharp-pipeline-bamidele/jsoc_2025_2026_production_v1/samples_npz/2025/20251008_0712_HARP13852_NOAA14240.npz,success,2026-06-27T22:13:58.741935+00:00
20251008_0848_HARP13852_NOAA14240,2025_HARP13852_20251008_0712_20251008_1336,2025-10-08 08:48:00,13852,14240,0,saved,"(512, 512, 6)",gs://suryabench-sharp-pipeline-bamidele/jsoc_2025_2026_production_v1/samples_npz/2025/20251008_0848_HARP13852_NOAA14240.npz,success,2026-06-27T22:14:06.272396+00:00
20251008_1024_HARP13852_NOAA14240,2025_HARP13852_20251008_0712_20251008_1336,2025-10-08 10:24:00,13852,14240,0,saved,"(512, 512, 6)",gs://suryabench-sharp-pipeline-bamidele/jsoc_2025_2026_production_v1/samples_npz/2025/20251008_1024_HARP13852_NOAA14240.npz,success,2026-06-27T22:14:13.149136+00:00
20251008_1200_HARP13852_NOAA14240,2025_HARP13852_20251008_0712_20251008_1336,2025-10-08 12:00:00,13852,14240,0,saved,"(512, 512, 6)",gs://suryabench-sharp-pipeline-bamidele/jsoc_2025_2026_production_v1/samples_npz/2025/20251008_1200_HARP13852_NOAA14240.npz,success,2026-06-27T22:14:19.927866+00:00
20251008_1336_HARP13852_NOAA14240,2025_HARP13852_20251008_0712_20251008_1336,2025-10-08 13:36:00,13852,14240,0,saved,"(512, 512, 6)",gs://suryabench-sharp-pipeline-bamidele/jsoc_2025_2026_production_v1/samples_npz/2025/20251008_1336_HARP13852_NOAA14240.npz,success,2026-06-27T22:14:26.690912+00:00
20251008_2248_HARP13866_NOAA14243,2025_HARP13866_20251008_2248_20251009_1624,2025-10-08 22:48:00,13866,14243,0,saved,"(512, 512, 6)",gs://suryabench-sharp-pipeline-bamidele/jsoc_2025_2026_production_v1/samples_npz/2025/20251008_2248_HARP13866_NOAA14243.npz,success,2026-06-27T22:24:44.474973+00:00
20251009_0024_HARP13866_NOAA14243,2025_HARP13866_20251008_2248_20251009_1624,2025-10-09 00:24:00,13866,14243,0,saved,"(512, 512, 6)",gs://suryabench-sharp-pipeline-bamidele/jsoc_2025_2026_production_v1/samples_npz/2025/20251009_0024_HARP13866_NOAA14243.npz,success,2026-06-27T22:24:51.328852+00:00
20251009_0200_HARP13866_NOAA14243,2025_HARP13866_20251008_2248_20251009_1624,2025-10-09 02:00:00,13866,14243,0,saved,"(512, 512, 6)",gs://suryabench-sharp-pipeline-bamidele/jsoc_2025_2026_production_v1/samples_npz/2025/20251009_0200_HARP13866_NOAA14243.npz,success,2026-06-27T22:24:58.153037+00:00
20251009_0336_HARP13866_NOAA14243,2025_HARP13866_20251008_2248_20251009_1624,2025-10-09 03:36:00,13866,14243,0,saved,"(512, 512, 6)",gs://suryabench-sharp-pipeline-bamidele/jsoc_2025_2026_production_v1/samples_npz/2025/20251009_0336_HARP13866_NOAA14243.npz,success,2026-06-27T22:25:04.924435+00:00
20251009_0512_HARP13866_NOAA14243,2025_HARP13866_20251008_2248_20251009_1624,2025-10-09 05:12:00,13866,14243,0,saved,"(512, 512, 6)",gs://suryabench-sharp-pipeline-bamidele/jsoc_2025_2026_production_v1/samples_npz/2025/20251009_0512_HARP13866_NOAA14243.npz,success,2026-06-27T22:25:11.775648+00:00
20251009_0648_HARP13866_NOAA14243,2025_HARP13866_20251008_2248_20251009_1624,2025-10-09 06:48:00,13866,14243,0,saved,"(512, 512, 6)",gs://suryabench-sharp-pipeline-bamidele/jsoc_2025_2026_production_v1/samples_npz/2025/20251009_0648_HARP13866_NOAA14243.npz,success,2026-06-27T22:25:18.560889+00:00
20251009_0824_HARP13866_NOAA14243,2025_HARP13866_20251008_2248_20251009_1624,2025-10-09 08:24:00,13866,14243,0,saved,"(512, 512, 6)",gs://suryabench-sharp-pipeline-bamidele/jsoc_2025_2026_production_v1/samples_npz/2025/20251009_0824_HARP13866_NOAA14243.npz,success,2026-06-27T22:25:25.349368+00:00
20251009_1000_HARP13866_NOAA14243,2025_HARP13866_20251008_2248_20251009_1624,2025-10-09 10:00:00,13866,14243,0,saved,"(512, 512, 6)",gs://suryabench-sharp-pipeline-bamidele/jsoc_2025_2026_production_v1/samples_npz/2025/20251009_1000_HARP13866_NOAA14243.npz,success,2026-06-27T22:25:32.072477+00:00
20251009_1136_HARP13866_NOAA14243,2025_HARP13866_20251008_2248_20251009_1624,2025-10-09 11:36:00,13866,14243,0,saved,"(512, 512, 6)",gs://suryabench-sharp-pipeline-bamidele/jsoc_2025_2026_production_v1/samples_npz/2025/20251009_1136_HARP13866_NOAA14243.npz,success,2026-06-27T22:25:38.729467+00:00
20251009_1312_HARP13866_NOAA14243,2025_HARP13866_20251008_2248_20251009_1624,2025-10-09 13:12:00,13866,14243,0,saved,"(512, 512, 6)",gs://suryabench-sharp-pipeline-bamidele/jsoc_2025_2026_production_v1/samples_npz/2025/20251009_1312_HARP13866_NOAA14243.npz,success,2026-06-27T22:25:45.332295+00:00
20251009_1448_HARP13866_NOAA14243,2025_HARP13866_20251008_2248_20251009_1624,2025-10-09 14:48:00,13866,14243,0,saved,"(512, 512, 6)",gs://suryabench-sharp-pipeline-bamidele/jsoc_2025_2026_production_v1/samples_npz/2025/20251009_1448_HARP13866_NOAA14243.npz,success,2026-06-27T22:25:52.108313+00:00
20251009_1624_HARP13866_NOAA14243,2025_HARP13866_20251008_2248_20251009_1624,2025-10-09 16:24:00,13866,14243,0,saved,"(512, 512, 6)",gs://suryabench-sharp-pipeline-bamidele/jsoc_2025_2026_production_v1/samples_npz/2025/20251009_1624_HARP13866_NOAA14243.npz,success,2026-06-27T22:25:58.842377+00:00
20251009_1936_HARP13872_NOAA14244,2025_HARP13872_20251009_1936_20251010_1448,2025-10-09 19:36:00,13872,14244,0,saved,"(512, 512, 6)",gs://suryabench-sharp-pipeline-bamidele/jsoc_2025_2026_production_v1/samples_npz/2025/20251009_1936_HARP13872_NOAA14244.npz,success,2026-06-27T22:35:57.248686+00:00
20251009_2112_HARP13872_NOAA14244,2025_HARP13872_20251009_1936_20251010_1448,2025-10-09 21:12:00,13872,14244,0,saved,"(512, 512, 6)",gs://suryabench-sharp-pipeline-bamidele/jsoc_2025_2026_production_v1/samples_npz/2025/20251009_2112_HARP13872_NOAA14244.npz,success,2026-06-27T22:36:03.939732+00:00
20251009_2248_HARP13872_NOAA14244,2025_HARP13872_20251009_1936_20251010_1448,2025-10-09 22:48:00,13872,14244,0,saved,"(512, 512, 6)",gs://suryabench-sharp-pipeline-bamidele/jsoc_2025_2026_production_v1/samples_npz/2025/20251009_2248_HARP13872_NOAA14244.npz,success,2026-06-27T22:36:10.609746+00:00
20251010_0024_HARP13872_NOAA14244,2025_HARP13872_20251009_1936_20251010_1448,2025-10-10 00:24:00,13872,14244,0,saved,"(512, 512, 6)",gs://suryabench-sharp-pipeline-bamidele/jsoc_2025_2026_production_v1/samples_npz/2025/20251010_0024_HARP13872_NOAA14244.npz,success,2026-06-27T22:36:18.835451+00:00
20251010_0200_HARP13872_NOAA14244,2025_HARP13872_20251009_1936_20251010_1448,2025-10-10 02:00:00,13872,14244,0,saved,"(512, 512, 6)",gs://suryabench-sharp-pipeline-bamidele/jsoc_2025_2026_production_v1/samples_npz/2025/20251010_0200_HARP13872_NOAA14244.npz,success,2026-06-27T22:36:25.701341+00:00
20251010_0336_HARP13872_NOAA14244,2025_HARP13872_20251009_1936_20251010_1448,2025-10-10 03:36:00,13872,14244,0,saved,"(512, 512, 6)",gs://suryabench-sharp-pipeline-bamidele/jsoc_2025_2026_production_v1/samples_npz/2025/20251010_0336_HARP13872_NOAA14244.npz,success,2026-06-27T22:36:32.394831+00:00
20251010_0512_HARP13872_NOAA14244,2025_HARP13872_20251009_1936_20251010_1448,2025-10-10 05:12:00,13872,14244,0,saved,"(512, 512, 6)",gs://suryabench-sharp-pipeline-bamidele/jsoc_2025_2026_production_v1/samples_npz/2025/20251010_0512_HARP13872_NOAA14244.npz,success,2026-06-27T22:36:39.011097+00:00
20251010_0648_HARP13872_NOAA14244,2025_HARP13872_20251009_1936_20251010_1448,2025-10-10 06:48:00,13872,14244,0,saved,"(512, 512, 6)",gs://suryabench-sharp-pipeline-bamidele/jsoc_2025_2026_production_v1/samples_npz/2025/20251010_0648_HARP13872_NOAA14244.npz,success,2026-06-27T22:36:45.644423+00:00
20251010_0824_HARP13872_NOAA14244,2025_HARP13872_20251009_1936_20251010_1448,2025-10-10 08:24:00,13872,14244,0,saved,"(512, 512, 6)",gs://suryabench-sharp-pipeline-bamidele/jsoc_2025_2026_production_v1/samples_npz/2025/20251010_0824_HARP13872_NOAA14244.npz,success,2026-06-27T22:36:52.244842+00:00
20251010_1000_HARP13872_NOAA14244,2025_HARP13872_20251009_1936_20251010_1448,2025-10-10 10:00:00,13872,14244,0,saved,"(512, 512, 6)",gs://suryabench-sharp-pipeline-bamidele/jsoc_2025_2026_production_v1/samples_npz/2025/20251010_1000_HARP13872_NOAA14244.npz,success,2026-06-27T22:36:58.865746+00:00
20251010_1136_HARP13872_NOAA14244,2025_HARP13872_20251009_1936_20251010_1448,2025-10-10 11:36:00,13872,14244,0,saved,"(512, 512, 6)",gs://suryabench-sharp-pipeline-bamidele/jsoc_2025_2026_production_v1/samples_npz/2025/20251010_1136_HARP13872_NOAA14244.npz,success,2026-06-27T22:37:05.377004+00:00
20251010_1312_HARP13872_NOAA14244,2025_HARP13872_20251009_1936_20251010_1448,2025-10-10 13:12:00,13872,14244,0,saved,"(512, 512, 6)",gs://suryabench-sharp-pipeline-bamidele/jsoc_2025_2026_production_v1/samples_npz/2025/20251010_1312_HARP13872_NOAA14244.npz,success,2026-06-27T22:37:11.903794+00:00
20251010_1448_HARP13872_NOAA14244,2025_HARP13872_20251009_1936_20251010_1448,2025-10-10 14:48:00,13872,14244,0,saved,"(512, 512, 6)",gs://suryabench-sharp-pipeline-bamidele/jsoc_2025_2026_production_v1/samples_npz/2025/20251010_1448_HARP13872_NOAA14244.npz,success,2026-06-27T22:37:18.421079+00:00
20251010_1936_HARP13872_NOAA14244,2025_HARP13872_20251010_1936_20251011_1624,2025-10-10 19:36:00,13872,14244,0,saved,"(512, 512, 6)",gs://suryabench-sharp-pipeline-bamidele/jsoc_2025_2026_production_v1/samples_npz/2025/20251010_1936_HARP13872_NOAA14244.npz,success,2026-06-27T22:47:24.193847+00:00
20251010_2112_HARP13872_NOAA14244,2025_HARP13872_20251010_1936_20251011_1624,2025-10-10 21:12:00,13872,14244,0,saved,"(512, 512, 6)",gs://suryabench-sharp-pipeline-bamidele/jsoc_2025_2026_production_v1/samples_npz/2025/20251010_2112_HARP13872_NOAA14244.npz,success,2026-06-27T22:47:30.651308+00:00
20251010_2248_HARP13872_NOAA14244,2025_HARP13872_20251010_1936_20251011_1624,2025-10-10 22:48:00,13872,14244,0,saved,"(512, 512, 6)",gs://suryabench-sharp-pipeline-bamidele/jsoc_2025_2026_production_v1/samples_npz/2025/20251010_2248_HARP13872_NOAA14244.npz,success,2026-06-27T22:47:37.122399+00:00
20251011_0024_HARP13872_NOAA14244,2025_HARP13872_20251010_1936_20251011_1624,2025-10-11 00:24:00,13872,14244,0,saved,"(512, 512, 6)",gs://suryabench-sharp-pipeline-bamidele/jsoc_2025_2026_production_v1/samples_npz/2025/20251011_0024_HARP13872_NOAA14244.npz,success,2026-06-27T22:47:43.413942+00:00
20251011_0200_HARP13872_NOAA14244,2025_HARP13872_20251010_1936_20251011_1624,2025-10-11 02:00:00,13872,14244,0,saved,"(512, 512, 6)",gs://suryabench-sharp-pipeline-bamidele/jsoc_2025_2026_production_v1/samples_npz/2025/20251011_0200_HARP13872_NOAA14244.npz,success,2026-06-27T22:47:50.665747+00:00
20251011_0336_HARP13872_NOAA14244,2025_HARP13872_20251010_1936_20251011_1624,2025-10-11 03:36:00,13872,14244,0,saved,"(512, 512, 6)",gs://suryabench-sharp-pipeline-bamidele/jsoc_2025_2026_production_v1/samples_npz/2025/20251011_0336_HARP13872_NOAA14244.npz,success,2026-06-27T22:47:57.113961+00:00
20251011_0512_HARP13872_NOAA14244,2025_HARP13872_20251010_1936_20251011_1624,2025-10-11 05:12:00,13872,14244,0,saved,"(512, 512, 6)",gs://suryabench-sharp-pipeline-bamidele/jsoc_2025_2026_production_v1/samples_npz/2025/20251011_0512_HARP13872_NOAA14244.npz,success,2026-06-27T22:48:03.370828+00:00
20251011_0648_HARP13872_NOAA14244,2025_HARP13872_20251010_1936_20251011_1624,2025-10-11 06:48:00,13872,14244,0,saved,"(512, 512, 6)",gs://suryabench-sharp-pipeline-bamidele/jsoc_2025_2026_production_v1/samples_npz/2025/20251011_0648_HARP13872_NOAA14244.npz,success,2026-06-27T22:48:09.740859+00:00
20251011_0824_HARP13872_NOAA14244,2025_HARP13872_20251010_1936_20251011_1624,2025-10-11 08:24:00,13872,14244,0,saved,"(512, 512, 6)",gs://suryabench-sharp-pipeline-bamidele/jsoc_2025_2026_production_v1/samples_npz/2025/20251011_0824_HARP13872_NOAA14244.npz,success,2026-06-27T22:48:16.172777+00:00
20251011_1000_HARP13872_NOAA14244,2025_HARP13872_20251010_1936_20251011_1624,2025-10-11 10:00:00,13872,14244,0,saved,"(512, 512, 6)",gs://suryabench-sharp-pipeline-bamidele/jsoc_2025_2026_production_v1/samples_npz/2025/20251011_1000_HARP13872_NOAA14244.npz,success,2026-06-27T22:48:23.432773+00:00
20251011_1136_HARP13872_NOAA14244,2025_HARP13872_20251010_1936_20251011_1624,2025-10-11 11:36:00,13872,14244,0,saved,"(512, 512, 6)",gs://suryabench-sharp-pipeline-bamidele/jsoc_2025_2026_production_v1/samples_npz/2025/20251011_1136_HARP13872_NOAA14244.npz,success,2026-06-27T22:48:29.776005+00:00
20251011_1312_HARP13872_NOAA14244,2025_HARP13872_20251010_1936_20251011_1624,2025-10-11 13:12:00,13872,14244,0,saved,"(512, 512, 6)",gs://suryabench-sharp-pipeline-bamidele/jsoc_2025_2026_production_v1/samples_npz/2025/20251011_1312_HARP13872_NOAA14244.npz,success,2026-06-27T22:48:36.110860+00:00
20251011_1448_HARP13872_NOAA14244,2025_HARP13872_20251010_1936_20251011_1624,2025-10-11 14:48:00,13872,14244,0,saved,"(512, 512, 6)",gs://suryabench-sharp-pipeline-bamidele/jsoc_2025_2026_production_v1/samples_npz/2025/20251011_1448_HARP13872_NOAA14244.npz,success,2026-06-27T22:48:42.578295+00:00
20251011_1624_HARP13872_NOAA14244,2025_HARP13872_20251010_1936_20251011_1624,2025-10-11 16:24:00,13872,14244,0,saved,"(512, 512, 6)",gs://suryabench-sharp-pipeline-bamidele/jsoc_2025_2026_production_v1/samples_npz/2025/20251011_1624_HARP13872_NOAA14244.npz,success,2026-06-27T22:48:48.823726+00:00
20251012_0400_HARP13895_NOAA14253,2025_HARP13895_20251012_0400_20251013_0224,2025-10-12 04:00:00,13895,14253,0,saved,"(512, 512, 6)",gs://suryabench-sharp-pipeline-bamidele/jsoc_2025_2026_production_v1/samples_npz/2025/20251012_0400_HARP13895_NOAA14253.npz,success,2026-06-27T22:59:08.766110+00:00
20251012_0536_HARP13895_NOAA14253,2025_HARP13895_20251012_0400_20251013_0224,2025-10-12 05:36:00,13895,14253,0,saved,"(512, 512, 6)",gs://suryabench-sharp-pipeline-bamidele/jsoc_2025_2026_production_v1/samples_npz/2025/20251012_0536_HARP13895_NOAA14253.npz,success,2026-06-27T22:59:15.034821+00:00
20251012_0712_HARP13895_NOAA14253,2025_HARP13895_20251012_0400_20251013_0224,2025-10-12 07:12:00,13895,14253,0,saved,"(512, 512, 6)",gs://suryabench-sharp-pipeline-bamidele/jsoc_2025_2026_production_v1/samples_npz/2025/20251012_0712_HARP13895_NOAA14253.npz,success,2026-06-27T22:59:21.360498+00:00
20251012_0848_HARP13895_NOAA14253,2025_HARP13895_20251012_0400_20251013_0224,2025-10-12 08:48:00,13895,14253,0,saved,"(512, 512, 6)",gs://suryabench-sharp-pipeline-bamidele/jsoc_2025_2026_production_v1/samples_npz/2025/20251012_0848_HARP13895_NOAA14253.npz,success,2026-06-27T22:59:27.614511+00:00
20251012_1024_HARP13895_NOAA14253,2025_HARP13895_20251012_0400_20251013_0224,2025-10-12 10:24:00,13895,14253,0,saved,"(512, 512, 6)",gs://suryabench-sharp-pipeline-bamidele/jsoc_2025_2026_production_v1/samples_npz/2025/20251012_1024_HARP13895_NOAA14253.npz,success,2026-06-27T22:59:33.814344+00:00
20251012_1200_HARP13895_NOAA14253,2025_HARP13895_20251012_0400_20251013_0224,2025-10-12 12:00:00,13895,14253,0,saved,"(512, 512, 6)",gs://suryabench-sharp-pipeline-bamidele/jsoc_2025_2026_production_v1/samples_npz/2025/20251012_1200_HARP13895_NOAA14253.npz,success,2026-06-27T22:59:39.969650+00:00
20251012_1336_HARP13895_NOAA14253,2025_HARP13895_20251012_0400_20251013_0224,2025-10-12 13:36:00,13895,14253,0,saved,"(512, 512, 6)",gs://suryabench-sharp-pipeline-bamidele/jsoc_2025_2026_production_v1/samples_npz/2025/20251012_1336_HARP13895_NOAA14253.npz,success,2026-06-27T22:59:46.086393+00:00
20251012_1512_HARP13895_NOAA14253,2025_HARP13895_20251012_0400_20251013_0224,2025-10-12 15:12:00,13895,14253,0,saved,"(512, 512, 6)",gs://suryabench-sharp-pipeline-bamidele/jsoc_2025_2026_production_v1/samples_npz/2025/20251012_1512_HARP13895_NOAA14253.npz,success,2026-06-27T22:59:52.331721+00:00
20251012_1648_HARP13895_NOAA14253,2025_HARP13895_20251012_0400_20251013_0224,2025-10-12 16:48:00,13895,14253,0,saved,"(512, 512, 6)",gs://suryabench-sharp-pipeline-bamidele/jsoc_2025_2026_production_v1/samples_npz/2025/20251012_1648_HARP13895_NOAA14253.npz,success,2026-06-27T22:59:58.466487+00:00
20251012_1824_HARP13895_NOAA14253,2025_HARP13895_20251012_0400_20251013_0224,2025-10-12 18:24:00,13895,14253,0,saved,"(512, 512, 6)",gs://suryabench-sharp-pipeline-bamidele/jsoc_2025_2026_production_v1/samples_npz/2025/20251012_1824_HARP13895_NOAA14253.npz,success,2026-06-27T23:00:04.652934+00:00
20251012_2000_HARP13895_NOAA14253,2025_HARP13895_20251012_0400_20251013_0224,2025-10-12 20:00:00,13895,14253,0,saved,"(512, 512, 6)",gs://suryabench-sharp-pipeline-bamidele/jsoc_2025_2026_production_v1/samples_npz/2025/20251012_2000_HARP13895_NOAA14253.npz,success,2026-06-27T23:00:10.874312+00:00
20251012_2136_HARP13895_NOAA14253,2025_HARP13895_20251012_0400_20251013_0224,2025-10-12 21:36:00,13895,14253,0,saved,"(512, 512, 6)",gs://suryabench-sharp-pipeline-bamidele/jsoc_2025_2026_production_v1/samples_npz/2025/20251012_2136_HARP13895_NOAA14253.npz,success,2026-06-27T23:00:17.121336+00:00
20251012_2312_HARP13895_NOAA14253,2025_HARP13895_20251012_0400_20251013_0224,2025-10-12 23:12:00,13895,14253,0,saved,"(512, 512, 6)",gs://suryabench-sharp-pipeline-bamidele/jsoc_2025_2026_production_v1/samples_npz/2025/20251012_2312_HARP13895_NOAA14253.npz,success,2026-06-27T23:00:23.801421+00:00
20251013_0048_HARP13895_NOAA14253,2025_HARP13895_20251012_0400_20251013_0224,2025-10-13 00:48:00,13895,14253,0,saved,"(512, 512, 6)",gs://suryabench-sharp-pipeline-bamidele/jsoc_2025_2026_production_v1/samples_npz/2025/20251013_0048_HARP13895_NOAA14253.npz,success,2026-06-27T23:00:30.953669+00:00
20251013_0224_HARP13895_NOAA14253,2025_HARP13895_20251012_0400_20251013_0224,2025-10-13 02:24:00,13895,14253,0,saved,"(512, 512, 6)",gs://suryabench-sharp-pipeline-bamidele/jsoc_2025_2026_production_v1/samples_npz/2025/20251013_0224_HARP13895_NOAA14253.npz,success,2026-06-27T23:00:37.199241+00:00
20251012_2236_HARP13881_NOAA14249,2025_HARP13881_20251012_2236_20251013_2100,2025-10-12 22:36:00,13881,14249,0,saved,"(512, 512, 6)",gs://suryabench-sharp-pipeline-bamidele/jsoc_2025_2026_production_v1/samples_npz/2025/20251012_2236_HARP13881_NOAA14249.npz,success,2026-06-27T23:11:58.752182+00:00
20251013_0012_HARP13881_NOAA14249,2025_HARP13881_20251012_2236_20251013_2100,2025-10-13 00:12:00,13881,14249,0,saved,"(512, 512, 6)",gs://suryabench-sharp-pipeline-bamidele/jsoc_2025_2026_production_v1/samples_npz/2025/20251013_0012_HARP13881_NOAA14249.npz,success,2026-06-27T23:12:05.166884+00:00
20251013_0148_HARP13881_NOAA14249,2025_HARP13881_20251012_2236_20251013_2100,2025-10-13 01:48:00,13881,14249,0,saved,"(512, 512, 6)",gs://suryabench-sharp-pipeline-bamidele/jsoc_2025_2026_production_v1/samples_npz/2025/20251013_0148_HARP13881_NOAA14249.npz,success,2026-06-27T23:12:11.452388+00:00
20251013_0324_HARP13881_NOAA14249,2025_HARP13881_20251012_2236_20251013_2100,2025-10-13 03:24:00,13881,14249,0,saved,"(512, 512, 6)",gs://suryabench-sharp-pipeline-bamidele/jsoc_2025_2026_production_v1/samples_npz/2025/20251013_0324_HARP13881_NOAA14249.npz,success,2026-06-27T23:12:17.733293+00:00
20251013_0500_HARP13881_NOAA14249,2025_HARP13881_20251012_2236_20251013_2100,2025-10-13 05:00:00,13881,14249,0,saved,"(512, 512, 6)",gs://suryabench-sharp-pipeline-bamidele/jsoc_2025_2026_production_v1/samples_npz/2025/20251013_0500_HARP13881_NOAA14249.npz,success,2026-06-27T23:12:24.045427+00:00
20251013_0636_HARP13881_NOAA14249,2025_HARP13881_20251012_2236_20251013_2100,2025-10-13 06:36:00,13881,14249,0,saved,"(512, 512, 6)",gs://suryabench-sharp-pipeline-bamidele/jsoc_2025_2026_production_v1/samples_npz/2025/20251013_0636_HARP13881_NOAA14249.npz,success,2026-06-27T23:12:30.730058+00:00
20251013_0812_HARP13881_NOAA14249,2025_HARP13881_20251012_2236_20251013_2100,2025-10-13 08:12:00,13881,14249,0,saved,"(512, 512, 6)",gs://suryabench-sharp-pipeline-bamidele/jsoc_2025_2026_production_v1/samples_npz/2025/20251013_0812_HARP13881_NOAA14249.npz,success,2026-06-27T23:12:37.011168+00:00
20251013_0948_HARP13881_NOAA14249,2025_HARP13881_20251012_2236_20251013_2100,2025-10-13 09:48:00,13881,14249,0,saved,"(512, 512, 6)",gs://suryabench-sharp-pipeline-bamidele/jsoc_2025_2026_production_v1/samples_npz/2025/20251013_0948_HARP13881_NOAA14249.npz,success,2026-06-27T23:12:43.282888+00:00
20251013_1124_HARP13881_NOAA14249,2025_HARP13881_20251012_2236_20251013_2100,2025-10-13 11:24:00,13881,14249,0,saved,"(512, 512, 6)",gs://suryabench-sharp-pipeline-bamidele/jsoc_2025_2026_production_v1/samples_npz/2025/20251013_1124_HARP13881_NOAA14249.npz,success,2026-06-27T23:12:49.559403+00:00
20251013_1300_HARP13881_NOAA14249,2025_HARP13881_20251012_2236_20251013_2100,2025-10-13 13:00:00,13881,14249,0,saved,"(512, 512, 6)",gs://suryabench-sharp-pipeline-bamidele/jsoc_2025_2026_production_v1/samples_npz/2025/20251013_1300_HARP13881_NOAA14249.npz,success,2026-06-27T23:12:55.847420+00:00
20251013_1436_HARP13881_NOAA14249,2025_HARP13881_20251012_2236_20251013_2100,2025-10-13 14:36:00,13881,14249,0,saved,"(512, 512, 6)",gs://suryabench-sharp-pipeline-bamidele/jsoc_2025_2026_production_v1/samples_npz/2025/20251013_1436_HARP13881_NOAA14249.npz,success,2026-06-27T23:13:02.087103+00:00
20251013_1612_HARP13881_NOAA14249,2025_HARP13881_20251012_2236_20251013_2100,2025-10-13 16:12:00,13881,14249,0,saved,"(512, 512, 6)",gs://suryabench-sharp-pipeline-bamidele/jsoc_2025_2026_production_v1/samples_npz/2025/20251013_1612_HARP13881_NOAA14249.npz,success,2026-06-27T23:13:08.336095+00:00
20251013_1748_HARP13881_NOAA14249,2025_HARP13881_20251012_2236_20251013_2100,2025-10-13 17:48:00,13881,14249,0,saved,"(512, 512, 6)",gs://suryabench-sharp-pipeline-bamidele/jsoc_2025_2026_production_v1/samples_npz/2025/20251013_1748_HARP13881_NOAA14249.npz,success,2026-06-27T23:13:14.650170+00:00
20251013_1924_HARP13881_NOAA14249,2025_HARP13881_20251012_2236_20251013_2100,2025-10-13 19:24:00,13881,14249,0,saved,"(512, 512, 6)",gs://suryabench-sharp-pipeline-bamidele/jsoc_2025_2026_production_v1/samples_npz/2025/20251013_1924_HARP13881_NOAA14249.npz,success,2026-06-27T23:13:20.927251+00:00
20251013_2100_HARP13881_NOAA14249,2025_HARP13881_20251012_2236_20251013_2100,2025-10-13 21:00:00,13881,14249,0,saved,"(512, 512, 6)",gs://suryabench-sharp-pipeline-bamidele/jsoc_2025_2026_production_v1/samples_npz/2025/20251013_2100_HARP13881_NOAA14249.npz,success,2026-06-27T23:13:27.280101+00:00
20251013_0736_HARP13887_NOAA14251,2025_HARP13887_20251013_0736_20251013_1712,2025-10-13 07:36:00,13887,14251,0,saved,"(512, 512, 6)",gs://suryabench-sharp-pipeline-bamidele/jsoc_2025_2026_production_v1/samples_npz/2025/20251013_0736_HARP13887_NOAA14251.npz,success,2026-06-27T23:24:12.563221+00:00
20251013_0912_HARP13887_NOAA14251,2025_HARP13887_20251013_0736_20251013_1712,2025-10-13 09:12:00,13887,14251,0,saved,"(512, 512, 6)",gs://suryabench-sharp-pipeline-bamidele/jsoc_2025_2026_production_v1/samples_npz/2025/20251013_0912_HARP13887_NOAA14251.npz,success,2026-06-27T23:24:19.033768+00:00
20251013_1048_HARP13887_NOAA14251,2025_HARP13887_20251013_0736_20251013_1712,2025-10-13 10:48:00,13887,14251,0,saved,"(512, 512, 6)",gs://suryabench-sharp-pipeline-bamidele/jsoc_2025_2026_production_v1/samples_npz/2025/20251013_1048_HARP13887_NOAA14251.npz,success,2026-06-27T23:24:25.340036+00:00
20251013_1224_HARP13887_NOAA14251,2025_HARP13887_20251013_0736_20251013_1712,2025-10-13 12:24:00,13887,14251,0,saved,"(512, 512, 6)",gs://suryabench-sharp-pipeline-bamidele/jsoc_2025_2026_production_v1/samples_npz/2025/20251013_1224_HARP13887_NOAA14251.npz,success,2026-06-27T23:24:31.677914+00:00
20251013_1400_HARP13887_NOAA14251,2025_HARP13887_20251013_0736_20251013_1712,2025-10-13 14:00:00,13887,14251,0,saved,"(512, 512, 6)",gs://suryabench-sharp-pipeline-bamidele/jsoc_2025_2026_production_v1/samples_npz/2025/20251013_1400_HARP13887_NOAA14251.npz,success,2026-06-27T23:24:38.867478+00:00
20251013_1536_HARP13887_NOAA14251,2025_HARP13887_20251013_0736_20251013_1712,2025-10-13 15:36:00,13887,14251,0,saved,"(512, 512, 6)",gs://suryabench-sharp-pipeline-bamidele/jsoc_2025_2026_production_v1/samples_npz/2025/20251013_1536_HARP13887_NOAA14251.npz,success,2026-06-27T23:24:45.200472+00:00
20251013_1712_HARP13887_NOAA14251,2025_HARP13887_20251013_0736_20251013_1712,2025-10-13 17:12:00,13887,14251,0,saved,"(512, 512, 6)",gs://suryabench-sharp-pipeline-bamidele/jsoc_2025_2026_production_v1/samples_npz/2025/20251013_1712_HARP13887_NOAA14251.npz,success,2026-06-27T23:24:51.553604+00:00
20251013_2048_HARP13880_NOAA14246,2025_HARP13880_20251013_2048_20251014_0800,2025-10-13 20:48:00,13880,14246,1,saved,"(512, 512, 6)",gs://suryabench-sharp-pipeline-bamidele/jsoc_2025_2026_production_v1/samples_npz/2025/20251013_2048_HARP13880_NOAA14246.npz,success,2026-06-27T23:34:58.012438+00:00
20251013_2224_HARP13880_NOAA14246,2025_HARP13880_20251013_2048_20251014_0800,2025-10-13 22:24:00,13880,14246,1,saved,"(512, 512, 6)",gs://suryabench-sharp-pipeline-bamidele/jsoc_2025_2026_production_v1/samples_npz/2025/20251013_2224_HARP13880_NOAA14246.npz,success,2026-06-27T23:35:04.543321+00:00
20251014_0000_HARP13880_NOAA14246,2025_HARP13880_20251013_2048_20251014_0800,2025-10-14 00:00:00,13880,14246,1,saved,"(512, 512, 6)",gs://suryabench-sharp-pipeline-bamidele/jsoc_2025_2026_production_v1/samples_npz/2025/20251014_0000_HARP13880_NOAA14246.npz,success,2026-06-27T23:35:11.050115+00:00
20251014_0136_HARP13880_NOAA14246,2025_HARP13880_20251013_2048_20251014_0800,2025-10-14 01:36:00,13880,14246,1,saved,"(512, 512, 6)",gs://suryabench-sharp-pipeline-bamidele/jsoc_2025_2026_production_v1/samples_npz/2025/20251014_0136_HARP13880_NOAA14246.npz,success,2026-06-27T23:35:17.574763+00:00
20251014_0312_HARP13880_NOAA14246,2025_HARP13880_20251013_2048_20251014_0800,2025-10-14 03:12:00,13880,14246,1,saved,"(512, 512, 6)",gs://suryabench-sharp-pipeline-bamidele/jsoc_2025_2026_production_v1/samples_npz/2025/20251014_0312_HARP13880_NOAA14246.npz,success,2026-06-27T23:35:24.071938+00:00
20251014_0448_HARP13880_NOAA14246,2025_HARP13880_20251013_2048_20251014_0800,2025-10-14 04:48:00,13880,14246,1,saved,"(512, 512, 6)",gs://suryabench-sharp-pipeline-bamidele/jsoc_2025_2026_production_v1/samples_npz/2025/20251014_0448_HARP13880_NOAA14246.npz,success,2026-06-27T23:35:30.465336+00:00
20251014_0624_HARP13880_NOAA14246,2025_HARP13880_20251013_2048_20251014_0800,2025-10-14 06:24:00,13880,14246,1,saved,"(512, 512, 6)",gs://suryabench-sharp-pipeline-bamidele/jsoc_2025_2026_production_v1/samples_npz/2025/20251014_0624_HARP13880_NOAA14246.npz,success,2026-06-27T23:35:36.860584+00:00
20251014_0800_HARP13880_NOAA14246,2025_HARP13880_20251013_2048_20251014_0800,2025-10-14 08:00:00,13880,14246,1,saved,"(512, 512, 6)",gs://suryabench-sharp-pipeline-bamidele/jsoc_2025_2026_production_v1/samples_npz/2025/20251014_0800_HARP13880_NOAA14246.npz,success,2026-06-27T23:35:43.328569+00:00
20251014_0736_HARP13887_NOAA14251,2025_HARP13887_20251014_0736_20251015_0612,2025-10-14 07:36:00,13887,14251,0,saved,"(512, 512, 6)",gs://suryabench-sharp-pipeline-bamidele/jsoc_2025_2026_production_v1/samples_npz/2025/20251014_0736_HARP13887_NOAA14251.npz,success,2026-06-27T23:56:18.561233+00:00
20251014_0912_HARP13887_NOAA14251,2025_HARP13887_20251014_0736_20251015_0612,2025-10-14 09:12:00,13887,14251,0,saved,"(512, 512, 6)",gs://suryabench-sharp-pipeline-bamidele/jsoc_2025_2026_production_v1/samples_npz/2025/20251014_0912_HARP13887_NOAA14251.npz,success,2026-06-27T23:56:25.010498+00:00
20251014_1048_HARP13887_NOAA14251,2025_HARP13887_20251014_0736_20251015_0612,2025-10-14 10:48:00,13887,14251,0,saved,"(512, 512, 6)",gs://suryabench-sharp-pipeline-bamidele/jsoc_2025_2026_production_v1/samples_npz/2025/20251014_1048_HARP13887_NOAA14251.npz,success,2026-06-27T23:56:31.376885+00:00
20251014_1224_HARP13887_NOAA14251,2025_HARP13887_20251014_0736_20251015_0612,2025-10-14 12:24:00,13887,14251,0,saved,"(512, 512, 6)",gs://suryabench-sharp-pipeline-bamidele/jsoc_2025_2026_production_v1/samples_npz/2025/20251014_1224_HARP13887_NOAA14251.npz,success,2026-06-27T23:56:37.761676+00:00
20251014_1400_HARP13887_NOAA14251,2025_HARP13887_20251014_0736_20251015_0612,2025-10-14 14:00:00,13887,14251,0,saved,"(512, 512, 6)",gs://suryabench-sharp-pipeline-bamidele/jsoc_2025_2026_production_v1/samples_npz/2025/20251014_1400_HARP13887_NOAA14251.npz,success,2026-06-27T23:56:44.161209+00:00
20251014_1536_HARP13887_NOAA14251,2025_HARP13887_20251014_0736_20251015_0612,2025-10-14 15:36:00,13887,14251,0,saved,"(512, 512, 6)",gs://suryabench-sharp-pipeline-bamidele/jsoc_2025_2026_production_v1/samples_npz/2025/20251014_1536_HARP13887_NOAA14251.npz,success,2026-06-27T23:56:51.437386+00:00
20251014_1712_HARP13887_NOAA14251,2025_HARP13887_20251014_0736_20251015_0612,2025-10-14 17:12:00,13887,14251,0,saved,"(512, 512, 6)",gs://suryabench-sharp-pipeline-bamidele/jsoc_2025_2026_production_v1/samples_npz/2025/20251014_1712_HARP13887_NOAA14251.npz,success,2026-06-27T23:56:58.038764+00:00
20251014_1848_HARP13887_NOAA14251,2025_HARP13887_20251014_0736_20251015_0612,2025-10-14 18:48:00,13887,14251,0,saved,"(512, 512, 6)",gs://suryabench-sharp-pipeline-bamidele/jsoc_2025_2026_production_v1/samples_npz/2025/20251014_1848_HARP13887_NOAA14251.npz,success,2026-06-27T23:57:04.435742+00:00
20251014_2036_HARP13887_NOAA14251,2025_HARP13887_20251014_0736_20251015_0612,2025-10-14 20:36:00,13887,14251,0,saved,"(512, 512, 6)",gs://suryabench-sharp-pipeline-bamidele/jsoc_2025_2026_production_v1/samples_npz/2025/20251014_2036_HARP13887_NOAA14251.npz,success,2026-06-27T23:57:10.826030+00:00
20251014_2212_HARP13887_NOAA14251,2025_HARP13887_20251014_0736_20251015_0612,2025-10-14 22:12:00,13887,14251,0,saved,"(512, 512, 6)",gs://suryabench-sharp-pipeline-bamidele/jsoc_2025_2026_production_v1/samples_npz/2025/20251014_2212_HARP13887_NOAA14251.npz,success,2026-06-27T23:57:17.204461+00:00
20251014_2348_HARP13887_NOAA14251,2025_HARP13887_20251014_0736_20251015_0612,2025-10-14 23:48:00,13887,14251,0,saved,"(512, 512, 6)",gs://suryabench-sharp-pipeline-bamidele/jsoc_2025_2026_production_v1/samples_npz/2025/20251014_2348_HARP13887_NOAA14251.npz,success,2026-06-27T23:57:23.631941+00:00
20251015_0124_HARP13887_NOAA14251,2025_HARP13887_20251014_0736_20251015_0612,2025-10-15 01:24:00,13887,14251,0,saved,"(512, 512, 6)",gs://suryabench-sharp-pipeline-bamidele/jsoc_2025_2026_production_v1/samples_npz/2025/20251015_0124_HARP13887_NOAA14251.npz,success,2026-06-27T23:57:30.028337+00:00
20251015_0300_HARP13887_NOAA14251,2025_HARP13887_20251014_0736_20251015_0612,2025-10-15 03:00:00,13887,14251,0,saved,"(512, 512, 6)",gs://suryabench-sharp-pipeline-bamidele/jsoc_2025_2026_production_v1/samples_npz/2025/20251015_0300_HARP13887_NOAA14251.npz,success,2026-06-27T23:57:36.413633+00:00
20251015_0436_HARP13887_NOAA14251,2025_HARP13887_20251014_0736_20251015_0612,2025-10-15 04:36:00,13887,14251,0,saved,"(512, 512, 6)",gs://suryabench-sharp-pipeline-bamidele/jsoc_2025_2026_production_v1/samples_npz/2025/20251015_0436_HARP13887_NOAA14251.npz,success,2026-06-27T23:57:42.762864+00:00
20251015_0612_HARP13887_NOAA14251,2025_HARP13887_20251014_0736_20251015_0612,2025-10-15 06:12:00,13887,14251,0,saved,"(512, 512, 6)",gs://suryabench-sharp-pipeline-bamidele/jsoc_2025_2026_production_v1/samples_npz/2025/20251015_0612_HARP13887_NOAA14251.npz,success,2026-06-27T23:57:49.126407+00:00
20251015_0200_HARP13881_NOAA14249,2025_HARP13881_20251015_0200_20251015_1136,2025-10-15 02:00:00,13881,14249,0,saved,"(512, 512, 6)",gs://suryabench-sharp-pipeline-bamidele/jsoc_2025_2026_production_v1/samples_npz/2025/20251015_0200_HARP13881_NOAA14249.npz,success,2026-06-28T00:08:09.128043+00:00
20251015_0336_HARP13881_NOAA14249,2025_HARP13881_20251015_0200_20251015_1136,2025-10-15 03:36:00,13881,14249,0,saved,"(512, 512, 6)",gs://suryabench-sharp-pipeline-bamidele/jsoc_2025_2026_production_v1/samples_npz/2025/20251015_0336_HARP13881_NOAA14249.npz,success,2026-06-28T00:08:15.489225+00:00
20251015_0512_HARP13881_NOAA14249,2025_HARP13881_20251015_0200_20251015_1136,2025-10-15 05:12:00,13881,14249,0,saved,"(512, 512, 6)",gs://suryabench-sharp-pipeline-bamidele/jsoc_2025_2026_production_v1/samples_npz/2025/20251015_0512_HARP13881_NOAA14249.npz,success,2026-06-28T00:08:21.735356+00:00
20251015_0648_HARP13881_NOAA14249,2025_HARP13881_20251015_0200_20251015_1136,2025-10-15 06:48:00,13881,14249,0,saved,"(512, 512, 6)",gs://suryabench-sharp-pipeline-bamidele/jsoc_2025_2026_production_v1/samples_npz/2025/20251015_0648_HARP13881_NOAA14249.npz,success,2026-06-28T00:08:27.839113+00:00
20251015_0824_HARP13881_NOAA14249,2025_HARP13881_20251015_0200_20251015_1136,2025-10-15 08:24:00,13881,14249,0,saved,"(512, 512, 6)",gs://suryabench-sharp-pipeline-bamidele/jsoc_2025_2026_production_v1/samples_npz/2025/20251015_0824_HARP13881_NOAA14249.npz,success,2026-06-28T00:08:33.973802+00:00
20251015_1000_HARP13881_NOAA14249,2025_HARP13881_20251015_0200_20251015_1136,2025-10-15 10:00:00,13881,14249,0,saved,"(512, 512, 6)",gs://suryabench-sharp-pipeline-bamidele/jsoc_2025_2026_production_v1/samples_npz/2025/20251015_1000_HARP13881_NOAA14249.npz,success,2026-06-28T00:08:40.117371+00:00
20251015_1136_HARP13881_NOAA14249,2025_HARP13881_20251015_0200_20251015_1136,2025-10-15 11:36:00,13881,14249,0,saved,"(512, 512, 6)",gs://suryabench-sharp-pipeline-bamidele/jsoc_2025_2026_production_v1/samples_npz/2025/20251015_1136_HARP13881_NOAA14249.npz,success,2026-06-28T00:08:46.222420+00:00
20251015_1836_HARP13881_NOAA14249,2025_HARP13881_20251015_1836_20251016_1212,2025-10-15 18:36:00,13881,14249,0,saved,"(512, 512, 6)",gs://suryabench-sharp-pipeline-bamidele/jsoc_2025_2026_production_v1/samples_npz/2025/20251015_1836_HARP13881_NOAA14249.npz,success,2026-06-28T00:20:01.231115+00:00
20251015_2012_HARP13881_NOAA14249,2025_HARP13881_20251015_1836_20251016_1212,2025-10-15 20:12:00,13881,14249,0,saved,"(512, 512, 6)",gs://suryabench-sharp-pipeline-bamidele/jsoc_2025_2026_production_v1/samples_npz/2025/20251015_2012_HARP13881_NOAA14249.npz,success,2026-06-28T00:20:07.578511+00:00
20251015_2148_HARP13881_NOAA14249,2025_HARP13881_20251015_1836_20251016_1212,2025-10-15 21:48:00,13881,14249,0,saved,"(512, 512, 6)",gs://suryabench-sharp-pipeline-bamidele/jsoc_2025_2026_production_v1/samples_npz/2025/20251015_2148_HARP13881_NOAA14249.npz,success,2026-06-28T00:20:13.946656+00:00
20251015_2324_HARP13881_NOAA14249,2025_HARP13881_20251015_1836_20251016_1212,2025-10-15 23:24:00,13881,14249,0,saved,"(512, 512, 6)",gs://suryabench-sharp-pipeline-bamidele/jsoc_2025_2026_production_v1/samples_npz/2025/20251015_2324_HARP13881_NOAA14249.npz,success,2026-06-28T00:20:20.360175+00:00
20251016_0100_HARP13881_NOAA14249,2025_HARP13881_20251015_1836_20251016_1212,2025-10-16 01:00:00,13881,14249,0,saved,"(512, 512, 6)",gs://suryabench-sharp-pipeline-bamidele/jsoc_2025_2026_production_v1/samples_npz/2025/20251016_0100_HARP13881_NOAA14249.npz,success,2026-06-28T00:20:26.652309+00:00
20251016_0236_HARP13881_NOAA14249,2025_HARP13881_20251015_1836_20251016_1212,2025-10-16 02:36:00,13881,14249,0,saved,"(512, 512, 6)",gs://suryabench-sharp-pipeline-bamidele/jsoc_2025_2026_production_v1/samples_npz/2025/20251016_0236_HARP13881_NOAA14249.npz,success,2026-06-28T00:20:33.006687+00:00
20251016_0412_HARP13881_NOAA14249,2025_HARP13881_20251015_1836_20251016_1212,2025-10-16 04:12:00,13881,14249,0,saved,"(512, 512, 6)",gs://suryabench-sharp-pipeline-bamidele/jsoc_2025_2026_production_v1/samples_npz/2025/20251016_0412_HARP13881_NOAA14249.npz,success,2026-06-28T00:20:39.328507+00:00
20251016_0548_HARP13881_NOAA14249,2025_HARP13881_20251015_1836_20251016_1212,2025-10-16 05:48:00,13881,14249,0,saved,"(512, 512, 6)",gs://suryabench-sharp-pipeline-bamidele/jsoc_2025_2026_production_v1/samples_npz/2025/20251016_0548_HARP13881_NOAA14249.npz,success,2026-06-28T00:20:45.631252+00:00
20251016_0724_HARP13881_NOAA14249,2025_HARP13881_20251015_1836_20251016_1212,2025-10-16 07:24:00,13881,14249,0,saved,"(512, 512, 6)",gs://suryabench-sharp-pipeline-bamidele/jsoc_2025_2026_production_v1/samples_npz/2025/20251016_0724_HARP13881_NOAA14249.npz,success,2026-06-28T00:20:51.877366+00:00
20251016_0900_HARP13881_NOAA14249,2025_HARP13881_20251015_1836_20251016_1212,2025-10-16 09:00:00,13881,14249,0,saved,"(512, 512, 6)",gs://suryabench-sharp-pipeline-bamidele/jsoc_2025_2026_production_v1/samples_npz/2025/20251016_0900_HARP13881_NOAA14249.npz,success,2026-06-28T00:20:58.288126+00:00
20251016_1036_HARP13881_NOAA14249,2025_HARP13881_20251015_1836_20251016_1212,2025-10-16 10:36:00,13881,14249,0,saved,"(512, 512, 6)",gs://suryabench-sharp-pipeline-bamidele/jsoc_2025_2026_production_v1/samples_npz/2025/20251016_1036_HARP13881_NOAA14249.npz,success,2026-06-28T00:21:04.536075+00:00
20251016_1212_HARP13881_NOAA14249,2025_HARP13881_20251015_1836_20251016_1212,2025-10-16 12:12:00,13881,14249,0,saved,"(512, 512, 6)",gs://suryabench-sharp-pipeline-bamidele/jsoc_2025_2026_production_v1/samples_npz/2025/20251016_1212_HARP13881_NOAA14249.npz,success,2026-06-28T00:21:10.682756+00:00
20251016_1836_HARP13881_NOAA14249,2025_HARP13881_20251016_1836_20251017_1348,2025-10-16 18:36:00,13881,14249,0,saved,"(512, 512, 6)",gs://suryabench-sharp-pipeline-bamidele/jsoc_2025_2026_production_v1/samples_npz/2025/20251016_1836_HARP13881_NOAA14249.npz,success,2026-06-28T00:32:20.490099+00:00
20251016_2012_HARP13881_NOAA14249,2025_HARP13881_20251016_1836_20251017_1348,2025-10-16 20:12:00,13881,14249,0,saved,"(512, 512, 6)",gs://suryabench-sharp-pipeline-bamidele/jsoc_2025_2026_production_v1/samples_npz/2025/20251016_2012_HARP13881_NOAA14249.npz,success,2026-06-28T00:32:26.726094+00:00
20251016_2148_HARP13881_NOAA14249,2025_HARP13881_20251016_1836_20251017_1348,2025-10-16 21:48:00,13881,14249,0,saved,"(512, 512, 6)",gs://suryabench-sharp-pipeline-bamidele/jsoc_2025_2026_production_v1/samples_npz/2025/20251016_2148_HARP13881_NOAA14249.npz,success,2026-06-28T00:32:32.924871+00:00
20251016_2324_HARP13881_NOAA14249,2025_HARP13881_20251016_1836_20251017_1348,2025-10-16 23:24:00,13881,14249,0,saved,"(512, 512, 6)",gs://suryabench-sharp-pipeline-bamidele/jsoc_2025_2026_production_v1/samples_npz/2025/20251016_2324_HARP13881_NOAA14249.npz,success,2026-06-28T00:32:39.107960+00:00
20251017_0100_HARP13881_NOAA14249,2025_HARP13881_20251016_1836_20251017_1348,2025-10-17 01:00:00,13881,14249,0,saved,"(512, 512, 6)",gs://suryabench-sharp-pipeline-bamidele/jsoc_2025_2026_production_v1/samples_npz/2025/20251017_0100_HARP13881_NOAA14249.npz,success,2026-06-28T00:32:45.265410+00:00
20251017_0236_HARP13881_NOAA14249,2025_HARP13881_20251016_1836_20251017_1348,2025-10-17 02:36:00,13881,14249,0,saved,"(512, 512, 6)",gs://suryabench-sharp-pipeline-bamidele/jsoc_2025_2026_production_v1/samples_npz/2025/20251017_0236_HARP13881_NOAA14249.npz,success,2026-06-28T00:32:51.427756+00:00
20251017_0412_HARP13881_NOAA14249,2025_HARP13881_20251016_1836_20251017_1348,2025-10-17 04:12:00,13881,14249,0,saved,"(512, 512, 6)",gs://suryabench-sharp-pipeline-bamidele/jsoc_2025_2026_production_v1/samples_npz/2025/20251017_0412_HARP13881_NOAA14249.npz,success,2026-06-28T00:32:57.665453+00:00
20251017_0548_HARP13881_NOAA14249,2025_HARP13881_20251016_1836_20251017_1348,2025-10-17 05:48:00,13881,14249,0,saved,"(512, 512, 6)",gs://suryabench-sharp-pipeline-bamidele/jsoc_2025_2026_production_v1/samples_npz/2025/20251017_0548_HARP13881_NOAA14249.npz,success,2026-06-28T00:33:05.023866+00:00
20251017_0724_HARP13881_NOAA14249,2025_HARP13881_20251016_1836_20251017_1348,2025-10-17 07:24:00,13881,14249,0,saved,"(512, 512, 6)",gs://suryabench-sharp-pipeline-bamidele/jsoc_2025_2026_production_v1/samples_npz/2025/20251017_0724_HARP13881_NOAA14249.npz,success,2026-06-28T00:33:11.313261+00:00
20251017_0900_HARP13881_NOAA14249,2025_HARP13881_20251016_1836_20251017_1348,2025-10-17 09:00:00,13881,14249,0,saved,"(512, 512, 6)",gs://suryabench-sharp-pipeline-bamidele/jsoc_2025_2026_production_v1/samples_npz/2025/20251017_0900_HARP13881_NOAA14249.npz,success,2026-06-28T00:33:18.424388+00:00
20251017_1036_HARP13881_NOAA14249,2025_HARP13881_20251016_1836_20251017_1348,2025-10-17 10:36:00,13881,14249,0,saved,"(512, 512, 6)",gs://suryabench-sharp-pipeline-bamidele/jsoc_2025_2026_production_v1/samples_npz/2025/20251017_1036_HARP13881_NOAA14249.npz,success,2026-06-28T00:33:24.775141+00:00
20251017_1212_HARP13881_NOAA14249,2025_HARP13881_20251016_1836_20251017_1348,2025-10-17 12:12:00,13881,14249,0,saved,"(512, 512, 6)",gs://suryabench-sharp-pipeline-bamidele/jsoc_2025_2026_production_v1/samples_npz/2025/20251017_1212_HARP13881_NOAA14249.npz,success,2026-06-28T00:33:31.067053+00:00
20251017_1348_HARP13881_NOAA14249,2025_HARP13881_20251016_1836_20251017_1348,2025-10-17 13:48:00,13881,14249,0,saved,"(512, 512, 6)",gs://suryabench-sharp-pipeline-bamidele/jsoc_2025_2026_production_v1/samples_npz/2025/20251017_1348_HARP13881_NOAA14249.npz,success,2026-06-28T00:33:37.373083+00:00
20251017_1912_HARP13891_NOAA14252,2025_HARP13891_20251017_1912_20251018_1736,2025-10-17 19:12:00,13891,14252,0,saved,"(512, 512, 6)",gs://suryabench-sharp-pipeline-bamidele/jsoc_2025_2026_production_v1/samples_npz/2025/20251017_1912_HARP13891_NOAA14252.npz,success,2026-06-28T00:47:21.394950+00:00
20251017_2048_HARP13891_NOAA14252,2025_HARP13891_20251017_1912_20251018_1736,2025-10-17 20:48:00,13891,14252,0,saved,"(512, 512, 6)",gs://suryabench-sharp-pipeline-bamidele/jsoc_2025_2026_production_v1/samples_npz/2025/20251017_2048_HARP13891_NOAA14252.npz,success,2026-06-28T00:47:28.187814+00:00
20251017_2224_HARP13891_NOAA14252,2025_HARP13891_20251017_1912_20251018_1736,2025-10-17 22:24:00,13891,14252,0,saved,"(512, 512, 6)",gs://suryabench-sharp-pipeline-bamidele/jsoc_2025_2026_production_v1/samples_npz/2025/20251017_2224_HARP13891_NOAA14252.npz,success,2026-06-28T00:47:34.891957+00:00
20251018_0000_HARP13891_NOAA14252,2025_HARP13891_20251017_1912_20251018_1736,2025-10-18 00:00:00,13891,14252,0,saved,"(512, 512, 6)",gs://suryabench-sharp-pipeline-bamidele/jsoc_2025_2026_production_v1/samples_npz/2025/20251018_0000_HARP13891_NOAA14252.npz,success,2026-06-28T00:47:41.612442+00:00
20251018_0136_HARP13891_NOAA14252,2025_HARP13891_20251017_1912_20251018_1736,2025-10-18 01:36:00,13891,14252,0,saved,"(512, 512, 6)",gs://suryabench-sharp-pipeline-bamidele/jsoc_2025_2026_production_v1/samples_npz/2025/20251018_0136_HARP13891_NOAA14252.npz,success,2026-06-28T00:47:48.321117+00:00
20251018_0312_HARP13891_NOAA14252,2025_HARP13891_20251017_1912_20251018_1736,2025-10-18 03:12:00,13891,14252,0,saved,"(512, 512, 6)",gs://suryabench-sharp-pipeline-bamidele/jsoc_2025_2026_production_v1/samples_npz/2025/20251018_0312_HARP13891_NOAA14252.npz,success,2026-06-28T00:47:54.879885+00:00
20251018_0448_HARP13891_NOAA14252,2025_HARP13891_20251017_1912_20251018_1736,2025-10-18 04:48:00,13891,14252,0,saved,"(512, 512, 6)",gs://suryabench-sharp-pipeline-bamidele/jsoc_2025_2026_production_v1/samples_npz/2025/20251018_0448_HARP13891_NOAA14252.npz,success,2026-06-28T00:48:01.536812+00:00
20251018_0624_HARP13891_NOAA14252,2025_HARP13891_20251017_1912_20251018_1736,2025-10-18 06:24:00,13891,14252,0,saved,"(512, 512, 6)",gs://suryabench-sharp-pipeline-bamidele/jsoc_2025_2026_production_v1/samples_npz/2025/20251018_0624_HARP13891_NOAA14252.npz,success,2026-06-28T00:48:08.246692+00:00
20251018_0800_HARP13891_NOAA14252,2025_HARP13891_20251017_1912_20251018_1736,2025-10-18 08:00:00,13891,14252,0,saved,"(512, 512, 6)",gs://suryabench-sharp-pipeline-bamidele/jsoc_2025_2026_production_v1/samples_npz/2025/20251018_0800_HARP13891_NOAA14252.npz,success,2026-06-28T00:48:14.925863+00:00
20251018_0936_HARP13891_NOAA14252,2025_HARP13891_20251017_1912_20251018_1736,2025-10-18 09:36:00,13891,14252,0,saved,"(512, 512, 6)",gs://suryabench-sharp-pipeline-bamidele/jsoc_2025_2026_production_v1/samples_npz/2025/20251018_0936_HARP13891_NOAA14252.npz,success,2026-06-28T00:48:21.673282+00:00
20251018_1112_HARP13891_NOAA14252,2025_HARP13891_20251017_1912_20251018_1736,2025-10-18 11:12:00,13891,14252,0,saved,"(512, 512, 6)",gs://suryabench-sharp-pipeline-bamidele/jsoc_2025_2026_production_v1/samples_npz/2025/20251018_1112_HARP13891_NOAA14252.npz,success,2026-06-28T00:48:28.406798+00:00
20251018_1248_HARP13891_NOAA14252,2025_HARP13891_20251017_1912_20251018_1736,2025-10-18 12:48:00,13891,14252,0,saved,"(512, 512, 6)",gs://suryabench-sharp-pipeline-bamidele/jsoc_2025_2026_production_v1/samples_npz/2025/20251018_1248_HARP13891_NOAA14252.npz,success,2026-06-28T00:48:35.211356+00:00
20251018_1424_HARP13891_NOAA14252,2025_HARP13891_20251017_1912_20251018_1736,2025-10-18 14:24:00,13891,14252,0,saved,"(512, 512, 6)",gs://suryabench-sharp-pipeline-bamidele/jsoc_2025_2026_production_v1/samples_npz/2025/20251018_1424_HARP13891_NOAA14252.npz,success,2026-06-28T00:48:41.948223+00:00
20251018_1600_HARP13891_NOAA14252,2025_HARP13891_20251017_1912_20251018_1736,2025-10-18 16:00:00,13891,14252,0,saved,"(512, 512, 6)",gs://suryabench-sharp-pipeline-bamidele/jsoc_2025_2026_production_v1/samples_npz/2025/20251018_1600_HARP13891_NOAA14252.npz,success,2026-06-28T00:48:48.763417+00:00
20251018_1736_HARP13891_NOAA14252,2025_HARP13891_20251017_1912_20251018_1736,2025-10-18 17:36:00,13891,14252,0,saved,"(512, 512, 6)",gs://suryabench-sharp-pipeline-bamidele/jsoc_2025_2026_production_v1/samples_npz/2025/20251018_1736_HARP13891_NOAA14252.npz,success,2026-06-28T00:48:55.448048+00:00
20251018_2112_HARP13901_NOAA14254,2025_HARP13901_20251018_2112_20251019_1624,2025-10-18 21:12:00,13901,14254,0,saved,"(512, 512, 6)",gs://suryabench-sharp-pipeline-bamidele/jsoc_2025_2026_production_v1/samples_npz/2025/20251018_2112_HARP13901_NOAA14254.npz,success,2026-06-28T00:59:20.987445+00:00
20251018_2248_HARP13901_NOAA14254,2025_HARP13901_20251018_2112_20251019_1624,2025-10-18 22:48:00,13901,14254,0,saved,"(512, 512, 6)",gs://suryabench-sharp-pipeline-bamidele/jsoc_2025_2026_production_v1/samples_npz/2025/20251018_2248_HARP13901_NOAA14254.npz,success,2026-06-28T00:59:27.048843+00:00
20251019_0024_HARP13901_NOAA14254,2025_HARP13901_20251018_2112_20251019_1624,2025-10-19 00:24:00,13901,14254,0,saved,"(512, 512, 6)",gs://suryabench-sharp-pipeline-bamidele/jsoc_2025_2026_production_v1/samples_npz/2025/20251019_0024_HARP13901_NOAA14254.npz,success,2026-06-28T00:59:33.057351+00:00
20251019_0200_HARP13901_NOAA14254,2025_HARP13901_20251018_2112_20251019_1624,2025-10-19 02:00:00,13901,14254,0,saved,"(512, 512, 6)",gs://suryabench-sharp-pipeline-bamidele/jsoc_2025_2026_production_v1/samples_npz/2025/20251019_0200_HARP13901_NOAA14254.npz,success,2026-06-28T00:59:38.995600+00:00
20251019_0336_HARP13901_NOAA14254,2025_HARP13901_20251018_2112_20251019_1624,2025-10-19 03:36:00,13901,14254,0,saved,"(512, 512, 6)",gs://suryabench-sharp-pipeline-bamidele/jsoc_2025_2026_production_v1/samples_npz/2025/20251019_0336_HARP13901_NOAA14254.npz,success,2026-06-28T00:59:45.026378+00:00
20251019_0512_HARP13901_NOAA14254,2025_HARP13901_20251018_2112_20251019_1624,2025-10-19 05:12:00,13901,14254,0,saved,"(512, 512, 6)",gs://suryabench-sharp-pipeline-bamidele/jsoc_2025_2026_production_v1/samples_npz/2025/20251019_0512_HARP13901_NOAA14254.npz,success,2026-06-28T00:59:51.030685+00:00
20251019_0648_HARP13901_NOAA14254,2025_HARP13901_20251018_2112_20251019_1624,2025-10-19 06:48:00,13901,14254,0,saved,"(512, 512, 6)",gs://suryabench-sharp-pipeline-bamidele/jsoc_2025_2026_production_v1/samples_npz/2025/20251019_0648_HARP13901_NOAA14254.npz,success,2026-06-28T00:59:57.071796+00:00
20251019_0824_HARP13901_NOAA14254,2025_HARP13901_20251018_2112_20251019_1624,2025-10-19 08:24:00,13901,14254,0,saved,"(512, 512, 6)",gs://suryabench-sharp-pipeline-bamidele/jsoc_2025_2026_production_v1/samples_npz/2025/20251019_0824_HARP13901_NOAA14254.npz,success,2026-06-28T01:00:03.159817+00:00
20251019_1000_HARP13901_NOAA14254,2025_HARP13901_20251018_2112_20251019_1624,2025-10-19 10:00:00,13901,14254,0,saved,"(512, 512, 6)",gs://suryabench-sharp-pipeline-bamidele/jsoc_2025_2026_production_v1/samples_npz/2025/20251019_1000_HARP13901_NOAA14254.npz,success,2026-06-28T01:00:09.268330+00:00
20251019_1136_HARP13901_NOAA14254,2025_HARP13901_20251018_2112_20251019_1624,2025-10-19 11:36:00,13901,14254,0,saved,"(512, 512, 6)",gs://suryabench-sharp-pipeline-bamidele/jsoc_2025_2026_production_v1/samples_npz/2025/20251019_1136_HARP13901_NOAA14254.npz,success,2026-06-28T01:00:15.289785+00:00
20251019_1312_HARP13901_NOAA14254,2025_HARP13901_20251018_2112_20251019_1624,2025-10-19 13:12:00,13901,14254,0,saved,"(512, 512, 6)",gs://suryabench-sharp-pipeline-bamidele/jsoc_2025_2026_production_v1/samples_npz/2025/20251019_1312_HARP13901_NOAA14254.npz,success,2026-06-28T01:00:21.418833+00:00
20251019_1448_HARP13901_NOAA14254,2025_HARP13901_20251018_2112_20251019_1624,2025-10-19 14:48:00,13901,14254,0,saved,"(512, 512, 6)",gs://suryabench-sharp-pipeline-bamidele/jsoc_2025_2026_production_v1/samples_npz/2025/20251019_1448_HARP13901_NOAA14254.npz,success,2026-06-28T01:00:27.515738+00:00
20251019_1624_HARP13901_NOAA14254,2025_HARP13901_20251018_2112_20251019_1624,2025-10-19 16:24:00,13901,14254,0,saved,"(512, 512, 6)",gs://suryabench-sharp-pipeline-bamidele/jsoc_2025_2026_production_v1/samples_npz/2025/20251019_1624_HARP13901_NOAA14254.npz,success,2026-06-28T01:00:33.558808+00:00
20251020_0812_HARP13935_NOAA14263,2025_HARP13935_20251020_0812_20251021_0636,2025-10-20 08:12:00,13935,14263,0,saved,"(512, 512, 6)",gs://suryabench-sharp-pipeline-bamidele/jsoc_2025_2026_production_v1/samples_npz/2025/20251020_0812_HARP13935_NOAA14263.npz,success,2026-06-28T01:13:42.286506+00:00
20251020_0948_HARP13935_NOAA14263,2025_HARP13935_20251020_0812_20251021_0636,2025-10-20 09:48:00,13935,14263,0,saved,"(512, 512, 6)",gs://suryabench-sharp-pipeline-bamidele/jsoc_2025_2026_production_v1/samples_npz/2025/20251020_0948_HARP13935_NOAA14263.npz,success,2026-06-28T01:13:48.835968+00:00
20251020_1124_HARP13935_NOAA14263,2025_HARP13935_20251020_0812_20251021_0636,2025-10-20 11:24:00,13935,14263,0,saved,"(512, 512, 6)",gs://suryabench-sharp-pipeline-bamidele/jsoc_2025_2026_production_v1/samples_npz/2025/20251020_1124_HARP13935_NOAA14263.npz,success,2026-06-28T01:13:55.313152+00:00
20251020_1300_HARP13935_NOAA14263,2025_HARP13935_20251020_0812_20251021_0636,2025-10-20 13:00:00,13935,14263,0,saved,"(512, 512, 6)",gs://suryabench-sharp-pipeline-bamidele/jsoc_2025_2026_production_v1/samples_npz/2025/20251020_1300_HARP13935_NOAA14263.npz,success,2026-06-28T01:14:01.673213+00:00
20251020_1436_HARP13935_NOAA14263,2025_HARP13935_20251020_0812_20251021_0636,2025-10-20 14:36:00,13935,14263,0,saved,"(512, 512, 6)",gs://suryabench-sharp-pipeline-bamidele/jsoc_2025_2026_production_v1/samples_npz/2025/20251020_1436_HARP13935_NOAA14263.npz,success,2026-06-28T01:14:08.038120+00:00
20251020_1612_HARP13935_NOAA14263,2025_HARP13935_20251020_0812_20251021_0636,2025-10-20 16:12:00,13935,14263,0,saved,"(512, 512, 6)",gs://suryabench-sharp-pipeline-bamidele/jsoc_2025_2026_production_v1/samples_npz/2025/20251020_1612_HARP13935_NOAA14263.npz,success,2026-06-28T01:14:14.445339+00:00
20251020_1748_HARP13935_NOAA14263,2025_HARP13935_20251020_0812_20251021_0636,2025-10-20 17:48:00,13935,14263,0,saved,"(512, 512, 6)",gs://suryabench-sharp-pipeline-bamidele/jsoc_2025_2026_production_v1/samples_npz/2025/20251020_1748_HARP13935_NOAA14263.npz,success,2026-06-28T01:14:20.767416+00:00
20251020_1924_HARP13935_NOAA14263,2025_HARP13935_20251020_0812_20251021_0636,2025-10-20 19:24:00,13935,14263,0,saved,"(512, 512, 6)",gs://suryabench-sharp-pipeline-bamidele/jsoc_2025_2026_production_v1/samples_npz/2025/20251020_1924_HARP13935_NOAA14263.npz,success,2026-06-28T01:14:27.034033+00:00
20251020_2100_HARP13935_NOAA14263,2025_HARP13935_20251020_0812_20251021_0636,2025-10-20 21:00:00,13935,14263,0,saved,"(512, 512, 6)",gs://suryabench-sharp-pipeline-bamidele/jsoc_2025_2026_production_v1/samples_npz/2025/20251020_2100_HARP13935_NOAA14263.npz,success,2026-06-28T01:14:33.320296+00:00
20251020_2236_HARP13935_NOAA14263,2025_HARP13935_20251020_0812_20251021_0636,2025-10-20 22:36:00,13935,14263,0,saved,"(512, 512, 6)",gs://suryabench-sharp-pipeline-bamidele/jsoc_2025_2026_production_v1/samples_npz/2025/20251020_2236_HARP13935_NOAA14263.npz,success,2026-06-28T01:14:39.597752+00:00
20251021_0012_HARP13935_NOAA14263,2025_HARP13935_20251020_0812_20251021_0636,2025-10-21 00:12:00,13935,14263,0,saved,"(512, 512, 6)",gs://suryabench-sharp-pipeline-bamidele/jsoc_2025_2026_production_v1/samples_npz/2025/20251021_0012_HARP13935_NOAA14263.npz,success,2026-06-28T01:14:45.859372+00:00
20251021_0148_HARP13935_NOAA14263,2025_HARP13935_20251020_0812_20251021_0636,2025-10-21 01:48:00,13935,14263,0,saved,"(512, 512, 6)",gs://suryabench-sharp-pipeline-bamidele/jsoc_2025_2026_production_v1/samples_npz/2025/20251021_0148_HARP13935_NOAA14263.npz,success,2026-06-28T01:14:52.153862+00:00
20251021_0324_HARP13935_NOAA14263,2025_HARP13935_20251020_0812_20251021_0636,2025-10-21 03:24:00,13935,14263,0,saved,"(512, 512, 6)",gs://suryabench-sharp-pipeline-bamidele/jsoc_2025_2026_production_v1/samples_npz/2025/20251021_0324_HARP13935_NOAA14263.npz,success,2026-06-28T01:14:58.462451+00:00
20251021_0500_HARP13935_NOAA14263,2025_HARP13935_20251020_0812_20251021_0636,2025-10-21 05:00:00,13935,14263,0,saved,"(512, 512, 6)",gs://suryabench-sharp-pipeline-bamidele/jsoc_2025_2026_production_v1/samples_npz/2025/20251021_0500_HARP13935_NOAA14263.npz,success,2026-06-28T01:15:04.704183+00:00
20251021_0636_HARP13935_NOAA14263,2025_HARP13935_20251020_0812_20251021_0636,2025-10-21 06:36:00,13935,14263,0,saved,"(512, 512, 6)",gs://suryabench-sharp-pipeline-bamidele/jsoc_2025_2026_production_v1/samples_npz/2025/20251021_0636_HARP13935_NOAA14263.npz,success,2026-06-28T01:15:10.927506+00:00
20251021_0848_HARP13935_NOAA14263,2025_HARP13935_20251021_0848_20251021_1824,2025-10-21 08:48:00,13935,14263,0,saved,"(512, 512, 6)",gs://suryabench-sharp-pipeline-bamidele/jsoc_2025_2026_production_v1/samples_npz/2025/20251021_0848_HARP13935_NOAA14263.npz,success,2026-06-28T01:24:20.193376+00:00
20251021_1024_HARP13935_NOAA14263,2025_HARP13935_20251021_0848_20251021_1824,2025-10-21 10:24:00,13935,14263,0,saved,"(512, 512, 6)",gs://suryabench-sharp-pipeline-bamidele/jsoc_2025_2026_production_v1/samples_npz/2025/20251021_1024_HARP13935_NOAA14263.npz,success,2026-06-28T01:24:26.569712+00:00
20251021_1200_HARP13935_NOAA14263,2025_HARP13935_20251021_0848_20251021_1824,2025-10-21 12:00:00,13935,14263,0,saved,"(512, 512, 6)",gs://suryabench-sharp-pipeline-bamidele/jsoc_2025_2026_production_v1/samples_npz/2025/20251021_1200_HARP13935_NOAA14263.npz,success,2026-06-28T01:24:33.025471+00:00
20251021_1336_HARP13935_NOAA14263,2025_HARP13935_20251021_0848_20251021_1824,2025-10-21 13:36:00,13935,14263,0,saved,"(512, 512, 6)",gs://suryabench-sharp-pipeline-bamidele/jsoc_2025_2026_production_v1/samples_npz/2025/20251021_1336_HARP13935_NOAA14263.npz,success,2026-06-28T01:24:39.467494+00:00
20251021_1512_HARP13935_NOAA14263,2025_HARP13935_20251021_0848_20251021_1824,2025-10-21 15:12:00,13935,14263,0,saved,"(512, 512, 6)",gs://suryabench-sharp-pipeline-bamidele/jsoc_2025_2026_production_v1/samples_npz/2025/20251021_1512_HARP13935_NOAA14263.npz,success,2026-06-28T01:24:45.839161+00:00
20251021_1648_HARP13935_NOAA14263,2025_HARP13935_20251021_0848_20251021_1824,2025-10-21 16:48:00,13935,14263,0,saved,"(512, 512, 6)",gs://suryabench-sharp-pipeline-bamidele/jsoc_2025_2026_production_v1/samples_npz/2025/20251021_1648_HARP13935_NOAA14263.npz,success,2026-06-28T01:24:52.230223+00:00
20251021_1824_HARP13935_NOAA14263,2025_HARP13935_20251021_0848_20251021_1824,2025-10-21 18:24:00,13935,14263,0,saved,"(512, 512, 6)",gs://suryabench-sharp-pipeline-bamidele/jsoc_2025_2026_production_v1/samples_npz/2025/20251021_1824_HARP13935_NOAA14263.npz,success,2026-06-28T01:24:58.587800+00:00
20251021_2136_HARP13935_NOAA14263,2025_HARP13935_20251021_2136_20251022_2024,2025-10-21 21:36:00,13935,14263,0,saved,"(512, 512, 6)",gs://suryabench-sharp-pipeline-bamidele/jsoc_2025_2026_production_v1/samples_npz/2025/20251021_2136_HARP13935_NOAA14263.npz,success,2026-06-28T01:42:33.524951+00:00
20251021_2312_HARP13935_NOAA14263,2025_HARP13935_20251021_2136_20251022_2024,2025-10-21 23:12:00,13935,14263,0,saved,"(512, 512, 6)",gs://suryabench-sharp-pipeline-bamidele/jsoc_2025_2026_production_v1/samples_npz/2025/20251021_2312_HARP13935_NOAA14263.npz,success,2026-06-28T01:42:40.033080+00:00
20251022_0048_HARP13935_NOAA14263,2025_HARP13935_20251021_2136_20251022_2024,2025-10-22 00:48:00,13935,14263,0,saved,"(512, 512, 6)",gs://suryabench-sharp-pipeline-bamidele/jsoc_2025_2026_production_v1/samples_npz/2025/20251022_0048_HARP13935_NOAA14263.npz,success,2026-06-28T01:42:46.374812+00:00
20251022_0224_HARP13935_NOAA14263,2025_HARP13935_20251021_2136_20251022_2024,2025-10-22 02:24:00,13935,14263,0,saved,"(512, 512, 6)",gs://suryabench-sharp-pipeline-bamidele/jsoc_2025_2026_production_v1/samples_npz/2025/20251022_0224_HARP13935_NOAA14263.npz,success,2026-06-28T01:42:52.791253+00:00
20251022_0400_HARP13935_NOAA14263,2025_HARP13935_20251021_2136_20251022_2024,2025-10-22 04:00:00,13935,14263,0,saved,"(512, 512, 6)",gs://suryabench-sharp-pipeline-bamidele/jsoc_2025_2026_production_v1/samples_npz/2025/20251022_0400_HARP13935_NOAA14263.npz,success,2026-06-28T01:42:59.105203+00:00
20251022_0536_HARP13935_NOAA14263,2025_HARP13935_20251021_2136_20251022_2024,2025-10-22 05:36:00,13935,14263,0,saved,"(512, 512, 6)",gs://suryabench-sharp-pipeline-bamidele/jsoc_2025_2026_production_v1/samples_npz/2025/20251022_0536_HARP13935_NOAA14263.npz,success,2026-06-28T01:43:05.449207+00:00
20251022_0712_HARP13935_NOAA14263,2025_HARP13935_20251021_2136_20251022_2024,2025-10-22 07:12:00,13935,14263,0,saved,"(512, 512, 6)",gs://suryabench-sharp-pipeline-bamidele/jsoc_2025_2026_production_v1/samples_npz/2025/20251022_0712_HARP13935_NOAA14263.npz,success,2026-06-28T01:43:11.825651+00:00
20251022_0848_HARP13935_NOAA14263,2025_HARP13935_20251021_2136_20251022_2024,2025-10-22 08:48:00,13935,14263,0,saved,"(512, 512, 6)",gs://suryabench-sharp-pipeline-bamidele/jsoc_2025_2026_production_v1/samples_npz/2025/20251022_0848_HARP13935_NOAA14263.npz,success,2026-06-28T01:43:18.210386+00:00
20251022_1024_HARP13935_NOAA14263,2025_HARP13935_20251021_2136_20251022_2024,2025-10-22 10:24:00,13935,14263,0,saved,"(512, 512, 6)",gs://suryabench-sharp-pipeline-bamidele/jsoc_2025_2026_production_v1/samples_npz/2025/20251022_1024_HARP13935_NOAA14263.npz,success,2026-06-28T01:43:24.516376+00:00
20251022_1200_HARP13935_NOAA14263,2025_HARP13935_20251021_2136_20251022_2024,2025-10-22 12:00:00,13935,14263,0,saved,"(512, 512, 6)",gs://suryabench-sharp-pipeline-bamidele/jsoc_2025_2026_production_v1/samples_npz/2025/20251022_1200_HARP13935_NOAA14263.npz,success,2026-06-28T01:43:30.800858+00:00
20251022_1336_HARP13935_NOAA14263,2025_HARP13935_20251021_2136_20251022_2024,2025-10-22 13:36:00,13935,14263,0,saved,"(512, 512, 6)",gs://suryabench-sharp-pipeline-bamidele/jsoc_2025_2026_production_v1/samples_npz/2025/20251022_1336_HARP13935_NOAA14263.npz,success,2026-06-28T01:43:38.126226+00:00
20251022_1512_HARP13935_NOAA14263,2025_HARP13935_20251021_2136_20251022_2024,2025-10-22 15:12:00,13935,14263,0,saved,"(512, 512, 6)",gs://suryabench-sharp-pipeline-bamidele/jsoc_2025_2026_production_v1/samples_npz/2025/20251022_1512_HARP13935_NOAA14263.npz,success,2026-06-28T01:43:44.484366+00:00
20251022_1648_HARP13935_NOAA14263,2025_HARP13935_20251021_2136_20251022_2024,2025-10-22 16:48:00,13935,14263,0,saved,"(512, 512, 6)",gs://suryabench-sharp-pipeline-bamidele/jsoc_2025_2026_production_v1/samples_npz/2025/20251022_1648_HARP13935_NOAA14263.npz,success,2026-06-28T01:43:50.761366+00:00
20251022_1824_HARP13935_NOAA14263,2025_HARP13935_20251021_2136_20251022_2024,2025-10-22 18:24:00,13935,14263,0,saved,"(512, 512, 6)",gs://suryabench-sharp-pipeline-bamidele/jsoc_2025_2026_production_v1/samples_npz/2025/20251022_1824_HARP13935_NOAA14263.npz,success,2026-06-28T01:43:57.091989+00:00
20251022_2024_HARP13935_NOAA14263,2025_HARP13935_20251021_2136_20251022_2024,2025-10-22 20:24:00,13935,14263,0,saved,"(512, 512, 6)",gs://suryabench-sharp-pipeline-bamidele/jsoc_2025_2026_production_v1/samples_npz/2025/20251022_2024_HARP13935_NOAA14263.npz,success,2026-06-28T01:44:03.418280+00:00
20251022_2200_HARP13935_NOAA14263,2025_HARP13935_20251022_2200_20251023_0248,2025-10-22 22:00:00,13935,14263,0,saved,"(512, 512, 6)",gs://suryabench-sharp-pipeline-bamidele/jsoc_2025_2026_production_v1/samples_npz/2025/20251022_2200_HARP13935_NOAA14263.npz,success,2026-06-28T01:51:37.926287+00:00
20251022_2336_HARP13935_NOAA14263,2025_HARP13935_20251022_2200_20251023_0248,2025-10-22 23:36:00,13935,14263,0,saved,"(512, 512, 6)",gs://suryabench-sharp-pipeline-bamidele/jsoc_2025_2026_production_v1/samples_npz/2025/20251022_2336_HARP13935_NOAA14263.npz,success,2026-06-28T01:51:44.607493+00:00
20251023_0112_HARP13935_NOAA14263,2025_HARP13935_20251022_2200_20251023_0248,2025-10-23 01:12:00,13935,14263,0,saved,"(512, 512, 6)",gs://suryabench-sharp-pipeline-bamidele/jsoc_2025_2026_production_v1/samples_npz/2025/20251023_0112_HARP13935_NOAA14263.npz,success,2026-06-28T01:51:51.019363+00:00
20251023_0248_HARP13935_NOAA14263,2025_HARP13935_20251022_2200_20251023_0248,2025-10-23 02:48:00,13935,14263,0,saved,"(512, 512, 6)",gs://suryabench-sharp-pipeline-bamidele/jsoc_2025_2026_production_v1/samples_npz/2025/20251023_0248_HARP13935_NOAA14263.npz,success,2026-06-28T01:51:57.346904+00:00
20251023_1936_HARP13931_NOAA14260,2025_HARP13931_20251023_1936_20251024_1624,2025-10-23 19:36:00,13931,14260,0,saved,"(512, 512, 6)",gs://suryabench-sharp-pipeline-bamidele/jsoc_2025_2026_production_v1/samples_npz/2025/20251023_1936_HARP13931_NOAA14260.npz,success,2026-06-28T02:02:50.145043+00:00
20251023_2112_HARP13931_NOAA14260,2025_HARP13931_20251023_1936_20251024_1624,2025-10-23 21:12:00,13931,14260,0,saved,"(512, 512, 6)",gs://suryabench-sharp-pipeline-bamidele/jsoc_2025_2026_production_v1/samples_npz/2025/20251023_2112_HARP13931_NOAA14260.npz,success,2026-06-28T02:02:56.456313+00:00
20251023_2248_HARP13931_NOAA14260,2025_HARP13931_20251023_1936_20251024_1624,2025-10-23 22:48:00,13931,14260,0,saved,"(512, 512, 6)",gs://suryabench-sharp-pipeline-bamidele/jsoc_2025_2026_production_v1/samples_npz/2025/20251023_2248_HARP13931_NOAA14260.npz,success,2026-06-28T02:03:02.722356+00:00
20251024_0024_HARP13931_NOAA14260,2025_HARP13931_20251023_1936_20251024_1624,2025-10-24 00:24:00,13931,14260,0,saved,"(512, 512, 6)",gs://suryabench-sharp-pipeline-bamidele/jsoc_2025_2026_production_v1/samples_npz/2025/20251024_0024_HARP13931_NOAA14260.npz,success,2026-06-28T02:03:08.952197+00:00
20251024_0200_HARP13931_NOAA14260,2025_HARP13931_20251023_1936_20251024_1624,2025-10-24 02:00:00,13931,14260,0,saved,"(512, 512, 6)",gs://suryabench-sharp-pipeline-bamidele/jsoc_2025_2026_production_v1/samples_npz/2025/20251024_0200_HARP13931_NOAA14260.npz,success,2026-06-28T02:03:15.218645+00:00
20251024_0336_HARP13931_NOAA14260,2025_HARP13931_20251023_1936_20251024_1624,2025-10-24 03:36:00,13931,14260,0,saved,"(512, 512, 6)",gs://suryabench-sharp-pipeline-bamidele/jsoc_2025_2026_production_v1/samples_npz/2025/20251024_0336_HARP13931_NOAA14260.npz,success,2026-06-28T02:03:21.523409+00:00
20251024_0512_HARP13931_NOAA14260,2025_HARP13931_20251023_1936_20251024_1624,2025-10-24 05:12:00,13931,14260,0,saved,"(512, 512, 6)",gs://suryabench-sharp-pipeline-bamidele/jsoc_2025_2026_production_v1/samples_npz/2025/20251024_0512_HARP13931_NOAA14260.npz,success,2026-06-28T02:03:27.776044+00:00
20251024_0648_HARP13931_NOAA14260,2025_HARP13931_20251023_1936_20251024_1624,2025-10-24 06:48:00,13931,14260,0,saved,"(512, 512, 6)",gs://suryabench-sharp-pipeline-bamidele/jsoc_2025_2026_production_v1/samples_npz/2025/20251024_0648_HARP13931_NOAA14260.npz,success,2026-06-28T02:03:34.060350+00:00
20251024_0824_HARP13931_NOAA14260,2025_HARP13931_20251023_1936_20251024_1624,2025-10-24 08:24:00,13931,14260,0,saved,"(512, 512, 6)",gs://suryabench-sharp-pipeline-bamidele/jsoc_2025_2026_production_v1/samples_npz/2025/20251024_0824_HARP13931_NOAA14260.npz,success,2026-06-28T02:03:40.946380+00:00
20251024_1000_HARP13931_NOAA14260,2025_HARP13931_20251023_1936_20251024_1624,2025-10-24 10:00:00,13931,14260,0,saved,"(512, 512, 6)",gs://suryabench-sharp-pipeline-bamidele/jsoc_2025_2026_production_v1/samples_npz/2025/20251024_1000_HARP13931_NOAA14260.npz,success,2026-06-28T02:03:47.520555+00:00
20251024_1136_HARP13931_NOAA14260,2025_HARP13931_20251023_1936_20251024_1624,2025-10-24 11:36:00,13931,14260,0,saved,"(512, 512, 6)",gs://suryabench-sharp-pipeline-bamidele/jsoc_2025_2026_production_v1/samples_npz/2025/20251024_1136_HARP13931_NOAA14260.npz,success,2026-06-28T02:03:53.958464+00:00
20251024_1312_HARP13931_NOAA14260,2025_HARP13931_20251023_1936_20251024_1624,2025-10-24 13:12:00,13931,14260,0,saved,"(512, 512, 6)",gs://suryabench-sharp-pipeline-bamidele/jsoc_2025_2026_production_v1/samples_npz/2025/20251024_1312_HARP13931_NOAA14260.npz,success,2026-06-28T02:04:00.367582+00:00
20251024_1448_HARP13931_NOAA14260,2025_HARP13931_20251023_1936_20251024_1624,2025-10-24 14:48:00,13931,14260,0,saved,"(512, 512, 6)",gs://suryabench-sharp-pipeline-bamidele/jsoc_2025_2026_production_v1/samples_npz/2025/20251024_1448_HARP13931_NOAA14260.npz,success,2026-06-28T02:04:06.760297+00:00
20251024_1624_HARP13931_NOAA14260,2025_HARP13931_20251023_1936_20251024_1624,2025-10-24 16:24:00,13931,14260,0,saved,"(512, 512, 6)",gs://suryabench-sharp-pipeline-bamidele/jsoc_2025_2026_production_v1/samples_npz/2025/20251024_1624_HARP13931_NOAA14260.npz,success,2026-06-28T02:04:13.158936+00:00
20251024_1936_HARP13931_NOAA14260,2025_HARP13931_20251024_1936_20251025_1624,2025-10-24 19:36:00,13931,14260,0,saved,"(512, 512, 6)",gs://suryabench-sharp-pipeline-bamidele/jsoc_2025_2026_production_v1/samples_npz/2025/20251024_1936_HARP13931_NOAA14260.npz,success,2026-06-28T02:16:00.550722+00:00
20251024_2112_HARP13931_NOAA14260,2025_HARP13931_20251024_1936_20251025_1624,2025-10-24 21:12:00,13931,14260,0,saved,"(512, 512, 6)",gs://suryabench-sharp-pipeline-bamidele/jsoc_2025_2026_production_v1/samples_npz/2025/20251024_2112_HARP13931_NOAA14260.npz,success,2026-06-28T02:16:06.973623+00:00
20251024_2248_HARP13931_NOAA14260,2025_HARP13931_20251024_1936_20251025_1624,2025-10-24 22:48:00,13931,14260,0,saved,"(512, 512, 6)",gs://suryabench-sharp-pipeline-bamidele/jsoc_2025_2026_production_v1/samples_npz/2025/20251024_2248_HARP13931_NOAA14260.npz,success,2026-06-28T02:16:13.397234+00:00
20251025_0024_HARP13931_NOAA14260,2025_HARP13931_20251024_1936_20251025_1624,2025-10-25 00:24:00,13931,14260,0,saved,"(512, 512, 6)",gs://suryabench-sharp-pipeline-bamidele/jsoc_2025_2026_production_v1/samples_npz/2025/20251025_0024_HARP13931_NOAA14260.npz,success,2026-06-28T02:16:19.750970+00:00
20251025_0200_HARP13931_NOAA14260,2025_HARP13931_20251024_1936_20251025_1624,2025-10-25 02:00:00,13931,14260,0,saved,"(512, 512, 6)",gs://suryabench-sharp-pipeline-bamidele/jsoc_2025_2026_production_v1/samples_npz/2025/20251025_0200_HARP13931_NOAA14260.npz,success,2026-06-28T02:16:26.183904+00:00
20251025_0336_HARP13931_NOAA14260,2025_HARP13931_20251024_1936_20251025_1624,2025-10-25 03:36:00,13931,14260,0,saved,"(512, 512, 6)",gs://suryabench-sharp-pipeline-bamidele/jsoc_2025_2026_production_v1/samples_npz/2025/20251025_0336_HARP13931_NOAA14260.npz,success,2026-06-28T02:16:33.665047+00:00
20251025_0512_HARP13931_NOAA14260,2025_HARP13931_20251024_1936_20251025_1624,2025-10-25 05:12:00,13931,14260,0,saved,"(512, 512, 6)",gs://suryabench-sharp-pipeline-bamidele/jsoc_2025_2026_production_v1/samples_npz/2025/20251025_0512_HARP13931_NOAA14260.npz,success,2026-06-28T02:16:40.038292+00:00
20251025_0648_HARP13931_NOAA14260,2025_HARP13931_20251024_1936_20251025_1624,2025-10-25 06:48:00,13931,14260,0,saved,"(512, 512, 6)",gs://suryabench-sharp-pipeline-bamidele/jsoc_2025_2026_production_v1/samples_npz/2025/20251025_0648_HARP13931_NOAA14260.npz,success,2026-06-28T02:16:46.384167+00:00
20251025_0824_HARP13931_NOAA14260,2025_HARP13931_20251024_1936_20251025_1624,2025-10-25 08:24:00,13931,14260,0,saved,"(512, 512, 6)",gs://suryabench-sharp-pipeline-bamidele/jsoc_2025_2026_production_v1/samples_npz/2025/20251025_0824_HARP13931_NOAA14260.npz,success,2026-06-28T02:16:52.747219+00:00
20251025_1000_HARP13931_NOAA14260,2025_HARP13931_20251024_1936_20251025_1624,2025-10-25 10:00:00,13931,14260,0,saved,"(512, 512, 6)",gs://suryabench-sharp-pipeline-bamidele/jsoc_2025_2026_production_v1/samples_npz/2025/20251025_1000_HARP13931_NOAA14260.npz,success,2026-06-28T02:16:59.083258+00:00
20251025_1136_HARP13931_NOAA14260,2025_HARP13931_20251024_1936_20251025_1624,2025-10-25 11:36:00,13931,14260,0,saved,"(512, 512, 6)",gs://suryabench-sharp-pipeline-bamidele/jsoc_2025_2026_production_v1/samples_npz/2025/20251025_1136_HARP13931_NOAA14260.npz,success,2026-06-28T02:17:05.376376+00:00
20251025_1312_HARP13931_NOAA14260,2025_HARP13931_20251024_1936_20251025_1624,2025-10-25 13:12:00,13931,14260,0,saved,"(512, 512, 6)",gs://suryabench-sharp-pipeline-bamidele/jsoc_2025_2026_production_v1/samples_npz/2025/20251025_1312_HARP13931_NOAA14260.npz,success,2026-06-28T02:17:11.699725+00:00
20251025_1448_HARP13931_NOAA14260,2025_HARP13931_20251024_1936_20251025_1624,2025-10-25 14:48:00,13931,14260,0,saved,"(512, 512, 6)",gs://suryabench-sharp-pipeline-bamidele/jsoc_2025_2026_production_v1/samples_npz/2025/20251025_1448_HARP13931_NOAA14260.npz,success,2026-06-28T02:17:18.063947+00:00
20251025_1624_HARP13931_NOAA14260,2025_HARP13931_20251024_1936_20251025_1624,2025-10-25 16:24:00,13931,14260,0,saved,"(512, 512, 6)",gs://suryabench-sharp-pipeline-bamidele/jsoc_2025_2026_production_v1/samples_npz/2025/20251025_1624_HARP13931_NOAA14260.npz,success,2026-06-28T02:17:24.382988+00:00
20251025_0736_HARP13911_NOAA14256,2025_HARP13911_20251025_0736_20251025_2024,2025-10-25 07:36:00,13911,14256,0,saved,"(512, 512, 6)",gs://suryabench-sharp-pipeline-bamidele/jsoc_2025_2026_production_v1/samples_npz/2025/20251025_0736_HARP13911_NOAA14256.npz,success,2026-06-28T02:28:40.098111+00:00
20251025_0912_HARP13911_NOAA14256,2025_HARP13911_20251025_0736_20251025_2024,2025-10-25 09:12:00,13911,14256,0,saved,"(512, 512, 6)",gs://suryabench-sharp-pipeline-bamidele/jsoc_2025_2026_production_v1/samples_npz/2025/20251025_0912_HARP13911_NOAA14256.npz,success,2026-06-28T02:28:47.594405+00:00
20251025_1048_HARP13911_NOAA14256,2025_HARP13911_20251025_0736_20251025_2024,2025-10-25 10:48:00,13911,14256,0,saved,"(512, 512, 6)",gs://suryabench-sharp-pipeline-bamidele/jsoc_2025_2026_production_v1/samples_npz/2025/20251025_1048_HARP13911_NOAA14256.npz,success,2026-06-28T02:28:54.878022+00:00
20251025_1224_HARP13911_NOAA14256,2025_HARP13911_20251025_0736_20251025_2024,2025-10-25 12:24:00,13911,14256,0,saved,"(512, 512, 6)",gs://suryabench-sharp-pipeline-bamidele/jsoc_2025_2026_production_v1/samples_npz/2025/20251025_1224_HARP13911_NOAA14256.npz,success,2026-06-28T02:29:02.079111+00:00
20251025_1400_HARP13911_NOAA14256,2025_HARP13911_20251025_0736_20251025_2024,2025-10-25 14:00:00,13911,14256,0,saved,"(512, 512, 6)",gs://suryabench-sharp-pipeline-bamidele/jsoc_2025_2026_production_v1/samples_npz/2025/20251025_1400_HARP13911_NOAA14256.npz,success,2026-06-28T02:29:09.223445+00:00
20251025_1536_HARP13911_NOAA14256,2025_HARP13911_20251025_0736_20251025_2024,2025-10-25 15:36:00,13911,14256,0,saved,"(512, 512, 6)",gs://suryabench-sharp-pipeline-bamidele/jsoc_2025_2026_production_v1/samples_npz/2025/20251025_1536_HARP13911_NOAA14256.npz,success,2026-06-28T02:29:16.409343+00:00
20251025_1712_HARP13911_NOAA14256,2025_HARP13911_20251025_0736_20251025_2024,2025-10-25 17:12:00,13911,14256,0,saved,"(512, 512, 6)",gs://suryabench-sharp-pipeline-bamidele/jsoc_2025_2026_production_v1/samples_npz/2025/20251025_1712_HARP13911_NOAA14256.npz,success,2026-06-28T02:29:23.524700+00:00
20251025_1848_HARP13911_NOAA14256,2025_HARP13911_20251025_0736_20251025_2024,2025-10-25 18:48:00,13911,14256,0,saved,"(512, 512, 6)",gs://suryabench-sharp-pipeline-bamidele/jsoc_2025_2026_production_v1/samples_npz/2025/20251025_1848_HARP13911_NOAA14256.npz,success,2026-06-28T02:29:30.706848+00:00
20251025_2024_HARP13911_NOAA14256,2025_HARP13911_20251025_0736_20251025_2024,2025-10-25 20:24:00,13911,14256,0,saved,"(512, 512, 6)",gs://suryabench-sharp-pipeline-bamidele/jsoc_2025_2026_production_v1/samples_npz/2025/20251025_2024_HARP13911_NOAA14256.npz,success,2026-06-28T02:29:37.808295+00:00
20251026_0148_HARP13930_NOAA14264,2025_HARP13930_20251026_0148_20251027_0012,2025-10-26 01:48:00,13930,14264,0,saved,"(512, 512, 6)",gs://suryabench-sharp-pipeline-bamidele/jsoc_2025_2026_production_v1/samples_npz/2025/20251026_0148_HARP13930_NOAA14264.npz,success,2026-06-28T02:40:27.941884+00:00
20251026_0324_HARP13930_NOAA14264,2025_HARP13930_20251026_0148_20251027_0012,2025-10-26 03:24:00,13930,14264,0,saved,"(512, 512, 6)",gs://suryabench-sharp-pipeline-bamidele/jsoc_2025_2026_production_v1/samples_npz/2025/20251026_0324_HARP13930_NOAA14264.npz,success,2026-06-28T02:40:34.660489+00:00
20251026_0500_HARP13930_NOAA14264,2025_HARP13930_20251026_0148_20251027_0012,2025-10-26 05:00:00,13930,14264,0,saved,"(512, 512, 6)",gs://suryabench-sharp-pipeline-bamidele/jsoc_2025_2026_production_v1/samples_npz/2025/20251026_0500_HARP13930_NOAA14264.npz,success,2026-06-28T02:40:41.221769+00:00
20251026_0636_HARP13930_NOAA14264,2025_HARP13930_20251026_0148_20251027_0012,2025-10-26 06:36:00,13930,14264,0,saved,"(512, 512, 6)",gs://suryabench-sharp-pipeline-bamidele/jsoc_2025_2026_production_v1/samples_npz/2025/20251026_0636_HARP13930_NOAA14264.npz,success,2026-06-28T02:40:47.695922+00:00
20251026_0812_HARP13930_NOAA14264,2025_HARP13930_20251026_0148_20251027_0012,2025-10-26 08:12:00,13930,14264,0,saved,"(512, 512, 6)",gs://suryabench-sharp-pipeline-bamidele/jsoc_2025_2026_production_v1/samples_npz/2025/20251026_0812_HARP13930_NOAA14264.npz,success,2026-06-28T02:40:54.173218+00:00
20251026_0948_HARP13930_NOAA14264,2025_HARP13930_20251026_0148_20251027_0012,2025-10-26 09:48:00,13930,14264,0,saved,"(512, 512, 6)",gs://suryabench-sharp-pipeline-bamidele/jsoc_2025_2026_production_v1/samples_npz/2025/20251026_0948_HARP13930_NOAA14264.npz,success,2026-06-28T02:41:00.537630+00:00
20251026_1124_HARP13930_NOAA14264,2025_HARP13930_20251026_0148_20251027_0012,2025-10-26 11:24:00,13930,14264,0,saved,"(512, 512, 6)",gs://suryabench-sharp-pipeline-bamidele/jsoc_2025_2026_production_v1/samples_npz/2025/20251026_1124_HARP13930_NOAA14264.npz,success,2026-06-28T02:41:06.978964+00:00
20251026_1300_HARP13930_NOAA14264,2025_HARP13930_20251026_0148_20251027_0012,2025-10-26 13:00:00,13930,14264,0,saved,"(512, 512, 6)",gs://suryabench-sharp-pipeline-bamidele/jsoc_2025_2026_production_v1/samples_npz/2025/20251026_1300_HARP13930_NOAA14264.npz,success,2026-06-28T02:41:13.455629+00:00
20251026_1436_HARP13930_NOAA14264,2025_HARP13930_20251026_0148_20251027_0012,2025-10-26 14:36:00,13930,14264,0,saved,"(512, 512, 6)",gs://suryabench-sharp-pipeline-bamidele/jsoc_2025_2026_production_v1/samples_npz/2025/20251026_1436_HARP13930_NOAA14264.npz,success,2026-06-28T02:41:19.977549+00:00
20251026_1612_HARP13930_NOAA14264,2025_HARP13930_20251026_0148_20251027_0012,2025-10-26 16:12:00,13930,14264,0,saved,"(512, 512, 6)",gs://suryabench-sharp-pipeline-bamidele/jsoc_2025_2026_production_v1/samples_npz/2025/20251026_1612_HARP13930_NOAA14264.npz,success,2026-06-28T02:41:26.493054+00:00
20251026_1748_HARP13930_NOAA14264,2025_HARP13930_20251026_0148_20251027_0012,2025-10-26 17:48:00,13930,14264,0,saved,"(512, 512, 6)",gs://suryabench-sharp-pipeline-bamidele/jsoc_2025_2026_production_v1/samples_npz/2025/20251026_1748_HARP13930_NOAA14264.npz,success,2026-06-28T02:41:32.931836+00:00
20251026_1924_HARP13930_NOAA14264,2025_HARP13930_20251026_0148_20251027_0012,2025-10-26 19:24:00,13930,14264,0,saved,"(512, 512, 6)",gs://suryabench-sharp-pipeline-bamidele/jsoc_2025_2026_production_v1/samples_npz/2025/20251026_1924_HARP13930_NOAA14264.npz,success,2026-06-28T02:41:39.369822+00:00
20251026_2100_HARP13930_NOAA14264,2025_HARP13930_20251026_0148_20251027_0012,2025-10-26 21:00:00,13930,14264,0,saved,"(512, 512, 6)",gs://suryabench-sharp-pipeline-bamidele/jsoc_2025_2026_production_v1/samples_npz/2025/20251026_2100_HARP13930_NOAA14264.npz,success,2026-06-28T02:41:45.796270+00:00
20251026_2236_HARP13930_NOAA14264,2025_HARP13930_20251026_0148_20251027_0012,2025-10-26 22:36:00,13930,14264,0,saved,"(512, 512, 6)",gs://suryabench-sharp-pipeline-bamidele/jsoc_2025_2026_production_v1/samples_npz/2025/20251026_2236_HARP13930_NOAA14264.npz,success,2026-06-28T02:41:52.244045+00:00
20251027_0012_HARP13930_NOAA14264,2025_HARP13930_20251026_0148_20251027_0012,2025-10-27 00:12:00,13930,14264,0,saved,"(512, 512, 6)",gs://suryabench-sharp-pipeline-bamidele/jsoc_2025_2026_production_v1/samples_npz/2025/20251027_0012_HARP13930_NOAA14264.npz,success,2026-06-28T02:41:59.853435+00:00
20251027_0048_HARP13929_NOAA14261,2025_HARP13929_20251027_0048_20251027_2312,2025-10-27 00:48:00,13929,14261,0,saved,"(512, 512, 6)",gs://suryabench-sharp-pipeline-bamidele/jsoc_2025_2026_production_v1/samples_npz/2025/20251027_0048_HARP13929_NOAA14261.npz,success,2026-06-28T02:52:44.666987+00:00
20251027_0224_HARP13929_NOAA14261,2025_HARP13929_20251027_0048_20251027_2312,2025-10-27 02:24:00,13929,14261,0,saved,"(512, 512, 6)",gs://suryabench-sharp-pipeline-bamidele/jsoc_2025_2026_production_v1/samples_npz/2025/20251027_0224_HARP13929_NOAA14261.npz,success,2026-06-28T02:52:51.139503+00:00
20251027_0400_HARP13929_NOAA14261,2025_HARP13929_20251027_0048_20251027_2312,2025-10-27 04:00:00,13929,14261,0,saved,"(512, 512, 6)",gs://suryabench-sharp-pipeline-bamidele/jsoc_2025_2026_production_v1/samples_npz/2025/20251027_0400_HARP13929_NOAA14261.npz,success,2026-06-28T02:52:57.719750+00:00
20251027_0536_HARP13929_NOAA14261,2025_HARP13929_20251027_0048_20251027_2312,2025-10-27 05:36:00,13929,14261,0,saved,"(512, 512, 6)",gs://suryabench-sharp-pipeline-bamidele/jsoc_2025_2026_production_v1/samples_npz/2025/20251027_0536_HARP13929_NOAA14261.npz,success,2026-06-28T02:53:04.210889+00:00
20251027_0712_HARP13929_NOAA14261,2025_HARP13929_20251027_0048_20251027_2312,2025-10-27 07:12:00,13929,14261,0,saved,"(512, 512, 6)",gs://suryabench-sharp-pipeline-bamidele/jsoc_2025_2026_production_v1/samples_npz/2025/20251027_0712_HARP13929_NOAA14261.npz,success,2026-06-28T02:53:10.605179+00:00
20251027_0848_HARP13929_NOAA14261,2025_HARP13929_20251027_0048_20251027_2312,2025-10-27 08:48:00,13929,14261,0,saved,"(512, 512, 6)",gs://suryabench-sharp-pipeline-bamidele/jsoc_2025_2026_production_v1/samples_npz/2025/20251027_0848_HARP13929_NOAA14261.npz,success,2026-06-28T02:53:17.281641+00:00
20251027_1024_HARP13929_NOAA14261,2025_HARP13929_20251027_0048_20251027_2312,2025-10-27 10:24:00,13929,14261,0,saved,"(512, 512, 6)",gs://suryabench-sharp-pipeline-bamidele/jsoc_2025_2026_production_v1/samples_npz/2025/20251027_1024_HARP13929_NOAA14261.npz,success,2026-06-28T02:53:23.823703+00:00
20251027_1200_HARP13929_NOAA14261,2025_HARP13929_20251027_0048_20251027_2312,2025-10-27 12:00:00,13929,14261,0,saved,"(512, 512, 6)",gs://suryabench-sharp-pipeline-bamidele/jsoc_2025_2026_production_v1/samples_npz/2025/20251027_1200_HARP13929_NOAA14261.npz,success,2026-06-28T02:53:30.418856+00:00
20251027_1336_HARP13929_NOAA14261,2025_HARP13929_20251027_0048_20251027_2312,2025-10-27 13:36:00,13929,14261,0,saved,"(512, 512, 6)",gs://suryabench-sharp-pipeline-bamidele/jsoc_2025_2026_production_v1/samples_npz/2025/20251027_1336_HARP13929_NOAA14261.npz,success,2026-06-28T02:53:36.970088+00:00
20251027_1512_HARP13929_NOAA14261,2025_HARP13929_20251027_0048_20251027_2312,2025-10-27 15:12:00,13929,14261,0,saved,"(512, 512, 6)",gs://suryabench-sharp-pipeline-bamidele/jsoc_2025_2026_production_v1/samples_npz/2025/20251027_1512_HARP13929_NOAA14261.npz,success,2026-06-28T02:53:43.508366+00:00
20251027_1648_HARP13929_NOAA14261,2025_HARP13929_20251027_0048_20251027_2312,2025-10-27 16:48:00,13929,14261,0,saved,"(512, 512, 6)",gs://suryabench-sharp-pipeline-bamidele/jsoc_2025_2026_production_v1/samples_npz/2025/20251027_1648_HARP13929_NOAA14261.npz,success,2026-06-28T02:53:50.055797+00:00
20251027_1824_HARP13929_NOAA14261,2025_HARP13929_20251027_0048_20251027_2312,2025-10-27 18:24:00,13929,14261,0,saved,"(512, 512, 6)",gs://suryabench-sharp-pipeline-bamidele/jsoc_2025_2026_production_v1/samples_npz/2025/20251027_1824_HARP13929_NOAA14261.npz,success,2026-06-28T02:53:56.504328+00:00
20251027_2000_HARP13929_NOAA14261,2025_HARP13929_20251027_0048_20251027_2312,2025-10-27 20:00:00,13929,14261,0,saved,"(512, 512, 6)",gs://suryabench-sharp-pipeline-bamidele/jsoc_2025_2026_production_v1/samples_npz/2025/20251027_2000_HARP13929_NOAA14261.npz,success,2026-06-28T02:54:03.002468+00:00
20251027_2136_HARP13929_NOAA14261,2025_HARP13929_20251027_0048_20251027_2312,2025-10-27 21:36:00,13929,14261,0,saved,"(512, 512, 6)",gs://suryabench-sharp-pipeline-bamidele/jsoc_2025_2026_production_v1/samples_npz/2025/20251027_2136_HARP13929_NOAA14261.npz,success,2026-06-28T02:54:09.685039+00:00
20251027_2312_HARP13929_NOAA14261,2025_HARP13929_20251027_0048_20251027_2312,2025-10-27 23:12:00,13929,14261,0,saved,"(512, 512, 6)",gs://suryabench-sharp-pipeline-bamidele/jsoc_2025_2026_production_v1/samples_npz/2025/20251027_2312_HARP13929_NOAA14261.npz,success,2026-06-28T02:54:16.284011+00:00
20251027_1324_HARP13946_NOAA14267,2025_HARP13946_20251027_1324_20251028_1148,2025-10-27 13:24:00,13946,14267,0,saved,"(512, 512, 6)",gs://suryabench-sharp-pipeline-bamidele/jsoc_2025_2026_production_v1/samples_npz/2025/20251027_1324_HARP13946_NOAA14267.npz,success,2026-06-28T03:05:29.655021+00:00
20251027_1500_HARP13946_NOAA14267,2025_HARP13946_20251027_1324_20251028_1148,2025-10-27 15:00:00,13946,14267,0,saved,"(512, 512, 6)",gs://suryabench-sharp-pipeline-bamidele/jsoc_2025_2026_production_v1/samples_npz/2025/20251027_1500_HARP13946_NOAA14267.npz,success,2026-06-28T03:05:36.335210+00:00
20251027_1636_HARP13946_NOAA14267,2025_HARP13946_20251027_1324_20251028_1148,2025-10-27 16:36:00,13946,14267,0,saved,"(512, 512, 6)",gs://suryabench-sharp-pipeline-bamidele/jsoc_2025_2026_production_v1/samples_npz/2025/20251027_1636_HARP13946_NOAA14267.npz,success,2026-06-28T03:05:42.947269+00:00
20251027_1812_HARP13946_NOAA14267,2025_HARP13946_20251027_1324_20251028_1148,2025-10-27 18:12:00,13946,14267,0,saved,"(512, 512, 6)",gs://suryabench-sharp-pipeline-bamidele/jsoc_2025_2026_production_v1/samples_npz/2025/20251027_1812_HARP13946_NOAA14267.npz,success,2026-06-28T03:05:49.539399+00:00
20251027_1948_HARP13946_NOAA14267,2025_HARP13946_20251027_1324_20251028_1148,2025-10-27 19:48:00,13946,14267,0,saved,"(512, 512, 6)",gs://suryabench-sharp-pipeline-bamidele/jsoc_2025_2026_production_v1/samples_npz/2025/20251027_1948_HARP13946_NOAA14267.npz,success,2026-06-28T03:05:56.172718+00:00
20251027_2124_HARP13946_NOAA14267,2025_HARP13946_20251027_1324_20251028_1148,2025-10-27 21:24:00,13946,14267,0,saved,"(512, 512, 6)",gs://suryabench-sharp-pipeline-bamidele/jsoc_2025_2026_production_v1/samples_npz/2025/20251027_2124_HARP13946_NOAA14267.npz,success,2026-06-28T03:06:02.802447+00:00
20251027_2300_HARP13946_NOAA14267,2025_HARP13946_20251027_1324_20251028_1148,2025-10-27 23:00:00,13946,14267,0,saved,"(512, 512, 6)",gs://suryabench-sharp-pipeline-bamidele/jsoc_2025_2026_production_v1/samples_npz/2025/20251027_2300_HARP13946_NOAA14267.npz,success,2026-06-28T03:06:09.436747+00:00
20251028_0036_HARP13946_NOAA14267,2025_HARP13946_20251027_1324_20251028_1148,2025-10-28 00:36:00,13946,14267,0,saved,"(512, 512, 6)",gs://suryabench-sharp-pipeline-bamidele/jsoc_2025_2026_production_v1/samples_npz/2025/20251028_0036_HARP13946_NOAA14267.npz,success,2026-06-28T03:06:16.024561+00:00
20251028_0212_HARP13946_NOAA14267,2025_HARP13946_20251027_1324_20251028_1148,2025-10-28 02:12:00,13946,14267,0,saved,"(512, 512, 6)",gs://suryabench-sharp-pipeline-bamidele/jsoc_2025_2026_production_v1/samples_npz/2025/20251028_0212_HARP13946_NOAA14267.npz,success,2026-06-28T03:06:22.642321+00:00
20251028_0348_HARP13946_NOAA14267,2025_HARP13946_20251027_1324_20251028_1148,2025-10-28 03:48:00,13946,14267,0,saved,"(512, 512, 6)",gs://suryabench-sharp-pipeline-bamidele/jsoc_2025_2026_production_v1/samples_npz/2025/20251028_0348_HARP13946_NOAA14267.npz,success,2026-06-28T03:06:29.154366+00:00
20251028_0524_HARP13946_NOAA14267,2025_HARP13946_20251027_1324_20251028_1148,2025-10-28 05:24:00,13946,14267,0,saved,"(512, 512, 6)",gs://suryabench-sharp-pipeline-bamidele/jsoc_2025_2026_production_v1/samples_npz/2025/20251028_0524_HARP13946_NOAA14267.npz,success,2026-06-28T03:06:35.731469+00:00
20251028_0700_HARP13946_NOAA14267,2025_HARP13946_20251027_1324_20251028_1148,2025-10-28 07:00:00,13946,14267,0,saved,"(512, 512, 6)",gs://suryabench-sharp-pipeline-bamidele/jsoc_2025_2026_production_v1/samples_npz/2025/20251028_0700_HARP13946_NOAA14267.npz,success,2026-06-28T03:06:42.294887+00:00
20251028_0836_HARP13946_NOAA14267,2025_HARP13946_20251027_1324_20251028_1148,2025-10-28 08:36:00,13946,14267,0,saved,"(512, 512, 6)",gs://suryabench-sharp-pipeline-bamidele/jsoc_2025_2026_production_v1/samples_npz/2025/20251028_0836_HARP13946_NOAA14267.npz,success,2026-06-28T03:06:48.873113+00:00
20251028_1012_HARP13946_NOAA14267,2025_HARP13946_20251027_1324_20251028_1148,2025-10-28 10:12:00,13946,14267,0,saved,"(512, 512, 6)",gs://suryabench-sharp-pipeline-bamidele/jsoc_2025_2026_production_v1/samples_npz/2025/20251028_1012_HARP13946_NOAA14267.npz,success,2026-06-28T03:06:55.485159+00:00
20251028_1148_HARP13946_NOAA14267,2025_HARP13946_20251027_1324_20251028_1148,2025-10-28 11:48:00,13946,14267,0,saved,"(512, 512, 6)",gs://suryabench-sharp-pipeline-bamidele/jsoc_2025_2026_production_v1/samples_npz/2025/20251028_1148_HARP13946_NOAA14267.npz,success,2026-06-28T03:07:02.029745+00:00
20251028_0100_HARP13955_NOAA14266,2025_HARP13955_20251028_0100_20251028_2336,2025-10-28 01:00:00,13955,14266,0,saved,"(512, 512, 6)",gs://suryabench-sharp-pipeline-bamidele/jsoc_2025_2026_production_v1/samples_npz/2025/20251028_0100_HARP13955_NOAA14266.npz,success,2026-06-28T03:25:10.557235+00:00
20251028_0236_HARP13955_NOAA14266,2025_HARP13955_20251028_0100_20251028_2336,2025-10-28 02:36:00,13955,14266,0,saved,"(512, 512, 6)",gs://suryabench-sharp-pipeline-bamidele/jsoc_2025_2026_production_v1/samples_npz/2025/20251028_0236_HARP13955_NOAA14266.npz,success,2026-06-28T03:25:16.571084+00:00
20251028_0412_HARP13955_NOAA14266,2025_HARP13955_20251028_0100_20251028_2336,2025-10-28 04:12:00,13955,14266,0,saved,"(512, 512, 6)",gs://suryabench-sharp-pipeline-bamidele/jsoc_2025_2026_production_v1/samples_npz/2025/20251028_0412_HARP13955_NOAA14266.npz,success,2026-06-28T03:25:22.663120+00:00
20251028_0548_HARP13955_NOAA14266,2025_HARP13955_20251028_0100_20251028_2336,2025-10-28 05:48:00,13955,14266,0,saved,"(512, 512, 6)",gs://suryabench-sharp-pipeline-bamidele/jsoc_2025_2026_production_v1/samples_npz/2025/20251028_0548_HARP13955_NOAA14266.npz,success,2026-06-28T03:25:28.733468+00:00
20251028_0724_HARP13955_NOAA14266,2025_HARP13955_20251028_0100_20251028_2336,2025-10-28 07:24:00,13955,14266,0,saved,"(512, 512, 6)",gs://suryabench-sharp-pipeline-bamidele/jsoc_2025_2026_production_v1/samples_npz/2025/20251028_0724_HARP13955_NOAA14266.npz,success,2026-06-28T03:25:34.817823+00:00
20251028_0900_HARP13955_NOAA14266,2025_HARP13955_20251028_0100_20251028_2336,2025-10-28 09:00:00,13955,14266,0,saved,"(512, 512, 6)",gs://suryabench-sharp-pipeline-bamidele/jsoc_2025_2026_production_v1/samples_npz/2025/20251028_0900_HARP13955_NOAA14266.npz,success,2026-06-28T03:25:40.914763+00:00
20251028_1036_HARP13955_NOAA14266,2025_HARP13955_20251028_0100_20251028_2336,2025-10-28 10:36:00,13955,14266,0,saved,"(512, 512, 6)",gs://suryabench-sharp-pipeline-bamidele/jsoc_2025_2026_production_v1/samples_npz/2025/20251028_1036_HARP13955_NOAA14266.npz,success,2026-06-28T03:25:46.972079+00:00
20251028_1212_HARP13955_NOAA14266,2025_HARP13955_20251028_0100_20251028_2336,2025-10-28 12:12:00,13955,14266,0,saved,"(512, 512, 6)",gs://suryabench-sharp-pipeline-bamidele/jsoc_2025_2026_production_v1/samples_npz/2025/20251028_1212_HARP13955_NOAA14266.npz,success,2026-06-28T03:25:52.985816+00:00
20251028_1348_HARP13955_NOAA14266,2025_HARP13955_20251028_0100_20251028_2336,2025-10-28 13:48:00,13955,14266,0,saved,"(512, 512, 6)",gs://suryabench-sharp-pipeline-bamidele/jsoc_2025_2026_production_v1/samples_npz/2025/20251028_1348_HARP13955_NOAA14266.npz,success,2026-06-28T03:25:59.027995+00:00
20251028_1524_HARP13955_NOAA14266,2025_HARP13955_20251028_0100_20251028_2336,2025-10-28 15:24:00,13955,14266,0,saved,"(512, 512, 6)",gs://suryabench-sharp-pipeline-bamidele/jsoc_2025_2026_production_v1/samples_npz/2025/20251028_1524_HARP13955_NOAA14266.npz,success,2026-06-28T03:26:05.058091+00:00
20251028_1700_HARP13955_NOAA14266,2025_HARP13955_20251028_0100_20251028_2336,2025-10-28 17:00:00,13955,14266,0,saved,"(512, 512, 6)",gs://suryabench-sharp-pipeline-bamidele/jsoc_2025_2026_production_v1/samples_npz/2025/20251028_1700_HARP13955_NOAA14266.npz,success,2026-06-28T03:26:11.101208+00:00
20251028_1836_HARP13955_NOAA14266,2025_HARP13955_20251028_0100_20251028_2336,2025-10-28 18:36:00,13955,14266,0,saved,"(512, 512, 6)",gs://suryabench-sharp-pipeline-bamidele/jsoc_2025_2026_production_v1/samples_npz/2025/20251028_1836_HARP13955_NOAA14266.npz,success,2026-06-28T03:26:18.291937+00:00
20251028_2024_HARP13955_NOAA14266,2025_HARP13955_20251028_0100_20251028_2336,2025-10-28 20:24:00,13955,14266,0,saved,"(512, 512, 6)",gs://suryabench-sharp-pipeline-bamidele/jsoc_2025_2026_production_v1/samples_npz/2025/20251028_2024_HARP13955_NOAA14266.npz,success,2026-06-28T03:26:24.502417+00:00
20251028_2200_HARP13955_NOAA14266,2025_HARP13955_20251028_0100_20251028_2336,2025-10-28 22:00:00,13955,14266,0,saved,"(512, 512, 6)",gs://suryabench-sharp-pipeline-bamidele/jsoc_2025_2026_production_v1/samples_npz/2025/20251028_2200_HARP13955_NOAA14266.npz,success,2026-06-28T03:26:30.562212+00:00
20251028_2336_HARP13955_NOAA14266,2025_HARP13955_20251028_0100_20251028_2336,2025-10-28 23:36:00,13955,14266,0,saved,"(512, 512, 6)",gs://suryabench-sharp-pipeline-bamidele/jsoc_2025_2026_production_v1/samples_npz/2025/20251028_2336_HARP13955_NOAA14266.npz,success,2026-06-28T03:26:36.626630+00:00
20251028_2248_HARP13960_NOAA14269,2025_HARP13960_20251028_2248_20251029_1624,2025-10-28 22:48:00,13960,14269,0,saved,"(512, 512, 6)",gs://suryabench-sharp-pipeline-bamidele/jsoc_2025_2026_production_v1/samples_npz/2025/20251028_2248_HARP13960_NOAA14269.npz,success,2026-06-28T03:37:10.882322+00:00
20251029_0024_HARP13960_NOAA14269,2025_HARP13960_20251028_2248_20251029_1624,2025-10-29 00:24:00,13960,14269,0,saved,"(512, 512, 6)",gs://suryabench-sharp-pipeline-bamidele/jsoc_2025_2026_production_v1/samples_npz/2025/20251029_0024_HARP13960_NOAA14269.npz,success,2026-06-28T03:37:16.867378+00:00
20251029_0200_HARP13960_NOAA14269,2025_HARP13960_20251028_2248_20251029_1624,2025-10-29 02:00:00,13960,14269,0,saved,"(512, 512, 6)",gs://suryabench-sharp-pipeline-bamidele/jsoc_2025_2026_production_v1/samples_npz/2025/20251029_0200_HARP13960_NOAA14269.npz,success,2026-06-28T03:37:22.919198+00:00
20251029_0336_HARP13960_NOAA14269,2025_HARP13960_20251028_2248_20251029_1624,2025-10-29 03:36:00,13960,14269,0,saved,"(512, 512, 6)",gs://suryabench-sharp-pipeline-bamidele/jsoc_2025_2026_production_v1/samples_npz/2025/20251029_0336_HARP13960_NOAA14269.npz,success,2026-06-28T03:37:28.902408+00:00
20251029_0512_HARP13960_NOAA14269,2025_HARP13960_20251028_2248_20251029_1624,2025-10-29 05:12:00,13960,14269,0,saved,"(512, 512, 6)",gs://suryabench-sharp-pipeline-bamidele/jsoc_2025_2026_production_v1/samples_npz/2025/20251029_0512_HARP13960_NOAA14269.npz,success,2026-06-28T03:37:34.912773+00:00
20251029_0648_HARP13960_NOAA14269,2025_HARP13960_20251028_2248_20251029_1624,2025-10-29 06:48:00,13960,14269,0,saved,"(512, 512, 6)",gs://suryabench-sharp-pipeline-bamidele/jsoc_2025_2026_production_v1/samples_npz/2025/20251029_0648_HARP13960_NOAA14269.npz,success,2026-06-28T03:37:40.875957+00:00
20251029_0824_HARP13960_NOAA14269,2025_HARP13960_20251028_2248_20251029_1624,2025-10-29 08:24:00,13960,14269,0,saved,"(512, 512, 6)",gs://suryabench-sharp-pipeline-bamidele/jsoc_2025_2026_production_v1/samples_npz/2025/20251029_0824_HARP13960_NOAA14269.npz,success,2026-06-28T03:37:46.849390+00:00
20251029_1000_HARP13960_NOAA14269,2025_HARP13960_20251028_2248_20251029_1624,2025-10-29 10:00:00,13960,14269,0,saved,"(512, 512, 6)",gs://suryabench-sharp-pipeline-bamidele/jsoc_2025_2026_production_v1/samples_npz/2025/20251029_1000_HARP13960_NOAA14269.npz,success,2026-06-28T03:37:52.832532+00:00
20251029_1136_HARP13960_NOAA14269,2025_HARP13960_20251028_2248_20251029_1624,2025-10-29 11:36:00,13960,14269,0,saved,"(512, 512, 6)",gs://suryabench-sharp-pipeline-bamidele/jsoc_2025_2026_production_v1/samples_npz/2025/20251029_1136_HARP13960_NOAA14269.npz,success,2026-06-28T03:37:58.787119+00:00
20251029_1312_HARP13960_NOAA14269,2025_HARP13960_20251028_2248_20251029_1624,2025-10-29 13:12:00,13960,14269,0,saved,"(512, 512, 6)",gs://suryabench-sharp-pipeline-bamidele/jsoc_2025_2026_production_v1/samples_npz/2025/20251029_1312_HARP13960_NOAA14269.npz,success,2026-06-28T03:38:04.742142+00:00
20251029_1448_HARP13960_NOAA14269,2025_HARP13960_20251028_2248_20251029_1624,2025-10-29 14:48:00,13960,14269,0,saved,"(512, 512, 6)",gs://suryabench-sharp-pipeline-bamidele/jsoc_2025_2026_production_v1/samples_npz/2025/20251029_1448_HARP13960_NOAA14269.npz,success,2026-06-28T03:38:10.721992+00:00
20251029_1624_HARP13960_NOAA14269,2025_HARP13960_20251028_2248_20251029_1624,2025-10-29 16:24:00,13960,14269,0,saved,"(512, 512, 6)",gs://suryabench-sharp-pipeline-bamidele/jsoc_2025_2026_production_v1/samples_npz/2025/20251029_1624_HARP13960_NOAA14269.npz,success,2026-06-28T03:38:16.708607+00:00
20251029_0736_HARP13955_NOAA14266,2025_HARP13955_20251029_0736_20251029_1048,2025-10-29 07:36:00,13955,14266,0,saved,"(512, 512, 6)",gs://suryabench-sharp-pipeline-bamidele/jsoc_2025_2026_production_v1/samples_npz/2025/20251029_0736_HARP13955_NOAA14266.npz,success,2026-06-28T03:45:28.811444+00:00
20251029_0912_HARP13955_NOAA14266,2025_HARP13955_20251029_0736_20251029_1048,2025-10-29 09:12:00,13955,14266,0,saved,"(512, 512, 6)",gs://suryabench-sharp-pipeline-bamidele/jsoc_2025_2026_production_v1/samples_npz/2025/20251029_0912_HARP13955_NOAA14266.npz,success,2026-06-28T03:45:34.816771+00:00
20251029_1048_HARP13955_NOAA14266,2025_HARP13955_20251029_0736_20251029_1048,2025-10-29 10:48:00,13955,14266,0,saved,"(512, 512, 6)",gs://suryabench-sharp-pipeline-bamidele/jsoc_2025_2026_production_v1/samples_npz/2025/20251029_1048_HARP13955_NOAA14266.npz,success,2026-06-28T03:45:40.783687+00:00
20251030_2012_HARP13960_NOAA14269,2025_HARP13960_20251030_2012_20251031_0900,2025-10-30 20:12:00,13960,14269,0,saved,"(512, 512, 6)",gs://suryabench-sharp-pipeline-bamidele/jsoc_2025_2026_production_v1/samples_npz/2025/20251030_2012_HARP13960_NOAA14269.npz,success,2026-06-28T03:55:24.940816+00:00
20251030_2148_HARP13960_NOAA14269,2025_HARP13960_20251030_2012_20251031_0900,2025-10-30 21:48:00,13960,14269,0,saved,"(512, 512, 6)",gs://suryabench-sharp-pipeline-bamidele/jsoc_2025_2026_production_v1/samples_npz/2025/20251030_2148_HARP13960_NOAA14269.npz,success,2026-06-28T03:55:31.059855+00:00
20251030_2324_HARP13960_NOAA14269,2025_HARP13960_20251030_2012_20251031_0900,2025-10-30 23:24:00,13960,14269,0,saved,"(512, 512, 6)",gs://suryabench-sharp-pipeline-bamidele/jsoc_2025_2026_production_v1/samples_npz/2025/20251030_2324_HARP13960_NOAA14269.npz,success,2026-06-28T03:55:37.152348+00:00
20251031_0100_HARP13960_NOAA14269,2025_HARP13960_20251030_2012_20251031_0900,2025-10-31 01:00:00,13960,14269,0,saved,"(512, 512, 6)",gs://suryabench-sharp-pipeline-bamidele/jsoc_2025_2026_production_v1/samples_npz/2025/20251031_0100_HARP13960_NOAA14269.npz,success,2026-06-28T03:55:43.255295+00:00
20251031_0236_HARP13960_NOAA14269,2025_HARP13960_20251030_2012_20251031_0900,2025-10-31 02:36:00,13960,14269,0,saved,"(512, 512, 6)",gs://suryabench-sharp-pipeline-bamidele/jsoc_2025_2026_production_v1/samples_npz/2025/20251031_0236_HARP13960_NOAA14269.npz,success,2026-06-28T03:55:49.248210+00:00
20251031_0412_HARP13960_NOAA14269,2025_HARP13960_20251030_2012_20251031_0900,2025-10-31 04:12:00,13960,14269,0,saved,"(512, 512, 6)",gs://suryabench-sharp-pipeline-bamidele/jsoc_2025_2026_production_v1/samples_npz/2025/20251031_0412_HARP13960_NOAA14269.npz,success,2026-06-28T03:55:55.298021+00:00
20251031_0548_HARP13960_NOAA14269,2025_HARP13960_20251030_2012_20251031_0900,2025-10-31 05:48:00,13960,14269,0,saved,"(512, 512, 6)",gs://suryabench-sharp-pipeline-bamidele/jsoc_2025_2026_production_v1/samples_npz/2025/20251031_0548_HARP13960_NOAA14269.npz,success,2026-06-28T03:56:01.479361+00:00
20251031_0724_HARP13960_NOAA14269,2025_HARP13960_20251030_2012_20251031_0900,2025-10-31 07:24:00,13960,14269,0,saved,"(512, 512, 6)",gs://suryabench-sharp-pipeline-bamidele/jsoc_2025_2026_production_v1/samples_npz/2025/20251031_0724_HARP13960_NOAA14269.npz,success,2026-06-28T03:56:07.642679+00:00
20251031_0900_HARP13960_NOAA14269,2025_HARP13960_20251030_2012_20251031_0900,2025-10-31 09:00:00,13960,14269,0,saved,"(512, 512, 6)",gs://suryabench-sharp-pipeline-bamidele/jsoc_2025_2026_production_v1/samples_npz/2025/20251031_0900_HARP13960_NOAA14269.npz,success,2026-06-28T03:56:13.868717+00:00
20251104_2148_HARP13982_NOAA14271,2025_HARP13982_20251104_2148_20251105_2036,2025-11-04 21:48:00,13982,14271,0,saved,"(512, 512, 6)",gs://suryabench-sharp-pipeline-bamidele/jsoc_2025_2026_production_v1/samples_npz/2025/20251104_2148_HARP13982_NOAA14271.npz,success,2026-06-28T04:13:36.587890+00:00
20251104_2324_HARP13982_NOAA14271,2025_HARP13982_20251104_2148_20251105_2036,2025-11-04 23:24:00,13982,14271,0,saved,"(512, 512, 6)",gs://suryabench-sharp-pipeline-bamidele/jsoc_2025_2026_production_v1/samples_npz/2025/20251104_2324_HARP13982_NOAA14271.npz,success,2026-06-28T04:13:42.950847+00:00
20251105_0100_HARP13982_NOAA14271,2025_HARP13982_20251104_2148_20251105_2036,2025-11-05 01:00:00,13982,14271,0,saved,"(512, 512, 6)",gs://suryabench-sharp-pipeline-bamidele/jsoc_2025_2026_production_v1/samples_npz/2025/20251105_0100_HARP13982_NOAA14271.npz,success,2026-06-28T04:13:49.235882+00:00
20251105_0236_HARP13982_NOAA14271,2025_HARP13982_20251104_2148_20251105_2036,2025-11-05 02:36:00,13982,14271,0,saved,"(512, 512, 6)",gs://suryabench-sharp-pipeline-bamidele/jsoc_2025_2026_production_v1/samples_npz/2025/20251105_0236_HARP13982_NOAA14271.npz,success,2026-06-28T04:13:55.384965+00:00
20251105_0412_HARP13982_NOAA14271,2025_HARP13982_20251104_2148_20251105_2036,2025-11-05 04:12:00,13982,14271,0,saved,"(512, 512, 6)",gs://suryabench-sharp-pipeline-bamidele/jsoc_2025_2026_production_v1/samples_npz/2025/20251105_0412_HARP13982_NOAA14271.npz,success,2026-06-28T04:14:01.477076+00:00
20251105_0548_HARP13982_NOAA14271,2025_HARP13982_20251104_2148_20251105_2036,2025-11-05 05:48:00,13982,14271,0,saved,"(512, 512, 6)",gs://suryabench-sharp-pipeline-bamidele/jsoc_2025_2026_production_v1/samples_npz/2025/20251105_0548_HARP13982_NOAA14271.npz,success,2026-06-28T04:14:07.659677+00:00
20251105_0724_HARP13982_NOAA14271,2025_HARP13982_20251104_2148_20251105_2036,2025-11-05 07:24:00,13982,14271,0,saved,"(512, 512, 6)",gs://suryabench-sharp-pipeline-bamidele/jsoc_2025_2026_production_v1/samples_npz/2025/20251105_0724_HARP13982_NOAA14271.npz,success,2026-06-28T04:14:13.779117+00:00
20251105_0900_HARP13982_NOAA14271,2025_HARP13982_20251104_2148_20251105_2036,2025-11-05 09:00:00,13982,14271,0,saved,"(512, 512, 6)",gs://suryabench-sharp-pipeline-bamidele/jsoc_2025_2026_production_v1/samples_npz/2025/20251105_0900_HARP13982_NOAA14271.npz,success,2026-06-28T04:14:19.887594+00:00
20251105_1036_HARP13982_NOAA14271,2025_HARP13982_20251104_2148_20251105_2036,2025-11-05 10:36:00,13982,14271,0,saved,"(512, 512, 6)",gs://suryabench-sharp-pipeline-bamidele/jsoc_2025_2026_production_v1/samples_npz/2025/20251105_1036_HARP13982_NOAA14271.npz,success,2026-06-28T04:14:26.053109+00:00
20251105_1212_HARP13982_NOAA14271,2025_HARP13982_20251104_2148_20251105_2036,2025-11-05 12:12:00,13982,14271,0,saved,"(512, 512, 6)",gs://suryabench-sharp-pipeline-bamidele/jsoc_2025_2026_production_v1/samples_npz/2025/20251105_1212_HARP13982_NOAA14271.npz,success,2026-06-28T04:14:32.151273+00:00
20251105_1348_HARP13982_NOAA14271,2025_HARP13982_20251104_2148_20251105_2036,2025-11-05 13:48:00,13982,14271,0,saved,"(512, 512, 6)",gs://suryabench-sharp-pipeline-bamidele/jsoc_2025_2026_production_v1/samples_npz/2025/20251105_1348_HARP13982_NOAA14271.npz,success,2026-06-28T04:14:38.608063+00:00
20251105_1524_HARP13982_NOAA14271,2025_HARP13982_20251104_2148_20251105_2036,2025-11-05 15:24:00,13982,14271,0,saved,"(512, 512, 6)",gs://suryabench-sharp-pipeline-bamidele/jsoc_2025_2026_production_v1/samples_npz/2025/20251105_1524_HARP13982_NOAA14271.npz,success,2026-06-28T04:14:44.741834+00:00
20251105_1700_HARP13982_NOAA14271,2025_HARP13982_20251104_2148_20251105_2036,2025-11-05 17:00:00,13982,14271,0,saved,"(512, 512, 6)",gs://suryabench-sharp-pipeline-bamidele/jsoc_2025_2026_production_v1/samples_npz/2025/20251105_1700_HARP13982_NOAA14271.npz,success,2026-06-28T04:14:50.901093+00:00
20251105_1836_HARP13982_NOAA14271,2025_HARP13982_20251104_2148_20251105_2036,2025-11-05 18:36:00,13982,14271,0,saved,"(512, 512, 6)",gs://suryabench-sharp-pipeline-bamidele/jsoc_2025_2026_production_v1/samples_npz/2025/20251105_1836_HARP13982_NOAA14271.npz,success,2026-06-28T04:14:56.999809+00:00
20251105_2036_HARP13982_NOAA14271,2025_HARP13982_20251104_2148_20251105_2036,2025-11-05 20:36:00,13982,14271,0,saved,"(512, 512, 6)",gs://suryabench-sharp-pipeline-bamidele/jsoc_2025_2026_production_v1/samples_npz/2025/20251105_2036_HARP13982_NOAA14271.npz,success,2026-06-28T04:15:03.084474+00:00
20251107_0524_HARP13999_NOAA14272,2025_HARP13999_20251107_0524_20251108_0348,2025-11-07 05:24:00,13999,14272,0,saved,"(512, 512, 6)",gs://suryabench-sharp-pipeline-bamidele/jsoc_2025_2026_production_v1/samples_npz/2025/20251107_0524_HARP13999_NOAA14272.npz,success,2026-06-28T04:28:48.293386+00:00
20251107_0700_HARP13999_NOAA14272,2025_HARP13999_20251107_0524_20251108_0348,2025-11-07 07:00:00,13999,14272,0,saved,"(512, 512, 6)",gs://suryabench-sharp-pipeline-bamidele/jsoc_2025_2026_production_v1/samples_npz/2025/20251107_0700_HARP13999_NOAA14272.npz,success,2026-06-28T04:28:54.898473+00:00
20251107_0836_HARP13999_NOAA14272,2025_HARP13999_20251107_0524_20251108_0348,2025-11-07 08:36:00,13999,14272,0,saved,"(512, 512, 6)",gs://suryabench-sharp-pipeline-bamidele/jsoc_2025_2026_production_v1/samples_npz/2025/20251107_0836_HARP13999_NOAA14272.npz,success,2026-06-28T04:29:01.491346+00:00
20251107_1012_HARP13999_NOAA14272,2025_HARP13999_20251107_0524_20251108_0348,2025-11-07 10:12:00,13999,14272,0,saved,"(512, 512, 6)",gs://suryabench-sharp-pipeline-bamidele/jsoc_2025_2026_production_v1/samples_npz/2025/20251107_1012_HARP13999_NOAA14272.npz,success,2026-06-28T04:29:08.098056+00:00
20251107_1148_HARP13999_NOAA14272,2025_HARP13999_20251107_0524_20251108_0348,2025-11-07 11:48:00,13999,14272,0,saved,"(512, 512, 6)",gs://suryabench-sharp-pipeline-bamidele/jsoc_2025_2026_production_v1/samples_npz/2025/20251107_1148_HARP13999_NOAA14272.npz,success,2026-06-28T04:29:14.627345+00:00
20251107_1324_HARP13999_NOAA14272,2025_HARP13999_20251107_0524_20251108_0348,2025-11-07 13:24:00,13999,14272,0,saved,"(512, 512, 6)",gs://suryabench-sharp-pipeline-bamidele/jsoc_2025_2026_production_v1/samples_npz/2025/20251107_1324_HARP13999_NOAA14272.npz,success,2026-06-28T04:29:21.207252+00:00
20251107_1500_HARP13999_NOAA14272,2025_HARP13999_20251107_0524_20251108_0348,2025-11-07 15:00:00,13999,14272,0,saved,"(512, 512, 6)",gs://suryabench-sharp-pipeline-bamidele/jsoc_2025_2026_production_v1/samples_npz/2025/20251107_1500_HARP13999_NOAA14272.npz,success,2026-06-28T04:29:27.706728+00:00
20251107_1636_HARP13999_NOAA14272,2025_HARP13999_20251107_0524_20251108_0348,2025-11-07 16:36:00,13999,14272,0,saved,"(512, 512, 6)",gs://suryabench-sharp-pipeline-bamidele/jsoc_2025_2026_production_v1/samples_npz/2025/20251107_1636_HARP13999_NOAA14272.npz,success,2026-06-28T04:29:34.182738+00:00
20251107_1812_HARP13999_NOAA14272,2025_HARP13999_20251107_0524_20251108_0348,2025-11-07 18:12:00,13999,14272,0,saved,"(512, 512, 6)",gs://suryabench-sharp-pipeline-bamidele/jsoc_2025_2026_production_v1/samples_npz/2025/20251107_1812_HARP13999_NOAA14272.npz,success,2026-06-28T04:29:40.707445+00:00
20251107_1948_HARP13999_NOAA14272,2025_HARP13999_20251107_0524_20251108_0348,2025-11-07 19:48:00,13999,14272,0,saved,"(512, 512, 6)",gs://suryabench-sharp-pipeline-bamidele/jsoc_2025_2026_production_v1/samples_npz/2025/20251107_1948_HARP13999_NOAA14272.npz,success,2026-06-28T04:29:47.209092+00:00
20251107_2124_HARP13999_NOAA14272,2025_HARP13999_20251107_0524_20251108_0348,2025-11-07 21:24:00,13999,14272,0,saved,"(512, 512, 6)",gs://suryabench-sharp-pipeline-bamidele/jsoc_2025_2026_production_v1/samples_npz/2025/20251107_2124_HARP13999_NOAA14272.npz,success,2026-06-28T04:29:53.707178+00:00
20251107_2300_HARP13999_NOAA14272,2025_HARP13999_20251107_0524_20251108_0348,2025-11-07 23:00:00,13999,14272,0,saved,"(512, 512, 6)",gs://suryabench-sharp-pipeline-bamidele/jsoc_2025_2026_production_v1/samples_npz/2025/20251107_2300_HARP13999_NOAA14272.npz,success,2026-06-28T04:30:00.170122+00:00
20251108_0036_HARP13999_NOAA14272,2025_HARP13999_20251107_0524_20251108_0348,2025-11-08 00:36:00,13999,14272,0,saved,"(512, 512, 6)",gs://suryabench-sharp-pipeline-bamidele/jsoc_2025_2026_production_v1/samples_npz/2025/20251108_0036_HARP13999_NOAA14272.npz,success,2026-06-28T04:30:06.716942+00:00
20251108_0212_HARP13999_NOAA14272,2025_HARP13999_20251107_0524_20251108_0348,2025-11-08 02:12:00,13999,14272,0,saved,"(512, 512, 6)",gs://suryabench-sharp-pipeline-bamidele/jsoc_2025_2026_production_v1/samples_npz/2025/20251108_0212_HARP13999_NOAA14272.npz,success,2026-06-28T04:30:13.265997+00:00
20251108_0348_HARP13999_NOAA14272,2025_HARP13999_20251107_0524_20251108_0348,2025-11-08 03:48:00,13999,14272,0,saved,"(512, 512, 6)",gs://suryabench-sharp-pipeline-bamidele/jsoc_2025_2026_production_v1/samples_npz/2025/20251108_0348_HARP13999_NOAA14272.npz,success,2026-06-28T04:30:19.774716+00:00
20251108_1300_HARP14003_NOAA14275,2025_HARP14003_20251108_1300_20251109_1124,2025-11-08 13:00:00,14003,14275,0,saved,"(512, 512, 6)",gs://suryabench-sharp-pipeline-bamidele/jsoc_2025_2026_production_v1/samples_npz/2025/20251108_1300_HARP14003_NOAA14275.npz,success,2026-06-28T04:41:19.705593+00:00
20251108_1436_HARP14003_NOAA14275,2025_HARP14003_20251108_1300_20251109_1124,2025-11-08 14:36:00,14003,14275,0,saved,"(512, 512, 6)",gs://suryabench-sharp-pipeline-bamidele/jsoc_2025_2026_production_v1/samples_npz/2025/20251108_1436_HARP14003_NOAA14275.npz,success,2026-06-28T04:41:25.885746+00:00
20251108_1612_HARP14003_NOAA14275,2025_HARP14003_20251108_1300_20251109_1124,2025-11-08 16:12:00,14003,14275,0,saved,"(512, 512, 6)",gs://suryabench-sharp-pipeline-bamidele/jsoc_2025_2026_production_v1/samples_npz/2025/20251108_1612_HARP14003_NOAA14275.npz,success,2026-06-28T04:41:32.038040+00:00
20251108_1748_HARP14003_NOAA14275,2025_HARP14003_20251108_1300_20251109_1124,2025-11-08 17:48:00,14003,14275,0,saved,"(512, 512, 6)",gs://suryabench-sharp-pipeline-bamidele/jsoc_2025_2026_production_v1/samples_npz/2025/20251108_1748_HARP14003_NOAA14275.npz,success,2026-06-28T04:41:38.202939+00:00
20251108_1924_HARP14003_NOAA14275,2025_HARP14003_20251108_1300_20251109_1124,2025-11-08 19:24:00,14003,14275,0,saved,"(512, 512, 6)",gs://suryabench-sharp-pipeline-bamidele/jsoc_2025_2026_production_v1/samples_npz/2025/20251108_1924_HARP14003_NOAA14275.npz,success,2026-06-28T04:41:44.401333+00:00
20251108_2100_HARP14003_NOAA14275,2025_HARP14003_20251108_1300_20251109_1124,2025-11-08 21:00:00,14003,14275,0,saved,"(512, 512, 6)",gs://suryabench-sharp-pipeline-bamidele/jsoc_2025_2026_production_v1/samples_npz/2025/20251108_2100_HARP14003_NOAA14275.npz,success,2026-06-28T04:41:50.559665+00:00
20251108_2236_HARP14003_NOAA14275,2025_HARP14003_20251108_1300_20251109_1124,2025-11-08 22:36:00,14003,14275,0,saved,"(512, 512, 6)",gs://suryabench-sharp-pipeline-bamidele/jsoc_2025_2026_production_v1/samples_npz/2025/20251108_2236_HARP14003_NOAA14275.npz,success,2026-06-28T04:41:57.327150+00:00
20251109_0012_HARP14003_NOAA14275,2025_HARP14003_20251108_1300_20251109_1124,2025-11-09 00:12:00,14003,14275,0,saved,"(512, 512, 6)",gs://suryabench-sharp-pipeline-bamidele/jsoc_2025_2026_production_v1/samples_npz/2025/20251109_0012_HARP14003_NOAA14275.npz,success,2026-06-28T04:42:03.415497+00:00
20251109_0148_HARP14003_NOAA14275,2025_HARP14003_20251108_1300_20251109_1124,2025-11-09 01:48:00,14003,14275,0,saved,"(512, 512, 6)",gs://suryabench-sharp-pipeline-bamidele/jsoc_2025_2026_production_v1/samples_npz/2025/20251109_0148_HARP14003_NOAA14275.npz,success,2026-06-28T04:42:09.563266+00:00
20251109_0324_HARP14003_NOAA14275,2025_HARP14003_20251108_1300_20251109_1124,2025-11-09 03:24:00,14003,14275,0,saved,"(512, 512, 6)",gs://suryabench-sharp-pipeline-bamidele/jsoc_2025_2026_production_v1/samples_npz/2025/20251109_0324_HARP14003_NOAA14275.npz,success,2026-06-28T04:42:15.694205+00:00
20251109_0500_HARP14003_NOAA14275,2025_HARP14003_20251108_1300_20251109_1124,2025-11-09 05:00:00,14003,14275,0,saved,"(512, 512, 6)",gs://suryabench-sharp-pipeline-bamidele/jsoc_2025_2026_production_v1/samples_npz/2025/20251109_0500_HARP14003_NOAA14275.npz,success,2026-06-28T04:42:21.881301+00:00
20251109_0636_HARP14003_NOAA14275,2025_HARP14003_20251108_1300_20251109_1124,2025-11-09 06:36:00,14003,14275,0,saved,"(512, 512, 6)",gs://suryabench-sharp-pipeline-bamidele/jsoc_2025_2026_production_v1/samples_npz/2025/20251109_0636_HARP14003_NOAA14275.npz,success,2026-06-28T04:42:27.991345+00:00
20251109_0812_HARP14003_NOAA14275,2025_HARP14003_20251108_1300_20251109_1124,2025-11-09 08:12:00,14003,14275,0,saved,"(512, 512, 6)",gs://suryabench-sharp-pipeline-bamidele/jsoc_2025_2026_production_v1/samples_npz/2025/20251109_0812_HARP14003_NOAA14275.npz,success,2026-06-28T04:42:34.042386+00:00
20251109_0948_HARP14003_NOAA14275,2025_HARP14003_20251108_1300_20251109_1124,2025-11-09 09:48:00,14003,14275,0,saved,"(512, 512, 6)",gs://suryabench-sharp-pipeline-bamidele/jsoc_2025_2026_production_v1/samples_npz/2025/20251109_0948_HARP14003_NOAA14275.npz,success,2026-06-28T04:42:40.135585+00:00
20251109_1124_HARP14003_NOAA14275,2025_HARP14003_20251108_1300_20251109_1124,2025-11-09 11:24:00,14003,14275,0,saved,"(512, 512, 6)",gs://suryabench-sharp-pipeline-bamidele/jsoc_2025_2026_production_v1/samples_npz/2025/20251109_1124_HARP14003_NOAA14275.npz,success,2026-06-28T04:42:47.054482+00:00
20251109_1600_HARP14008_NOAA14278,2025_HARP14008_20251109_1600_20251110_1424,2025-11-09 16:00:00,14008,14278,0,saved,"(512, 512, 6)",gs://suryabench-sharp-pipeline-bamidele/jsoc_2025_2026_production_v1/samples_npz/2025/20251109_1600_HARP14008_NOAA14278.npz,success,2026-06-28T04:53:50.281109+00:00
20251109_1736_HARP14008_NOAA14278,2025_HARP14008_20251109_1600_20251110_1424,2025-11-09 17:36:00,14008,14278,0,saved,"(512, 512, 6)",gs://suryabench-sharp-pipeline-bamidele/jsoc_2025_2026_production_v1/samples_npz/2025/20251109_1736_HARP14008_NOAA14278.npz,success,2026-06-28T04:53:56.430313+00:00
20251109_1912_HARP14008_NOAA14278,2025_HARP14008_20251109_1600_20251110_1424,2025-11-09 19:12:00,14008,14278,0,saved,"(512, 512, 6)",gs://suryabench-sharp-pipeline-bamidele/jsoc_2025_2026_production_v1/samples_npz/2025/20251109_1912_HARP14008_NOAA14278.npz,success,2026-06-28T04:54:02.572090+00:00
20251109_2048_HARP14008_NOAA14278,2025_HARP14008_20251109_1600_20251110_1424,2025-11-09 20:48:00,14008,14278,0,saved,"(512, 512, 6)",gs://suryabench-sharp-pipeline-bamidele/jsoc_2025_2026_production_v1/samples_npz/2025/20251109_2048_HARP14008_NOAA14278.npz,success,2026-06-28T04:54:08.786203+00:00
20251109_2224_HARP14008_NOAA14278,2025_HARP14008_20251109_1600_20251110_1424,2025-11-09 22:24:00,14008,14278,0,saved,"(512, 512, 6)",gs://suryabench-sharp-pipeline-bamidele/jsoc_2025_2026_production_v1/samples_npz/2025/20251109_2224_HARP14008_NOAA14278.npz,success,2026-06-28T04:54:15.084799+00:00
20251110_0000_HARP14008_NOAA14278,2025_HARP14008_20251109_1600_20251110_1424,2025-11-10 00:00:00,14008,14278,0,saved,"(512, 512, 6)",gs://suryabench-sharp-pipeline-bamidele/jsoc_2025_2026_production_v1/samples_npz/2025/20251110_0000_HARP14008_NOAA14278.npz,success,2026-06-28T04:54:21.407998+00:00
20251110_0136_HARP14008_NOAA14278,2025_HARP14008_20251109_1600_20251110_1424,2025-11-10 01:36:00,14008,14278,0,saved,"(512, 512, 6)",gs://suryabench-sharp-pipeline-bamidele/jsoc_2025_2026_production_v1/samples_npz/2025/20251110_0136_HARP14008_NOAA14278.npz,success,2026-06-28T04:54:27.673572+00:00
20251110_0312_HARP14008_NOAA14278,2025_HARP14008_20251109_1600_20251110_1424,2025-11-10 03:12:00,14008,14278,0,saved,"(512, 512, 6)",gs://suryabench-sharp-pipeline-bamidele/jsoc_2025_2026_production_v1/samples_npz/2025/20251110_0312_HARP14008_NOAA14278.npz,success,2026-06-28T04:54:33.945516+00:00
20251110_0448_HARP14008_NOAA14278,2025_HARP14008_20251109_1600_20251110_1424,2025-11-10 04:48:00,14008,14278,0,saved,"(512, 512, 6)",gs://suryabench-sharp-pipeline-bamidele/jsoc_2025_2026_production_v1/samples_npz/2025/20251110_0448_HARP14008_NOAA14278.npz,success,2026-06-28T04:54:40.224690+00:00
20251110_0624_HARP14008_NOAA14278,2025_HARP14008_20251109_1600_20251110_1424,2025-11-10 06:24:00,14008,14278,0,saved,"(512, 512, 6)",gs://suryabench-sharp-pipeline-bamidele/jsoc_2025_2026_production_v1/samples_npz/2025/20251110_0624_HARP14008_NOAA14278.npz,success,2026-06-28T04:54:46.505427+00:00
20251110_0800_HARP14008_NOAA14278,2025_HARP14008_20251109_1600_20251110_1424,2025-11-10 08:00:00,14008,14278,0,saved,"(512, 512, 6)",gs://suryabench-sharp-pipeline-bamidele/jsoc_2025_2026_production_v1/samples_npz/2025/20251110_0800_HARP14008_NOAA14278.npz,success,2026-06-28T04:54:53.716325+00:00
20251110_0936_HARP14008_NOAA14278,2025_HARP14008_20251109_1600_20251110_1424,2025-11-10 09:36:00,14008,14278,0,saved,"(512, 512, 6)",gs://suryabench-sharp-pipeline-bamidele/jsoc_2025_2026_production_v1/samples_npz/2025/20251110_0936_HARP14008_NOAA14278.npz,success,2026-06-28T04:55:00.217917+00:00
20251110_1112_HARP14008_NOAA14278,2025_HARP14008_20251109_1600_20251110_1424,2025-11-10 11:12:00,14008,14278,0,saved,"(512, 512, 6)",gs://suryabench-sharp-pipeline-bamidele/jsoc_2025_2026_production_v1/samples_npz/2025/20251110_1112_HARP14008_NOAA14278.npz,success,2026-06-28T04:55:06.422754+00:00
20251110_1248_HARP14008_NOAA14278,2025_HARP14008_20251109_1600_20251110_1424,2025-11-10 12:48:00,14008,14278,0,saved,"(512, 512, 6)",gs://suryabench-sharp-pipeline-bamidele/jsoc_2025_2026_production_v1/samples_npz/2025/20251110_1248_HARP14008_NOAA14278.npz,success,2026-06-28T04:55:12.609995+00:00
20251110_1424_HARP14008_NOAA14278,2025_HARP14008_20251109_1600_20251110_1424,2025-11-10 14:24:00,14008,14278,0,saved,"(512, 512, 6)",gs://suryabench-sharp-pipeline-bamidele/jsoc_2025_2026_production_v1/samples_npz/2025/20251110_1424_HARP14008_NOAA14278.npz,success,2026-06-28T04:55:18.729322+00:00
20251110_1600_HARP14008_NOAA14278,2025_HARP14008_20251110_1600_20251111_1424,2025-11-10 16:00:00,14008,14278,0,saved,"(512, 512, 6)",gs://suryabench-sharp-pipeline-bamidele/jsoc_2025_2026_production_v1/samples_npz/2025/20251110_1600_HARP14008_NOAA14278.npz,success,2026-06-28T05:05:56.782125+00:00
20251110_1736_HARP14008_NOAA14278,2025_HARP14008_20251110_1600_20251111_1424,2025-11-10 17:36:00,14008,14278,0,saved,"(512, 512, 6)",gs://suryabench-sharp-pipeline-bamidele/jsoc_2025_2026_production_v1/samples_npz/2025/20251110_1736_HARP14008_NOAA14278.npz,success,2026-06-28T05:06:03.134887+00:00
20251110_1912_HARP14008_NOAA14278,2025_HARP14008_20251110_1600_20251111_1424,2025-11-10 19:12:00,14008,14278,0,saved,"(512, 512, 6)",gs://suryabench-sharp-pipeline-bamidele/jsoc_2025_2026_production_v1/samples_npz/2025/20251110_1912_HARP14008_NOAA14278.npz,success,2026-06-28T05:06:09.429275+00:00
20251110_2048_HARP14008_NOAA14278,2025_HARP14008_20251110_1600_20251111_1424,2025-11-10 20:48:00,14008,14278,0,saved,"(512, 512, 6)",gs://suryabench-sharp-pipeline-bamidele/jsoc_2025_2026_production_v1/samples_npz/2025/20251110_2048_HARP14008_NOAA14278.npz,success,2026-06-28T05:06:15.779212+00:00
20251110_2224_HARP14008_NOAA14278,2025_HARP14008_20251110_1600_20251111_1424,2025-11-10 22:24:00,14008,14278,0,saved,"(512, 512, 6)",gs://suryabench-sharp-pipeline-bamidele/jsoc_2025_2026_production_v1/samples_npz/2025/20251110_2224_HARP14008_NOAA14278.npz,success,2026-06-28T05:06:22.055975+00:00
20251111_0000_HARP14008_NOAA14278,2025_HARP14008_20251110_1600_20251111_1424,2025-11-11 00:00:00,14008,14278,0,saved,"(512, 512, 6)",gs://suryabench-sharp-pipeline-bamidele/jsoc_2025_2026_production_v1/samples_npz/2025/20251111_0000_HARP14008_NOAA14278.npz,success,2026-06-28T05:06:28.183031+00:00
20251111_0136_HARP14008_NOAA14278,2025_HARP14008_20251110_1600_20251111_1424,2025-11-11 01:36:00,14008,14278,0,saved,"(512, 512, 6)",gs://suryabench-sharp-pipeline-bamidele/jsoc_2025_2026_production_v1/samples_npz/2025/20251111_0136_HARP14008_NOAA14278.npz,success,2026-06-28T05:06:34.434030+00:00
20251111_0312_HARP14008_NOAA14278,2025_HARP14008_20251110_1600_20251111_1424,2025-11-11 03:12:00,14008,14278,0,saved,"(512, 512, 6)",gs://suryabench-sharp-pipeline-bamidele/jsoc_2025_2026_production_v1/samples_npz/2025/20251111_0312_HARP14008_NOAA14278.npz,success,2026-06-28T05:06:40.670428+00:00
20251111_0448_HARP14008_NOAA14278,2025_HARP14008_20251110_1600_20251111_1424,2025-11-11 04:48:00,14008,14278,0,saved,"(512, 512, 6)",gs://suryabench-sharp-pipeline-bamidele/jsoc_2025_2026_production_v1/samples_npz/2025/20251111_0448_HARP14008_NOAA14278.npz,success,2026-06-28T05:06:46.866271+00:00
20251111_0624_HARP14008_NOAA14278,2025_HARP14008_20251110_1600_20251111_1424,2025-11-11 06:24:00,14008,14278,0,saved,"(512, 512, 6)",gs://suryabench-sharp-pipeline-bamidele/jsoc_2025_2026_production_v1/samples_npz/2025/20251111_0624_HARP14008_NOAA14278.npz,success,2026-06-28T05:06:53.066626+00:00
20251111_0800_HARP14008_NOAA14278,2025_HARP14008_20251110_1600_20251111_1424,2025-11-11 08:00:00,14008,14278,0,saved,"(512, 512, 6)",gs://suryabench-sharp-pipeline-bamidele/jsoc_2025_2026_production_v1/samples_npz/2025/20251111_0800_HARP14008_NOAA14278.npz,success,2026-06-28T05:06:59.607127+00:00
20251111_0936_HARP14008_NOAA14278,2025_HARP14008_20251110_1600_20251111_1424,2025-11-11 09:36:00,14008,14278,0,saved,"(512, 512, 6)",gs://suryabench-sharp-pipeline-bamidele/jsoc_2025_2026_production_v1/samples_npz/2025/20251111_0936_HARP14008_NOAA14278.npz,success,2026-06-28T05:07:05.827069+00:00
20251111_1112_HARP14008_NOAA14278,2025_HARP14008_20251110_1600_20251111_1424,2025-11-11 11:12:00,14008,14278,0,saved,"(512, 512, 6)",gs://suryabench-sharp-pipeline-bamidele/jsoc_2025_2026_production_v1/samples_npz/2025/20251111_1112_HARP14008_NOAA14278.npz,success,2026-06-28T05:07:12.028501+00:00
20251111_1248_HARP14008_NOAA14278,2025_HARP14008_20251110_1600_20251111_1424,2025-11-11 12:48:00,14008,14278,0,saved,"(512, 512, 6)",gs://suryabench-sharp-pipeline-bamidele/jsoc_2025_2026_production_v1/samples_npz/2025/20251111_1248_HARP14008_NOAA14278.npz,success,2026-06-28T05:07:18.253480+00:00
20251111_1424_HARP14008_NOAA14278,2025_HARP14008_20251110_1600_20251111_1424,2025-11-11 14:24:00,14008,14278,0,saved,"(512, 512, 6)",gs://suryabench-sharp-pipeline-bamidele/jsoc_2025_2026_production_v1/samples_npz/2025/20251111_1424_HARP14008_NOAA14278.npz,success,2026-06-28T05:07:24.525113+00:00
20251111_1600_HARP14008_NOAA14278,2025_HARP14008_20251111_1600_20251111_1736,2025-11-11 16:00:00,14008,14278,0,saved,"(512, 512, 6)",gs://suryabench-sharp-pipeline-bamidele/jsoc_2025_2026_production_v1/samples_npz/2025/20251111_1600_HARP14008_NOAA14278.npz,success,2026-06-28T05:15:35.164037+00:00
20251111_1736_HARP14008_NOAA14278,2025_HARP14008_20251111_1600_20251111_1736,2025-11-11 17:36:00,14008,14278,0,saved,"(512, 512, 6)",gs://suryabench-sharp-pipeline-bamidele/jsoc_2025_2026_production_v1/samples_npz/2025/20251111_1736_HARP14008_NOAA14278.npz,success,2026-06-28T05:15:41.372144+00:00
20251114_1236_HARP14024_NOAA14280,2025_HARP14024_20251114_1236_20251115_1100,2025-11-14 12:36:00,14024,14280,0,saved,"(512, 512, 6)",gs://suryabench-sharp-pipeline-bamidele/jsoc_2025_2026_production_v1/samples_npz/2025/20251114_1236_HARP14024_NOAA14280.npz,success,2026-06-28T05:40:28.144772+00:00
20251114_1412_HARP14024_NOAA14280,2025_HARP14024_20251114_1236_20251115_1100,2025-11-14 14:12:00,14024,14280,0,saved,"(512, 512, 6)",gs://suryabench-sharp-pipeline-bamidele/jsoc_2025_2026_production_v1/samples_npz/2025/20251114_1412_HARP14024_NOAA14280.npz,success,2026-06-28T05:40:34.144916+00:00
20251114_1548_HARP14024_NOAA14280,2025_HARP14024_20251114_1236_20251115_1100,2025-11-14 15:48:00,14024,14280,0,saved,"(512, 512, 6)",gs://suryabench-sharp-pipeline-bamidele/jsoc_2025_2026_production_v1/samples_npz/2025/20251114_1548_HARP14024_NOAA14280.npz,success,2026-06-28T05:40:40.176970+00:00
20251114_1724_HARP14024_NOAA14280,2025_HARP14024_20251114_1236_20251115_1100,2025-11-14 17:24:00,14024,14280,0,saved,"(512, 512, 6)",gs://suryabench-sharp-pipeline-bamidele/jsoc_2025_2026_production_v1/samples_npz/2025/20251114_1724_HARP14024_NOAA14280.npz,success,2026-06-28T05:40:46.135759+00:00
20251114_1900_HARP14024_NOAA14280,2025_HARP14024_20251114_1236_20251115_1100,2025-11-14 19:00:00,14024,14280,0,saved,"(512, 512, 6)",gs://suryabench-sharp-pipeline-bamidele/jsoc_2025_2026_production_v1/samples_npz/2025/20251114_1900_HARP14024_NOAA14280.npz,success,2026-06-28T05:40:52.095569+00:00
20251114_2036_HARP14024_NOAA14280,2025_HARP14024_20251114_1236_20251115_1100,2025-11-14 20:36:00,14024,14280,0,saved,"(512, 512, 6)",gs://suryabench-sharp-pipeline-bamidele/jsoc_2025_2026_production_v1/samples_npz/2025/20251114_2036_HARP14024_NOAA14280.npz,success,2026-06-28T05:40:58.088286+00:00
20251114_2212_HARP14024_NOAA14280,2025_HARP14024_20251114_1236_20251115_1100,2025-11-14 22:12:00,14024,14280,0,saved,"(512, 512, 6)",gs://suryabench-sharp-pipeline-bamidele/jsoc_2025_2026_production_v1/samples_npz/2025/20251114_2212_HARP14024_NOAA14280.npz,success,2026-06-28T05:41:04.083686+00:00
20251114_2348_HARP14024_NOAA14280,2025_HARP14024_20251114_1236_20251115_1100,2025-11-14 23:48:00,14024,14280,0,saved,"(512, 512, 6)",gs://suryabench-sharp-pipeline-bamidele/jsoc_2025_2026_production_v1/samples_npz/2025/20251114_2348_HARP14024_NOAA14280.npz,success,2026-06-28T05:41:10.034033+00:00
20251115_0124_HARP14024_NOAA14280,2025_HARP14024_20251114_1236_20251115_1100,2025-11-15 01:24:00,14024,14280,0,saved,"(512, 512, 6)",gs://suryabench-sharp-pipeline-bamidele/jsoc_2025_2026_production_v1/samples_npz/2025/20251115_0124_HARP14024_NOAA14280.npz,success,2026-06-28T05:41:15.999821+00:00
20251115_0300_HARP14024_NOAA14280,2025_HARP14024_20251114_1236_20251115_1100,2025-11-15 03:00:00,14024,14280,0,saved,"(512, 512, 6)",gs://suryabench-sharp-pipeline-bamidele/jsoc_2025_2026_production_v1/samples_npz/2025/20251115_0300_HARP14024_NOAA14280.npz,success,2026-06-28T05:41:21.943362+00:00
20251115_0436_HARP14024_NOAA14280,2025_HARP14024_20251114_1236_20251115_1100,2025-11-15 04:36:00,14024,14280,0,saved,"(512, 512, 6)",gs://suryabench-sharp-pipeline-bamidele/jsoc_2025_2026_production_v1/samples_npz/2025/20251115_0436_HARP14024_NOAA14280.npz,success,2026-06-28T05:41:27.896197+00:00
20251115_0612_HARP14024_NOAA14280,2025_HARP14024_20251114_1236_20251115_1100,2025-11-15 06:12:00,14024,14280,0,saved,"(512, 512, 6)",gs://suryabench-sharp-pipeline-bamidele/jsoc_2025_2026_production_v1/samples_npz/2025/20251115_0612_HARP14024_NOAA14280.npz,success,2026-06-28T05:41:33.860052+00:00
20251115_0748_HARP14024_NOAA14280,2025_HARP14024_20251114_1236_20251115_1100,2025-11-15 07:48:00,14024,14280,0,saved,"(512, 512, 6)",gs://suryabench-sharp-pipeline-bamidele/jsoc_2025_2026_production_v1/samples_npz/2025/20251115_0748_HARP14024_NOAA14280.npz,success,2026-06-28T05:41:39.811967+00:00
20251115_0924_HARP14024_NOAA14280,2025_HARP14024_20251114_1236_20251115_1100,2025-11-15 09:24:00,14024,14280,0,saved,"(512, 512, 6)",gs://suryabench-sharp-pipeline-bamidele/jsoc_2025_2026_production_v1/samples_npz/2025/20251115_0924_HARP14024_NOAA14280.npz,success,2026-06-28T05:41:45.922939+00:00
20251115_1100_HARP14024_NOAA14280,2025_HARP14024_20251114_1236_20251115_1100,2025-11-15 11:00:00,14024,14280,0,saved,"(512, 512, 6)",gs://suryabench-sharp-pipeline-bamidele/jsoc_2025_2026_production_v1/samples_npz/2025/20251115_1100_HARP14024_NOAA14280.npz,success,2026-06-28T05:41:52.068863+00:00
20251116_0912_HARP14054_NOAA14284,2025_HARP14054_20251116_0912_20251117_0424,2025-11-16 09:12:00,14054,14284,0,saved,"(512, 512, 6)",gs://suryabench-sharp-pipeline-bamidele/jsoc_2025_2026_production_v1/samples_npz/2025/20251116_0912_HARP14054_NOAA14284.npz,success,2026-06-28T05:52:35.032619+00:00
20251116_1048_HARP14054_NOAA14284,2025_HARP14054_20251116_0912_20251117_0424,2025-11-16 10:48:00,14054,14284,0,saved,"(512, 512, 6)",gs://suryabench-sharp-pipeline-bamidele/jsoc_2025_2026_production_v1/samples_npz/2025/20251116_1048_HARP14054_NOAA14284.npz,success,2026-06-28T05:52:41.170281+00:00
20251116_1224_HARP14054_NOAA14284,2025_HARP14054_20251116_0912_20251117_0424,2025-11-16 12:24:00,14054,14284,0,saved,"(512, 512, 6)",gs://suryabench-sharp-pipeline-bamidele/jsoc_2025_2026_production_v1/samples_npz/2025/20251116_1224_HARP14054_NOAA14284.npz,success,2026-06-28T05:52:47.233770+00:00
20251116_1400_HARP14054_NOAA14284,2025_HARP14054_20251116_0912_20251117_0424,2025-11-16 14:00:00,14054,14284,0,saved,"(512, 512, 6)",gs://suryabench-sharp-pipeline-bamidele/jsoc_2025_2026_production_v1/samples_npz/2025/20251116_1400_HARP14054_NOAA14284.npz,success,2026-06-28T05:52:53.231682+00:00
20251116_1536_HARP14054_NOAA14284,2025_HARP14054_20251116_0912_20251117_0424,2025-11-16 15:36:00,14054,14284,0,saved,"(512, 512, 6)",gs://suryabench-sharp-pipeline-bamidele/jsoc_2025_2026_production_v1/samples_npz/2025/20251116_1536_HARP14054_NOAA14284.npz,success,2026-06-28T05:52:59.273180+00:00
20251116_1712_HARP14054_NOAA14284,2025_HARP14054_20251116_0912_20251117_0424,2025-11-16 17:12:00,14054,14284,0,saved,"(512, 512, 6)",gs://suryabench-sharp-pipeline-bamidele/jsoc_2025_2026_production_v1/samples_npz/2025/20251116_1712_HARP14054_NOAA14284.npz,success,2026-06-28T05:53:05.267219+00:00
20251116_1848_HARP14054_NOAA14284,2025_HARP14054_20251116_0912_20251117_0424,2025-11-16 18:48:00,14054,14284,0,saved,"(512, 512, 6)",gs://suryabench-sharp-pipeline-bamidele/jsoc_2025_2026_production_v1/samples_npz/2025/20251116_1848_HARP14054_NOAA14284.npz,success,2026-06-28T05:53:11.265740+00:00
20251116_2024_HARP14054_NOAA14284,2025_HARP14054_20251116_0912_20251117_0424,2025-11-16 20:24:00,14054,14284,0,saved,"(512, 512, 6)",gs://suryabench-sharp-pipeline-bamidele/jsoc_2025_2026_production_v1/samples_npz/2025/20251116_2024_HARP14054_NOAA14284.npz,success,2026-06-28T05:53:17.233260+00:00
20251116_2200_HARP14054_NOAA14284,2025_HARP14054_20251116_0912_20251117_0424,2025-11-16 22:00:00,14054,14284,0,saved,"(512, 512, 6)",gs://suryabench-sharp-pipeline-bamidele/jsoc_2025_2026_production_v1/samples_npz/2025/20251116_2200_HARP14054_NOAA14284.npz,success,2026-06-28T05:53:23.193407+00:00
20251116_2336_HARP14054_NOAA14284,2025_HARP14054_20251116_0912_20251117_0424,2025-11-16 23:36:00,14054,14284,0,saved,"(512, 512, 6)",gs://suryabench-sharp-pipeline-bamidele/jsoc_2025_2026_production_v1/samples_npz/2025/20251116_2336_HARP14054_NOAA14284.npz,success,2026-06-28T05:53:29.091042+00:00
20251117_0112_HARP14054_NOAA14284,2025_HARP14054_20251116_0912_20251117_0424,2025-11-17 01:12:00,14054,14284,0,saved,"(512, 512, 6)",gs://suryabench-sharp-pipeline-bamidele/jsoc_2025_2026_production_v1/samples_npz/2025/20251117_0112_HARP14054_NOAA14284.npz,success,2026-06-28T05:53:35.068958+00:00
20251117_0248_HARP14054_NOAA14284,2025_HARP14054_20251116_0912_20251117_0424,2025-11-17 02:48:00,14054,14284,0,saved,"(512, 512, 6)",gs://suryabench-sharp-pipeline-bamidele/jsoc_2025_2026_production_v1/samples_npz/2025/20251117_0248_HARP14054_NOAA14284.npz,success,2026-06-28T05:53:41.079185+00:00
20251117_0424_HARP14054_NOAA14284,2025_HARP14054_20251116_0912_20251117_0424,2025-11-17 04:24:00,14054,14284,0,saved,"(512, 512, 6)",gs://suryabench-sharp-pipeline-bamidele/jsoc_2025_2026_production_v1/samples_npz/2025/20251117_0424_HARP14054_NOAA14284.npz,success,2026-06-28T05:53:47.144802+00:00
20251117_1048_HARP14059_NOAA14283,2025_HARP14059_20251117_1048_20251118_0248,2025-11-17 10:48:00,14059,14283,0,saved,"(512, 512, 6)",gs://suryabench-sharp-pipeline-bamidele/jsoc_2025_2026_production_v1/samples_npz/2025/20251117_1048_HARP14059_NOAA14283.npz,success,2026-06-28T06:04:27.285065+00:00
20251117_1224_HARP14059_NOAA14283,2025_HARP14059_20251117_1048_20251118_0248,2025-11-17 12:24:00,14059,14283,0,saved,"(512, 512, 6)",gs://suryabench-sharp-pipeline-bamidele/jsoc_2025_2026_production_v1/samples_npz/2025/20251117_1224_HARP14059_NOAA14283.npz,success,2026-06-28T06:04:33.393613+00:00
20251117_1400_HARP14059_NOAA14283,2025_HARP14059_20251117_1048_20251118_0248,2025-11-17 14:00:00,14059,14283,0,saved,"(512, 512, 6)",gs://suryabench-sharp-pipeline-bamidele/jsoc_2025_2026_production_v1/samples_npz/2025/20251117_1400_HARP14059_NOAA14283.npz,success,2026-06-28T06:04:39.524639+00:00
20251117_1536_HARP14059_NOAA14283,2025_HARP14059_20251117_1048_20251118_0248,2025-11-17 15:36:00,14059,14283,0,saved,"(512, 512, 6)",gs://suryabench-sharp-pipeline-bamidele/jsoc_2025_2026_production_v1/samples_npz/2025/20251117_1536_HARP14059_NOAA14283.npz,success,2026-06-28T06:04:45.662890+00:00
20251117_1712_HARP14059_NOAA14283,2025_HARP14059_20251117_1048_20251118_0248,2025-11-17 17:12:00,14059,14283,0,saved,"(512, 512, 6)",gs://suryabench-sharp-pipeline-bamidele/jsoc_2025_2026_production_v1/samples_npz/2025/20251117_1712_HARP14059_NOAA14283.npz,success,2026-06-28T06:04:51.748826+00:00
20251117_1848_HARP14059_NOAA14283,2025_HARP14059_20251117_1048_20251118_0248,2025-11-17 18:48:00,14059,14283,0,saved,"(512, 512, 6)",gs://suryabench-sharp-pipeline-bamidele/jsoc_2025_2026_production_v1/samples_npz/2025/20251117_1848_HARP14059_NOAA14283.npz,success,2026-06-28T06:04:57.790067+00:00
20251117_2024_HARP14059_NOAA14283,2025_HARP14059_20251117_1048_20251118_0248,2025-11-17 20:24:00,14059,14283,0,saved,"(512, 512, 6)",gs://suryabench-sharp-pipeline-bamidele/jsoc_2025_2026_production_v1/samples_npz/2025/20251117_2024_HARP14059_NOAA14283.npz,success,2026-06-28T06:05:03.873766+00:00
20251117_2200_HARP14059_NOAA14283,2025_HARP14059_20251117_1048_20251118_0248,2025-11-17 22:00:00,14059,14283,0,saved,"(512, 512, 6)",gs://suryabench-sharp-pipeline-bamidele/jsoc_2025_2026_production_v1/samples_npz/2025/20251117_2200_HARP14059_NOAA14283.npz,success,2026-06-28T06:05:09.968652+00:00
20251117_2336_HARP14059_NOAA14283,2025_HARP14059_20251117_1048_20251118_0248,2025-11-17 23:36:00,14059,14283,0,saved,"(512, 512, 6)",gs://suryabench-sharp-pipeline-bamidele/jsoc_2025_2026_production_v1/samples_npz/2025/20251117_2336_HARP14059_NOAA14283.npz,success,2026-06-28T06:05:16.119881+00:00
20251118_0112_HARP14059_NOAA14283,2025_HARP14059_20251117_1048_20251118_0248,2025-11-18 01:12:00,14059,14283,0,saved,"(512, 512, 6)",gs://suryabench-sharp-pipeline-bamidele/jsoc_2025_2026_production_v1/samples_npz/2025/20251118_0112_HARP14059_NOAA14283.npz,success,2026-06-28T06:05:23.107666+00:00
20251118_0248_HARP14059_NOAA14283,2025_HARP14059_20251117_1048_20251118_0248,2025-11-18 02:48:00,14059,14283,0,saved,"(512, 512, 6)",gs://suryabench-sharp-pipeline-bamidele/jsoc_2025_2026_production_v1/samples_npz/2025/20251118_0248_HARP14059_NOAA14283.npz,success,2026-06-28T06:05:29.420813+00:00
20251118_1348_HARP14045_NOAA14283,2025_HARP14045_20251118_1348_20251118_1348,2025-11-18 13:48:00,14045,14283,0,saved,"(512, 512, 6)",gs://suryabench-sharp-pipeline-bamidele/jsoc_2025_2026_production_v1/samples_npz/2025/20251118_1348_HARP14045_NOAA14283.npz,success,2026-06-28T06:14:36.442358+00:00
20251121_1936_HARP14056_NOAA14286,2025_HARP14056_20251121_1936_20251122_1624,2025-11-21 19:36:00,14056,14286,0,saved,"(512, 512, 6)",gs://suryabench-sharp-pipeline-bamidele/jsoc_2025_2026_production_v1/samples_npz/2025/20251121_1936_HARP14056_NOAA14286.npz,success,2026-06-28T06:26:25.937402+00:00
20251121_2112_HARP14056_NOAA14286,2025_HARP14056_20251121_1936_20251122_1624,2025-11-21 21:12:00,14056,14286,0,saved,"(512, 512, 6)",gs://suryabench-sharp-pipeline-bamidele/jsoc_2025_2026_production_v1/samples_npz/2025/20251121_2112_HARP14056_NOAA14286.npz,success,2026-06-28T06:26:32.198372+00:00
20251121_2248_HARP14056_NOAA14286,2025_HARP14056_20251121_1936_20251122_1624,2025-11-21 22:48:00,14056,14286,0,saved,"(512, 512, 6)",gs://suryabench-sharp-pipeline-bamidele/jsoc_2025_2026_production_v1/samples_npz/2025/20251121_2248_HARP14056_NOAA14286.npz,success,2026-06-28T06:26:38.314285+00:00
20251122_0024_HARP14056_NOAA14286,2025_HARP14056_20251121_1936_20251122_1624,2025-11-22 00:24:00,14056,14286,0,saved,"(512, 512, 6)",gs://suryabench-sharp-pipeline-bamidele/jsoc_2025_2026_production_v1/samples_npz/2025/20251122_0024_HARP14056_NOAA14286.npz,success,2026-06-28T06:26:44.429340+00:00
20251122_0200_HARP14056_NOAA14286,2025_HARP14056_20251121_1936_20251122_1624,2025-11-22 02:00:00,14056,14286,0,saved,"(512, 512, 6)",gs://suryabench-sharp-pipeline-bamidele/jsoc_2025_2026_production_v1/samples_npz/2025/20251122_0200_HARP14056_NOAA14286.npz,success,2026-06-28T06:26:50.632840+00:00
20251122_0336_HARP14056_NOAA14286,2025_HARP14056_20251121_1936_20251122_1624,2025-11-22 03:36:00,14056,14286,0,saved,"(512, 512, 6)",gs://suryabench-sharp-pipeline-bamidele/jsoc_2025_2026_production_v1/samples_npz/2025/20251122_0336_HARP14056_NOAA14286.npz,success,2026-06-28T06:26:56.676286+00:00
20251122_0512_HARP14056_NOAA14286,2025_HARP14056_20251121_1936_20251122_1624,2025-11-22 05:12:00,14056,14286,0,saved,"(512, 512, 6)",gs://suryabench-sharp-pipeline-bamidele/jsoc_2025_2026_production_v1/samples_npz/2025/20251122_0512_HARP14056_NOAA14286.npz,success,2026-06-28T06:27:02.841362+00:00
20251122_0648_HARP14056_NOAA14286,2025_HARP14056_20251121_1936_20251122_1624,2025-11-22 06:48:00,14056,14286,0,saved,"(512, 512, 6)",gs://suryabench-sharp-pipeline-bamidele/jsoc_2025_2026_production_v1/samples_npz/2025/20251122_0648_HARP14056_NOAA14286.npz,success,2026-06-28T06:27:08.930772+00:00
20251122_0824_HARP14056_NOAA14286,2025_HARP14056_20251121_1936_20251122_1624,2025-11-22 08:24:00,14056,14286,0,saved,"(512, 512, 6)",gs://suryabench-sharp-pipeline-bamidele/jsoc_2025_2026_production_v1/samples_npz/2025/20251122_0824_HARP14056_NOAA14286.npz,success,2026-06-28T06:27:15.064100+00:00
20251122_1000_HARP14056_NOAA14286,2025_HARP14056_20251121_1936_20251122_1624,2025-11-22 10:00:00,14056,14286,0,saved,"(512, 512, 6)",gs://suryabench-sharp-pipeline-bamidele/jsoc_2025_2026_production_v1/samples_npz/2025/20251122_1000_HARP14056_NOAA14286.npz,success,2026-06-28T06:27:21.143165+00:00
20251122_1136_HARP14056_NOAA14286,2025_HARP14056_20251121_1936_20251122_1624,2025-11-22 11:36:00,14056,14286,0,saved,"(512, 512, 6)",gs://suryabench-sharp-pipeline-bamidele/jsoc_2025_2026_production_v1/samples_npz/2025/20251122_1136_HARP14056_NOAA14286.npz,success,2026-06-28T06:27:27.195761+00:00
20251122_1312_HARP14056_NOAA14286,2025_HARP14056_20251121_1936_20251122_1624,2025-11-22 13:12:00,14056,14286,0,saved,"(512, 512, 6)",gs://suryabench-sharp-pipeline-bamidele/jsoc_2025_2026_production_v1/samples_npz/2025/20251122_1312_HARP14056_NOAA14286.npz,success,2026-06-28T06:27:33.512462+00:00
20251122_1448_HARP14056_NOAA14286,2025_HARP14056_20251121_1936_20251122_1624,2025-11-22 14:48:00,14056,14286,0,saved,"(512, 512, 6)",gs://suryabench-sharp-pipeline-bamidele/jsoc_2025_2026_production_v1/samples_npz/2025/20251122_1448_HARP14056_NOAA14286.npz,success,2026-06-28T06:27:39.626131+00:00
20251122_1624_HARP14056_NOAA14286,2025_HARP14056_20251121_1936_20251122_1624,2025-11-22 16:24:00,14056,14286,0,saved,"(512, 512, 6)",gs://suryabench-sharp-pipeline-bamidele/jsoc_2025_2026_production_v1/samples_npz/2025/20251122_1624_HARP14056_NOAA14286.npz,success,2026-06-28T06:27:45.734158+00:00
20251123_0736_HARP14060_NOAA14287,2025_HARP14060_20251123_0736_20251124_0424,2025-11-23 07:36:00,14060,14287,0,saved,"(512, 512, 6)",gs://suryabench-sharp-pipeline-bamidele/jsoc_2025_2026_production_v1/samples_npz/2025/20251123_0736_HARP14060_NOAA14287.npz,success,2026-06-28T06:38:37.893342+00:00
20251123_0912_HARP14060_NOAA14287,2025_HARP14060_20251123_0736_20251124_0424,2025-11-23 09:12:00,14060,14287,0,saved,"(512, 512, 6)",gs://suryabench-sharp-pipeline-bamidele/jsoc_2025_2026_production_v1/samples_npz/2025/20251123_0912_HARP14060_NOAA14287.npz,success,2026-06-28T06:38:43.803637+00:00
20251123_1048_HARP14060_NOAA14287,2025_HARP14060_20251123_0736_20251124_0424,2025-11-23 10:48:00,14060,14287,0,saved,"(512, 512, 6)",gs://suryabench-sharp-pipeline-bamidele/jsoc_2025_2026_production_v1/samples_npz/2025/20251123_1048_HARP14060_NOAA14287.npz,success,2026-06-28T06:38:49.638234+00:00
20251123_1224_HARP14060_NOAA14287,2025_HARP14060_20251123_0736_20251124_0424,2025-11-23 12:24:00,14060,14287,0,saved,"(512, 512, 6)",gs://suryabench-sharp-pipeline-bamidele/jsoc_2025_2026_production_v1/samples_npz/2025/20251123_1224_HARP14060_NOAA14287.npz,success,2026-06-28T06:38:55.533196+00:00
20251123_1400_HARP14060_NOAA14287,2025_HARP14060_20251123_0736_20251124_0424,2025-11-23 14:00:00,14060,14287,0,saved,"(512, 512, 6)",gs://suryabench-sharp-pipeline-bamidele/jsoc_2025_2026_production_v1/samples_npz/2025/20251123_1400_HARP14060_NOAA14287.npz,success,2026-06-28T06:39:01.437398+00:00
20251123_1536_HARP14060_NOAA14287,2025_HARP14060_20251123_0736_20251124_0424,2025-11-23 15:36:00,14060,14287,0,saved,"(512, 512, 6)",gs://suryabench-sharp-pipeline-bamidele/jsoc_2025_2026_production_v1/samples_npz/2025/20251123_1536_HARP14060_NOAA14287.npz,success,2026-06-28T06:39:07.275423+00:00
20251123_1712_HARP14060_NOAA14287,2025_HARP14060_20251123_0736_20251124_0424,2025-11-23 17:12:00,14060,14287,0,saved,"(512, 512, 6)",gs://suryabench-sharp-pipeline-bamidele/jsoc_2025_2026_production_v1/samples_npz/2025/20251123_1712_HARP14060_NOAA14287.npz,success,2026-06-28T06:39:13.129941+00:00
20251123_1848_HARP14060_NOAA14287,2025_HARP14060_20251123_0736_20251124_0424,2025-11-23 18:48:00,14060,14287,0,saved,"(512, 512, 6)",gs://suryabench-sharp-pipeline-bamidele/jsoc_2025_2026_production_v1/samples_npz/2025/20251123_1848_HARP14060_NOAA14287.npz,success,2026-06-28T06:39:19.083835+00:00
20251123_2024_HARP14060_NOAA14287,2025_HARP14060_20251123_0736_20251124_0424,2025-11-23 20:24:00,14060,14287,0,saved,"(512, 512, 6)",gs://suryabench-sharp-pipeline-bamidele/jsoc_2025_2026_production_v1/samples_npz/2025/20251123_2024_HARP14060_NOAA14287.npz,success,2026-06-28T06:39:24.984462+00:00
20251123_2200_HARP14060_NOAA14287,2025_HARP14060_20251123_0736_20251124_0424,2025-11-23 22:00:00,14060,14287,0,saved,"(512, 512, 6)",gs://suryabench-sharp-pipeline-bamidele/jsoc_2025_2026_production_v1/samples_npz/2025/20251123_2200_HARP14060_NOAA14287.npz,success,2026-06-28T06:39:30.946838+00:00
20251123_2336_HARP14060_NOAA14287,2025_HARP14060_20251123_0736_20251124_0424,2025-11-23 23:36:00,14060,14287,0,saved,"(512, 512, 6)",gs://suryabench-sharp-pipeline-bamidele/jsoc_2025_2026_production_v1/samples_npz/2025/20251123_2336_HARP14060_NOAA14287.npz,success,2026-06-28T06:39:36.913729+00:00
20251124_0112_HARP14060_NOAA14287,2025_HARP14060_20251123_0736_20251124_0424,2025-11-24 01:12:00,14060,14287,0,saved,"(512, 512, 6)",gs://suryabench-sharp-pipeline-bamidele/jsoc_2025_2026_production_v1/samples_npz/2025/20251124_0112_HARP14060_NOAA14287.npz,success,2026-06-28T06:39:42.859257+00:00
20251124_0248_HARP14060_NOAA14287,2025_HARP14060_20251123_0736_20251124_0424,2025-11-24 02:48:00,14060,14287,0,saved,"(512, 512, 6)",gs://suryabench-sharp-pipeline-bamidele/jsoc_2025_2026_production_v1/samples_npz/2025/20251124_0248_HARP14060_NOAA14287.npz,success,2026-06-28T06:39:48.823097+00:00
20251124_0424_HARP14060_NOAA14287,2025_HARP14060_20251123_0736_20251124_0424,2025-11-24 04:24:00,14060,14287,0,saved,"(512, 512, 6)",gs://suryabench-sharp-pipeline-bamidele/jsoc_2025_2026_production_v1/samples_npz/2025/20251124_0424_HARP14060_NOAA14287.npz,success,2026-06-28T06:39:54.859860+00:00
20251123_1936_HARP14056_NOAA14286,2025_HARP14056_20251123_1936_20251124_1448,2025-11-23 19:36:00,14056,14286,0,saved,"(512, 512, 6)",gs://suryabench-sharp-pipeline-bamidele/jsoc_2025_2026_production_v1/samples_npz/2025/20251123_1936_HARP14056_NOAA14286.npz,success,2026-06-28T06:50:32.489712+00:00
20251123_2112_HARP14056_NOAA14286,2025_HARP14056_20251123_1936_20251124_1448,2025-11-23 21:12:00,14056,14286,0,saved,"(512, 512, 6)",gs://suryabench-sharp-pipeline-bamidele/jsoc_2025_2026_production_v1/samples_npz/2025/20251123_2112_HARP14056_NOAA14286.npz,success,2026-06-28T06:50:38.855044+00:00
20251123_2248_HARP14056_NOAA14286,2025_HARP14056_20251123_1936_20251124_1448,2025-11-23 22:48:00,14056,14286,0,saved,"(512, 512, 6)",gs://suryabench-sharp-pipeline-bamidele/jsoc_2025_2026_production_v1/samples_npz/2025/20251123_2248_HARP14056_NOAA14286.npz,success,2026-06-28T06:50:45.191934+00:00
20251124_0024_HARP14056_NOAA14286,2025_HARP14056_20251123_1936_20251124_1448,2025-11-24 00:24:00,14056,14286,0,saved,"(512, 512, 6)",gs://suryabench-sharp-pipeline-bamidele/jsoc_2025_2026_production_v1/samples_npz/2025/20251124_0024_HARP14056_NOAA14286.npz,success,2026-06-28T06:50:51.458750+00:00
20251124_0200_HARP14056_NOAA14286,2025_HARP14056_20251123_1936_20251124_1448,2025-11-24 02:00:00,14056,14286,0,saved,"(512, 512, 6)",gs://suryabench-sharp-pipeline-bamidele/jsoc_2025_2026_production_v1/samples_npz/2025/20251124_0200_HARP14056_NOAA14286.npz,success,2026-06-28T06:50:57.756235+00:00
20251124_0336_HARP14056_NOAA14286,2025_HARP14056_20251123_1936_20251124_1448,2025-11-24 03:36:00,14056,14286,0,saved,"(512, 512, 6)",gs://suryabench-sharp-pipeline-bamidele/jsoc_2025_2026_production_v1/samples_npz/2025/20251124_0336_HARP14056_NOAA14286.npz,success,2026-06-28T06:51:04.094418+00:00
20251124_0512_HARP14056_NOAA14286,2025_HARP14056_20251123_1936_20251124_1448,2025-11-24 05:12:00,14056,14286,0,saved,"(512, 512, 6)",gs://suryabench-sharp-pipeline-bamidele/jsoc_2025_2026_production_v1/samples_npz/2025/20251124_0512_HARP14056_NOAA14286.npz,success,2026-06-28T06:51:10.343098+00:00
20251124_0648_HARP14056_NOAA14286,2025_HARP14056_20251123_1936_20251124_1448,2025-11-24 06:48:00,14056,14286,0,saved,"(512, 512, 6)",gs://suryabench-sharp-pipeline-bamidele/jsoc_2025_2026_production_v1/samples_npz/2025/20251124_0648_HARP14056_NOAA14286.npz,success,2026-06-28T06:51:16.463144+00:00
20251124_0824_HARP14056_NOAA14286,2025_HARP14056_20251123_1936_20251124_1448,2025-11-24 08:24:00,14056,14286,0,saved,"(512, 512, 6)",gs://suryabench-sharp-pipeline-bamidele/jsoc_2025_2026_production_v1/samples_npz/2025/20251124_0824_HARP14056_NOAA14286.npz,success,2026-06-28T06:51:22.649173+00:00
20251124_1000_HARP14056_NOAA14286,2025_HARP14056_20251123_1936_20251124_1448,2025-11-24 10:00:00,14056,14286,0,saved,"(512, 512, 6)",gs://suryabench-sharp-pipeline-bamidele/jsoc_2025_2026_production_v1/samples_npz/2025/20251124_1000_HARP14056_NOAA14286.npz,success,2026-06-28T06:51:28.693680+00:00
20251124_1136_HARP14056_NOAA14286,2025_HARP14056_20251123_1936_20251124_1448,2025-11-24 11:36:00,14056,14286,0,saved,"(512, 512, 6)",gs://suryabench-sharp-pipeline-bamidele/jsoc_2025_2026_production_v1/samples_npz/2025/20251124_1136_HARP14056_NOAA14286.npz,success,2026-06-28T06:51:34.682860+00:00
20251124_1312_HARP14056_NOAA14286,2025_HARP14056_20251123_1936_20251124_1448,2025-11-24 13:12:00,14056,14286,0,saved,"(512, 512, 6)",gs://suryabench-sharp-pipeline-bamidele/jsoc_2025_2026_production_v1/samples_npz/2025/20251124_1312_HARP14056_NOAA14286.npz,success,2026-06-28T06:51:40.950759+00:00
20251124_1448_HARP14056_NOAA14286,2025_HARP14056_20251123_1936_20251124_1448,2025-11-24 14:48:00,14056,14286,0,saved,"(512, 512, 6)",gs://suryabench-sharp-pipeline-bamidele/jsoc_2025_2026_production_v1/samples_npz/2025/20251124_1448_HARP14056_NOAA14286.npz,success,2026-06-28T06:51:47.977770+00:00
20251124_1548_HARP14063_NOAA14289,2025_HARP14063_20251124_1548_20251124_1548,2025-11-24 15:48:00,14063,14289,0,saved,"(512, 512, 6)",gs://suryabench-sharp-pipeline-bamidele/jsoc_2025_2026_production_v1/samples_npz/2025/20251124_1548_HARP14063_NOAA14289.npz,success,2026-06-28T06:58:51.792023+00:00
20251124_2324_HARP14057_NOAA14286,2025_HARP14057_20251124_2324_20251124_2324,2025-11-24 23:24:00,14057,14286,0,saved,"(512, 512, 6)",gs://suryabench-sharp-pipeline-bamidele/jsoc_2025_2026_production_v1/samples_npz/2025/20251124_2324_HARP14057_NOAA14286.npz,success,2026-06-28T07:05:57.383770+00:00
20251125_1512_HARP14081_NOAA14290,2025_HARP14081_20251125_1512_20251126_1348,2025-11-25 15:12:00,14081,14290,0,saved,"(512, 512, 6)",gs://suryabench-sharp-pipeline-bamidele/jsoc_2025_2026_production_v1/samples_npz/2025/20251125_1512_HARP14081_NOAA14290.npz,success,2026-06-28T07:26:19.717708+00:00
20251125_1648_HARP14081_NOAA14290,2025_HARP14081_20251125_1512_20251126_1348,2025-11-25 16:48:00,14081,14290,0,saved,"(512, 512, 6)",gs://suryabench-sharp-pipeline-bamidele/jsoc_2025_2026_production_v1/samples_npz/2025/20251125_1648_HARP14081_NOAA14290.npz,success,2026-06-28T07:26:26.175720+00:00
20251125_1824_HARP14081_NOAA14290,2025_HARP14081_20251125_1512_20251126_1348,2025-11-25 18:24:00,14081,14290,0,saved,"(512, 512, 6)",gs://suryabench-sharp-pipeline-bamidele/jsoc_2025_2026_production_v1/samples_npz/2025/20251125_1824_HARP14081_NOAA14290.npz,success,2026-06-28T07:26:32.603288+00:00
20251125_2012_HARP14081_NOAA14290,2025_HARP14081_20251125_1512_20251126_1348,2025-11-25 20:12:00,14081,14290,0,saved,"(512, 512, 6)",gs://suryabench-sharp-pipeline-bamidele/jsoc_2025_2026_production_v1/samples_npz/2025/20251125_2012_HARP14081_NOAA14290.npz,success,2026-06-28T07:26:38.940028+00:00
20251125_2148_HARP14081_NOAA14290,2025_HARP14081_20251125_1512_20251126_1348,2025-11-25 21:48:00,14081,14290,0,saved,"(512, 512, 6)",gs://suryabench-sharp-pipeline-bamidele/jsoc_2025_2026_production_v1/samples_npz/2025/20251125_2148_HARP14081_NOAA14290.npz,success,2026-06-28T07:26:45.282203+00:00
20251125_2324_HARP14081_NOAA14290,2025_HARP14081_20251125_1512_20251126_1348,2025-11-25 23:24:00,14081,14290,0,saved,"(512, 512, 6)",gs://suryabench-sharp-pipeline-bamidele/jsoc_2025_2026_production_v1/samples_npz/2025/20251125_2324_HARP14081_NOAA14290.npz,success,2026-06-28T07:26:51.663660+00:00
20251126_0100_HARP14081_NOAA14290,2025_HARP14081_20251125_1512_20251126_1348,2025-11-26 01:00:00,14081,14290,0,saved,"(512, 512, 6)",gs://suryabench-sharp-pipeline-bamidele/jsoc_2025_2026_production_v1/samples_npz/2025/20251126_0100_HARP14081_NOAA14290.npz,success,2026-06-28T07:26:57.887480+00:00
20251126_0236_HARP14081_NOAA14290,2025_HARP14081_20251125_1512_20251126_1348,2025-11-26 02:36:00,14081,14290,0,saved,"(512, 512, 6)",gs://suryabench-sharp-pipeline-bamidele/jsoc_2025_2026_production_v1/samples_npz/2025/20251126_0236_HARP14081_NOAA14290.npz,success,2026-06-28T07:27:04.126407+00:00
20251126_0412_HARP14081_NOAA14290,2025_HARP14081_20251125_1512_20251126_1348,2025-11-26 04:12:00,14081,14290,0,saved,"(512, 512, 6)",gs://suryabench-sharp-pipeline-bamidele/jsoc_2025_2026_production_v1/samples_npz/2025/20251126_0412_HARP14081_NOAA14290.npz,success,2026-06-28T07:27:10.388052+00:00
20251126_0548_HARP14081_NOAA14290,2025_HARP14081_20251125_1512_20251126_1348,2025-11-26 05:48:00,14081,14290,0,saved,"(512, 512, 6)",gs://suryabench-sharp-pipeline-bamidele/jsoc_2025_2026_production_v1/samples_npz/2025/20251126_0548_HARP14081_NOAA14290.npz,success,2026-06-28T07:27:16.839028+00:00
20251126_0724_HARP14081_NOAA14290,2025_HARP14081_20251125_1512_20251126_1348,2025-11-26 07:24:00,14081,14290,0,saved,"(512, 512, 6)",gs://suryabench-sharp-pipeline-bamidele/jsoc_2025_2026_production_v1/samples_npz/2025/20251126_0724_HARP14081_NOAA14290.npz,success,2026-06-28T07:27:23.322869+00:00
20251126_0900_HARP14081_NOAA14290,2025_HARP14081_20251125_1512_20251126_1348,2025-11-26 09:00:00,14081,14290,0,saved,"(512, 512, 6)",gs://suryabench-sharp-pipeline-bamidele/jsoc_2025_2026_production_v1/samples_npz/2025/20251126_0900_HARP14081_NOAA14290.npz,success,2026-06-28T07:27:29.702663+00:00
20251126_1036_HARP14081_NOAA14290,2025_HARP14081_20251125_1512_20251126_1348,2025-11-26 10:36:00,14081,14290,0,saved,"(512, 512, 6)",gs://suryabench-sharp-pipeline-bamidele/jsoc_2025_2026_production_v1/samples_npz/2025/20251126_1036_HARP14081_NOAA14290.npz,success,2026-06-28T07:27:36.041204+00:00
20251126_1212_HARP14081_NOAA14290,2025_HARP14081_20251125_1512_20251126_1348,2025-11-26 12:12:00,14081,14290,0,saved,"(512, 512, 6)",gs://suryabench-sharp-pipeline-bamidele/jsoc_2025_2026_production_v1/samples_npz/2025/20251126_1212_HARP14081_NOAA14290.npz,success,2026-06-28T07:27:42.370927+00:00
20251126_1348_HARP14081_NOAA14290,2025_HARP14081_20251125_1512_20251126_1348,2025-11-26 13:48:00,14081,14290,0,saved,"(512, 512, 6)",gs://suryabench-sharp-pipeline-bamidele/jsoc_2025_2026_production_v1/samples_npz/2025/20251126_1348_HARP14081_NOAA14290.npz,success,2026-06-28T07:27:48.781411+00:00
20251127_0700_HARP14090_NOAA14293,2025_HARP14090_20251127_0700_20251128_0524,2025-11-27 07:00:00,14090,14293,0,saved,"(512, 512, 6)",gs://suryabench-sharp-pipeline-bamidele/jsoc_2025_2026_production_v1/samples_npz/2025/20251127_0700_HARP14090_NOAA14293.npz,success,2026-06-28T07:39:22.272001+00:00
20251127_0836_HARP14090_NOAA14293,2025_HARP14090_20251127_0700_20251128_0524,2025-11-27 08:36:00,14090,14293,0,saved,"(512, 512, 6)",gs://suryabench-sharp-pipeline-bamidele/jsoc_2025_2026_production_v1/samples_npz/2025/20251127_0836_HARP14090_NOAA14293.npz,success,2026-06-28T07:39:28.434488+00:00
20251127_1012_HARP14090_NOAA14293,2025_HARP14090_20251127_0700_20251128_0524,2025-11-27 10:12:00,14090,14293,0,saved,"(512, 512, 6)",gs://suryabench-sharp-pipeline-bamidele/jsoc_2025_2026_production_v1/samples_npz/2025/20251127_1012_HARP14090_NOAA14293.npz,success,2026-06-28T07:39:34.584406+00:00
20251127_1148_HARP14090_NOAA14293,2025_HARP14090_20251127_0700_20251128_0524,2025-11-27 11:48:00,14090,14293,0,saved,"(512, 512, 6)",gs://suryabench-sharp-pipeline-bamidele/jsoc_2025_2026_production_v1/samples_npz/2025/20251127_1148_HARP14090_NOAA14293.npz,success,2026-06-28T07:39:40.612631+00:00
20251127_1324_HARP14090_NOAA14293,2025_HARP14090_20251127_0700_20251128_0524,2025-11-27 13:24:00,14090,14293,0,saved,"(512, 512, 6)",gs://suryabench-sharp-pipeline-bamidele/jsoc_2025_2026_production_v1/samples_npz/2025/20251127_1324_HARP14090_NOAA14293.npz,success,2026-06-28T07:39:46.736084+00:00
20251127_1500_HARP14090_NOAA14293,2025_HARP14090_20251127_0700_20251128_0524,2025-11-27 15:00:00,14090,14293,0,saved,"(512, 512, 6)",gs://suryabench-sharp-pipeline-bamidele/jsoc_2025_2026_production_v1/samples_npz/2025/20251127_1500_HARP14090_NOAA14293.npz,success,2026-06-28T07:39:52.847393+00:00
20251127_1636_HARP14090_NOAA14293,2025_HARP14090_20251127_0700_20251128_0524,2025-11-27 16:36:00,14090,14293,0,saved,"(512, 512, 6)",gs://suryabench-sharp-pipeline-bamidele/jsoc_2025_2026_production_v1/samples_npz/2025/20251127_1636_HARP14090_NOAA14293.npz,success,2026-06-28T07:39:58.908105+00:00
20251127_1812_HARP14090_NOAA14293,2025_HARP14090_20251127_0700_20251128_0524,2025-11-27 18:12:00,14090,14293,0,saved,"(512, 512, 6)",gs://suryabench-sharp-pipeline-bamidele/jsoc_2025_2026_production_v1/samples_npz/2025/20251127_1812_HARP14090_NOAA14293.npz,success,2026-06-28T07:40:05.067987+00:00
20251127_1948_HARP14090_NOAA14293,2025_HARP14090_20251127_0700_20251128_0524,2025-11-27 19:48:00,14090,14293,0,saved,"(512, 512, 6)",gs://suryabench-sharp-pipeline-bamidele/jsoc_2025_2026_production_v1/samples_npz/2025/20251127_1948_HARP14090_NOAA14293.npz,success,2026-06-28T07:40:11.263933+00:00
20251127_2124_HARP14090_NOAA14293,2025_HARP14090_20251127_0700_20251128_0524,2025-11-27 21:24:00,14090,14293,0,saved,"(512, 512, 6)",gs://suryabench-sharp-pipeline-bamidele/jsoc_2025_2026_production_v1/samples_npz/2025/20251127_2124_HARP14090_NOAA14293.npz,success,2026-06-28T07:40:17.586904+00:00
20251127_2300_HARP14090_NOAA14293,2025_HARP14090_20251127_0700_20251128_0524,2025-11-27 23:00:00,14090,14293,0,saved,"(512, 512, 6)",gs://suryabench-sharp-pipeline-bamidele/jsoc_2025_2026_production_v1/samples_npz/2025/20251127_2300_HARP14090_NOAA14293.npz,success,2026-06-28T07:40:23.784661+00:00
20251128_0036_HARP14090_NOAA14293,2025_HARP14090_20251127_0700_20251128_0524,2025-11-28 00:36:00,14090,14293,0,saved,"(512, 512, 6)",gs://suryabench-sharp-pipeline-bamidele/jsoc_2025_2026_production_v1/samples_npz/2025/20251128_0036_HARP14090_NOAA14293.npz,success,2026-06-28T07:40:29.935037+00:00
20251128_0212_HARP14090_NOAA14293,2025_HARP14090_20251127_0700_20251128_0524,2025-11-28 02:12:00,14090,14293,0,saved,"(512, 512, 6)",gs://suryabench-sharp-pipeline-bamidele/jsoc_2025_2026_production_v1/samples_npz/2025/20251128_0212_HARP14090_NOAA14293.npz,success,2026-06-28T07:40:36.103945+00:00
20251128_0348_HARP14090_NOAA14293,2025_HARP14090_20251127_0700_20251128_0524,2025-11-28 03:48:00,14090,14293,0,saved,"(512, 512, 6)",gs://suryabench-sharp-pipeline-bamidele/jsoc_2025_2026_production_v1/samples_npz/2025/20251128_0348_HARP14090_NOAA14293.npz,success,2026-06-28T07:40:42.210767+00:00
20251128_0524_HARP14090_NOAA14293,2025_HARP14090_20251127_0700_20251128_0524,2025-11-28 05:24:00,14090,14293,0,saved,"(512, 512, 6)",gs://suryabench-sharp-pipeline-bamidele/jsoc_2025_2026_production_v1/samples_npz/2025/20251128_0524_HARP14090_NOAA14293.npz,success,2026-06-28T07:40:48.477499+00:00
20251128_0700_HARP14090_NOAA14293,2025_HARP14090_20251128_0700_20251129_0524,2025-11-28 07:00:00,14090,14293,0,saved,"(512, 512, 6)",gs://suryabench-sharp-pipeline-bamidele/jsoc_2025_2026_production_v1/samples_npz/2025/20251128_0700_HARP14090_NOAA14293.npz,success,2026-06-28T07:51:01.429424+00:00
20251128_0836_HARP14090_NOAA14293,2025_HARP14090_20251128_0700_20251129_0524,2025-11-28 08:36:00,14090,14293,0,saved,"(512, 512, 6)",gs://suryabench-sharp-pipeline-bamidele/jsoc_2025_2026_production_v1/samples_npz/2025/20251128_0836_HARP14090_NOAA14293.npz,success,2026-06-28T07:51:07.774059+00:00
20251128_1012_HARP14090_NOAA14293,2025_HARP14090_20251128_0700_20251129_0524,2025-11-28 10:12:00,14090,14293,0,saved,"(512, 512, 6)",gs://suryabench-sharp-pipeline-bamidele/jsoc_2025_2026_production_v1/samples_npz/2025/20251128_1012_HARP14090_NOAA14293.npz,success,2026-06-28T07:51:14.181247+00:00
20251128_1148_HARP14090_NOAA14293,2025_HARP14090_20251128_0700_20251129_0524,2025-11-28 11:48:00,14090,14293,0,saved,"(512, 512, 6)",gs://suryabench-sharp-pipeline-bamidele/jsoc_2025_2026_production_v1/samples_npz/2025/20251128_1148_HARP14090_NOAA14293.npz,success,2026-06-28T07:51:20.545382+00:00
20251128_1324_HARP14090_NOAA14293,2025_HARP14090_20251128_0700_20251129_0524,2025-11-28 13:24:00,14090,14293,0,saved,"(512, 512, 6)",gs://suryabench-sharp-pipeline-bamidele/jsoc_2025_2026_production_v1/samples_npz/2025/20251128_1324_HARP14090_NOAA14293.npz,success,2026-06-28T07:51:26.647654+00:00
20251128_1500_HARP14090_NOAA14293,2025_HARP14090_20251128_0700_20251129_0524,2025-11-28 15:00:00,14090,14293,0,saved,"(512, 512, 6)",gs://suryabench-sharp-pipeline-bamidele/jsoc_2025_2026_production_v1/samples_npz/2025/20251128_1500_HARP14090_NOAA14293.npz,success,2026-06-28T07:51:32.760183+00:00
20251128_1636_HARP14090_NOAA14293,2025_HARP14090_20251128_0700_20251129_0524,2025-11-28 16:36:00,14090,14293,0,saved,"(512, 512, 6)",gs://suryabench-sharp-pipeline-bamidele/jsoc_2025_2026_production_v1/samples_npz/2025/20251128_1636_HARP14090_NOAA14293.npz,success,2026-06-28T07:51:38.830178+00:00
20251128_1812_HARP14090_NOAA14293,2025_HARP14090_20251128_0700_20251129_0524,2025-11-28 18:12:00,14090,14293,0,saved,"(512, 512, 6)",gs://suryabench-sharp-pipeline-bamidele/jsoc_2025_2026_production_v1/samples_npz/2025/20251128_1812_HARP14090_NOAA14293.npz,success,2026-06-28T07:51:44.939097+00:00
20251128_1948_HARP14090_NOAA14293,2025_HARP14090_20251128_0700_20251129_0524,2025-11-28 19:48:00,14090,14293,0,saved,"(512, 512, 6)",gs://suryabench-sharp-pipeline-bamidele/jsoc_2025_2026_production_v1/samples_npz/2025/20251128_1948_HARP14090_NOAA14293.npz,success,2026-06-28T07:51:51.205299+00:00
20251128_2124_HARP14090_NOAA14293,2025_HARP14090_20251128_0700_20251129_0524,2025-11-28 21:24:00,14090,14293,0,saved,"(512, 512, 6)",gs://suryabench-sharp-pipeline-bamidele/jsoc_2025_2026_production_v1/samples_npz/2025/20251128_2124_HARP14090_NOAA14293.npz,success,2026-06-28T07:51:57.331721+00:00
20251128_2300_HARP14090_NOAA14293,2025_HARP14090_20251128_0700_20251129_0524,2025-11-28 23:00:00,14090,14293,0,saved,"(512, 512, 6)",gs://suryabench-sharp-pipeline-bamidele/jsoc_2025_2026_production_v1/samples_npz/2025/20251128_2300_HARP14090_NOAA14293.npz,success,2026-06-28T07:52:03.474861+00:00
20251129_0036_HARP14090_NOAA14293,2025_HARP14090_20251128_0700_20251129_0524,2025-11-29 00:36:00,14090,14293,0,saved,"(512, 512, 6)",gs://suryabench-sharp-pipeline-bamidele/jsoc_2025_2026_production_v1/samples_npz/2025/20251129_0036_HARP14090_NOAA14293.npz,success,2026-06-28T07:52:09.632328+00:00
20251129_0212_HARP14090_NOAA14293,2025_HARP14090_20251128_0700_20251129_0524,2025-11-29 02:12:00,14090,14293,0,saved,"(512, 512, 6)",gs://suryabench-sharp-pipeline-bamidele/jsoc_2025_2026_production_v1/samples_npz/2025/20251129_0212_HARP14090_NOAA14293.npz,success,2026-06-28T07:52:15.704815+00:00
20251129_0348_HARP14090_NOAA14293,2025_HARP14090_20251128_0700_20251129_0524,2025-11-29 03:48:00,14090,14293,0,saved,"(512, 512, 6)",gs://suryabench-sharp-pipeline-bamidele/jsoc_2025_2026_production_v1/samples_npz/2025/20251129_0348_HARP14090_NOAA14293.npz,success,2026-06-28T07:52:21.937711+00:00
20251129_0524_HARP14090_NOAA14293,2025_HARP14090_20251128_0700_20251129_0524,2025-11-29 05:24:00,14090,14293,0,saved,"(512, 512, 6)",gs://suryabench-sharp-pipeline-bamidele/jsoc_2025_2026_production_v1/samples_npz/2025/20251129_0524_HARP14090_NOAA14293.npz,success,2026-06-28T07:52:28.242854+00:00
20251129_0700_HARP14090_NOAA14293,2025_HARP14090_20251129_0700_20251129_1324,2025-11-29 07:00:00,14090,14293,0,saved,"(512, 512, 6)",gs://suryabench-sharp-pipeline-bamidele/jsoc_2025_2026_production_v1/samples_npz/2025/20251129_0700_HARP14090_NOAA14293.npz,success,2026-06-28T08:00:23.882263+00:00
20251129_0836_HARP14090_NOAA14293,2025_HARP14090_20251129_0700_20251129_1324,2025-11-29 08:36:00,14090,14293,0,saved,"(512, 512, 6)",gs://suryabench-sharp-pipeline-bamidele/jsoc_2025_2026_production_v1/samples_npz/2025/20251129_0836_HARP14090_NOAA14293.npz,success,2026-06-28T08:00:29.920506+00:00
20251129_1012_HARP14090_NOAA14293,2025_HARP14090_20251129_0700_20251129_1324,2025-11-29 10:12:00,14090,14293,0,saved,"(512, 512, 6)",gs://suryabench-sharp-pipeline-bamidele/jsoc_2025_2026_production_v1/samples_npz/2025/20251129_1012_HARP14090_NOAA14293.npz,success,2026-06-28T08:00:35.984145+00:00
20251129_1148_HARP14090_NOAA14293,2025_HARP14090_20251129_0700_20251129_1324,2025-11-29 11:48:00,14090,14293,0,saved,"(512, 512, 6)",gs://suryabench-sharp-pipeline-bamidele/jsoc_2025_2026_production_v1/samples_npz/2025/20251129_1148_HARP14090_NOAA14293.npz,success,2026-06-28T08:00:41.983905+00:00
20251129_1324_HARP14090_NOAA14293,2025_HARP14090_20251129_0700_20251129_1324,2025-11-29 13:24:00,14090,14293,0,saved,"(512, 512, 6)",gs://suryabench-sharp-pipeline-bamidele/jsoc_2025_2026_production_v1/samples_npz/2025/20251129_1324_HARP14090_NOAA14293.npz,success,2026-06-28T08:00:48.214730+00:00
20251129_1636_HARP14090_NOAA14293,2025_HARP14090_20251129_1636_20251130_1500,2025-11-29 16:36:00,14090,14293,0,saved,"(512, 512, 6)",gs://suryabench-sharp-pipeline-bamidele/jsoc_2025_2026_production_v1/samples_npz/2025/20251129_1636_HARP14090_NOAA14293.npz,success,2026-06-28T08:11:26.571016+00:00
20251129_1812_HARP14090_NOAA14293,2025_HARP14090_20251129_1636_20251130_1500,2025-11-29 18:12:00,14090,14293,0,saved,"(512, 512, 6)",gs://suryabench-sharp-pipeline-bamidele/jsoc_2025_2026_production_v1/samples_npz/2025/20251129_1812_HARP14090_NOAA14293.npz,success,2026-06-28T08:11:32.726934+00:00
20251129_1948_HARP14090_NOAA14293,2025_HARP14090_20251129_1636_20251130_1500,2025-11-29 19:48:00,14090,14293,0,saved,"(512, 512, 6)",gs://suryabench-sharp-pipeline-bamidele/jsoc_2025_2026_production_v1/samples_npz/2025/20251129_1948_HARP14090_NOAA14293.npz,success,2026-06-28T08:11:38.735308+00:00
20251129_2124_HARP14090_NOAA14293,2025_HARP14090_20251129_1636_20251130_1500,2025-11-29 21:24:00,14090,14293,0,saved,"(512, 512, 6)",gs://suryabench-sharp-pipeline-bamidele/jsoc_2025_2026_production_v1/samples_npz/2025/20251129_2124_HARP14090_NOAA14293.npz,success,2026-06-28T08:11:44.929120+00:00
20251129_2300_HARP14090_NOAA14293,2025_HARP14090_20251129_1636_20251130_1500,2025-11-29 23:00:00,14090,14293,0,saved,"(512, 512, 6)",gs://suryabench-sharp-pipeline-bamidele/jsoc_2025_2026_production_v1/samples_npz/2025/20251129_2300_HARP14090_NOAA14293.npz,success,2026-06-28T08:11:51.280210+00:00
20251130_0036_HARP14090_NOAA14293,2025_HARP14090_20251129_1636_20251130_1500,2025-11-30 00:36:00,14090,14293,0,saved,"(512, 512, 6)",gs://suryabench-sharp-pipeline-bamidele/jsoc_2025_2026_production_v1/samples_npz/2025/20251130_0036_HARP14090_NOAA14293.npz,success,2026-06-28T08:11:57.601357+00:00
20251130_0212_HARP14090_NOAA14293,2025_HARP14090_20251129_1636_20251130_1500,2025-11-30 02:12:00,14090,14293,0,saved,"(512, 512, 6)",gs://suryabench-sharp-pipeline-bamidele/jsoc_2025_2026_production_v1/samples_npz/2025/20251130_0212_HARP14090_NOAA14293.npz,success,2026-06-28T08:12:04.000346+00:00
20251130_0348_HARP14090_NOAA14293,2025_HARP14090_20251129_1636_20251130_1500,2025-11-30 03:48:00,14090,14293,0,saved,"(512, 512, 6)",gs://suryabench-sharp-pipeline-bamidele/jsoc_2025_2026_production_v1/samples_npz/2025/20251130_0348_HARP14090_NOAA14293.npz,success,2026-06-28T08:12:10.365621+00:00
20251130_0524_HARP14090_NOAA14293,2025_HARP14090_20251129_1636_20251130_1500,2025-11-30 05:24:00,14090,14293,0,saved,"(512, 512, 6)",gs://suryabench-sharp-pipeline-bamidele/jsoc_2025_2026_production_v1/samples_npz/2025/20251130_0524_HARP14090_NOAA14293.npz,success,2026-06-28T08:12:16.794432+00:00
20251130_0700_HARP14090_NOAA14293,2025_HARP14090_20251129_1636_20251130_1500,2025-11-30 07:00:00,14090,14293,0,saved,"(512, 512, 6)",gs://suryabench-sharp-pipeline-bamidele/jsoc_2025_2026_production_v1/samples_npz/2025/20251130_0700_HARP14090_NOAA14293.npz,success,2026-06-28T08:12:23.001174+00:00
20251130_0836_HARP14090_NOAA14293,2025_HARP14090_20251129_1636_20251130_1500,2025-11-30 08:36:00,14090,14293,0,saved,"(512, 512, 6)",gs://suryabench-sharp-pipeline-bamidele/jsoc_2025_2026_production_v1/samples_npz/2025/20251130_0836_HARP14090_NOAA14293.npz,success,2026-06-28T08:12:29.126417+00:00
20251130_1012_HARP14090_NOAA14293,2025_HARP14090_20251129_1636_20251130_1500,2025-11-30 10:12:00,14090,14293,0,saved,"(512, 512, 6)",gs://suryabench-sharp-pipeline-bamidele/jsoc_2025_2026_production_v1/samples_npz/2025/20251130_1012_HARP14090_NOAA14293.npz,success,2026-06-28T08:12:35.250981+00:00
20251130_1148_HARP14090_NOAA14293,2025_HARP14090_20251129_1636_20251130_1500,2025-11-30 11:48:00,14090,14293,0,saved,"(512, 512, 6)",gs://suryabench-sharp-pipeline-bamidele/jsoc_2025_2026_production_v1/samples_npz/2025/20251130_1148_HARP14090_NOAA14293.npz,success,2026-06-28T08:12:41.526885+00:00
20251130_1324_HARP14090_NOAA14293,2025_HARP14090_20251129_1636_20251130_1500,2025-11-30 13:24:00,14090,14293,0,saved,"(512, 512, 6)",gs://suryabench-sharp-pipeline-bamidele/jsoc_2025_2026_production_v1/samples_npz/2025/20251130_1324_HARP14090_NOAA14293.npz,success,2026-06-28T08:12:47.767777+00:00
20251130_1500_HARP14090_NOAA14293,2025_HARP14090_20251129_1636_20251130_1500,2025-11-30 15:00:00,14090,14293,0,saved,"(512, 512, 6)",gs://suryabench-sharp-pipeline-bamidele/jsoc_2025_2026_production_v1/samples_npz/2025/20251130_1500_HARP14090_NOAA14293.npz,success,2026-06-28T08:12:53.857777+00:00
20251130_1936_HARP14108_NOAA14297,2025_HARP14108_20251130_1936_20251201_1624,2025-11-30 19:36:00,14108,14297,0,saved,"(512, 512, 6)",gs://suryabench-sharp-pipeline-bamidele/jsoc_2025_2026_production_v1/samples_npz/2025/20251130_1936_HARP14108_NOAA14297.npz,success,2026-06-28T08:23:51.222137+00:00
20251130_2112_HARP14108_NOAA14297,2025_HARP14108_20251130_1936_20251201_1624,2025-11-30 21:12:00,14108,14297,0,saved,"(512, 512, 6)",gs://suryabench-sharp-pipeline-bamidele/jsoc_2025_2026_production_v1/samples_npz/2025/20251130_2112_HARP14108_NOAA14297.npz,success,2026-06-28T08:23:57.815944+00:00
20251130_2248_HARP14108_NOAA14297,2025_HARP14108_20251130_1936_20251201_1624,2025-11-30 22:48:00,14108,14297,0,saved,"(512, 512, 6)",gs://suryabench-sharp-pipeline-bamidele/jsoc_2025_2026_production_v1/samples_npz/2025/20251130_2248_HARP14108_NOAA14297.npz,success,2026-06-28T08:24:04.256750+00:00
20251201_0024_HARP14108_NOAA14297,2025_HARP14108_20251130_1936_20251201_1624,2025-12-01 00:24:00,14108,14297,0,saved,"(512, 512, 6)",gs://suryabench-sharp-pipeline-bamidele/jsoc_2025_2026_production_v1/samples_npz/2025/20251201_0024_HARP14108_NOAA14297.npz,success,2026-06-28T08:24:10.660705+00:00
20251201_0200_HARP14108_NOAA14297,2025_HARP14108_20251130_1936_20251201_1624,2025-12-01 02:00:00,14108,14297,0,saved,"(512, 512, 6)",gs://suryabench-sharp-pipeline-bamidele/jsoc_2025_2026_production_v1/samples_npz/2025/20251201_0200_HARP14108_NOAA14297.npz,success,2026-06-28T08:24:17.230382+00:00
20251201_0336_HARP14108_NOAA14297,2025_HARP14108_20251130_1936_20251201_1624,2025-12-01 03:36:00,14108,14297,0,saved,"(512, 512, 6)",gs://suryabench-sharp-pipeline-bamidele/jsoc_2025_2026_production_v1/samples_npz/2025/20251201_0336_HARP14108_NOAA14297.npz,success,2026-06-28T08:24:24.058902+00:00
20251201_0512_HARP14108_NOAA14297,2025_HARP14108_20251130_1936_20251201_1624,2025-12-01 05:12:00,14108,14297,0,saved,"(512, 512, 6)",gs://suryabench-sharp-pipeline-bamidele/jsoc_2025_2026_production_v1/samples_npz/2025/20251201_0512_HARP14108_NOAA14297.npz,success,2026-06-28T08:24:30.697815+00:00
20251201_0648_HARP14108_NOAA14297,2025_HARP14108_20251130_1936_20251201_1624,2025-12-01 06:48:00,14108,14297,0,saved,"(512, 512, 6)",gs://suryabench-sharp-pipeline-bamidele/jsoc_2025_2026_production_v1/samples_npz/2025/20251201_0648_HARP14108_NOAA14297.npz,success,2026-06-28T08:24:37.106153+00:00
20251201_0824_HARP14108_NOAA14297,2025_HARP14108_20251130_1936_20251201_1624,2025-12-01 08:24:00,14108,14297,0,saved,"(512, 512, 6)",gs://suryabench-sharp-pipeline-bamidele/jsoc_2025_2026_production_v1/samples_npz/2025/20251201_0824_HARP14108_NOAA14297.npz,success,2026-06-28T08:24:43.611857+00:00
20251201_1000_HARP14108_NOAA14297,2025_HARP14108_20251130_1936_20251201_1624,2025-12-01 10:00:00,14108,14297,0,saved,"(512, 512, 6)",gs://suryabench-sharp-pipeline-bamidele/jsoc_2025_2026_production_v1/samples_npz/2025/20251201_1000_HARP14108_NOAA14297.npz,success,2026-06-28T08:24:49.961682+00:00
20251201_1136_HARP14108_NOAA14297,2025_HARP14108_20251130_1936_20251201_1624,2025-12-01 11:36:00,14108,14297,0,saved,"(512, 512, 6)",gs://suryabench-sharp-pipeline-bamidele/jsoc_2025_2026_production_v1/samples_npz/2025/20251201_1136_HARP14108_NOAA14297.npz,success,2026-06-28T08:24:56.354783+00:00
20251201_1312_HARP14108_NOAA14297,2025_HARP14108_20251130_1936_20251201_1624,2025-12-01 13:12:00,14108,14297,0,saved,"(512, 512, 6)",gs://suryabench-sharp-pipeline-bamidele/jsoc_2025_2026_production_v1/samples_npz/2025/20251201_1312_HARP14108_NOAA14297.npz,success,2026-06-28T08:25:02.629232+00:00
20251201_1448_HARP14108_NOAA14297,2025_HARP14108_20251130_1936_20251201_1624,2025-12-01 14:48:00,14108,14297,0,saved,"(512, 512, 6)",gs://suryabench-sharp-pipeline-bamidele/jsoc_2025_2026_production_v1/samples_npz/2025/20251201_1448_HARP14108_NOAA14297.npz,success,2026-06-28T08:25:09.006725+00:00
20251201_1624_HARP14108_NOAA14297,2025_HARP14108_20251130_1936_20251201_1624,2025-12-01 16:24:00,14108,14297,0,saved,"(512, 512, 6)",gs://suryabench-sharp-pipeline-bamidele/jsoc_2025_2026_production_v1/samples_npz/2025/20251201_1624_HARP14108_NOAA14297.npz,success,2026-06-28T08:25:15.363049+00:00
20251203_1148_HARP14111_NOAA14294,2025_HARP14111_20251203_1148_20251203_1536,2025-12-03 11:48:00,14111,14294,0,saved,"(512, 512, 6)",gs://suryabench-sharp-pipeline-bamidele/jsoc_2025_2026_production_v1/samples_npz/2025/20251203_1148_HARP14111_NOAA14294.npz,success,2026-06-28T08:41:16.309172+00:00
20251203_1324_HARP14111_NOAA14294,2025_HARP14111_20251203_1148_20251203_1536,2025-12-03 13:24:00,14111,14294,0,saved,"(512, 512, 6)",gs://suryabench-sharp-pipeline-bamidele/jsoc_2025_2026_production_v1/samples_npz/2025/20251203_1324_HARP14111_NOAA14294.npz,success,2026-06-28T08:41:23.066404+00:00
20251203_1536_HARP14111_NOAA14294,2025_HARP14111_20251203_1148_20251203_1536,2025-12-03 15:36:00,14111,14294,0,saved,"(512, 512, 6)",gs://suryabench-sharp-pipeline-bamidele/jsoc_2025_2026_production_v1/samples_npz/2025/20251203_1536_HARP14111_NOAA14294.npz,success,2026-06-28T08:41:29.830923+00:00
20251204_1236_HARP14117_NOAA14299,2025_HARP14117_20251204_1236_20251205_1100,2025-12-04 12:36:00,14117,14299,0,saved,"(512, 512, 6)",gs://suryabench-sharp-pipeline-bamidele/jsoc_2025_2026_production_v1/samples_npz/2025/20251204_1236_HARP14117_NOAA14299.npz,success,2026-06-28T08:52:55.785770+00:00
20251204_1412_HARP14117_NOAA14299,2025_HARP14117_20251204_1236_20251205_1100,2025-12-04 14:12:00,14117,14299,0,saved,"(512, 512, 6)",gs://suryabench-sharp-pipeline-bamidele/jsoc_2025_2026_production_v1/samples_npz/2025/20251204_1412_HARP14117_NOAA14299.npz,success,2026-06-28T08:53:02.130281+00:00
20251204_1548_HARP14117_NOAA14299,2025_HARP14117_20251204_1236_20251205_1100,2025-12-04 15:48:00,14117,14299,0,saved,"(512, 512, 6)",gs://suryabench-sharp-pipeline-bamidele/jsoc_2025_2026_production_v1/samples_npz/2025/20251204_1548_HARP14117_NOAA14299.npz,success,2026-06-28T08:53:08.575399+00:00
20251204_1724_HARP14117_NOAA14299,2025_HARP14117_20251204_1236_20251205_1100,2025-12-04 17:24:00,14117,14299,0,saved,"(512, 512, 6)",gs://suryabench-sharp-pipeline-bamidele/jsoc_2025_2026_production_v1/samples_npz/2025/20251204_1724_HARP14117_NOAA14299.npz,success,2026-06-28T08:53:15.109324+00:00
20251204_1900_HARP14117_NOAA14299,2025_HARP14117_20251204_1236_20251205_1100,2025-12-04 19:00:00,14117,14299,1,saved,"(512, 512, 6)",gs://suryabench-sharp-pipeline-bamidele/jsoc_2025_2026_production_v1/samples_npz/2025/20251204_1900_HARP14117_NOAA14299.npz,success,2026-06-28T08:53:21.697448+00:00
20251204_2036_HARP14117_NOAA14299,2025_HARP14117_20251204_1236_20251205_1100,2025-12-04 20:36:00,14117,14299,1,saved,"(512, 512, 6)",gs://suryabench-sharp-pipeline-bamidele/jsoc_2025_2026_production_v1/samples_npz/2025/20251204_2036_HARP14117_NOAA14299.npz,success,2026-06-28T08:53:28.677875+00:00
20251204_2212_HARP14117_NOAA14299,2025_HARP14117_20251204_1236_20251205_1100,2025-12-04 22:12:00,14117,14299,1,saved,"(512, 512, 6)",gs://suryabench-sharp-pipeline-bamidele/jsoc_2025_2026_production_v1/samples_npz/2025/20251204_2212_HARP14117_NOAA14299.npz,success,2026-06-28T08:53:35.233770+00:00
20251204_2348_HARP14117_NOAA14299,2025_HARP14117_20251204_1236_20251205_1100,2025-12-04 23:48:00,14117,14299,1,saved,"(512, 512, 6)",gs://suryabench-sharp-pipeline-bamidele/jsoc_2025_2026_production_v1/samples_npz/2025/20251204_2348_HARP14117_NOAA14299.npz,success,2026-06-28T08:53:42.556070+00:00
20251205_0124_HARP14117_NOAA14299,2025_HARP14117_20251204_1236_20251205_1100,2025-12-05 01:24:00,14117,14299,1,saved,"(512, 512, 6)",gs://suryabench-sharp-pipeline-bamidele/jsoc_2025_2026_production_v1/samples_npz/2025/20251205_0124_HARP14117_NOAA14299.npz,success,2026-06-28T08:53:49.871619+00:00
20251205_0300_HARP14117_NOAA14299,2025_HARP14117_20251204_1236_20251205_1100,2025-12-05 03:00:00,14117,14299,1,saved,"(512, 512, 6)",gs://suryabench-sharp-pipeline-bamidele/jsoc_2025_2026_production_v1/samples_npz/2025/20251205_0300_HARP14117_NOAA14299.npz,success,2026-06-28T08:53:56.854768+00:00
20251205_0436_HARP14117_NOAA14299,2025_HARP14117_20251204_1236_20251205_1100,2025-12-05 04:36:00,14117,14299,1,saved,"(512, 512, 6)",gs://suryabench-sharp-pipeline-bamidele/jsoc_2025_2026_production_v1/samples_npz/2025/20251205_0436_HARP14117_NOAA14299.npz,success,2026-06-28T08:54:04.529150+00:00
20251205_0612_HARP14117_NOAA14299,2025_HARP14117_20251204_1236_20251205_1100,2025-12-05 06:12:00,14117,14299,1,saved,"(512, 512, 6)",gs://suryabench-sharp-pipeline-bamidele/jsoc_2025_2026_production_v1/samples_npz/2025/20251205_0612_HARP14117_NOAA14299.npz,success,2026-06-28T08:54:11.371436+00:00
20251205_0748_HARP14117_NOAA14299,2025_HARP14117_20251204_1236_20251205_1100,2025-12-05 07:48:00,14117,14299,1,saved,"(512, 512, 6)",gs://suryabench-sharp-pipeline-bamidele/jsoc_2025_2026_production_v1/samples_npz/2025/20251205_0748_HARP14117_NOAA14299.npz,success,2026-06-28T08:54:17.983570+00:00
20251205_0924_HARP14117_NOAA14299,2025_HARP14117_20251204_1236_20251205_1100,2025-12-05 09:24:00,14117,14299,1,saved,"(512, 512, 6)",gs://suryabench-sharp-pipeline-bamidele/jsoc_2025_2026_production_v1/samples_npz/2025/20251205_0924_HARP14117_NOAA14299.npz,success,2026-06-28T08:54:24.722183+00:00
20251205_1100_HARP14117_NOAA14299,2025_HARP14117_20251204_1236_20251205_1100,2025-12-05 11:00:00,14117,14299,1,saved,"(512, 512, 6)",gs://suryabench-sharp-pipeline-bamidele/jsoc_2025_2026_production_v1/samples_npz/2025/20251205_1100_HARP14117_NOAA14299.npz,success,2026-06-28T08:54:31.221850+00:00
20251205_1612_HARP14124_NOAA14300,2025_HARP14124_20251205_1612_20251206_1436,2025-12-05 16:12:00,14124,14300,0,saved,"(512, 512, 6)",gs://suryabench-sharp-pipeline-bamidele/jsoc_2025_2026_production_v1/samples_npz/2025/20251205_1612_HARP14124_NOAA14300.npz,success,2026-06-28T09:07:38.896291+00:00
20251205_1748_HARP14124_NOAA14300,2025_HARP14124_20251205_1612_20251206_1436,2025-12-05 17:48:00,14124,14300,0,saved,"(512, 512, 6)",gs://suryabench-sharp-pipeline-bamidele/jsoc_2025_2026_production_v1/samples_npz/2025/20251205_1748_HARP14124_NOAA14300.npz,success,2026-06-28T09:07:44.995343+00:00
20251205_1924_HARP14124_NOAA14300,2025_HARP14124_20251205_1612_20251206_1436,2025-12-05 19:24:00,14124,14300,0,saved,"(512, 512, 6)",gs://suryabench-sharp-pipeline-bamidele/jsoc_2025_2026_production_v1/samples_npz/2025/20251205_1924_HARP14124_NOAA14300.npz,success,2026-06-28T09:07:51.095378+00:00
20251205_2100_HARP14124_NOAA14300,2025_HARP14124_20251205_1612_20251206_1436,2025-12-05 21:00:00,14124,14300,0,saved,"(512, 512, 6)",gs://suryabench-sharp-pipeline-bamidele/jsoc_2025_2026_production_v1/samples_npz/2025/20251205_2100_HARP14124_NOAA14300.npz,success,2026-06-28T09:07:57.120748+00:00
20251205_2236_HARP14124_NOAA14300,2025_HARP14124_20251205_1612_20251206_1436,2025-12-05 22:36:00,14124,14300,0,saved,"(512, 512, 6)",gs://suryabench-sharp-pipeline-bamidele/jsoc_2025_2026_production_v1/samples_npz/2025/20251205_2236_HARP14124_NOAA14300.npz,success,2026-06-28T09:08:03.160134+00:00
20251206_0012_HARP14124_NOAA14300,2025_HARP14124_20251205_1612_20251206_1436,2025-12-06 00:12:00,14124,14300,0,saved,"(512, 512, 6)",gs://suryabench-sharp-pipeline-bamidele/jsoc_2025_2026_production_v1/samples_npz/2025/20251206_0012_HARP14124_NOAA14300.npz,success,2026-06-28T09:08:09.245194+00:00
20251206_0148_HARP14124_NOAA14300,2025_HARP14124_20251205_1612_20251206_1436,2025-12-06 01:48:00,14124,14300,0,saved,"(512, 512, 6)",gs://suryabench-sharp-pipeline-bamidele/jsoc_2025_2026_production_v1/samples_npz/2025/20251206_0148_HARP14124_NOAA14300.npz,success,2026-06-28T09:08:16.877967+00:00
20251206_0324_HARP14124_NOAA14300,2025_HARP14124_20251205_1612_20251206_1436,2025-12-06 03:24:00,14124,14300,0,saved,"(512, 512, 6)",gs://suryabench-sharp-pipeline-bamidele/jsoc_2025_2026_production_v1/samples_npz/2025/20251206_0324_HARP14124_NOAA14300.npz,success,2026-06-28T09:08:23.106326+00:00
20251206_0500_HARP14124_NOAA14300,2025_HARP14124_20251205_1612_20251206_1436,2025-12-06 05:00:00,14124,14300,0,saved,"(512, 512, 6)",gs://suryabench-sharp-pipeline-bamidele/jsoc_2025_2026_production_v1/samples_npz/2025/20251206_0500_HARP14124_NOAA14300.npz,success,2026-06-28T09:08:29.202346+00:00
20251206_0636_HARP14124_NOAA14300,2025_HARP14124_20251205_1612_20251206_1436,2025-12-06 06:36:00,14124,14300,0,saved,"(512, 512, 6)",gs://suryabench-sharp-pipeline-bamidele/jsoc_2025_2026_production_v1/samples_npz/2025/20251206_0636_HARP14124_NOAA14300.npz,success,2026-06-28T09:08:35.312600+00:00
20251206_0812_HARP14124_NOAA14300,2025_HARP14124_20251205_1612_20251206_1436,2025-12-06 08:12:00,14124,14300,0,saved,"(512, 512, 6)",gs://suryabench-sharp-pipeline-bamidele/jsoc_2025_2026_production_v1/samples_npz/2025/20251206_0812_HARP14124_NOAA14300.npz,success,2026-06-28T09:08:41.361445+00:00
20251206_0948_HARP14124_NOAA14300,2025_HARP14124_20251205_1612_20251206_1436,2025-12-06 09:48:00,14124,14300,0,saved,"(512, 512, 6)",gs://suryabench-sharp-pipeline-bamidele/jsoc_2025_2026_production_v1/samples_npz/2025/20251206_0948_HARP14124_NOAA14300.npz,success,2026-06-28T09:08:47.494382+00:00
20251206_1124_HARP14124_NOAA14300,2025_HARP14124_20251205_1612_20251206_1436,2025-12-06 11:24:00,14124,14300,0,saved,"(512, 512, 6)",gs://suryabench-sharp-pipeline-bamidele/jsoc_2025_2026_production_v1/samples_npz/2025/20251206_1124_HARP14124_NOAA14300.npz,success,2026-06-28T09:08:53.590972+00:00
20251206_1300_HARP14124_NOAA14300,2025_HARP14124_20251205_1612_20251206_1436,2025-12-06 13:00:00,14124,14300,0,saved,"(512, 512, 6)",gs://suryabench-sharp-pipeline-bamidele/jsoc_2025_2026_production_v1/samples_npz/2025/20251206_1300_HARP14124_NOAA14300.npz,success,2026-06-28T09:08:59.692302+00:00
20251206_1436_HARP14124_NOAA14300,2025_HARP14124_20251205_1612_20251206_1436,2025-12-06 14:36:00,14124,14300,0,saved,"(512, 512, 6)",gs://suryabench-sharp-pipeline-bamidele/jsoc_2025_2026_production_v1/samples_npz/2025/20251206_1436_HARP14124_NOAA14300.npz,success,2026-06-28T09:09:05.785004+00:00
20251206_1612_HARP14124_NOAA14300,2025_HARP14124_20251206_1612_20251207_1436,2025-12-06 16:12:00,14124,14300,0,saved,"(512, 512, 6)",gs://suryabench-sharp-pipeline-bamidele/jsoc_2025_2026_production_v1/samples_npz/2025/20251206_1612_HARP14124_NOAA14300.npz,success,2026-06-28T09:20:57.230049+00:00
20251206_1748_HARP14124_NOAA14300,2025_HARP14124_20251206_1612_20251207_1436,2025-12-06 17:48:00,14124,14300,0,saved,"(512, 512, 6)",gs://suryabench-sharp-pipeline-bamidele/jsoc_2025_2026_production_v1/samples_npz/2025/20251206_1748_HARP14124_NOAA14300.npz,success,2026-06-28T09:21:03.262412+00:00
20251206_1924_HARP14124_NOAA14300,2025_HARP14124_20251206_1612_20251207_1436,2025-12-06 19:24:00,14124,14300,0,saved,"(512, 512, 6)",gs://suryabench-sharp-pipeline-bamidele/jsoc_2025_2026_production_v1/samples_npz/2025/20251206_1924_HARP14124_NOAA14300.npz,success,2026-06-28T09:21:09.291256+00:00
20251206_2100_HARP14124_NOAA14300,2025_HARP14124_20251206_1612_20251207_1436,2025-12-06 21:00:00,14124,14300,0,saved,"(512, 512, 6)",gs://suryabench-sharp-pipeline-bamidele/jsoc_2025_2026_production_v1/samples_npz/2025/20251206_2100_HARP14124_NOAA14300.npz,success,2026-06-28T09:21:15.302154+00:00
20251206_2236_HARP14124_NOAA14300,2025_HARP14124_20251206_1612_20251207_1436,2025-12-06 22:36:00,14124,14300,0,saved,"(512, 512, 6)",gs://suryabench-sharp-pipeline-bamidele/jsoc_2025_2026_production_v1/samples_npz/2025/20251206_2236_HARP14124_NOAA14300.npz,success,2026-06-28T09:21:21.326354+00:00
20251207_0012_HARP14124_NOAA14300,2025_HARP14124_20251206_1612_20251207_1436,2025-12-07 00:12:00,14124,14300,0,saved,"(512, 512, 6)",gs://suryabench-sharp-pipeline-bamidele/jsoc_2025_2026_production_v1/samples_npz/2025/20251207_0012_HARP14124_NOAA14300.npz,success,2026-06-28T09:21:27.359365+00:00
20251207_0148_HARP14124_NOAA14300,2025_HARP14124_20251206_1612_20251207_1436,2025-12-07 01:48:00,14124,14300,0,saved,"(512, 512, 6)",gs://suryabench-sharp-pipeline-bamidele/jsoc_2025_2026_production_v1/samples_npz/2025/20251207_0148_HARP14124_NOAA14300.npz,success,2026-06-28T09:21:33.363285+00:00
20251207_0324_HARP14124_NOAA14300,2025_HARP14124_20251206_1612_20251207_1436,2025-12-07 03:24:00,14124,14300,0,saved,"(512, 512, 6)",gs://suryabench-sharp-pipeline-bamidele/jsoc_2025_2026_production_v1/samples_npz/2025/20251207_0324_HARP14124_NOAA14300.npz,success,2026-06-28T09:21:39.367338+00:00
20251207_0500_HARP14124_NOAA14300,2025_HARP14124_20251206_1612_20251207_1436,2025-12-07 05:00:00,14124,14300,0,saved,"(512, 512, 6)",gs://suryabench-sharp-pipeline-bamidele/jsoc_2025_2026_production_v1/samples_npz/2025/20251207_0500_HARP14124_NOAA14300.npz,success,2026-06-28T09:21:45.440900+00:00
20251207_0636_HARP14124_NOAA14300,2025_HARP14124_20251206_1612_20251207_1436,2025-12-07 06:36:00,14124,14300,0,saved,"(512, 512, 6)",gs://suryabench-sharp-pipeline-bamidele/jsoc_2025_2026_production_v1/samples_npz/2025/20251207_0636_HARP14124_NOAA14300.npz,success,2026-06-28T09:21:51.598404+00:00
20251207_0812_HARP14124_NOAA14300,2025_HARP14124_20251206_1612_20251207_1436,2025-12-07 08:12:00,14124,14300,0,saved,"(512, 512, 6)",gs://suryabench-sharp-pipeline-bamidele/jsoc_2025_2026_production_v1/samples_npz/2025/20251207_0812_HARP14124_NOAA14300.npz,success,2026-06-28T09:21:57.655992+00:00
20251207_0948_HARP14124_NOAA14300,2025_HARP14124_20251206_1612_20251207_1436,2025-12-07 09:48:00,14124,14300,0,saved,"(512, 512, 6)",gs://suryabench-sharp-pipeline-bamidele/jsoc_2025_2026_production_v1/samples_npz/2025/20251207_0948_HARP14124_NOAA14300.npz,success,2026-06-28T09:22:03.611591+00:00
20251207_1124_HARP14124_NOAA14300,2025_HARP14124_20251206_1612_20251207_1436,2025-12-07 11:24:00,14124,14300,0,saved,"(512, 512, 6)",gs://suryabench-sharp-pipeline-bamidele/jsoc_2025_2026_production_v1/samples_npz/2025/20251207_1124_HARP14124_NOAA14300.npz,success,2026-06-28T09:22:09.711561+00:00
20251207_1300_HARP14124_NOAA14300,2025_HARP14124_20251206_1612_20251207_1436,2025-12-07 13:00:00,14124,14300,0,saved,"(512, 512, 6)",gs://suryabench-sharp-pipeline-bamidele/jsoc_2025_2026_production_v1/samples_npz/2025/20251207_1300_HARP14124_NOAA14300.npz,success,2026-06-28T09:22:15.774617+00:00
20251207_1436_HARP14124_NOAA14300,2025_HARP14124_20251206_1612_20251207_1436,2025-12-07 14:36:00,14124,14300,0,saved,"(512, 512, 6)",gs://suryabench-sharp-pipeline-bamidele/jsoc_2025_2026_production_v1/samples_npz/2025/20251207_1436_HARP14124_NOAA14300.npz,success,2026-06-28T09:22:21.913823+00:00
20251207_1236_HARP14117_NOAA14299,2025_HARP14117_20251207_1236_20251207_2036,2025-12-07 12:36:00,14117,14299,1,saved,"(512, 512, 6)",gs://suryabench-sharp-pipeline-bamidele/jsoc_2025_2026_production_v1/samples_npz/2025/20251207_1236_HARP14117_NOAA14299.npz,success,2026-06-28T09:32:51.642349+00:00
20251207_1412_HARP14117_NOAA14299,2025_HARP14117_20251207_1236_20251207_2036,2025-12-07 14:12:00,14117,14299,1,saved,"(512, 512, 6)",gs://suryabench-sharp-pipeline-bamidele/jsoc_2025_2026_production_v1/samples_npz/2025/20251207_1412_HARP14117_NOAA14299.npz,success,2026-06-28T09:32:58.404309+00:00
20251207_1548_HARP14117_NOAA14299,2025_HARP14117_20251207_1236_20251207_2036,2025-12-07 15:48:00,14117,14299,1,saved,"(512, 512, 6)",gs://suryabench-sharp-pipeline-bamidele/jsoc_2025_2026_production_v1/samples_npz/2025/20251207_1548_HARP14117_NOAA14299.npz,success,2026-06-28T09:33:05.051117+00:00
20251207_1724_HARP14117_NOAA14299,2025_HARP14117_20251207_1236_20251207_2036,2025-12-07 17:24:00,14117,14299,1,saved,"(512, 512, 6)",gs://suryabench-sharp-pipeline-bamidele/jsoc_2025_2026_production_v1/samples_npz/2025/20251207_1724_HARP14117_NOAA14299.npz,success,2026-06-28T09:33:11.688145+00:00
20251207_1900_HARP14117_NOAA14299,2025_HARP14117_20251207_1236_20251207_2036,2025-12-07 19:00:00,14117,14299,1,saved,"(512, 512, 6)",gs://suryabench-sharp-pipeline-bamidele/jsoc_2025_2026_production_v1/samples_npz/2025/20251207_1900_HARP14117_NOAA14299.npz,success,2026-06-28T09:33:18.283686+00:00
20251207_2036_HARP14117_NOAA14299,2025_HARP14117_20251207_1236_20251207_2036,2025-12-07 20:36:00,14117,14299,1,saved,"(512, 512, 6)",gs://suryabench-sharp-pipeline-bamidele/jsoc_2025_2026_production_v1/samples_npz/2025/20251207_2036_HARP14117_NOAA14299.npz,success,2026-06-28T09:33:24.911807+00:00
20251208_1012_HARP14138_NOAA14306,2025_HARP14138_20251208_1012_20251209_0836,2025-12-08 10:12:00,14138,14306,0,saved,"(512, 512, 6)",gs://suryabench-sharp-pipeline-bamidele/jsoc_2025_2026_production_v1/samples_npz/2025/20251208_1012_HARP14138_NOAA14306.npz,success,2026-06-28T09:44:49.239110+00:00
20251208_1148_HARP14138_NOAA14306,2025_HARP14138_20251208_1012_20251209_0836,2025-12-08 11:48:00,14138,14306,0,saved,"(512, 512, 6)",gs://suryabench-sharp-pipeline-bamidele/jsoc_2025_2026_production_v1/samples_npz/2025/20251208_1148_HARP14138_NOAA14306.npz,success,2026-06-28T09:44:55.685404+00:00
20251208_1324_HARP14138_NOAA14306,2025_HARP14138_20251208_1012_20251209_0836,2025-12-08 13:24:00,14138,14306,0,saved,"(512, 512, 6)",gs://suryabench-sharp-pipeline-bamidele/jsoc_2025_2026_production_v1/samples_npz/2025/20251208_1324_HARP14138_NOAA14306.npz,success,2026-06-28T09:45:02.744054+00:00
20251208_1500_HARP14138_NOAA14306,2025_HARP14138_20251208_1012_20251209_0836,2025-12-08 15:00:00,14138,14306,0,saved,"(512, 512, 6)",gs://suryabench-sharp-pipeline-bamidele/jsoc_2025_2026_production_v1/samples_npz/2025/20251208_1500_HARP14138_NOAA14306.npz,success,2026-06-28T09:45:09.324432+00:00
20251208_1636_HARP14138_NOAA14306,2025_HARP14138_20251208_1012_20251209_0836,2025-12-08 16:36:00,14138,14306,0,saved,"(512, 512, 6)",gs://suryabench-sharp-pipeline-bamidele/jsoc_2025_2026_production_v1/samples_npz/2025/20251208_1636_HARP14138_NOAA14306.npz,success,2026-06-28T09:45:15.691455+00:00
20251208_1812_HARP14138_NOAA14306,2025_HARP14138_20251208_1012_20251209_0836,2025-12-08 18:12:00,14138,14306,0,saved,"(512, 512, 6)",gs://suryabench-sharp-pipeline-bamidele/jsoc_2025_2026_production_v1/samples_npz/2025/20251208_1812_HARP14138_NOAA14306.npz,success,2026-06-28T09:45:22.052645+00:00
20251208_1948_HARP14138_NOAA14306,2025_HARP14138_20251208_1012_20251209_0836,2025-12-08 19:48:00,14138,14306,0,saved,"(512, 512, 6)",gs://suryabench-sharp-pipeline-bamidele/jsoc_2025_2026_production_v1/samples_npz/2025/20251208_1948_HARP14138_NOAA14306.npz,success,2026-06-28T09:45:28.520317+00:00
20251208_2124_HARP14138_NOAA14306,2025_HARP14138_20251208_1012_20251209_0836,2025-12-08 21:24:00,14138,14306,0,saved,"(512, 512, 6)",gs://suryabench-sharp-pipeline-bamidele/jsoc_2025_2026_production_v1/samples_npz/2025/20251208_2124_HARP14138_NOAA14306.npz,success,2026-06-28T09:45:35.409238+00:00
20251208_2300_HARP14138_NOAA14306,2025_HARP14138_20251208_1012_20251209_0836,2025-12-08 23:00:00,14138,14306,0,saved,"(512, 512, 6)",gs://suryabench-sharp-pipeline-bamidele/jsoc_2025_2026_production_v1/samples_npz/2025/20251208_2300_HARP14138_NOAA14306.npz,success,2026-06-28T09:45:41.912489+00:00
20251209_0036_HARP14138_NOAA14306,2025_HARP14138_20251208_1012_20251209_0836,2025-12-09 00:36:00,14138,14306,0,saved,"(512, 512, 6)",gs://suryabench-sharp-pipeline-bamidele/jsoc_2025_2026_production_v1/samples_npz/2025/20251209_0036_HARP14138_NOAA14306.npz,success,2026-06-28T09:45:48.475928+00:00
20251209_0212_HARP14138_NOAA14306,2025_HARP14138_20251208_1012_20251209_0836,2025-12-09 02:12:00,14138,14306,0,saved,"(512, 512, 6)",gs://suryabench-sharp-pipeline-bamidele/jsoc_2025_2026_production_v1/samples_npz/2025/20251209_0212_HARP14138_NOAA14306.npz,success,2026-06-28T09:45:55.149883+00:00
20251209_0348_HARP14138_NOAA14306,2025_HARP14138_20251208_1012_20251209_0836,2025-12-09 03:48:00,14138,14306,0,saved,"(512, 512, 6)",gs://suryabench-sharp-pipeline-bamidele/jsoc_2025_2026_production_v1/samples_npz/2025/20251209_0348_HARP14138_NOAA14306.npz,success,2026-06-28T09:46:01.685469+00:00
20251209_0524_HARP14138_NOAA14306,2025_HARP14138_20251208_1012_20251209_0836,2025-12-09 05:24:00,14138,14306,0,saved,"(512, 512, 6)",gs://suryabench-sharp-pipeline-bamidele/jsoc_2025_2026_production_v1/samples_npz/2025/20251209_0524_HARP14138_NOAA14306.npz,success,2026-06-28T09:46:08.217477+00:00
20251209_0700_HARP14138_NOAA14306,2025_HARP14138_20251208_1012_20251209_0836,2025-12-09 07:00:00,14138,14306,0,saved,"(512, 512, 6)",gs://suryabench-sharp-pipeline-bamidele/jsoc_2025_2026_production_v1/samples_npz/2025/20251209_0700_HARP14138_NOAA14306.npz,success,2026-06-28T09:46:14.604753+00:00
20251209_0836_HARP14138_NOAA14306,2025_HARP14138_20251208_1012_20251209_0836,2025-12-09 08:36:00,14138,14306,0,saved,"(512, 512, 6)",gs://suryabench-sharp-pipeline-bamidele/jsoc_2025_2026_production_v1/samples_npz/2025/20251209_0836_HARP14138_NOAA14306.npz,success,2026-06-28T09:46:20.946070+00:00
20251209_1536_HARP14143_NOAA14303,2025_HARP14143_20251209_1536_20251210_0424,2025-12-09 15:36:00,14143,14303,0,saved,"(512, 512, 6)",gs://suryabench-sharp-pipeline-bamidele/jsoc_2025_2026_production_v1/samples_npz/2025/20251209_1536_HARP14143_NOAA14303.npz,success,2026-06-28T09:56:29.836651+00:00
20251209_1712_HARP14143_NOAA14303,2025_HARP14143_20251209_1536_20251210_0424,2025-12-09 17:12:00,14143,14303,0,saved,"(512, 512, 6)",gs://suryabench-sharp-pipeline-bamidele/jsoc_2025_2026_production_v1/samples_npz/2025/20251209_1712_HARP14143_NOAA14303.npz,success,2026-06-28T09:56:36.416857+00:00
20251209_1848_HARP14143_NOAA14303,2025_HARP14143_20251209_1536_20251210_0424,2025-12-09 18:48:00,14143,14303,0,saved,"(512, 512, 6)",gs://suryabench-sharp-pipeline-bamidele/jsoc_2025_2026_production_v1/samples_npz/2025/20251209_1848_HARP14143_NOAA14303.npz,success,2026-06-28T09:56:43.047483+00:00
20251209_2024_HARP14143_NOAA14303,2025_HARP14143_20251209_1536_20251210_0424,2025-12-09 20:24:00,14143,14303,0,saved,"(512, 512, 6)",gs://suryabench-sharp-pipeline-bamidele/jsoc_2025_2026_production_v1/samples_npz/2025/20251209_2024_HARP14143_NOAA14303.npz,success,2026-06-28T09:56:49.603212+00:00
20251209_2200_HARP14143_NOAA14303,2025_HARP14143_20251209_1536_20251210_0424,2025-12-09 22:00:00,14143,14303,0,saved,"(512, 512, 6)",gs://suryabench-sharp-pipeline-bamidele/jsoc_2025_2026_production_v1/samples_npz/2025/20251209_2200_HARP14143_NOAA14303.npz,success,2026-06-28T09:56:56.056336+00:00
20251209_2336_HARP14143_NOAA14303,2025_HARP14143_20251209_1536_20251210_0424,2025-12-09 23:36:00,14143,14303,0,saved,"(512, 512, 6)",gs://suryabench-sharp-pipeline-bamidele/jsoc_2025_2026_production_v1/samples_npz/2025/20251209_2336_HARP14143_NOAA14303.npz,success,2026-06-28T09:57:02.398966+00:00
20251210_0112_HARP14143_NOAA14303,2025_HARP14143_20251209_1536_20251210_0424,2025-12-10 01:12:00,14143,14303,0,saved,"(512, 512, 6)",gs://suryabench-sharp-pipeline-bamidele/jsoc_2025_2026_production_v1/samples_npz/2025/20251210_0112_HARP14143_NOAA14303.npz,success,2026-06-28T09:57:08.780433+00:00
20251210_0248_HARP14143_NOAA14303,2025_HARP14143_20251209_1536_20251210_0424,2025-12-10 02:48:00,14143,14303,0,saved,"(512, 512, 6)",gs://suryabench-sharp-pipeline-bamidele/jsoc_2025_2026_production_v1/samples_npz/2025/20251210_0248_HARP14143_NOAA14303.npz,success,2026-06-28T09:57:16.322297+00:00
20251210_0424_HARP14143_NOAA14303,2025_HARP14143_20251209_1536_20251210_0424,2025-12-10 04:24:00,14143,14303,0,saved,"(512, 512, 6)",gs://suryabench-sharp-pipeline-bamidele/jsoc_2025_2026_production_v1/samples_npz/2025/20251210_0424_HARP14143_NOAA14303.npz,success,2026-06-28T09:57:22.857520+00:00
20251210_1136_HARP14156_NOAA14307,2025_HARP14156_20251210_1136_20251210_1624,2025-12-10 11:36:00,14156,14307,0,saved,"(512, 512, 6)",gs://suryabench-sharp-pipeline-bamidele/jsoc_2025_2026_production_v1/samples_npz/2025/20251210_1136_HARP14156_NOAA14307.npz,success,2026-06-28T10:05:15.155860+00:00
20251210_1312_HARP14156_NOAA14307,2025_HARP14156_20251210_1136_20251210_1624,2025-12-10 13:12:00,14156,14307,0,saved,"(512, 512, 6)",gs://suryabench-sharp-pipeline-bamidele/jsoc_2025_2026_production_v1/samples_npz/2025/20251210_1312_HARP14156_NOAA14307.npz,success,2026-06-28T10:05:22.788363+00:00
20251210_1448_HARP14156_NOAA14307,2025_HARP14156_20251210_1136_20251210_1624,2025-12-10 14:48:00,14156,14307,0,saved,"(512, 512, 6)",gs://suryabench-sharp-pipeline-bamidele/jsoc_2025_2026_production_v1/samples_npz/2025/20251210_1448_HARP14156_NOAA14307.npz,success,2026-06-28T10:05:29.190331+00:00
20251210_1624_HARP14156_NOAA14307,2025_HARP14156_20251210_1136_20251210_1624,2025-12-10 16:24:00,14156,14307,0,saved,"(512, 512, 6)",gs://suryabench-sharp-pipeline-bamidele/jsoc_2025_2026_production_v1/samples_npz/2025/20251210_1624_HARP14156_NOAA14307.npz,success,2026-06-28T10:05:35.442286+00:00
20251211_1948_HARP14156_NOAA14307,2025_HARP14156_20251211_1948_20251212_1812,2025-12-11 19:48:00,14156,14307,0,saved,"(512, 512, 6)",gs://suryabench-sharp-pipeline-bamidele/jsoc_2025_2026_production_v1/samples_npz/2025/20251211_1948_HARP14156_NOAA14307.npz,success,2026-06-28T10:15:39.176274+00:00
20251211_2124_HARP14156_NOAA14307,2025_HARP14156_20251211_1948_20251212_1812,2025-12-11 21:24:00,14156,14307,0,saved,"(512, 512, 6)",gs://suryabench-sharp-pipeline-bamidele/jsoc_2025_2026_production_v1/samples_npz/2025/20251211_2124_HARP14156_NOAA14307.npz,success,2026-06-28T10:15:45.399753+00:00
20251211_2300_HARP14156_NOAA14307,2025_HARP14156_20251211_1948_20251212_1812,2025-12-11 23:00:00,14156,14307,0,saved,"(512, 512, 6)",gs://suryabench-sharp-pipeline-bamidele/jsoc_2025_2026_production_v1/samples_npz/2025/20251211_2300_HARP14156_NOAA14307.npz,success,2026-06-28T10:15:51.383334+00:00
20251212_0036_HARP14156_NOAA14307,2025_HARP14156_20251211_1948_20251212_1812,2025-12-12 00:36:00,14156,14307,0,saved,"(512, 512, 6)",gs://suryabench-sharp-pipeline-bamidele/jsoc_2025_2026_production_v1/samples_npz/2025/20251212_0036_HARP14156_NOAA14307.npz,success,2026-06-28T10:15:57.489608+00:00
20251212_0212_HARP14156_NOAA14307,2025_HARP14156_20251211_1948_20251212_1812,2025-12-12 02:12:00,14156,14307,0,saved,"(512, 512, 6)",gs://suryabench-sharp-pipeline-bamidele/jsoc_2025_2026_production_v1/samples_npz/2025/20251212_0212_HARP14156_NOAA14307.npz,success,2026-06-28T10:16:03.557802+00:00
20251212_0348_HARP14156_NOAA14307,2025_HARP14156_20251211_1948_20251212_1812,2025-12-12 03:48:00,14156,14307,0,saved,"(512, 512, 6)",gs://suryabench-sharp-pipeline-bamidele/jsoc_2025_2026_production_v1/samples_npz/2025/20251212_0348_HARP14156_NOAA14307.npz,success,2026-06-28T10:16:09.612157+00:00
20251212_0524_HARP14156_NOAA14307,2025_HARP14156_20251211_1948_20251212_1812,2025-12-12 05:24:00,14156,14307,0,saved,"(512, 512, 6)",gs://suryabench-sharp-pipeline-bamidele/jsoc_2025_2026_production_v1/samples_npz/2025/20251212_0524_HARP14156_NOAA14307.npz,success,2026-06-28T10:16:15.711163+00:00
20251212_0700_HARP14156_NOAA14307,2025_HARP14156_20251211_1948_20251212_1812,2025-12-12 07:00:00,14156,14307,0,saved,"(512, 512, 6)",gs://suryabench-sharp-pipeline-bamidele/jsoc_2025_2026_production_v1/samples_npz/2025/20251212_0700_HARP14156_NOAA14307.npz,success,2026-06-28T10:16:21.886468+00:00
20251212_0836_HARP14156_NOAA14307,2025_HARP14156_20251211_1948_20251212_1812,2025-12-12 08:36:00,14156,14307,0,saved,"(512, 512, 6)",gs://suryabench-sharp-pipeline-bamidele/jsoc_2025_2026_production_v1/samples_npz/2025/20251212_0836_HARP14156_NOAA14307.npz,success,2026-06-28T10:16:28.048280+00:00
20251212_1012_HARP14156_NOAA14307,2025_HARP14156_20251211_1948_20251212_1812,2025-12-12 10:12:00,14156,14307,0,saved,"(512, 512, 6)",gs://suryabench-sharp-pipeline-bamidele/jsoc_2025_2026_production_v1/samples_npz/2025/20251212_1012_HARP14156_NOAA14307.npz,success,2026-06-28T10:16:34.214609+00:00
20251212_1148_HARP14156_NOAA14307,2025_HARP14156_20251211_1948_20251212_1812,2025-12-12 11:48:00,14156,14307,0,saved,"(512, 512, 6)",gs://suryabench-sharp-pipeline-bamidele/jsoc_2025_2026_production_v1/samples_npz/2025/20251212_1148_HARP14156_NOAA14307.npz,success,2026-06-28T10:16:40.274940+00:00
20251212_1324_HARP14156_NOAA14307,2025_HARP14156_20251211_1948_20251212_1812,2025-12-12 13:24:00,14156,14307,0,saved,"(512, 512, 6)",gs://suryabench-sharp-pipeline-bamidele/jsoc_2025_2026_production_v1/samples_npz/2025/20251212_1324_HARP14156_NOAA14307.npz,success,2026-06-28T10:16:46.438192+00:00
20251212_1500_HARP14156_NOAA14307,2025_HARP14156_20251211_1948_20251212_1812,2025-12-12 15:00:00,14156,14307,0,saved,"(512, 512, 6)",gs://suryabench-sharp-pipeline-bamidele/jsoc_2025_2026_production_v1/samples_npz/2025/20251212_1500_HARP14156_NOAA14307.npz,success,2026-06-28T10:16:52.579548+00:00
20251212_1636_HARP14156_NOAA14307,2025_HARP14156_20251211_1948_20251212_1812,2025-12-12 16:36:00,14156,14307,0,saved,"(512, 512, 6)",gs://suryabench-sharp-pipeline-bamidele/jsoc_2025_2026_production_v1/samples_npz/2025/20251212_1636_HARP14156_NOAA14307.npz,success,2026-06-28T10:16:59.763240+00:00
20251212_1812_HARP14156_NOAA14307,2025_HARP14156_20251211_1948_20251212_1812,2025-12-12 18:12:00,14156,14307,0,saved,"(512, 512, 6)",gs://suryabench-sharp-pipeline-bamidele/jsoc_2025_2026_production_v1/samples_npz/2025/20251212_1812_HARP14156_NOAA14307.npz,success,2026-06-28T10:17:06.235896+00:00
20251212_1948_HARP14156_NOAA14307,2025_HARP14156_20251212_1948_20251213_1812,2025-12-12 19:48:00,14156,14307,0,saved,"(512, 512, 6)",gs://suryabench-sharp-pipeline-bamidele/jsoc_2025_2026_production_v1/samples_npz/2025/20251212_1948_HARP14156_NOAA14307.npz,success,2026-06-28T10:27:28.419936+00:00
20251212_2124_HARP14156_NOAA14307,2025_HARP14156_20251212_1948_20251213_1812,2025-12-12 21:24:00,14156,14307,0,saved,"(512, 512, 6)",gs://suryabench-sharp-pipeline-bamidele/jsoc_2025_2026_production_v1/samples_npz/2025/20251212_2124_HARP14156_NOAA14307.npz,success,2026-06-28T10:27:34.629691+00:00
20251212_2300_HARP14156_NOAA14307,2025_HARP14156_20251212_1948_20251213_1812,2025-12-12 23:00:00,14156,14307,0,saved,"(512, 512, 6)",gs://suryabench-sharp-pipeline-bamidele/jsoc_2025_2026_production_v1/samples_npz/2025/20251212_2300_HARP14156_NOAA14307.npz,success,2026-06-28T10:27:40.828093+00:00
20251213_0036_HARP14156_NOAA14307,2025_HARP14156_20251212_1948_20251213_1812,2025-12-13 00:36:00,14156,14307,0,saved,"(512, 512, 6)",gs://suryabench-sharp-pipeline-bamidele/jsoc_2025_2026_production_v1/samples_npz/2025/20251213_0036_HARP14156_NOAA14307.npz,success,2026-06-28T10:27:48.471870+00:00
20251213_0212_HARP14156_NOAA14307,2025_HARP14156_20251212_1948_20251213_1812,2025-12-13 02:12:00,14156,14307,0,saved,"(512, 512, 6)",gs://suryabench-sharp-pipeline-bamidele/jsoc_2025_2026_production_v1/samples_npz/2025/20251213_0212_HARP14156_NOAA14307.npz,success,2026-06-28T10:27:54.831235+00:00
20251213_0348_HARP14156_NOAA14307,2025_HARP14156_20251212_1948_20251213_1812,2025-12-13 03:48:00,14156,14307,0,saved,"(512, 512, 6)",gs://suryabench-sharp-pipeline-bamidele/jsoc_2025_2026_production_v1/samples_npz/2025/20251213_0348_HARP14156_NOAA14307.npz,success,2026-06-28T10:28:01.075207+00:00
20251213_0524_HARP14156_NOAA14307,2025_HARP14156_20251212_1948_20251213_1812,2025-12-13 05:24:00,14156,14307,0,saved,"(512, 512, 6)",gs://suryabench-sharp-pipeline-bamidele/jsoc_2025_2026_production_v1/samples_npz/2025/20251213_0524_HARP14156_NOAA14307.npz,success,2026-06-28T10:28:07.253897+00:00
20251213_0700_HARP14156_NOAA14307,2025_HARP14156_20251212_1948_20251213_1812,2025-12-13 07:00:00,14156,14307,0,saved,"(512, 512, 6)",gs://suryabench-sharp-pipeline-bamidele/jsoc_2025_2026_production_v1/samples_npz/2025/20251213_0700_HARP14156_NOAA14307.npz,success,2026-06-28T10:28:13.429111+00:00
20251213_0836_HARP14156_NOAA14307,2025_HARP14156_20251212_1948_20251213_1812,2025-12-13 08:36:00,14156,14307,0,saved,"(512, 512, 6)",gs://suryabench-sharp-pipeline-bamidele/jsoc_2025_2026_production_v1/samples_npz/2025/20251213_0836_HARP14156_NOAA14307.npz,success,2026-06-28T10:28:19.784235+00:00
20251213_1012_HARP14156_NOAA14307,2025_HARP14156_20251212_1948_20251213_1812,2025-12-13 10:12:00,14156,14307,0,saved,"(512, 512, 6)",gs://suryabench-sharp-pipeline-bamidele/jsoc_2025_2026_production_v1/samples_npz/2025/20251213_1012_HARP14156_NOAA14307.npz,success,2026-06-28T10:28:25.997018+00:00
20251213_1148_HARP14156_NOAA14307,2025_HARP14156_20251212_1948_20251213_1812,2025-12-13 11:48:00,14156,14307,0,saved,"(512, 512, 6)",gs://suryabench-sharp-pipeline-bamidele/jsoc_2025_2026_production_v1/samples_npz/2025/20251213_1148_HARP14156_NOAA14307.npz,success,2026-06-28T10:28:32.272698+00:00
20251213_1324_HARP14156_NOAA14307,2025_HARP14156_20251212_1948_20251213_1812,2025-12-13 13:24:00,14156,14307,0,saved,"(512, 512, 6)",gs://suryabench-sharp-pipeline-bamidele/jsoc_2025_2026_production_v1/samples_npz/2025/20251213_1324_HARP14156_NOAA14307.npz,success,2026-06-28T10:28:38.563867+00:00
20251213_1500_HARP14156_NOAA14307,2025_HARP14156_20251212_1948_20251213_1812,2025-12-13 15:00:00,14156,14307,0,saved,"(512, 512, 6)",gs://suryabench-sharp-pipeline-bamidele/jsoc_2025_2026_production_v1/samples_npz/2025/20251213_1500_HARP14156_NOAA14307.npz,success,2026-06-28T10:28:44.707656+00:00
20251213_1636_HARP14156_NOAA14307,2025_HARP14156_20251212_1948_20251213_1812,2025-12-13 16:36:00,14156,14307,0,saved,"(512, 512, 6)",gs://suryabench-sharp-pipeline-bamidele/jsoc_2025_2026_production_v1/samples_npz/2025/20251213_1636_HARP14156_NOAA14307.npz,success,2026-06-28T10:28:50.803851+00:00
20251213_1812_HARP14156_NOAA14307,2025_HARP14156_20251212_1948_20251213_1812,2025-12-13 18:12:00,14156,14307,0,saved,"(512, 512, 6)",gs://suryabench-sharp-pipeline-bamidele/jsoc_2025_2026_production_v1/samples_npz/2025/20251213_1812_HARP14156_NOAA14307.npz,success,2026-06-28T10:28:56.897739+00:00
20251214_1448_HARP14172_NOAA14310,2025_HARP14172_20251214_1448_20251214_1448,2025-12-14 14:48:00,14172,14310,0,saved,"(512, 512, 6)",gs://suryabench-sharp-pipeline-bamidele/jsoc_2025_2026_production_v1/samples_npz/2025/20251214_1448_HARP14172_NOAA14310.npz,success,2026-06-28T10:36:02.380627+00:00
20251215_1048_HARP14172_NOAA14310,2025_HARP14172_20251215_1048_20251216_0424,2025-12-15 10:48:00,14172,14310,0,saved,"(512, 512, 6)",gs://suryabench-sharp-pipeline-bamidele/jsoc_2025_2026_production_v1/samples_npz/2025/20251215_1048_HARP14172_NOAA14310.npz,success,2026-06-28T10:45:52.985122+00:00
20251215_1224_HARP14172_NOAA14310,2025_HARP14172_20251215_1048_20251216_0424,2025-12-15 12:24:00,14172,14310,0,saved,"(512, 512, 6)",gs://suryabench-sharp-pipeline-bamidele/jsoc_2025_2026_production_v1/samples_npz/2025/20251215_1224_HARP14172_NOAA14310.npz,success,2026-06-28T10:45:58.920377+00:00
20251215_1400_HARP14172_NOAA14310,2025_HARP14172_20251215_1048_20251216_0424,2025-12-15 14:00:00,14172,14310,0,saved,"(512, 512, 6)",gs://suryabench-sharp-pipeline-bamidele/jsoc_2025_2026_production_v1/samples_npz/2025/20251215_1400_HARP14172_NOAA14310.npz,success,2026-06-28T10:46:05.936894+00:00
20251215_1536_HARP14172_NOAA14310,2025_HARP14172_20251215_1048_20251216_0424,2025-12-15 15:36:00,14172,14310,0,saved,"(512, 512, 6)",gs://suryabench-sharp-pipeline-bamidele/jsoc_2025_2026_production_v1/samples_npz/2025/20251215_1536_HARP14172_NOAA14310.npz,success,2026-06-28T10:46:12.165261+00:00
20251215_1712_HARP14172_NOAA14310,2025_HARP14172_20251215_1048_20251216_0424,2025-12-15 17:12:00,14172,14310,0,saved,"(512, 512, 6)",gs://suryabench-sharp-pipeline-bamidele/jsoc_2025_2026_production_v1/samples_npz/2025/20251215_1712_HARP14172_NOAA14310.npz,success,2026-06-28T10:46:18.152821+00:00
20251215_1848_HARP14172_NOAA14310,2025_HARP14172_20251215_1048_20251216_0424,2025-12-15 18:48:00,14172,14310,0,saved,"(512, 512, 6)",gs://suryabench-sharp-pipeline-bamidele/jsoc_2025_2026_production_v1/samples_npz/2025/20251215_1848_HARP14172_NOAA14310.npz,success,2026-06-28T10:46:24.157605+00:00
20251215_2024_HARP14172_NOAA14310,2025_HARP14172_20251215_1048_20251216_0424,2025-12-15 20:24:00,14172,14310,0,saved,"(512, 512, 6)",gs://suryabench-sharp-pipeline-bamidele/jsoc_2025_2026_production_v1/samples_npz/2025/20251215_2024_HARP14172_NOAA14310.npz,success,2026-06-28T10:46:30.146499+00:00
20251215_2200_HARP14172_NOAA14310,2025_HARP14172_20251215_1048_20251216_0424,2025-12-15 22:00:00,14172,14310,0,saved,"(512, 512, 6)",gs://suryabench-sharp-pipeline-bamidele/jsoc_2025_2026_production_v1/samples_npz/2025/20251215_2200_HARP14172_NOAA14310.npz,success,2026-06-28T10:46:36.044654+00:00
20251215_2336_HARP14172_NOAA14310,2025_HARP14172_20251215_1048_20251216_0424,2025-12-15 23:36:00,14172,14310,0,saved,"(512, 512, 6)",gs://suryabench-sharp-pipeline-bamidele/jsoc_2025_2026_production_v1/samples_npz/2025/20251215_2336_HARP14172_NOAA14310.npz,success,2026-06-28T10:46:41.973103+00:00
20251216_0112_HARP14172_NOAA14310,2025_HARP14172_20251215_1048_20251216_0424,2025-12-16 01:12:00,14172,14310,0,saved,"(512, 512, 6)",gs://suryabench-sharp-pipeline-bamidele/jsoc_2025_2026_production_v1/samples_npz/2025/20251216_0112_HARP14172_NOAA14310.npz,success,2026-06-28T10:46:48.025278+00:00
20251216_0248_HARP14172_NOAA14310,2025_HARP14172_20251215_1048_20251216_0424,2025-12-16 02:48:00,14172,14310,0,saved,"(512, 512, 6)",gs://suryabench-sharp-pipeline-bamidele/jsoc_2025_2026_production_v1/samples_npz/2025/20251216_0248_HARP14172_NOAA14310.npz,success,2026-06-28T10:46:54.045796+00:00
20251216_0424_HARP14172_NOAA14310,2025_HARP14172_20251215_1048_20251216_0424,2025-12-16 04:24:00,14172,14310,0,saved,"(512, 512, 6)",gs://suryabench-sharp-pipeline-bamidele/jsoc_2025_2026_production_v1/samples_npz/2025/20251216_0424_HARP14172_NOAA14310.npz,success,2026-06-28T10:46:59.963007+00:00
20251218_0148_HARP14165_NOAA14308,2025_HARP14165_20251218_0148_20251219_0012,2025-12-18 01:48:00,14165,14308,0,saved,"(512, 512, 6)",gs://suryabench-sharp-pipeline-bamidele/jsoc_2025_2026_production_v1/samples_npz/2025/20251218_0148_HARP14165_NOAA14308.npz,success,2026-06-28T10:58:37.627775+00:00
20251218_0324_HARP14165_NOAA14308,2025_HARP14165_20251218_0148_20251219_0012,2025-12-18 03:24:00,14165,14308,0,saved,"(512, 512, 6)",gs://suryabench-sharp-pipeline-bamidele/jsoc_2025_2026_production_v1/samples_npz/2025/20251218_0324_HARP14165_NOAA14308.npz,success,2026-06-28T10:58:44.138957+00:00
20251218_0500_HARP14165_NOAA14308,2025_HARP14165_20251218_0148_20251219_0012,2025-12-18 05:00:00,14165,14308,0,saved,"(512, 512, 6)",gs://suryabench-sharp-pipeline-bamidele/jsoc_2025_2026_production_v1/samples_npz/2025/20251218_0500_HARP14165_NOAA14308.npz,success,2026-06-28T10:58:50.634014+00:00
20251218_0636_HARP14165_NOAA14308,2025_HARP14165_20251218_0148_20251219_0012,2025-12-18 06:36:00,14165,14308,0,saved,"(512, 512, 6)",gs://suryabench-sharp-pipeline-bamidele/jsoc_2025_2026_production_v1/samples_npz/2025/20251218_0636_HARP14165_NOAA14308.npz,success,2026-06-28T10:58:57.054171+00:00
20251218_0812_HARP14165_NOAA14308,2025_HARP14165_20251218_0148_20251219_0012,2025-12-18 08:12:00,14165,14308,0,saved,"(512, 512, 6)",gs://suryabench-sharp-pipeline-bamidele/jsoc_2025_2026_production_v1/samples_npz/2025/20251218_0812_HARP14165_NOAA14308.npz,success,2026-06-28T10:59:04.357034+00:00
20251218_0948_HARP14165_NOAA14308,2025_HARP14165_20251218_0148_20251219_0012,2025-12-18 09:48:00,14165,14308,0,saved,"(512, 512, 6)",gs://suryabench-sharp-pipeline-bamidele/jsoc_2025_2026_production_v1/samples_npz/2025/20251218_0948_HARP14165_NOAA14308.npz,success,2026-06-28T10:59:12.401304+00:00
20251218_1124_HARP14165_NOAA14308,2025_HARP14165_20251218_0148_20251219_0012,2025-12-18 11:24:00,14165,14308,0,saved,"(512, 512, 6)",gs://suryabench-sharp-pipeline-bamidele/jsoc_2025_2026_production_v1/samples_npz/2025/20251218_1124_HARP14165_NOAA14308.npz,success,2026-06-28T10:59:18.939958+00:00
20251218_1300_HARP14165_NOAA14308,2025_HARP14165_20251218_0148_20251219_0012,2025-12-18 13:00:00,14165,14308,0,saved,"(512, 512, 6)",gs://suryabench-sharp-pipeline-bamidele/jsoc_2025_2026_production_v1/samples_npz/2025/20251218_1300_HARP14165_NOAA14308.npz,success,2026-06-28T10:59:25.369335+00:00
20251218_1436_HARP14165_NOAA14308,2025_HARP14165_20251218_0148_20251219_0012,2025-12-18 14:36:00,14165,14308,0,saved,"(512, 512, 6)",gs://suryabench-sharp-pipeline-bamidele/jsoc_2025_2026_production_v1/samples_npz/2025/20251218_1436_HARP14165_NOAA14308.npz,success,2026-06-28T10:59:31.819014+00:00
20251218_1612_HARP14165_NOAA14308,2025_HARP14165_20251218_0148_20251219_0012,2025-12-18 16:12:00,14165,14308,0,saved,"(512, 512, 6)",gs://suryabench-sharp-pipeline-bamidele/jsoc_2025_2026_production_v1/samples_npz/2025/20251218_1612_HARP14165_NOAA14308.npz,success,2026-06-28T10:59:38.218882+00:00
20251218_1748_HARP14165_NOAA14308,2025_HARP14165_20251218_0148_20251219_0012,2025-12-18 17:48:00,14165,14308,0,saved,"(512, 512, 6)",gs://suryabench-sharp-pipeline-bamidele/jsoc_2025_2026_production_v1/samples_npz/2025/20251218_1748_HARP14165_NOAA14308.npz,success,2026-06-28T10:59:44.630947+00:00
20251218_1924_HARP14165_NOAA14308,2025_HARP14165_20251218_0148_20251219_0012,2025-12-18 19:24:00,14165,14308,0,saved,"(512, 512, 6)",gs://suryabench-sharp-pipeline-bamidele/jsoc_2025_2026_production_v1/samples_npz/2025/20251218_1924_HARP14165_NOAA14308.npz,success,2026-06-28T10:59:50.813052+00:00
20251218_2100_HARP14165_NOAA14308,2025_HARP14165_20251218_0148_20251219_0012,2025-12-18 21:00:00,14165,14308,0,saved,"(512, 512, 6)",gs://suryabench-sharp-pipeline-bamidele/jsoc_2025_2026_production_v1/samples_npz/2025/20251218_2100_HARP14165_NOAA14308.npz,success,2026-06-28T10:59:57.042395+00:00
20251218_2236_HARP14165_NOAA14308,2025_HARP14165_20251218_0148_20251219_0012,2025-12-18 22:36:00,14165,14308,0,saved,"(512, 512, 6)",gs://suryabench-sharp-pipeline-bamidele/jsoc_2025_2026_production_v1/samples_npz/2025/20251218_2236_HARP14165_NOAA14308.npz,success,2026-06-28T11:00:03.243123+00:00
20251219_0012_HARP14165_NOAA14308,2025_HARP14165_20251218_0148_20251219_0012,2025-12-19 00:12:00,14165,14308,0,saved,"(512, 512, 6)",gs://suryabench-sharp-pipeline-bamidele/jsoc_2025_2026_production_v1/samples_npz/2025/20251219_0012_HARP14165_NOAA14308.npz,success,2026-06-28T11:00:09.427340+00:00
20251219_2048_HARP14177_NOAA14313,2025_HARP14177_20251219_2048_20251220_1912,2025-12-19 20:48:00,14177,14313,0,saved,"(512, 512, 6)",gs://suryabench-sharp-pipeline-bamidele/jsoc_2025_2026_production_v1/samples_npz/2025/20251219_2048_HARP14177_NOAA14313.npz,success,2026-06-28T11:10:02.015145+00:00
20251219_2224_HARP14177_NOAA14313,2025_HARP14177_20251219_2048_20251220_1912,2025-12-19 22:24:00,14177,14313,0,saved,"(512, 512, 6)",gs://suryabench-sharp-pipeline-bamidele/jsoc_2025_2026_production_v1/samples_npz/2025/20251219_2224_HARP14177_NOAA14313.npz,success,2026-06-28T11:10:08.301063+00:00
20251220_0000_HARP14177_NOAA14313,2025_HARP14177_20251219_2048_20251220_1912,2025-12-20 00:00:00,14177,14313,0,saved,"(512, 512, 6)",gs://suryabench-sharp-pipeline-bamidele/jsoc_2025_2026_production_v1/samples_npz/2025/20251220_0000_HARP14177_NOAA14313.npz,success,2026-06-28T11:10:14.514673+00:00
20251220_0136_HARP14177_NOAA14313,2025_HARP14177_20251219_2048_20251220_1912,2025-12-20 01:36:00,14177,14313,0,saved,"(512, 512, 6)",gs://suryabench-sharp-pipeline-bamidele/jsoc_2025_2026_production_v1/samples_npz/2025/20251220_0136_HARP14177_NOAA14313.npz,success,2026-06-28T11:10:20.839397+00:00
20251220_0312_HARP14177_NOAA14313,2025_HARP14177_20251219_2048_20251220_1912,2025-12-20 03:12:00,14177,14313,0,saved,"(512, 512, 6)",gs://suryabench-sharp-pipeline-bamidele/jsoc_2025_2026_production_v1/samples_npz/2025/20251220_0312_HARP14177_NOAA14313.npz,success,2026-06-28T11:10:27.132351+00:00
20251220_0448_HARP14177_NOAA14313,2025_HARP14177_20251219_2048_20251220_1912,2025-12-20 04:48:00,14177,14313,0,saved,"(512, 512, 6)",gs://suryabench-sharp-pipeline-bamidele/jsoc_2025_2026_production_v1/samples_npz/2025/20251220_0448_HARP14177_NOAA14313.npz,success,2026-06-28T11:10:34.432027+00:00
20251220_0624_HARP14177_NOAA14313,2025_HARP14177_20251219_2048_20251220_1912,2025-12-20 06:24:00,14177,14313,0,saved,"(512, 512, 6)",gs://suryabench-sharp-pipeline-bamidele/jsoc_2025_2026_production_v1/samples_npz/2025/20251220_0624_HARP14177_NOAA14313.npz,success,2026-06-28T11:10:40.802190+00:00
20251220_0800_HARP14177_NOAA14313,2025_HARP14177_20251219_2048_20251220_1912,2025-12-20 08:00:00,14177,14313,0,saved,"(512, 512, 6)",gs://suryabench-sharp-pipeline-bamidele/jsoc_2025_2026_production_v1/samples_npz/2025/20251220_0800_HARP14177_NOAA14313.npz,success,2026-06-28T11:10:47.027404+00:00
20251220_0936_HARP14177_NOAA14313,2025_HARP14177_20251219_2048_20251220_1912,2025-12-20 09:36:00,14177,14313,0,saved,"(512, 512, 6)",gs://suryabench-sharp-pipeline-bamidele/jsoc_2025_2026_production_v1/samples_npz/2025/20251220_0936_HARP14177_NOAA14313.npz,success,2026-06-28T11:10:53.183586+00:00
20251220_1112_HARP14177_NOAA14313,2025_HARP14177_20251219_2048_20251220_1912,2025-12-20 11:12:00,14177,14313,0,saved,"(512, 512, 6)",gs://suryabench-sharp-pipeline-bamidele/jsoc_2025_2026_production_v1/samples_npz/2025/20251220_1112_HARP14177_NOAA14313.npz,success,2026-06-28T11:10:59.345310+00:00
20251220_1248_HARP14177_NOAA14313,2025_HARP14177_20251219_2048_20251220_1912,2025-12-20 12:48:00,14177,14313,0,saved,"(512, 512, 6)",gs://suryabench-sharp-pipeline-bamidele/jsoc_2025_2026_production_v1/samples_npz/2025/20251220_1248_HARP14177_NOAA14313.npz,success,2026-06-28T11:11:05.449723+00:00
20251220_1424_HARP14177_NOAA14313,2025_HARP14177_20251219_2048_20251220_1912,2025-12-20 14:24:00,14177,14313,0,saved,"(512, 512, 6)",gs://suryabench-sharp-pipeline-bamidele/jsoc_2025_2026_production_v1/samples_npz/2025/20251220_1424_HARP14177_NOAA14313.npz,success,2026-06-28T11:11:11.722982+00:00
20251220_1600_HARP14177_NOAA14313,2025_HARP14177_20251219_2048_20251220_1912,2025-12-20 16:00:00,14177,14313,0,saved,"(512, 512, 6)",gs://suryabench-sharp-pipeline-bamidele/jsoc_2025_2026_production_v1/samples_npz/2025/20251220_1600_HARP14177_NOAA14313.npz,success,2026-06-28T11:11:17.812781+00:00
20251220_1736_HARP14177_NOAA14313,2025_HARP14177_20251219_2048_20251220_1912,2025-12-20 17:36:00,14177,14313,0,saved,"(512, 512, 6)",gs://suryabench-sharp-pipeline-bamidele/jsoc_2025_2026_production_v1/samples_npz/2025/20251220_1736_HARP14177_NOAA14313.npz,success,2026-06-28T11:11:24.254330+00:00
20251220_1912_HARP14177_NOAA14313,2025_HARP14177_20251219_2048_20251220_1912,2025-12-20 19:12:00,14177,14313,0,saved,"(512, 512, 6)",gs://suryabench-sharp-pipeline-bamidele/jsoc_2025_2026_production_v1/samples_npz/2025/20251220_1912_HARP14177_NOAA14313.npz,success,2026-06-28T11:11:30.359634+00:00
20251221_1836_HARP14176_NOAA14312,2025_HARP14176_20251221_1836_20251222_1700,2025-12-21 18:36:00,14176,14312,0,saved,"(512, 512, 6)",gs://suryabench-sharp-pipeline-bamidele/jsoc_2025_2026_production_v1/samples_npz/2025/20251221_1836_HARP14176_NOAA14312.npz,success,2026-06-28T11:24:34.191295+00:00
20251221_2012_HARP14176_NOAA14312,2025_HARP14176_20251221_1836_20251222_1700,2025-12-21 20:12:00,14176,14312,0,saved,"(512, 512, 6)",gs://suryabench-sharp-pipeline-bamidele/jsoc_2025_2026_production_v1/samples_npz/2025/20251221_2012_HARP14176_NOAA14312.npz,success,2026-06-28T11:24:40.810335+00:00
20251221_2148_HARP14176_NOAA14312,2025_HARP14176_20251221_1836_20251222_1700,2025-12-21 21:48:00,14176,14312,0,saved,"(512, 512, 6)",gs://suryabench-sharp-pipeline-bamidele/jsoc_2025_2026_production_v1/samples_npz/2025/20251221_2148_HARP14176_NOAA14312.npz,success,2026-06-28T11:24:48.355983+00:00
20251221_2324_HARP14176_NOAA14312,2025_HARP14176_20251221_1836_20251222_1700,2025-12-21 23:24:00,14176,14312,0,saved,"(512, 512, 6)",gs://suryabench-sharp-pipeline-bamidele/jsoc_2025_2026_production_v1/samples_npz/2025/20251221_2324_HARP14176_NOAA14312.npz,success,2026-06-28T11:24:54.985451+00:00
20251222_0100_HARP14176_NOAA14312,2025_HARP14176_20251221_1836_20251222_1700,2025-12-22 01:00:00,14176,14312,0,saved,"(512, 512, 6)",gs://suryabench-sharp-pipeline-bamidele/jsoc_2025_2026_production_v1/samples_npz/2025/20251222_0100_HARP14176_NOAA14312.npz,success,2026-06-28T11:25:01.326917+00:00
20251222_0236_HARP14176_NOAA14312,2025_HARP14176_20251221_1836_20251222_1700,2025-12-22 02:36:00,14176,14312,0,saved,"(512, 512, 6)",gs://suryabench-sharp-pipeline-bamidele/jsoc_2025_2026_production_v1/samples_npz/2025/20251222_0236_HARP14176_NOAA14312.npz,success,2026-06-28T11:25:07.611689+00:00
20251222_0412_HARP14176_NOAA14312,2025_HARP14176_20251221_1836_20251222_1700,2025-12-22 04:12:00,14176,14312,0,saved,"(512, 512, 6)",gs://suryabench-sharp-pipeline-bamidele/jsoc_2025_2026_production_v1/samples_npz/2025/20251222_0412_HARP14176_NOAA14312.npz,success,2026-06-28T11:25:13.948083+00:00
20251222_0548_HARP14176_NOAA14312,2025_HARP14176_20251221_1836_20251222_1700,2025-12-22 05:48:00,14176,14312,0,saved,"(512, 512, 6)",gs://suryabench-sharp-pipeline-bamidele/jsoc_2025_2026_production_v1/samples_npz/2025/20251222_0548_HARP14176_NOAA14312.npz,success,2026-06-28T11:25:20.333315+00:00
20251222_0724_HARP14176_NOAA14312,2025_HARP14176_20251221_1836_20251222_1700,2025-12-22 07:24:00,14176,14312,0,saved,"(512, 512, 6)",gs://suryabench-sharp-pipeline-bamidele/jsoc_2025_2026_production_v1/samples_npz/2025/20251222_0724_HARP14176_NOAA14312.npz,success,2026-06-28T11:25:26.675386+00:00
20251222_0900_HARP14176_NOAA14312,2025_HARP14176_20251221_1836_20251222_1700,2025-12-22 09:00:00,14176,14312,0,saved,"(512, 512, 6)",gs://suryabench-sharp-pipeline-bamidele/jsoc_2025_2026_production_v1/samples_npz/2025/20251222_0900_HARP14176_NOAA14312.npz,success,2026-06-28T11:25:33.100972+00:00
20251222_1036_HARP14176_NOAA14312,2025_HARP14176_20251221_1836_20251222_1700,2025-12-22 10:36:00,14176,14312,0,saved,"(512, 512, 6)",gs://suryabench-sharp-pipeline-bamidele/jsoc_2025_2026_production_v1/samples_npz/2025/20251222_1036_HARP14176_NOAA14312.npz,success,2026-06-28T11:25:39.425747+00:00
20251222_1212_HARP14176_NOAA14312,2025_HARP14176_20251221_1836_20251222_1700,2025-12-22 12:12:00,14176,14312,0,saved,"(512, 512, 6)",gs://suryabench-sharp-pipeline-bamidele/jsoc_2025_2026_production_v1/samples_npz/2025/20251222_1212_HARP14176_NOAA14312.npz,success,2026-06-28T11:25:45.754134+00:00
20251222_1348_HARP14176_NOAA14312,2025_HARP14176_20251221_1836_20251222_1700,2025-12-22 13:48:00,14176,14312,0,saved,"(512, 512, 6)",gs://suryabench-sharp-pipeline-bamidele/jsoc_2025_2026_production_v1/samples_npz/2025/20251222_1348_HARP14176_NOAA14312.npz,success,2026-06-28T11:25:52.104170+00:00
20251222_1524_HARP14176_NOAA14312,2025_HARP14176_20251221_1836_20251222_1700,2025-12-22 15:24:00,14176,14312,0,saved,"(512, 512, 6)",gs://suryabench-sharp-pipeline-bamidele/jsoc_2025_2026_production_v1/samples_npz/2025/20251222_1524_HARP14176_NOAA14312.npz,success,2026-06-28T11:25:58.461521+00:00
20251222_1700_HARP14176_NOAA14312,2025_HARP14176_20251221_1836_20251222_1700,2025-12-22 17:00:00,14176,14312,0,saved,"(512, 512, 6)",gs://suryabench-sharp-pipeline-bamidele/jsoc_2025_2026_production_v1/samples_npz/2025/20251222_1700_HARP14176_NOAA14312.npz,success,2026-06-28T11:26:04.874381+00:00
20251222_1836_HARP14176_NOAA14312,2025_HARP14176_20251222_1836_20251223_1700,2025-12-22 18:36:00,14176,14312,0,saved,"(512, 512, 6)",gs://suryabench-sharp-pipeline-bamidele/jsoc_2025_2026_production_v1/samples_npz/2025/20251222_1836_HARP14176_NOAA14312.npz,success,2026-06-28T11:39:45.032512+00:00
20251222_2012_HARP14176_NOAA14312,2025_HARP14176_20251222_1836_20251223_1700,2025-12-22 20:12:00,14176,14312,0,saved,"(512, 512, 6)",gs://suryabench-sharp-pipeline-bamidele/jsoc_2025_2026_production_v1/samples_npz/2025/20251222_2012_HARP14176_NOAA14312.npz,success,2026-06-28T11:39:51.769469+00:00
20251222_2148_HARP14176_NOAA14312,2025_HARP14176_20251222_1836_20251223_1700,2025-12-22 21:48:00,14176,14312,0,saved,"(512, 512, 6)",gs://suryabench-sharp-pipeline-bamidele/jsoc_2025_2026_production_v1/samples_npz/2025/20251222_2148_HARP14176_NOAA14312.npz,success,2026-06-28T11:39:58.349092+00:00
20251222_2324_HARP14176_NOAA14312,2025_HARP14176_20251222_1836_20251223_1700,2025-12-22 23:24:00,14176,14312,0,saved,"(512, 512, 6)",gs://suryabench-sharp-pipeline-bamidele/jsoc_2025_2026_production_v1/samples_npz/2025/20251222_2324_HARP14176_NOAA14312.npz,success,2026-06-28T11:40:05.238611+00:00
20251223_0100_HARP14176_NOAA14312,2025_HARP14176_20251222_1836_20251223_1700,2025-12-23 01:00:00,14176,14312,0,saved,"(512, 512, 6)",gs://suryabench-sharp-pipeline-bamidele/jsoc_2025_2026_production_v1/samples_npz/2025/20251223_0100_HARP14176_NOAA14312.npz,success,2026-06-28T11:40:12.709157+00:00
20251223_0236_HARP14176_NOAA14312,2025_HARP14176_20251222_1836_20251223_1700,2025-12-23 02:36:00,14176,14312,0,saved,"(512, 512, 6)",gs://suryabench-sharp-pipeline-bamidele/jsoc_2025_2026_production_v1/samples_npz/2025/20251223_0236_HARP14176_NOAA14312.npz,success,2026-06-28T11:40:19.898988+00:00
20251223_0412_HARP14176_NOAA14312,2025_HARP14176_20251222_1836_20251223_1700,2025-12-23 04:12:00,14176,14312,0,saved,"(512, 512, 6)",gs://suryabench-sharp-pipeline-bamidele/jsoc_2025_2026_production_v1/samples_npz/2025/20251223_0412_HARP14176_NOAA14312.npz,success,2026-06-28T11:40:27.526049+00:00
20251223_0548_HARP14176_NOAA14312,2025_HARP14176_20251222_1836_20251223_1700,2025-12-23 05:48:00,14176,14312,0,saved,"(512, 512, 6)",gs://suryabench-sharp-pipeline-bamidele/jsoc_2025_2026_production_v1/samples_npz/2025/20251223_0548_HARP14176_NOAA14312.npz,success,2026-06-28T11:40:34.685215+00:00
20251223_0724_HARP14176_NOAA14312,2025_HARP14176_20251222_1836_20251223_1700,2025-12-23 07:24:00,14176,14312,0,saved,"(512, 512, 6)",gs://suryabench-sharp-pipeline-bamidele/jsoc_2025_2026_production_v1/samples_npz/2025/20251223_0724_HARP14176_NOAA14312.npz,success,2026-06-28T11:40:41.566377+00:00
20251223_0900_HARP14176_NOAA14312,2025_HARP14176_20251222_1836_20251223_1700,2025-12-23 09:00:00,14176,14312,0,saved,"(512, 512, 6)",gs://suryabench-sharp-pipeline-bamidele/jsoc_2025_2026_production_v1/samples_npz/2025/20251223_0900_HARP14176_NOAA14312.npz,success,2026-06-28T11:40:48.316116+00:00
20251223_1036_HARP14176_NOAA14312,2025_HARP14176_20251222_1836_20251223_1700,2025-12-23 10:36:00,14176,14312,0,saved,"(512, 512, 6)",gs://suryabench-sharp-pipeline-bamidele/jsoc_2025_2026_production_v1/samples_npz/2025/20251223_1036_HARP14176_NOAA14312.npz,success,2026-06-28T11:40:56.741013+00:00
20251223_1212_HARP14176_NOAA14312,2025_HARP14176_20251222_1836_20251223_1700,2025-12-23 12:12:00,14176,14312,0,saved,"(512, 512, 6)",gs://suryabench-sharp-pipeline-bamidele/jsoc_2025_2026_production_v1/samples_npz/2025/20251223_1212_HARP14176_NOAA14312.npz,success,2026-06-28T11:41:04.002151+00:00
20251223_1348_HARP14176_NOAA14312,2025_HARP14176_20251222_1836_20251223_1700,2025-12-23 13:48:00,14176,14312,0,saved,"(512, 512, 6)",gs://suryabench-sharp-pipeline-bamidele/jsoc_2025_2026_production_v1/samples_npz/2025/20251223_1348_HARP14176_NOAA14312.npz,success,2026-06-28T11:41:11.071413+00:00
20251223_1524_HARP14176_NOAA14312,2025_HARP14176_20251222_1836_20251223_1700,2025-12-23 15:24:00,14176,14312,0,saved,"(512, 512, 6)",gs://suryabench-sharp-pipeline-bamidele/jsoc_2025_2026_production_v1/samples_npz/2025/20251223_1524_HARP14176_NOAA14312.npz,success,2026-06-28T11:41:18.137139+00:00
20251223_1700_HARP14176_NOAA14312,2025_HARP14176_20251222_1836_20251223_1700,2025-12-23 17:00:00,14176,14312,0,saved,"(512, 512, 6)",gs://suryabench-sharp-pipeline-bamidele/jsoc_2025_2026_production_v1/samples_npz/2025/20251223_1700_HARP14176_NOAA14312.npz,success,2026-06-28T11:41:24.882209+00:00
20251223_1836_HARP14176_NOAA14312,2025_HARP14176_20251223_1836_20251224_0424,2025-12-23 18:36:00,14176,14312,0,saved,"(512, 512, 6)",gs://suryabench-sharp-pipeline-bamidele/jsoc_2025_2026_production_v1/samples_npz/2025/20251223_1836_HARP14176_NOAA14312.npz,success,2026-06-28T11:58:23.835204+00:00
20251223_2024_HARP14176_NOAA14312,2025_HARP14176_20251223_1836_20251224_0424,2025-12-23 20:24:00,14176,14312,0,saved,"(512, 512, 6)",gs://suryabench-sharp-pipeline-bamidele/jsoc_2025_2026_production_v1/samples_npz/2025/20251223_2024_HARP14176_NOAA14312.npz,success,2026-06-28T11:58:33.015422+00:00
20251223_2200_HARP14176_NOAA14312,2025_HARP14176_20251223_1836_20251224_0424,2025-12-23 22:00:00,14176,14312,0,saved,"(512, 512, 6)",gs://suryabench-sharp-pipeline-bamidele/jsoc_2025_2026_production_v1/samples_npz/2025/20251223_2200_HARP14176_NOAA14312.npz,success,2026-06-28T11:58:40.898638+00:00
20251223_2336_HARP14176_NOAA14312,2025_HARP14176_20251223_1836_20251224_0424,2025-12-23 23:36:00,14176,14312,0,saved,"(512, 512, 6)",gs://suryabench-sharp-pipeline-bamidele/jsoc_2025_2026_production_v1/samples_npz/2025/20251223_2336_HARP14176_NOAA14312.npz,success,2026-06-28T11:58:48.689911+00:00
20251224_0112_HARP14176_NOAA14312,2025_HARP14176_20251223_1836_20251224_0424,2025-12-24 01:12:00,14176,14312,0,saved,"(512, 512, 6)",gs://suryabench-sharp-pipeline-bamidele/jsoc_2025_2026_production_v1/samples_npz/2025/20251224_0112_HARP14176_NOAA14312.npz,success,2026-06-28T11:58:56.952794+00:00
20251224_0248_HARP14176_NOAA14312,2025_HARP14176_20251223_1836_20251224_0424,2025-12-24 02:48:00,14176,14312,0,saved,"(512, 512, 6)",gs://suryabench-sharp-pipeline-bamidele/jsoc_2025_2026_production_v1/samples_npz/2025/20251224_0248_HARP14176_NOAA14312.npz,success,2026-06-28T11:59:06.448142+00:00
20251224_0424_HARP14176_NOAA14312,2025_HARP14176_20251223_1836_20251224_0424,2025-12-24 04:24:00,14176,14312,0,saved,"(512, 512, 6)",gs://suryabench-sharp-pipeline-bamidele/jsoc_2025_2026_production_v1/samples_npz/2025/20251224_0424_HARP14176_NOAA14312.npz,success,2026-06-28T11:59:14.799067+00:00
20251224_2048_HARP14187_NOAA14316,2025_HARP14187_20251224_2048_20251225_1912,2025-12-24 20:48:00,14187,14316,0,saved,"(512, 512, 6)",gs://suryabench-sharp-pipeline-bamidele/jsoc_2025_2026_production_v1/samples_npz/2025/20251224_2048_HARP14187_NOAA14316.npz,success,2026-06-28T12:10:15.736993+00:00
20251224_2224_HARP14187_NOAA14316,2025_HARP14187_20251224_2048_20251225_1912,2025-12-24 22:24:00,14187,14316,0,saved,"(512, 512, 6)",gs://suryabench-sharp-pipeline-bamidele/jsoc_2025_2026_production_v1/samples_npz/2025/20251224_2224_HARP14187_NOAA14316.npz,success,2026-06-28T12:10:24.679038+00:00
20251225_0000_HARP14187_NOAA14316,2025_HARP14187_20251224_2048_20251225_1912,2025-12-25 00:00:00,14187,14316,0,saved,"(512, 512, 6)",gs://suryabench-sharp-pipeline-bamidele/jsoc_2025_2026_production_v1/samples_npz/2025/20251225_0000_HARP14187_NOAA14316.npz,success,2026-06-28T12:10:33.755247+00:00
20251225_0136_HARP14187_NOAA14316,2025_HARP14187_20251224_2048_20251225_1912,2025-12-25 01:36:00,14187,14316,0,saved,"(512, 512, 6)",gs://suryabench-sharp-pipeline-bamidele/jsoc_2025_2026_production_v1/samples_npz/2025/20251225_0136_HARP14187_NOAA14316.npz,success,2026-06-28T12:10:41.843832+00:00
20251225_0312_HARP14187_NOAA14316,2025_HARP14187_20251224_2048_20251225_1912,2025-12-25 03:12:00,14187,14316,0,saved,"(512, 512, 6)",gs://suryabench-sharp-pipeline-bamidele/jsoc_2025_2026_production_v1/samples_npz/2025/20251225_0312_HARP14187_NOAA14316.npz,success,2026-06-28T12:10:49.856445+00:00
20251225_0448_HARP14187_NOAA14316,2025_HARP14187_20251224_2048_20251225_1912,2025-12-25 04:48:00,14187,14316,0,saved,"(512, 512, 6)",gs://suryabench-sharp-pipeline-bamidele/jsoc_2025_2026_production_v1/samples_npz/2025/20251225_0448_HARP14187_NOAA14316.npz,success,2026-06-28T12:10:57.882942+00:00
20251225_0624_HARP14187_NOAA14316,2025_HARP14187_20251224_2048_20251225_1912,2025-12-25 06:24:00,14187,14316,0,saved,"(512, 512, 6)",gs://suryabench-sharp-pipeline-bamidele/jsoc_2025_2026_production_v1/samples_npz/2025/20251225_0624_HARP14187_NOAA14316.npz,success,2026-06-28T12:11:05.582766+00:00
20251225_0800_HARP14187_NOAA14316,2025_HARP14187_20251224_2048_20251225_1912,2025-12-25 08:00:00,14187,14316,0,saved,"(512, 512, 6)",gs://suryabench-sharp-pipeline-bamidele/jsoc_2025_2026_production_v1/samples_npz/2025/20251225_0800_HARP14187_NOAA14316.npz,success,2026-06-28T12:11:13.350599+00:00
20251225_0936_HARP14187_NOAA14316,2025_HARP14187_20251224_2048_20251225_1912,2025-12-25 09:36:00,14187,14316,0,saved,"(512, 512, 6)",gs://suryabench-sharp-pipeline-bamidele/jsoc_2025_2026_production_v1/samples_npz/2025/20251225_0936_HARP14187_NOAA14316.npz,success,2026-06-28T12:11:21.813023+00:00
20251225_1112_HARP14187_NOAA14316,2025_HARP14187_20251224_2048_20251225_1912,2025-12-25 11:12:00,14187,14316,0,saved,"(512, 512, 6)",gs://suryabench-sharp-pipeline-bamidele/jsoc_2025_2026_production_v1/samples_npz/2025/20251225_1112_HARP14187_NOAA14316.npz,success,2026-06-28T12:11:30.874546+00:00
20251225_1248_HARP14187_NOAA14316,2025_HARP14187_20251224_2048_20251225_1912,2025-12-25 12:48:00,14187,14316,0,saved,"(512, 512, 6)",gs://suryabench-sharp-pipeline-bamidele/jsoc_2025_2026_production_v1/samples_npz/2025/20251225_1248_HARP14187_NOAA14316.npz,success,2026-06-28T12:11:38.755588+00:00
20251225_1424_HARP14187_NOAA14316,2025_HARP14187_20251224_2048_20251225_1912,2025-12-25 14:24:00,14187,14316,0,saved,"(512, 512, 6)",gs://suryabench-sharp-pipeline-bamidele/jsoc_2025_2026_production_v1/samples_npz/2025/20251225_1424_HARP14187_NOAA14316.npz,success,2026-06-28T12:11:46.295132+00:00
20251225_1600_HARP14187_NOAA14316,2025_HARP14187_20251224_2048_20251225_1912,2025-12-25 16:00:00,14187,14316,0,saved,"(512, 512, 6)",gs://suryabench-sharp-pipeline-bamidele/jsoc_2025_2026_production_v1/samples_npz/2025/20251225_1600_HARP14187_NOAA14316.npz,success,2026-06-28T12:11:54.369833+00:00
20251225_1736_HARP14187_NOAA14316,2025_HARP14187_20251224_2048_20251225_1912,2025-12-25 17:36:00,14187,14316,0,saved,"(512, 512, 6)",gs://suryabench-sharp-pipeline-bamidele/jsoc_2025_2026_production_v1/samples_npz/2025/20251225_1736_HARP14187_NOAA14316.npz,success,2026-06-28T12:12:02.488143+00:00
20251225_1912_HARP14187_NOAA14316,2025_HARP14187_20251224_2048_20251225_1912,2025-12-25 19:12:00,14187,14316,0,saved,"(512, 512, 6)",gs://suryabench-sharp-pipeline-bamidele/jsoc_2025_2026_production_v1/samples_npz/2025/20251225_1912_HARP14187_NOAA14316.npz,success,2026-06-28T12:12:09.967707+00:00
20251225_2048_HARP14187_NOAA14316,2025_HARP14187_20251225_2048_20251226_0800,2025-12-25 20:48:00,14187,14316,0,saved,"(512, 512, 6)",gs://suryabench-sharp-pipeline-bamidele/jsoc_2025_2026_production_v1/samples_npz/2025/20251225_2048_HARP14187_NOAA14316.npz,success,2026-06-28T12:22:22.725740+00:00
20251225_2224_HARP14187_NOAA14316,2025_HARP14187_20251225_2048_20251226_0800,2025-12-25 22:24:00,14187,14316,0,saved,"(512, 512, 6)",gs://suryabench-sharp-pipeline-bamidele/jsoc_2025_2026_production_v1/samples_npz/2025/20251225_2224_HARP14187_NOAA14316.npz,success,2026-06-28T12:22:32.098222+00:00
20251226_0000_HARP14187_NOAA14316,2025_HARP14187_20251225_2048_20251226_0800,2025-12-26 00:00:00,14187,14316,0,saved,"(512, 512, 6)",gs://suryabench-sharp-pipeline-bamidele/jsoc_2025_2026_production_v1/samples_npz/2025/20251226_0000_HARP14187_NOAA14316.npz,success,2026-06-28T12:22:40.677633+00:00
20251226_0136_HARP14187_NOAA14316,2025_HARP14187_20251225_2048_20251226_0800,2025-12-26 01:36:00,14187,14316,0,saved,"(512, 512, 6)",gs://suryabench-sharp-pipeline-bamidele/jsoc_2025_2026_production_v1/samples_npz/2025/20251226_0136_HARP14187_NOAA14316.npz,success,2026-06-28T12:22:50.837624+00:00
20251226_0312_HARP14187_NOAA14316,2025_HARP14187_20251225_2048_20251226_0800,2025-12-26 03:12:00,14187,14316,0,saved,"(512, 512, 6)",gs://suryabench-sharp-pipeline-bamidele/jsoc_2025_2026_production_v1/samples_npz/2025/20251226_0312_HARP14187_NOAA14316.npz,success,2026-06-28T12:22:59.991308+00:00
20251226_0448_HARP14187_NOAA14316,2025_HARP14187_20251225_2048_20251226_0800,2025-12-26 04:48:00,14187,14316,0,saved,"(512, 512, 6)",gs://suryabench-sharp-pipeline-bamidele/jsoc_2025_2026_production_v1/samples_npz/2025/20251226_0448_HARP14187_NOAA14316.npz,success,2026-06-28T12:23:09.035825+00:00
20251226_0624_HARP14187_NOAA14316,2025_HARP14187_20251225_2048_20251226_0800,2025-12-26 06:24:00,14187,14316,0,saved,"(512, 512, 6)",gs://suryabench-sharp-pipeline-bamidele/jsoc_2025_2026_production_v1/samples_npz/2025/20251226_0624_HARP14187_NOAA14316.npz,success,2026-06-28T12:23:18.281487+00:00
20251226_0800_HARP14187_NOAA14316,2025_HARP14187_20251225_2048_20251226_0800,2025-12-26 08:00:00,14187,14316,0,saved,"(512, 512, 6)",gs://suryabench-sharp-pipeline-bamidele/jsoc_2025_2026_production_v1/samples_npz/2025/20251226_0800_HARP14187_NOAA14316.npz,success,2026-06-28T12:23:27.612684+00:00
20251226_1900_HARP14200_NOAA14319,2025_HARP14200_20251226_1900_20251227_1724,2025-12-26 19:00:00,14200,14319,0,saved,"(512, 512, 6)",gs://suryabench-sharp-pipeline-bamidele/jsoc_2025_2026_production_v1/samples_npz/2025/20251226_1900_HARP14200_NOAA14319.npz,success,2026-06-28T12:35:44.490645+00:00
20251226_2036_HARP14200_NOAA14319,2025_HARP14200_20251226_1900_20251227_1724,2025-12-26 20:36:00,14200,14319,0,saved,"(512, 512, 6)",gs://suryabench-sharp-pipeline-bamidele/jsoc_2025_2026_production_v1/samples_npz/2025/20251226_2036_HARP14200_NOAA14319.npz,success,2026-06-28T12:35:52.196972+00:00
20251226_2212_HARP14200_NOAA14319,2025_HARP14200_20251226_1900_20251227_1724,2025-12-26 22:12:00,14200,14319,0,saved,"(512, 512, 6)",gs://suryabench-sharp-pipeline-bamidele/jsoc_2025_2026_production_v1/samples_npz/2025/20251226_2212_HARP14200_NOAA14319.npz,success,2026-06-28T12:35:59.839114+00:00
20251226_2348_HARP14200_NOAA14319,2025_HARP14200_20251226_1900_20251227_1724,2025-12-26 23:48:00,14200,14319,0,saved,"(512, 512, 6)",gs://suryabench-sharp-pipeline-bamidele/jsoc_2025_2026_production_v1/samples_npz/2025/20251226_2348_HARP14200_NOAA14319.npz,success,2026-06-28T12:36:08.478657+00:00
20251227_0124_HARP14200_NOAA14319,2025_HARP14200_20251226_1900_20251227_1724,2025-12-27 01:24:00,14200,14319,0,saved,"(512, 512, 6)",gs://suryabench-sharp-pipeline-bamidele/jsoc_2025_2026_production_v1/samples_npz/2025/20251227_0124_HARP14200_NOAA14319.npz,success,2026-06-28T12:36:18.480595+00:00
20251227_0300_HARP14200_NOAA14319,2025_HARP14200_20251226_1900_20251227_1724,2025-12-27 03:00:00,14200,14319,0,saved,"(512, 512, 6)",gs://suryabench-sharp-pipeline-bamidele/jsoc_2025_2026_production_v1/samples_npz/2025/20251227_0300_HARP14200_NOAA14319.npz,success,2026-06-28T12:36:25.992768+00:00
20251227_0436_HARP14200_NOAA14319,2025_HARP14200_20251226_1900_20251227_1724,2025-12-27 04:36:00,14200,14319,0,saved,"(512, 512, 6)",gs://suryabench-sharp-pipeline-bamidele/jsoc_2025_2026_production_v1/samples_npz/2025/20251227_0436_HARP14200_NOAA14319.npz,success,2026-06-28T12:36:33.673156+00:00
20251227_0612_HARP14200_NOAA14319,2025_HARP14200_20251226_1900_20251227_1724,2025-12-27 06:12:00,14200,14319,0,saved,"(512, 512, 6)",gs://suryabench-sharp-pipeline-bamidele/jsoc_2025_2026_production_v1/samples_npz/2025/20251227_0612_HARP14200_NOAA14319.npz,success,2026-06-28T12:36:41.130731+00:00
20251227_0748_HARP14200_NOAA14319,2025_HARP14200_20251226_1900_20251227_1724,2025-12-27 07:48:00,14200,14319,0,saved,"(512, 512, 6)",gs://suryabench-sharp-pipeline-bamidele/jsoc_2025_2026_production_v1/samples_npz/2025/20251227_0748_HARP14200_NOAA14319.npz,success,2026-06-28T12:36:48.571626+00:00
20251227_0924_HARP14200_NOAA14319,2025_HARP14200_20251226_1900_20251227_1724,2025-12-27 09:24:00,14200,14319,0,saved,"(512, 512, 6)",gs://suryabench-sharp-pipeline-bamidele/jsoc_2025_2026_production_v1/samples_npz/2025/20251227_0924_HARP14200_NOAA14319.npz,success,2026-06-28T12:36:55.785209+00:00
20251227_1100_HARP14200_NOAA14319,2025_HARP14200_20251226_1900_20251227_1724,2025-12-27 11:00:00,14200,14319,0,saved,"(512, 512, 6)",gs://suryabench-sharp-pipeline-bamidele/jsoc_2025_2026_production_v1/samples_npz/2025/20251227_1100_HARP14200_NOAA14319.npz,success,2026-06-28T12:37:02.936848+00:00
20251227_1236_HARP14200_NOAA14319,2025_HARP14200_20251226_1900_20251227_1724,2025-12-27 12:36:00,14200,14319,0,saved,"(512, 512, 6)",gs://suryabench-sharp-pipeline-bamidele/jsoc_2025_2026_production_v1/samples_npz/2025/20251227_1236_HARP14200_NOAA14319.npz,success,2026-06-28T12:37:10.274274+00:00
20251227_1412_HARP14200_NOAA14319,2025_HARP14200_20251226_1900_20251227_1724,2025-12-27 14:12:00,14200,14319,0,saved,"(512, 512, 6)",gs://suryabench-sharp-pipeline-bamidele/jsoc_2025_2026_production_v1/samples_npz/2025/20251227_1412_HARP14200_NOAA14319.npz,success,2026-06-28T12:37:17.355785+00:00
20251227_1548_HARP14200_NOAA14319,2025_HARP14200_20251226_1900_20251227_1724,2025-12-27 15:48:00,14200,14319,0,saved,"(512, 512, 6)",gs://suryabench-sharp-pipeline-bamidele/jsoc_2025_2026_production_v1/samples_npz/2025/20251227_1548_HARP14200_NOAA14319.npz,success,2026-06-28T12:37:24.703361+00:00
20251227_1724_HARP14200_NOAA14319,2025_HARP14200_20251226_1900_20251227_1724,2025-12-27 17:24:00,14200,14319,0,saved,"(512, 512, 6)",gs://suryabench-sharp-pipeline-bamidele/jsoc_2025_2026_production_v1/samples_npz/2025/20251227_1724_HARP14200_NOAA14319.npz,success,2026-06-28T12:37:31.967794+00:00
20251227_1900_HARP14200_NOAA14319,2025_HARP14200_20251227_1900_20251228_1724,2025-12-27 19:00:00,14200,14319,0,saved,"(512, 512, 6)",gs://suryabench-sharp-pipeline-bamidele/jsoc_2025_2026_production_v1/samples_npz/2025/20251227_1900_HARP14200_NOAA14319.npz,success,2026-06-28T12:49:38.979359+00:00
20251227_2036_HARP14200_NOAA14319,2025_HARP14200_20251227_1900_20251228_1724,2025-12-27 20:36:00,14200,14319,0,saved,"(512, 512, 6)",gs://suryabench-sharp-pipeline-bamidele/jsoc_2025_2026_production_v1/samples_npz/2025/20251227_2036_HARP14200_NOAA14319.npz,success,2026-06-28T12:49:46.390881+00:00
20251227_2212_HARP14200_NOAA14319,2025_HARP14200_20251227_1900_20251228_1724,2025-12-27 22:12:00,14200,14319,0,saved,"(512, 512, 6)",gs://suryabench-sharp-pipeline-bamidele/jsoc_2025_2026_production_v1/samples_npz/2025/20251227_2212_HARP14200_NOAA14319.npz,success,2026-06-28T12:49:54.260143+00:00
20251227_2348_HARP14200_NOAA14319,2025_HARP14200_20251227_1900_20251228_1724,2025-12-27 23:48:00,14200,14319,0,saved,"(512, 512, 6)",gs://suryabench-sharp-pipeline-bamidele/jsoc_2025_2026_production_v1/samples_npz/2025/20251227_2348_HARP14200_NOAA14319.npz,success,2026-06-28T12:50:03.159406+00:00
20251228_0124_HARP14200_NOAA14319,2025_HARP14200_20251227_1900_20251228_1724,2025-12-28 01:24:00,14200,14319,0,saved,"(512, 512, 6)",gs://suryabench-sharp-pipeline-bamidele/jsoc_2025_2026_production_v1/samples_npz/2025/20251228_0124_HARP14200_NOAA14319.npz,success,2026-06-28T12:50:10.734127+00:00
20251228_0300_HARP14200_NOAA14319,2025_HARP14200_20251227_1900_20251228_1724,2025-12-28 03:00:00,14200,14319,0,saved,"(512, 512, 6)",gs://suryabench-sharp-pipeline-bamidele/jsoc_2025_2026_production_v1/samples_npz/2025/20251228_0300_HARP14200_NOAA14319.npz,success,2026-06-28T12:50:18.093380+00:00
20251228_0436_HARP14200_NOAA14319,2025_HARP14200_20251227_1900_20251228_1724,2025-12-28 04:36:00,14200,14319,0,saved,"(512, 512, 6)",gs://suryabench-sharp-pipeline-bamidele/jsoc_2025_2026_production_v1/samples_npz/2025/20251228_0436_HARP14200_NOAA14319.npz,success,2026-06-28T12:50:25.711687+00:00
20251228_0612_HARP14200_NOAA14319,2025_HARP14200_20251227_1900_20251228_1724,2025-12-28 06:12:00,14200,14319,0,saved,"(512, 512, 6)",gs://suryabench-sharp-pipeline-bamidele/jsoc_2025_2026_production_v1/samples_npz/2025/20251228_0612_HARP14200_NOAA14319.npz,success,2026-06-28T12:50:33.170861+00:00
20251228_0748_HARP14200_NOAA14319,2025_HARP14200_20251227_1900_20251228_1724,2025-12-28 07:48:00,14200,14319,0,saved,"(512, 512, 6)",gs://suryabench-sharp-pipeline-bamidele/jsoc_2025_2026_production_v1/samples_npz/2025/20251228_0748_HARP14200_NOAA14319.npz,success,2026-06-28T12:50:40.787622+00:00
20251228_0924_HARP14200_NOAA14319,2025_HARP14200_20251227_1900_20251228_1724,2025-12-28 09:24:00,14200,14319,0,saved,"(512, 512, 6)",gs://suryabench-sharp-pipeline-bamidele/jsoc_2025_2026_production_v1/samples_npz/2025/20251228_0924_HARP14200_NOAA14319.npz,success,2026-06-28T12:50:48.429032+00:00
20251228_1100_HARP14200_NOAA14319,2025_HARP14200_20251227_1900_20251228_1724,2025-12-28 11:00:00,14200,14319,0,saved,"(512, 512, 6)",gs://suryabench-sharp-pipeline-bamidele/jsoc_2025_2026_production_v1/samples_npz/2025/20251228_1100_HARP14200_NOAA14319.npz,success,2026-06-28T12:50:55.767177+00:00
20251228_1236_HARP14200_NOAA14319,2025_HARP14200_20251227_1900_20251228_1724,2025-12-28 12:36:00,14200,14319,0,saved,"(512, 512, 6)",gs://suryabench-sharp-pipeline-bamidele/jsoc_2025_2026_production_v1/samples_npz/2025/20251228_1236_HARP14200_NOAA14319.npz,success,2026-06-28T12:51:03.175763+00:00
20251228_1412_HARP14200_NOAA14319,2025_HARP14200_20251227_1900_20251228_1724,2025-12-28 14:12:00,14200,14319,0,saved,"(512, 512, 6)",gs://suryabench-sharp-pipeline-bamidele/jsoc_2025_2026_production_v1/samples_npz/2025/20251228_1412_HARP14200_NOAA14319.npz,success,2026-06-28T12:51:11.071924+00:00
20251228_1548_HARP14200_NOAA14319,2025_HARP14200_20251227_1900_20251228_1724,2025-12-28 15:48:00,14200,14319,0,saved,"(512, 512, 6)",gs://suryabench-sharp-pipeline-bamidele/jsoc_2025_2026_production_v1/samples_npz/2025/20251228_1548_HARP14200_NOAA14319.npz,success,2026-06-28T12:51:18.929210+00:00
20251228_1724_HARP14200_NOAA14319,2025_HARP14200_20251227_1900_20251228_1724,2025-12-28 17:24:00,14200,14319,0,saved,"(512, 512, 6)",gs://suryabench-sharp-pipeline-bamidele/jsoc_2025_2026_production_v1/samples_npz/2025/20251228_1724_HARP14200_NOAA14319.npz,success,2026-06-28T12:51:26.527244+00:00
20251228_1736_HARP14205_NOAA14320,2025_HARP14205_20251228_1736_20251229_1600,2025-12-28 17:36:00,14205,14320,0,saved,"(512, 512, 6)",gs://suryabench-sharp-pipeline-bamidele/jsoc_2025_2026_production_v1/samples_npz/2025/20251228_1736_HARP14205_NOAA14320.npz,success,2026-06-28T13:03:05.793769+00:00
20251228_1912_HARP14205_NOAA14320,2025_HARP14205_20251228_1736_20251229_1600,2025-12-28 19:12:00,14205,14320,0,saved,"(512, 512, 6)",gs://suryabench-sharp-pipeline-bamidele/jsoc_2025_2026_production_v1/samples_npz/2025/20251228_1912_HARP14205_NOAA14320.npz,success,2026-06-28T13:03:13.595303+00:00
20251228_2048_HARP14205_NOAA14320,2025_HARP14205_20251228_1736_20251229_1600,2025-12-28 20:48:00,14205,14320,0,saved,"(512, 512, 6)",gs://suryabench-sharp-pipeline-bamidele/jsoc_2025_2026_production_v1/samples_npz/2025/20251228_2048_HARP14205_NOAA14320.npz,success,2026-06-28T13:03:21.233225+00:00
20251228_2224_HARP14205_NOAA14320,2025_HARP14205_20251228_1736_20251229_1600,2025-12-28 22:24:00,14205,14320,0,saved,"(512, 512, 6)",gs://suryabench-sharp-pipeline-bamidele/jsoc_2025_2026_production_v1/samples_npz/2025/20251228_2224_HARP14205_NOAA14320.npz,success,2026-06-28T13:03:29.127002+00:00
20251229_0000_HARP14205_NOAA14320,2025_HARP14205_20251228_1736_20251229_1600,2025-12-29 00:00:00,14205,14320,0,saved,"(512, 512, 6)",gs://suryabench-sharp-pipeline-bamidele/jsoc_2025_2026_production_v1/samples_npz/2025/20251229_0000_HARP14205_NOAA14320.npz,success,2026-06-28T13:03:36.988560+00:00
20251229_0136_HARP14205_NOAA14320,2025_HARP14205_20251228_1736_20251229_1600,2025-12-29 01:36:00,14205,14320,0,saved,"(512, 512, 6)",gs://suryabench-sharp-pipeline-bamidele/jsoc_2025_2026_production_v1/samples_npz/2025/20251229_0136_HARP14205_NOAA14320.npz,success,2026-06-28T13:03:44.656229+00:00
20251229_0312_HARP14205_NOAA14320,2025_HARP14205_20251228_1736_20251229_1600,2025-12-29 03:12:00,14205,14320,0,saved,"(512, 512, 6)",gs://suryabench-sharp-pipeline-bamidele/jsoc_2025_2026_production_v1/samples_npz/2025/20251229_0312_HARP14205_NOAA14320.npz,success,2026-06-28T13:03:52.947880+00:00
20251229_0448_HARP14205_NOAA14320,2025_HARP14205_20251228_1736_20251229_1600,2025-12-29 04:48:00,14205,14320,0,saved,"(512, 512, 6)",gs://suryabench-sharp-pipeline-bamidele/jsoc_2025_2026_production_v1/samples_npz/2025/20251229_0448_HARP14205_NOAA14320.npz,success,2026-06-28T13:04:00.821348+00:00
20251229_0624_HARP14205_NOAA14320,2025_HARP14205_20251228_1736_20251229_1600,2025-12-29 06:24:00,14205,14320,0,saved,"(512, 512, 6)",gs://suryabench-sharp-pipeline-bamidele/jsoc_2025_2026_production_v1/samples_npz/2025/20251229_0624_HARP14205_NOAA14320.npz,success,2026-06-28T13:04:08.509989+00:00
20251229_0800_HARP14205_NOAA14320,2025_HARP14205_20251228_1736_20251229_1600,2025-12-29 08:00:00,14205,14320,0,saved,"(512, 512, 6)",gs://suryabench-sharp-pipeline-bamidele/jsoc_2025_2026_production_v1/samples_npz/2025/20251229_0800_HARP14205_NOAA14320.npz,success,2026-06-28T13:04:15.959867+00:00
20251229_0936_HARP14205_NOAA14320,2025_HARP14205_20251228_1736_20251229_1600,2025-12-29 09:36:00,14205,14320,0,saved,"(512, 512, 6)",gs://suryabench-sharp-pipeline-bamidele/jsoc_2025_2026_production_v1/samples_npz/2025/20251229_0936_HARP14205_NOAA14320.npz,success,2026-06-28T13:04:23.697156+00:00
20251229_1112_HARP14205_NOAA14320,2025_HARP14205_20251228_1736_20251229_1600,2025-12-29 11:12:00,14205,14320,0,saved,"(512, 512, 6)",gs://suryabench-sharp-pipeline-bamidele/jsoc_2025_2026_production_v1/samples_npz/2025/20251229_1112_HARP14205_NOAA14320.npz,success,2026-06-28T13:04:31.426497+00:00
20251229_1248_HARP14205_NOAA14320,2025_HARP14205_20251228_1736_20251229_1600,2025-12-29 12:48:00,14205,14320,0,saved,"(512, 512, 6)",gs://suryabench-sharp-pipeline-bamidele/jsoc_2025_2026_production_v1/samples_npz/2025/20251229_1248_HARP14205_NOAA14320.npz,success,2026-06-28T13:04:39.076993+00:00
20251229_1424_HARP14205_NOAA14320,2025_HARP14205_20251228_1736_20251229_1600,2025-12-29 14:24:00,14205,14320,0,saved,"(512, 512, 6)",gs://suryabench-sharp-pipeline-bamidele/jsoc_2025_2026_production_v1/samples_npz/2025/20251229_1424_HARP14205_NOAA14320.npz,success,2026-06-28T13:04:46.825098+00:00
20251229_1600_HARP14205_NOAA14320,2025_HARP14205_20251228_1736_20251229_1600,2025-12-29 16:00:00,14205,14320,0,saved,"(512, 512, 6)",gs://suryabench-sharp-pipeline-bamidele/jsoc_2025_2026_production_v1/samples_npz/2025/20251229_1600_HARP14205_NOAA14320.npz,success,2026-06-28T13:04:54.951368+00:00
20251229_1900_HARP14200_NOAA14319,2025_HARP14200_20251229_1900_20251230_0436,2025-12-29 19:00:00,14200,14319,0,saved,"(512, 512, 6)",gs://suryabench-sharp-pipeline-bamidele/jsoc_2025_2026_production_v1/samples_npz/2025/20251229_1900_HARP14200_NOAA14319.npz,success,2026-06-28T13:14:20.477422+00:00
20251229_2036_HARP14200_NOAA14319,2025_HARP14200_20251229_1900_20251230_0436,2025-12-29 20:36:00,14200,14319,0,saved,"(512, 512, 6)",gs://suryabench-sharp-pipeline-bamidele/jsoc_2025_2026_production_v1/samples_npz/2025/20251229_2036_HARP14200_NOAA14319.npz,success,2026-06-28T13:14:27.739919+00:00
20251229_2212_HARP14200_NOAA14319,2025_HARP14200_20251229_1900_20251230_0436,2025-12-29 22:12:00,14200,14319,0,saved,"(512, 512, 6)",gs://suryabench-sharp-pipeline-bamidele/jsoc_2025_2026_production_v1/samples_npz/2025/20251229_2212_HARP14200_NOAA14319.npz,success,2026-06-28T13:14:35.389689+00:00
20251229_2348_HARP14200_NOAA14319,2025_HARP14200_20251229_1900_20251230_0436,2025-12-29 23:48:00,14200,14319,0,saved,"(512, 512, 6)",gs://suryabench-sharp-pipeline-bamidele/jsoc_2025_2026_production_v1/samples_npz/2025/20251229_2348_HARP14200_NOAA14319.npz,success,2026-06-28T13:14:42.592551+00:00
20251230_0124_HARP14200_NOAA14319,2025_HARP14200_20251229_1900_20251230_0436,2025-12-30 01:24:00,14200,14319,0,saved,"(512, 512, 6)",gs://suryabench-sharp-pipeline-bamidele/jsoc_2025_2026_production_v1/samples_npz/2025/20251230_0124_HARP14200_NOAA14319.npz,success,2026-06-28T13:14:49.524088+00:00
20251230_0300_HARP14200_NOAA14319,2025_HARP14200_20251229_1900_20251230_0436,2025-12-30 03:00:00,14200,14319,0,saved,"(512, 512, 6)",gs://suryabench-sharp-pipeline-bamidele/jsoc_2025_2026_production_v1/samples_npz/2025/20251230_0300_HARP14200_NOAA14319.npz,success,2026-06-28T13:14:56.723485+00:00
20251230_0436_HARP14200_NOAA14319,2025_HARP14200_20251229_1900_20251230_0436,2025-12-30 04:36:00,14200,14319,0,saved,"(512, 512, 6)",gs://suryabench-sharp-pipeline-bamidele/jsoc_2025_2026_production_v1/samples_npz/2025/20251230_0436_HARP14200_NOAA14319.npz,success,2026-06-28T13:15:03.834453+00:00
20251230_1612_HARP14220_NOAA14324,2025_HARP14220_20251230_1612_20251230_1748,2025-12-30 16:12:00,14220,14324,1,saved,"(512, 512, 6)",gs://suryabench-sharp-pipeline-bamidele/jsoc_2025_2026_production_v1/samples_npz/2025/20251230_1612_HARP14220_NOAA14324.npz,success,2026-06-28T13:22:05.044138+00:00
20251230_1748_HARP14220_NOAA14324,2025_HARP14220_20251230_1612_20251230_1748,2025-12-30 17:48:00,14220,14324,1,saved,"(512, 512, 6)",gs://suryabench-sharp-pipeline-bamidele/jsoc_2025_2026_production_v1/samples_npz/2025/20251230_1748_HARP14220_NOAA14324.npz,success,2026-06-28T13:22:11.997405+00:00
20251231_2124_HARP14220_NOAA14324,2025_HARP14220_20251231_2124_20251231_2300,2025-12-31 21:24:00,14220,14324,0,saved,"(512, 512, 6)",gs://suryabench-sharp-pipeline-bamidele/jsoc_2025_2026_production_v1/samples_npz/2025/20251231_2124_HARP14220_NOAA14324.npz,success,2026-06-28T13:30:27.625796+00:00
20251231_2300_HARP14220_NOAA14324,2025_HARP14220_20251231_2124_20251231_2300,2025-12-31 23:00:00,14220,14324,0,saved,"(512, 512, 6)",gs://suryabench-sharp-pipeline-bamidele/jsoc_2025_2026_production_v1/samples_npz/2025/20251231_2300_HARP14220_NOAA14324.npz,success,2026-06-28T13:30:34.624426+00:00
20250119_1124_HARP12589_NOAA13961,2025_HARP12589_20250119_1124_20250120_0500,2025-01-19 11:24:00,12589,13961,0,error,,,"ValueError('Target crop leaves block patch: bounds=(61, 1845, 40, 1823), shape=(1834, 1834)')",2026-06-30T08:50:59.832144+00:00
20250119_1300_HARP12589_NOAA13961,2025_HARP12589_20250119_1124_20250120_0500,2025-01-19 13:00:00,12589,13961,0,error,,,"ValueError('Target crop leaves block patch: bounds=(52, 1847, 34, 1829), shape=(1834, 1834)')",2026-06-30T08:51:01.993771+00:00
20250119_1612_HARP12589_NOAA13961,2025_HARP12589_20250119_1124_20250120_0500,2025-01-19 16:12:00,12589,13961,0,error,,,"ValueError('Target crop leaves block patch: bounds=(31, 1838, 16, 1823), shape=(1834, 1834)')",2026-06-30T08:51:04.036116+00:00
20250119_1748_HARP12589_NOAA13961,2025_HARP12589_20250119_1124_20250120_0500,2025-01-19 17:48:00,12589,13961,0,error,,,"ValueError('Target crop leaves block patch: bounds=(22, 1840, 9, 1827), shape=(1834, 1834)')",2026-06-30T08:51:06.110588+00:00
20250119_1924_HARP12589_NOAA13961,2025_HARP12589_20250119_1124_20250120_0500,2025-01-19 19:24:00,12589,13961,0,error,,,"ValueError('Target crop leaves block patch: bounds=(13, 1843, 2, 1833), shape=(1834, 1834)')",2026-06-30T08:51:08.188548+00:00
20250119_2100_HARP12589_NOAA13961,2025_HARP12589_20250119_1124_20250120_0500,2025-01-19 21:00:00,12589,13961,0,error,,,"ValueError('Target crop leaves block patch: bounds=(3, 1847, -6, 1838), shape=(1834, 1834)')",2026-06-30T08:51:10.357690+00:00
20250119_2236_HARP12589_NOAA13961,2025_HARP12589_20250119_1124_20250120_0500,2025-01-19 22:36:00,12589,13961,0,error,,,"ValueError('Target crop leaves block patch: bounds=(-12, 1851, -16, 1846), shape=(1834, 1834)')",2026-06-30T08:51:12.425247+00:00
20250120_0012_HARP12589_NOAA13961,2025_HARP12589_20250119_1124_20250120_0500,2025-01-20 00:12:00,12589,13961,0,error,,,"ValueError('Target crop leaves block patch: bounds=(-27, 1854, -25, 1855), shape=(1834, 1834)')",2026-06-30T08:51:14.542738+00:00
20250120_0148_HARP12589_NOAA13961,2025_HARP12589_20250119_1124_20250120_0500,2025-01-20 01:48:00,12589,13961,0,error,,,"ValueError('Target crop leaves block patch: bounds=(-36, 1855, -28, 1864), shape=(1834, 1834)')",2026-06-30T08:51:17.367240+00:00
20250120_0324_HARP12589_NOAA13961,2025_HARP12589_20250119_1124_20250120_0500,2025-01-20 03:24:00,12589,13961,0,error,,,"ValueError('Target crop leaves block patch: bounds=(-48, 1856, -35, 1869), shape=(1834, 1834)')",2026-06-30T08:51:20.174470+00:00
20250120_0500_HARP12589_NOAA13961,2025_HARP12589_20250119_1124_20250120_0500,2025-01-20 05:00:00,12589,13961,0,error,,,"ValueError('Target crop leaves block patch: bounds=(-60, 1856, -42, 1874), shape=(1834, 1834)')",2026-06-30T08:51:22.410212+00:00
20250120_1100_HARP12589_NOAA13961,2025_HARP12589_20250120_1100_20250120_1724,2025-01-20 11:00:00,12589,13961,1,error,,,"ValueError('Target crop leaves block patch: bounds=(-57, 1897, -60, 1894), shape=(1834, 1834)')",2026-06-30T08:51:27.416819+00:00
20250120_1236_HARP12589_NOAA13961,2025_HARP12589_20250120_1100_20250120_1724,2025-01-20 12:36:00,12589,13961,1,error,,,"ValueError('Target crop leaves block patch: bounds=(-65, 1900, -66, 1899), shape=(1834, 1834)')",2026-06-30T08:51:29.510413+00:00
20250120_1412_HARP12589_NOAA13961,2025_HARP12589_20250120_1100_20250120_1724,2025-01-20 14:12:00,12589,13961,1,error,,,"ValueError('Target crop leaves block patch: bounds=(-70, 1903, -70, 1903), shape=(1834, 1834)')",2026-06-30T08:51:31.576982+00:00
20250120_1548_HARP12589_NOAA13961,2025_HARP12589_20250120_1100_20250120_1724,2025-01-20 15:48:00,12589,13961,1,error,,,"ValueError('Target crop leaves block patch: bounds=(-76, 1904, -74, 1906), shape=(1834, 1834)')",2026-06-30T08:51:33.654113+00:00
20250120_1724_HARP12589_NOAA13961,2025_HARP12589_20250120_1100_20250120_1724,2025-01-20 17:24:00,12589,13961,1,error,,,"ValueError('Target crop leaves block patch: bounds=(-87, 1907, -80, 1913), shape=(1834, 1834)')",2026-06-30T08:51:35.758436+00:00
20250123_0924_HARP12589_NOAA13961,2025_HARP12589_20250123_0924_20250123_2224,2025-01-23 09:24:00,12589,13961,1,error,,,"ValueError('Target crop leaves block patch: bounds=(-48, 1881, -48, 1880), shape=(1834, 1834)')",2026-06-30T08:51:45.673352+00:00
20250123_1112_HARP12589_NOAA13961,2025_HARP12589_20250123_0924_20250123_2224,2025-01-23 11:12:00,12589,13961,1,error,,,"ValueError('Target crop leaves block patch: bounds=(-23, 1898, -46, 1876), shape=(1834, 1834)')",2026-06-30T08:51:47.745474+00:00
20250123_1248_HARP12589_NOAA13961,2025_HARP12589_20250123_0924_20250123_2224,2025-01-23 12:48:00,12589,13961,1,error,,,"ValueError('Target crop leaves block patch: bounds=(-22, 1890, -41, 1872), shape=(1834, 1834)')",2026-06-30T08:51:49.912492+00:00
20250123_1424_HARP12589_NOAA13961,2025_HARP12589_20250123_0924_20250123_2224,2025-01-23 14:24:00,12589,13961,1,error,,,"ValueError('Target crop leaves block patch: bounds=(-19, 1880, -34, 1865), shape=(1834, 1834)')",2026-06-30T08:51:52.189859+00:00
20250123_1600_HARP12589_NOAA13961,2025_HARP12589_20250123_0924_20250123_2224,2025-01-23 16:00:00,12589,13961,1,error,,,"ValueError('Target crop leaves block patch: bounds=(-14, 1870, -26, 1858), shape=(1834, 1834)')",2026-06-30T08:51:54.294825+00:00
20250123_1736_HARP12589_NOAA13961,2025_HARP12589_20250123_0924_20250123_2224,2025-01-23 17:36:00,12589,13961,1,error,,,"ValueError('Target crop leaves block patch: bounds=(-11, 1860, -19, 1852), shape=(1834, 1834)')",2026-06-30T08:51:56.548275+00:00
20250123_1912_HARP12589_NOAA13961,2025_HARP12589_20250123_0924_20250123_2224,2025-01-23 19:12:00,12589,13961,1,error,,,"ValueError('Target crop leaves block patch: bounds=(-7, 1849, -11, 1845), shape=(1834, 1834)')",2026-06-30T08:51:58.802748+00:00
20250123_2048_HARP12589_NOAA13961,2025_HARP12589_20250123_0924_20250123_2224,2025-01-23 20:48:00,12589,13961,1,error,,,"ValueError('Target crop leaves block patch: bounds=(-3, 1837, -3, 1836), shape=(1834, 1834)')",2026-06-30T08:52:00.990710+00:00
20250303_1436_HARP12808_NOAA14006,2025_HARP12808_20250303_1436_20250303_1748,2025-03-03 14:36:00,12808,14006,0,error,,,"ValueError('Target crop leaves block patch: bounds=(-168, 2009, -174, 2003), shape=(1834, 1834)')",2026-06-30T08:55:52.042067+00:00
20250303_1612_HARP12808_NOAA14006,2025_HARP12808_20250303_1436_20250303_1748,2025-03-03 16:12:00,12808,14006,0,error,,,"ValueError('Target crop leaves block patch: bounds=(-167, 2000, -167, 2000), shape=(1834, 1834)')",2026-06-30T08:55:54.083314+00:00
20250303_1748_HARP12808_NOAA14006,2025_HARP12808_20250303_1436_20250303_1748,2025-03-03 17:48:00,12808,14006,0,error,,,"ValueError('Target crop leaves block patch: bounds=(-165, 1990, -157, 1998), shape=(1834, 1834)')",2026-06-30T08:55:56.119039+00:00
20250328_0212_HARP12961_NOAA14039,2025_HARP12961_20250328_0212_20250329_0036,2025-03-28 02:12:00,12961,14039,0,error,,,"ValueError('Target crop leaves block patch: bounds=(-180, 2101, -219, 2062), shape=(1834, 1834)')",2026-06-30T08:58:18.131997+00:00
20250328_0348_HARP12961_NOAA14039,2025_HARP12961_20250328_0212_20250329_0036,2025-03-28 03:48:00,12961,14039,0,error,,,"ValueError('Target crop leaves block patch: bounds=(-197, 2101, -230, 2069), shape=(1834, 1834)')",2026-06-30T08:58:20.205111+00:00
20250328_0524_HARP12961_NOAA14039,2025_HARP12961_20250328_0212_20250329_0036,2025-03-28 05:24:00,12961,14039,0,error,,,"ValueError('Target crop leaves block patch: bounds=(-208, 2100, -235, 2073), shape=(1834, 1834)')",2026-06-30T08:58:22.276019+00:00
20250328_0700_HARP12961_NOAA14039,2025_HARP12961_20250328_0212_20250329_0036,2025-03-28 07:00:00,12961,14039,0,error,,,"ValueError('Target crop leaves block patch: bounds=(-218, 2099, -240, 2077), shape=(1834, 1834)')",2026-06-30T08:58:24.346109+00:00
20250328_0836_HARP12961_NOAA14039,2025_HARP12961_20250328_0212_20250329_0036,2025-03-28 08:36:00,12961,14039,0,error,,,"ValueError('Target crop leaves block patch: bounds=(-233, 2098, -244, 2087), shape=(1834, 1834)')",2026-06-30T08:58:26.353668+00:00
20250328_1012_HARP12961_NOAA14039,2025_HARP12961_20250328_0212_20250329_0036,2025-03-28 10:12:00,12961,14039,0,error,,,"ValueError('Target crop leaves block patch: bounds=(-243, 2097, -249, 2091), shape=(1834, 1834)')",2026-06-30T08:58:28.415717+00:00
20250328_1148_HARP12961_NOAA14039,2025_HARP12961_20250328_0212_20250329_0036,2025-03-28 11:48:00,12961,14039,0,error,,,"ValueError('Target crop leaves block patch: bounds=(-252, 2095, -252, 2095), shape=(1834, 1834)')",2026-06-30T08:58:30.447204+00:00
20250328_1324_HARP12961_NOAA14039,2025_HARP12961_20250328_0212_20250329_0036,2025-03-28 13:24:00,12961,14039,0,error,,,"ValueError('Target crop leaves block patch: bounds=(-260, 2093, -260, 2093), shape=(1834, 1834)')",2026-06-30T08:58:32.488144+00:00
20250328_1500_HARP12961_NOAA14039,2025_HARP12961_20250328_0212_20250329_0036,2025-03-28 15:00:00,12961,14039,0,error,,,"ValueError('Target crop leaves block patch: bounds=(-268, 2090, -266, 2092), shape=(1834, 1834)')",2026-06-30T08:58:34.513047+00:00
20250328_1636_HARP12961_NOAA14039,2025_HARP12961_20250328_0212_20250329_0036,2025-03-28 16:36:00,12961,14039,0,error,,,"ValueError('Target crop leaves block patch: bounds=(-275, 2087, -271, 2092), shape=(1834, 1834)')",2026-06-30T08:58:36.546302+00:00
20250328_1812_HARP12961_NOAA14039,2025_HARP12961_20250328_0212_20250329_0036,2025-03-28 18:12:00,12961,14039,0,error,,,"ValueError('Target crop leaves block patch: bounds=(-286, 2083, -275, 2094), shape=(1834, 1834)')",2026-06-30T08:58:38.599285+00:00
20250328_1948_HARP12961_NOAA14039,2025_HARP12961_20250328_0212_20250329_0036,2025-03-28 19:48:00,12961,14039,0,error,,,"ValueError('Target crop leaves block patch: bounds=(-295, 2081, -278, 2098), shape=(1834, 1834)')",2026-06-30T08:58:40.640278+00:00
20250328_2124_HARP12961_NOAA14039,2025_HARP12961_20250328_0212_20250329_0036,2025-03-28 21:24:00,12961,14039,0,error,,,"ValueError('Target crop leaves block patch: bounds=(-304, 2077, -279, 2102), shape=(1834, 1834)')",2026-06-30T08:58:42.695046+00:00
20250328_2300_HARP12961_NOAA14039,2025_HARP12961_20250328_0212_20250329_0036,2025-03-28 23:00:00,12961,14039,0,error,,,"ValueError('Target crop leaves block patch: bounds=(-312, 2074, -281, 2105), shape=(1834, 1834)')",2026-06-30T08:58:44.751589+00:00
20250329_0036_HARP12961_NOAA14039,2025_HARP12961_20250328_0212_20250329_0036,2025-03-29 00:36:00,12961,14039,0,error,,,"ValueError('Target crop leaves block patch: bounds=(-320, 2068, -281, 2107), shape=(1834, 1834)')",2026-06-30T08:58:46.817486+00:00
20250329_0524_HARP12961_NOAA14039,2025_HARP12961_20250329_0524_20250329_1812,2025-03-29 05:24:00,12961,14039,0,error,,,"ValueError('Target crop leaves block patch: bounds=(-263, 2134, -284, 2112), shape=(1834, 1834)')",2026-06-30T08:58:52.529633+00:00
20250329_0700_HARP12961_NOAA14039,2025_HARP12961_20250329_0524_20250329_1812,2025-03-29 07:00:00,12961,14039,0,error,,,"ValueError('Target crop leaves block patch: bounds=(-269, 2129, -285, 2113), shape=(1834, 1834)')",2026-06-30T08:58:54.550187+00:00
20250329_0836_HARP12961_NOAA14039,2025_HARP12961_20250329_0524_20250329_1812,2025-03-29 08:36:00,12961,14039,0,error,,,"ValueError('Target crop leaves block patch: bounds=(-273, 2125, -284, 2115), shape=(1834, 1834)')",2026-06-30T08:58:56.571712+00:00
20250329_1012_HARP12961_NOAA14039,2025_HARP12961_20250329_0524_20250329_1812,2025-03-29 10:12:00,12961,14039,0,error,,,"ValueError('Target crop leaves block patch: bounds=(-278, 2119, -283, 2115), shape=(1834, 1834)')",2026-06-30T08:58:58.656945+00:00
20250329_1148_HARP12961_NOAA14039,2025_HARP12961_20250329_0524_20250329_1812,2025-03-29 11:48:00,12961,14039,0,error,,,"ValueError('Target crop leaves block patch: bounds=(-282, 2115, -282, 2115), shape=(1834, 1834)')",2026-06-30T08:59:00.716500+00:00
20250329_1324_HARP12961_NOAA14039,2025_HARP12961_20250329_0524_20250329_1812,2025-03-29 13:24:00,12961,14039,0,error,,,"ValueError('Target crop leaves block patch: bounds=(-285, 2109, -280, 2114), shape=(1834, 1834)')",2026-06-30T08:59:02.776175+00:00
20250329_1500_HARP12961_NOAA14039,2025_HARP12961_20250329_0524_20250329_1812,2025-03-29 15:00:00,12961,14039,0,error,,,"ValueError('Target crop leaves block patch: bounds=(-288, 2103, -277, 2115), shape=(1834, 1834)')",2026-06-30T08:59:04.821874+00:00
20250329_1636_HARP12961_NOAA14039,2025_HARP12961_20250329_0524_20250329_1812,2025-03-29 16:36:00,12961,14039,0,error,,,"ValueError('Target crop leaves block patch: bounds=(-291, 2097, -275, 2113), shape=(1834, 1834)')",2026-06-30T08:59:06.890366+00:00
20250329_1812_HARP12961_NOAA14039,2025_HARP12961_20250329_0524_20250329_1812,2025-03-29 18:12:00,12961,14039,0,error,,,"ValueError('Target crop leaves block patch: bounds=(-294, 2090, -272, 2112), shape=(1834, 1834)')",2026-06-30T08:59:08.952345+00:00
20250330_2300_HARP12961_NOAA14039,2025_HARP12961_20250330_2300_20250331_1812,2025-03-30 23:00:00,12961,14039,0,error,,,"ValueError('Target crop leaves block patch: bounds=(-164, 2078, -214, 2028), shape=(1834, 1834)')",2026-06-30T08:59:15.108032+00:00
20250331_0036_HARP12961_NOAA14039,2025_HARP12961_20250330_2300_20250331_1812,2025-03-31 00:36:00,12961,14039,0,error,,,"ValueError('Target crop leaves block patch: bounds=(-164, 2065, -206, 2023), shape=(1834, 1834)')",2026-06-30T08:59:17.089618+00:00
20250331_0212_HARP12961_NOAA14039,2025_HARP12961_20250330_2300_20250331_1812,2025-03-31 02:12:00,12961,14039,0,error,,,"ValueError('Target crop leaves block patch: bounds=(-172, 2054, -200, 2026), shape=(1834, 1834)')",2026-06-30T08:59:19.133452+00:00
20250331_0348_HARP12961_NOAA14039,2025_HARP12961_20250330_2300_20250331_1812,2025-03-31 03:48:00,12961,14039,0,error,,,"ValueError('Target crop leaves block patch: bounds=(-176, 2042, -193, 2024), shape=(1834, 1834)')",2026-06-30T08:59:21.170164+00:00
20250331_0524_HARP12961_NOAA14039,2025_HARP12961_20250330_2300_20250331_1812,2025-03-31 05:24:00,12961,14039,0,error,,,"ValueError('Target crop leaves block patch: bounds=(-174, 2029, -184, 2019), shape=(1834, 1834)')",2026-06-30T08:59:23.223256+00:00
20250331_0700_HARP12961_NOAA14039,2025_HARP12961_20250330_2300_20250331_1812,2025-03-31 07:00:00,12961,14039,0,error,,,"ValueError('Target crop leaves block patch: bounds=(-171, 2016, -177, 2010), shape=(1834, 1834)')",2026-06-30T08:59:25.314398+00:00
20250331_0836_HARP12961_NOAA14039,2025_HARP12961_20250330_2300_20250331_1812,2025-03-31 08:36:00,12961,14039,0,error,,,"ValueError('Target crop leaves block patch: bounds=(-169, 2002, -169, 2002), shape=(1834, 1834)')",2026-06-30T08:59:27.419350+00:00
20250331_1012_HARP12961_NOAA14039,2025_HARP12961_20250330_2300_20250331_1812,2025-03-31 10:12:00,12961,14039,0,error,,,"ValueError('Target crop leaves block patch: bounds=(-171, 1990, -164, 1997), shape=(1834, 1834)')",2026-06-30T08:59:29.498777+00:00
20250331_1148_HARP12961_NOAA14039,2025_HARP12961_20250330_2300_20250331_1812,2025-03-31 11:48:00,12961,14039,0,error,,,"ValueError('Target crop leaves block patch: bounds=(-168, 1978, -155, 1991), shape=(1834, 1834)')",2026-06-30T08:59:31.550364+00:00
20250331_1324_HARP12961_NOAA14039,2025_HARP12961_20250330_2300_20250331_1812,2025-03-31 13:24:00,12961,14039,0,error,,,"ValueError('Target crop leaves block patch: bounds=(-165, 1964, -146, 1983), shape=(1834, 1834)')",2026-06-30T08:59:34.292102+00:00
20250331_1500_HARP12961_NOAA14039,2025_HARP12961_20250330_2300_20250331_1812,2025-03-31 15:00:00,12961,14039,0,error,,,"ValueError('Target crop leaves block patch: bounds=(-159, 1950, -135, 1974), shape=(1834, 1834)')",2026-06-30T08:59:36.402538+00:00
20250331_1636_HARP12961_NOAA14039,2025_HARP12961_20250330_2300_20250331_1812,2025-03-31 16:36:00,12961,14039,0,error,,,"ValueError('Target crop leaves block patch: bounds=(-155, 1934, -124, 1965), shape=(1834, 1834)')",2026-06-30T08:59:38.500731+00:00
20250331_1812_HARP12961_NOAA14039,2025_HARP12961_20250330_2300_20250331_1812,2025-03-31 18:12:00,12961,14039,0,error,,,"ValueError('Target crop leaves block patch: bounds=(-149, 1918, -112, 1955), shape=(1834, 1834)')",2026-06-30T08:59:40.556108+00:00
20250401_0036_HARP12961_NOAA14039,2025_HARP12961_20250401_0036_20250401_0036,2025-04-01 00:36:00,12961,14039,0,error,,,"ValueError('Target crop leaves block patch: bounds=(-22, 1854, -21, 1855), shape=(1834, 1834)')",2026-06-30T08:59:44.655352+00:00
20250714_1936_HARP13476_NOAA14136,2025_HARP13476_20250714_1936_20250715_0512,2025-07-14 19:36:00,13476,14136,0,error,,,"ValueError('Target crop leaves block patch: bounds=(13, 1838, 6, 1831), shape=(1834, 1834)')",2026-06-30T09:09:31.730907+00:00
20250714_2112_HARP13476_NOAA14136,2025_HARP13476_20250714_1936_20250715_0512,2025-07-14 21:12:00,13476,14136,0,error,,,"ValueError('Target crop leaves block patch: bounds=(7, 1835, 4, 1832), shape=(1834, 1834)')",2026-06-30T09:09:33.840717+00:00
20250715_0512_HARP13476_NOAA14136,2025_HARP13476_20250714_1936_20250715_0512,2025-07-15 05:12:00,13476,14136,0,error,,,"ValueError('Target crop leaves block patch: bounds=(-1, 1813, 7, 1821), shape=(1834, 1834)')",2026-06-30T09:09:35.939296+00:00
20250724_1700_HARP13524_NOAA14149,2025_HARP13524_20250724_1036_20250725_0112,2025-07-24 17:00:00,13524,14149,0,error,,,"ValueError('Target crop leaves block patch: bounds=(7, 1819, -9, 1803), shape=(1834, 1834)')",2026-06-30T09:10:07.158445+00:00
20250724_1836_HARP13524_NOAA14149,2025_HARP13524_20250724_1036_20250725_0112,2025-07-24 18:36:00,13524,14149,0,error,,,"ValueError('Target crop leaves block patch: bounds=(4, 1819, -10, 1805), shape=(1834, 1834)')",2026-06-30T09:10:10.047162+00:00
20250724_2012_HARP13524_NOAA14149,2025_HARP13524_20250724_1036_20250725_0112,2025-07-24 20:12:00,13524,14149,0,error,,,"ValueError('Target crop leaves block patch: bounds=(0, 1819, -11, 1807), shape=(1834, 1834)')",2026-06-30T09:10:12.771709+00:00
20250725_0112_HARP13524_NOAA14149,2025_HARP13524_20250724_1036_20250725_0112,2025-07-25 01:12:00,13524,14149,0,error,,,"ValueError('Target crop leaves block patch: bounds=(-4, 1842, -5, 1841), shape=(1834, 1834)')",2026-06-30T09:10:15.809538+00:00
20250825_1936_HARP13673_NOAA14190,2025_HARP13673_20250825_1936_20250826_1624,2025-08-25 19:36:00,13673,14190,0,saved,"(512, 512, 6)",gs://suryabench-sharp-pipeline-bamidele/jsoc_2025_2026_production_v1/samples_npz/2025/20250825_1936_HARP13673_NOAA14190.npz,success,2026-06-30T09:16:28.784219+00:00
20250825_2112_HARP13673_NOAA14190,2025_HARP13673_20250825_1936_20250826_1624,2025-08-25 21:12:00,13673,14190,0,saved,"(512, 512, 6)",gs://suryabench-sharp-pipeline-bamidele/jsoc_2025_2026_production_v1/samples_npz/2025/20250825_2112_HARP13673_NOAA14190.npz,success,2026-06-30T09:16:35.514832+00:00
20250825_2248_HARP13673_NOAA14190,2025_HARP13673_20250825_1936_20250826_1624,2025-08-25 22:48:00,13673,14190,0,saved,"(512, 512, 6)",gs://suryabench-sharp-pipeline-bamidele/jsoc_2025_2026_production_v1/samples_npz/2025/20250825_2248_HARP13673_NOAA14190.npz,success,2026-06-30T09:16:42.574823+00:00
20250826_0024_HARP13673_NOAA14190,2025_HARP13673_20250825_1936_20250826_1624,2025-08-26 00:24:00,13673,14190,0,saved,"(512, 512, 6)",gs://suryabench-sharp-pipeline-bamidele/jsoc_2025_2026_production_v1/samples_npz/2025/20250826_0024_HARP13673_NOAA14190.npz,success,2026-06-30T09:16:50.533007+00:00
20250826_0200_HARP13673_NOAA14190,2025_HARP13673_20250825_1936_20250826_1624,2025-08-26 02:00:00,13673,14190,0,saved,"(512, 512, 6)",gs://suryabench-sharp-pipeline-bamidele/jsoc_2025_2026_production_v1/samples_npz/2025/20250826_0200_HARP13673_NOAA14190.npz,success,2026-06-30T09:16:56.761052+00:00
20250826_0336_HARP13673_NOAA14190,2025_HARP13673_20250825_1936_20250826_1624,2025-08-26 03:36:00,13673,14190,0,saved,"(512, 512, 6)",gs://suryabench-sharp-pipeline-bamidele/jsoc_2025_2026_production_v1/samples_npz/2025/20250826_0336_HARP13673_NOAA14190.npz,success,2026-06-30T09:17:03.037277+00:00
20250826_0512_HARP13673_NOAA14190,2025_HARP13673_20250825_1936_20250826_1624,2025-08-26 05:12:00,13673,14190,0,saved,"(512, 512, 6)",gs://suryabench-sharp-pipeline-bamidele/jsoc_2025_2026_production_v1/samples_npz/2025/20250826_0512_HARP13673_NOAA14190.npz,success,2026-06-30T09:17:09.481373+00:00
20250826_0648_HARP13673_NOAA14190,2025_HARP13673_20250825_1936_20250826_1624,2025-08-26 06:48:00,13673,14190,0,saved,"(512, 512, 6)",gs://suryabench-sharp-pipeline-bamidele/jsoc_2025_2026_production_v1/samples_npz/2025/20250826_0648_HARP13673_NOAA14190.npz,success,2026-06-30T09:17:15.779688+00:00
20250826_0824_HARP13673_NOAA14190,2025_HARP13673_20250825_1936_20250826_1624,2025-08-26 08:24:00,13673,14190,0,saved,"(512, 512, 6)",gs://suryabench-sharp-pipeline-bamidele/jsoc_2025_2026_production_v1/samples_npz/2025/20250826_0824_HARP13673_NOAA14190.npz,success,2026-06-30T09:17:22.195920+00:00
20250826_1000_HARP13673_NOAA14190,2025_HARP13673_20250825_1936_20250826_1624,2025-08-26 10:00:00,13673,14190,0,saved,"(512, 512, 6)",gs://suryabench-sharp-pipeline-bamidele/jsoc_2025_2026_production_v1/samples_npz/2025/20250826_1000_HARP13673_NOAA14190.npz,success,2026-06-30T09:17:28.637688+00:00
20250826_1136_HARP13673_NOAA14190,2025_HARP13673_20250825_1936_20250826_1624,2025-08-26 11:36:00,13673,14190,0,saved,"(512, 512, 6)",gs://suryabench-sharp-pipeline-bamidele/jsoc_2025_2026_production_v1/samples_npz/2025/20250826_1136_HARP13673_NOAA14190.npz,success,2026-06-30T09:17:35.060799+00:00
20250826_1312_HARP13673_NOAA14190,2025_HARP13673_20250825_1936_20250826_1624,2025-08-26 13:12:00,13673,14190,0,saved,"(512, 512, 6)",gs://suryabench-sharp-pipeline-bamidele/jsoc_2025_2026_production_v1/samples_npz/2025/20250826_1312_HARP13673_NOAA14190.npz,success,2026-06-30T09:17:41.424171+00:00
20250826_1448_HARP13673_NOAA14190,2025_HARP13673_20250825_1936_20250826_1624,2025-08-26 14:48:00,13673,14190,0,saved,"(512, 512, 6)",gs://suryabench-sharp-pipeline-bamidele/jsoc_2025_2026_production_v1/samples_npz/2025/20250826_1448_HARP13673_NOAA14190.npz,success,2026-06-30T09:17:47.523573+00:00
20250826_1624_HARP13673_NOAA14190,2025_HARP13673_20250825_1936_20250826_1624,2025-08-26 16:24:00,13673,14190,0,saved,"(512, 512, 6)",gs://suryabench-sharp-pipeline-bamidele/jsoc_2025_2026_production_v1/samples_npz/2025/20250826_1624_HARP13673_NOAA14190.npz,success,2026-06-30T09:17:53.631354+00:00
20250925_0736_HARP13801_NOAA14226,2025_HARP13801_20250925_0736_20250926_0424,2025-09-25 07:36:00,13801,14226,1,error,,,"ValueError('Target crop leaves block patch: bounds=(-22, 1921, -56, 1886), shape=(1834, 1834)')",2026-06-30T09:20:28.139055+00:00
20250925_0912_HARP13801_NOAA14226,2025_HARP13801_20250925_0736_20250926_0424,2025-09-25 09:12:00,13801,14226,1,error,,,"ValueError('Target crop leaves block patch: bounds=(-30, 1924, -64, 1890), shape=(1834, 1834)')",2026-06-30T09:20:30.196298+00:00
20250925_1048_HARP13801_NOAA14226,2025_HARP13801_20250925_0736_20250926_0424,2025-09-25 10:48:00,13801,14226,1,error,,,"ValueError('Target crop leaves block patch: bounds=(-38, 1927, -68, 1896), shape=(1834, 1834)')",2026-06-30T09:20:32.235927+00:00
20250925_1224_HARP13801_NOAA14226,2025_HARP13801_20250925_0736_20250926_0424,2025-09-25 12:24:00,13801,14226,1,error,,,"ValueError('Target crop leaves block patch: bounds=(-46, 1928, -74, 1900), shape=(1834, 1834)')",2026-06-30T09:20:34.268827+00:00
20250925_1400_HARP13801_NOAA14226,2025_HARP13801_20250925_0736_20250926_0424,2025-09-25 14:00:00,13801,14226,1,error,,,"ValueError('Target crop leaves block patch: bounds=(-61, 1931, -82, 1910), shape=(1834, 1834)')",2026-06-30T09:20:36.275579+00:00
20250925_1536_HARP13801_NOAA14226,2025_HARP13801_20250925_0736_20250926_0424,2025-09-25 15:36:00,13801,14226,1,error,,,"ValueError('Target crop leaves block patch: bounds=(-73, 1935, -89, 1919), shape=(1834, 1834)')",2026-06-30T09:20:38.321044+00:00
20250925_1712_HARP13801_NOAA14226,2025_HARP13801_20250925_0736_20250926_0424,2025-09-25 17:12:00,13801,14226,1,error,,,"ValueError('Target crop leaves block patch: bounds=(-81, 1938, -93, 1926), shape=(1834, 1834)')",2026-06-30T09:20:40.375993+00:00
20250925_1848_HARP13801_NOAA14226,2025_HARP13801_20250925_0736_20250926_0424,2025-09-25 18:48:00,13801,14226,1,error,,,"ValueError('Target crop leaves block patch: bounds=(-88, 1940, -97, 1931), shape=(1834, 1834)')",2026-06-30T09:20:42.385223+00:00
20250925_2024_HARP13801_NOAA14226,2025_HARP13801_20250925_0736_20250926_0424,2025-09-25 20:24:00,13801,14226,1,error,,,"ValueError('Target crop leaves block patch: bounds=(-95, 1940, -100, 1935), shape=(1834, 1834)')",2026-06-30T09:20:44.437865+00:00
20250925_2200_HARP13801_NOAA14226,2025_HARP13801_20250925_0736_20250926_0424,2025-09-25 22:00:00,13801,14226,1,error,,,"ValueError('Target crop leaves block patch: bounds=(-100, 1940, -101, 1940), shape=(1834, 1834)')",2026-06-30T09:20:46.498676+00:00
20250925_2336_HARP13801_NOAA14226,2025_HARP13801_20250925_0736_20250926_0424,2025-09-25 23:36:00,13801,14226,1,error,,,"ValueError('Target crop leaves block patch: bounds=(-107, 1939, -103, 1943), shape=(1834, 1834)')",2026-06-30T09:20:48.658137+00:00
20250926_0112_HARP13801_NOAA14226,2025_HARP13801_20250925_0736_20250926_0424,2025-09-26 01:12:00,13801,14226,1,error,,,"ValueError('Target crop leaves block patch: bounds=(-113, 1938, -105, 1945), shape=(1834, 1834)')",2026-06-30T09:20:50.847280+00:00
20250926_0248_HARP13801_NOAA14226,2025_HARP13801_20250925_0736_20250926_0424,2025-09-26 02:48:00,13801,14226,1,error,,,"ValueError('Target crop leaves block patch: bounds=(-130, 1937, -113, 1955), shape=(1834, 1834)')",2026-06-30T09:20:52.935015+00:00
20250926_0424_HARP13801_NOAA14226,2025_HARP13801_20250925_0736_20250926_0424,2025-09-26 04:24:00,13801,14226,1,error,,,"ValueError('Target crop leaves block patch: bounds=(-145, 1937, -121, 1961), shape=(1834, 1834)')",2026-06-30T09:20:54.996596+00:00
20250928_0800_HARP13801_NOAA14226,2025_HARP13801_20250928_0800_20250928_2224,2025-09-28 08:00:00,13801,14226,0,error,,,"ValueError('Target crop leaves block patch: bounds=(-65, 1969, -100, 1935), shape=(1834, 1834)')",2026-06-30T09:21:02.692821+00:00
20250928_0936_HARP13801_NOAA14226,2025_HARP13801_20250928_0800_20250928_2224,2025-09-28 09:36:00,13801,14226,1,error,,,"ValueError('Target crop leaves block patch: bounds=(-65, 1956, -93, 1928), shape=(1834, 1834)')",2026-06-30T09:21:04.814210+00:00
20250928_1112_HARP13801_NOAA14226,2025_HARP13801_20250928_0800_20250928_2224,2025-09-28 11:12:00,13801,14226,1,error,,,"ValueError('Target crop leaves block patch: bounds=(-69, 1946, -90, 1925), shape=(1834, 1834)')",2026-06-30T09:21:06.959413+00:00
20250928_1248_HARP13801_NOAA14226,2025_HARP13801_20250928_0800_20250928_2224,2025-09-28 12:48:00,13801,14226,1,error,,,"ValueError('Target crop leaves block patch: bounds=(-72, 1938, -88, 1922), shape=(1834, 1834)')",2026-06-30T09:21:09.136430+00:00
20250928_1424_HARP13801_NOAA14226,2025_HARP13801_20250928_0800_20250928_2224,2025-09-28 14:24:00,13801,14226,1,error,,,"ValueError('Target crop leaves block patch: bounds=(-72, 1928, -83, 1916), shape=(1834, 1834)')",2026-06-30T09:21:11.230276+00:00
20250928_1600_HARP13801_NOAA14226,2025_HARP13801_20250928_0800_20250928_2224,2025-09-28 16:00:00,13801,14226,1,error,,,"ValueError('Target crop leaves block patch: bounds=(-71, 1919, -52, 1938), shape=(1834, 1834)')",2026-06-30T09:21:13.338354+00:00
20250928_1736_HARP13801_NOAA14226,2025_HARP13801_20250928_0800_20250928_2224,2025-09-28 17:36:00,13801,14226,1,error,,,"ValueError('Target crop leaves block patch: bounds=(-71, 1909, -47, 1933), shape=(1834, 1834)')",2026-06-30T09:21:15.394260+00:00
20250928_1912_HARP13801_NOAA14226,2025_HARP13801_20250928_0800_20250928_2224,2025-09-28 19:12:00,13801,14226,1,error,,,"ValueError('Target crop leaves block patch: bounds=(-69, 1899, -41, 1927), shape=(1834, 1834)')",2026-06-30T09:21:17.449514+00:00
20250928_2048_HARP13801_NOAA14226,2025_HARP13801_20250928_0800_20250928_2224,2025-09-28 20:48:00,13801,14226,1,error,,,"ValueError('Target crop leaves block patch: bounds=(-65, 1888, -36, 1917), shape=(1834, 1834)')",2026-06-30T09:21:19.538256+00:00
20250928_2224_HARP13801_NOAA14226,2025_HARP13801_20250928_0800_20250928_2224,2025-09-28 22:24:00,13801,14226,1,error,,,"ValueError('Target crop leaves block patch: bounds=(-60, 1877, -31, 1906), shape=(1834, 1834)')",2026-06-30T09:21:21.728718+00:00
20250929_0324_HARP13801_NOAA14226,2025_HARP13801_20250929_0324_20250929_0812,2025-09-29 03:24:00,13801,14226,1,error,,,"ValueError('Target crop leaves block patch: bounds=(-14, 1878, -31, 1862), shape=(1834, 1834)')",2026-06-30T09:21:26.404497+00:00
20250929_0500_HARP13801_NOAA14226,2025_HARP13801_20250929_0324_20250929_0812,2025-09-29 05:00:00,13801,14226,1,error,,,"ValueError('Target crop leaves block patch: bounds=(-11, 1866, -21, 1856), shape=(1834, 1834)')",2026-06-30T09:21:28.695467+00:00
20250929_0636_HARP13801_NOAA14226,2025_HARP13801_20250929_0324_20250929_0812,2025-09-29 06:36:00,13801,14226,1,error,,,"ValueError('Target crop leaves block patch: bounds=(-6, 1853, -11, 1848), shape=(1834, 1834)')",2026-06-30T09:21:30.812574+00:00
20250929_0812_HARP13801_NOAA14226,2025_HARP13801_20250929_0324_20250929_0812,2025-09-29 08:12:00,13801,14226,1,error,,,"ValueError('Target crop leaves block patch: bounds=(0, 1840, -2, 1838), shape=(1834, 1834)')",2026-06-30T09:21:32.914227+00:00
20251113_1036_HARP14009_NOAA14276,2025_HARP14009_20251113_1036_20251114_0900,2025-11-13 10:36:00,14009,14276,0,error,,,"ValueError('Target crop leaves block patch: bounds=(-62, 1952, -94, 1919), shape=(1834, 1834)')",2026-06-30T09:23:06.039280+00:00
20251113_1212_HARP14009_NOAA14276,2025_HARP14009_20251113_1036_20251114_0900,2025-11-13 12:12:00,14009,14276,0,error,,,"ValueError('Target crop leaves block patch: bounds=(-61, 1947, -89, 1919), shape=(1834, 1834)')",2026-06-30T09:23:08.504655+00:00
20251113_1348_HARP14009_NOAA14276,2025_HARP14009_20251113_1036_20251114_0900,2025-11-13 13:48:00,14009,14276,0,error,,,"ValueError('Target crop leaves block patch: bounds=(-60, 1941, -85, 1916), shape=(1834, 1834)')",2026-06-30T09:23:10.767928+00:00
20251113_1524_HARP14009_NOAA14276,2025_HARP14009_20251113_1036_20251114_0900,2025-11-13 15:24:00,14009,14276,0,error,,,"ValueError('Target crop leaves block patch: bounds=(-57, 1937, -81, 1913), shape=(1834, 1834)')",2026-06-30T09:23:13.186888+00:00
20251113_1700_HARP14009_NOAA14276,2025_HARP14009_20251113_1036_20251114_0900,2025-11-13 17:00:00,14009,14276,0,error,,,"ValueError('Target crop leaves block patch: bounds=(-57, 1930, -76, 1911), shape=(1834, 1834)')",2026-06-30T09:23:15.746248+00:00
20251113_1836_HARP14009_NOAA14276,2025_HARP14009_20251113_1036_20251114_0900,2025-11-13 18:36:00,14009,14276,0,error,,,"ValueError('Target crop leaves block patch: bounds=(-67, 1924, -79, 1913), shape=(1834, 1834)')",2026-06-30T09:23:18.044330+00:00
20251113_2012_HARP14009_NOAA14276,2025_HARP14009_20251113_1036_20251114_0900,2025-11-13 20:12:00,14009,14276,0,error,,,"ValueError('Target crop leaves block patch: bounds=(-72, 1916, -78, 1911), shape=(1834, 1834)')",2026-06-30T09:23:20.345964+00:00
20251113_2148_HARP14009_NOAA14276,2025_HARP14009_20251113_1036_20251114_0900,2025-11-13 21:48:00,14009,14276,0,error,,,"ValueError('Target crop leaves block patch: bounds=(-74, 1907, -75, 1907), shape=(1834, 1834)')",2026-06-30T09:23:22.713097+00:00
20251113_2324_HARP14009_NOAA14276,2025_HARP14009_20251113_1036_20251114_0900,2025-11-13 23:24:00,14009,14276,0,error,,,"ValueError('Target crop leaves block patch: bounds=(-85, 1900, -75, 1910), shape=(1834, 1834)')",2026-06-30T09:23:24.943640+00:00
20251114_0100_HARP14009_NOAA14276,2025_HARP14009_20251113_1036_20251114_0900,2025-11-14 01:00:00,14009,14276,0,error,,,"ValueError('Target crop leaves block patch: bounds=(-85, 1892, -71, 1906), shape=(1834, 1834)')",2026-06-30T09:23:27.205880+00:00
20251114_0236_HARP14009_NOAA14276,2025_HARP14009_20251113_1036_20251114_0900,2025-11-14 02:36:00,14009,14276,0,error,,,"ValueError('Target crop leaves block patch: bounds=(-84, 1883, -66, 1900), shape=(1834, 1834)')",2026-06-30T09:23:29.583331+00:00
20251114_0412_HARP14009_NOAA14276,2025_HARP14009_20251113_1036_20251114_0900,2025-11-14 04:12:00,14009,14276,0,error,,,"ValueError('Target crop leaves block patch: bounds=(-81, 1875, -61, 1895), shape=(1834, 1834)')",2026-06-30T09:23:32.144480+00:00
20251114_0548_HARP14009_NOAA14276,2025_HARP14009_20251113_1036_20251114_0900,2025-11-14 05:48:00,14009,14276,0,error,,,"ValueError('Target crop leaves block patch: bounds=(-75, 1866, -54, 1886), shape=(1834, 1834)')",2026-06-30T09:23:34.588819+00:00
20251114_0724_HARP14009_NOAA14276,2025_HARP14009_20251113_1036_20251114_0900,2025-11-14 07:24:00,14009,14276,0,error,,,"ValueError('Target crop leaves block patch: bounds=(-76, 1855, -51, 1880), shape=(1834, 1834)')",2026-06-30T09:23:37.035471+00:00
20251114_0900_HARP14009_NOAA14276,2025_HARP14009_20251113_1036_20251114_0900,2025-11-14 09:00:00,14009,14276,0,error,,,"ValueError('Target crop leaves block patch: bounds=(-75, 1844, -45, 1874), shape=(1834, 1834)')",2026-06-30T09:23:39.603466+00:00
